1.840143837034702301e-02,-1.030965335667133331e-02,4.611751735210418701e-01,-4.969191271811723709e-03,6.111073493957519531e-02,8.077070713043212891e-01,5.863872766494750977e-01,1.097332015633583069e-01,2.318833321332931519e-01,6.192513704299926758e-01,1.934731304645538330e-01,5.661326646804809570e-02,-8.129499107599258423e-02,-3.428074344992637634e-02,-3.525133430957794189e-01,-7.796791791915893555e-01,7.637614011764526367e-02,-8.198878727853298187e-03,1.189136132597923279e-01,5.555403232574462891e-02,5.229802057147026062e-02,1.038871631026268005e-01,1.108454093337059021e-01,6.802765130996704102e-01,-4.858725965023040771e-01,4.961326420307159424e-01,1.577520221471786499e-01,-9.629689902067184448e-02,-1.578439623117446899e-01,-1.873833388090133667e-01,-9.819683432579040527e-01,6.922215223312377930e-01,2.948022186756134033e-01,-4.201127886772155762e-01,-1.659577190876007080e-01,2.629521489143371582e-01
2.714969217777252197e-02,5.616677924990653992e-03,4.627037346363067627e-01,-1.465074135921895504e-03,5.775315687060356140e-02,8.103081583976745605e-01,5.831492543220520020e-01,7.131443172693252563e-02,2.442454248666763306e-01,5.581914186477661133e-01,2.581903636455535889e-01,6.568657606840133667e-02,-7.361148297786712646e-02,1.256179995834827423e-02,-3.202615380287170410e-01,-8.039765357971191406e-01,4.794500395655632019e-02,-3.459854423999786377e-02,1.196387335658073425e-01,1.790262758731842041e-02,1.226262822747230530e-01,1.069112941622734070e-01,6.713157892227172852e-02,5.763678550720214844e-01,-5.498556494712829590e-01,6.583036780357360840e-01,1.529284119606018066e-01,-1.438155323266983032e-01,-1.551842987537384033e-01,-1.903677433729171753e-01,-1.054479598999023438e+00,7.020825147628784180e-01,3.569149076938629150e-01,-4.258830845355987549e-01,-2.192317396402359009e-01,2.324637174606323242e-01
3.852018341422080994e-02,1.846075989305973053e-02,4.640744626522064209e-01,4.590795841068029404e-03,5.915498733520507812e-02,7.989855408668518066e-01,5.984160304069519043e-01,5.507695302367210388e-02,2.305866926908493042e-01,5.467448234558105469e-01,2.795083522796630859e-01,5.383740365505218506e-02,-5.815539881587028503e-02,2.527517825365066528e-02,-2.979801893234252930e-01,-7.759199142456054688e-01,3.751112520694732666e-02,-5.880612507462501526e-02,1.181323975324630737e-01,2.036766149103641510e-02,1.365548223257064819e-01,1.157756149768829346e-01,8.568876236677169800e-02,5.504782795906066895e-01,-5.544782280921936035e-01,7.281016707420349121e-01,1.658959239721298218e-01,-1.435932517051696777e-01,-1.635495573282241821e-01,-1.942771673202514648e-01,-1.086938381195068359e+00,6.866415143013000488e-01,3.804212510585784912e-01,-4.235712289810180664e-01,-2.252710014581680298e-01,2.275351732969284058e-01
5.014908313751220703e-02,2.789013646543025970e-02,4.654783904552459717e-01,1.197239290922880173e-02,5.858998000621795654e-02,7.822074294090270996e-01,6.201414465904235840e-01,3.515825048089027405e-02,2.081981599330902100e-01,5.244930982589721680e-01,2.889070212841033936e-01,4.308028519153594971e-02,-4.685359448194503784e-02,3.111798129975795746e-02,-2.772016823291778564e-01,-7.321541905403137207e-01,3.341569006443023682e-02,-7.356283068656921387e-02,1.172524318099021912e-01,2.822839096188545227e-02,1.455878913402557373e-01,1.331587433815002441e-01,1.129385456442832947e-01,5.321279764175415039e-01,-5.527616143226623535e-01,7.854205965995788574e-01,1.879579871892929077e-01,-1.418650746345520020e-01,-1.754160970449447632e-01,-1.987705379724502563e-01,-1.106189608573913574e+00,6.617758870124816895e-01,4.202296137809753418e-01,-4.251178801059722900e-01,-2.181290090084075928e-01,2.134791016578674316e-01
6.295649707317352295e-02,3.757303953170776367e-02,4.667113125324249268e-01,1.975226402282714844e-02,5.719123408198356628e-02,7.626506090164184570e-01,6.439743638038635254e-01,5.450137425214052200e-03,1.812840104103088379e-01,4.917083978652954102e-01,2.847572863101959229e-01,2.975675277411937714e-02,-3.826121985912322998e-02,3.875438123941421509e-02,-2.535961568355560303e-01,-6.772853732109069824e-01,2.797149308025836945e-02,-8.468342572450637817e-02,1.179480403661727905e-01,4.749282076954841614e-02,1.532593965530395508e-01,1.513333916664123535e-01,1.406507194042205811e-01,5.132074952125549316e-01,-5.419097542762756348e-01,8.335666060447692871e-01,2.088308483362197876e-01,-1.405950337648391724e-01,-1.780509203672409058e-01,-2.036985158920288086e-01,-1.110540151596069336e+00,6.264261603355407715e-01,4.856981337070465088e-01,-4.171153306961059570e-01,-2.020015567541122437e-01,1.868173182010650635e-01
7.760808616876602173e-02,5.141382291913032532e-02,4.676066935062408447e-01,2.542400732636451721e-02,5.552984774112701416e-02,7.399747967720031738e-01,6.698561906814575195e-01,-3.102912940084934235e-02,1.537628918886184692e-01,4.473383426666259766e-01,2.700444161891937256e-01,1.855750381946563721e-02,-2.772338315844535828e-02,5.098191648721694946e-02,-2.218719720840454102e-01,-6.135202646255493164e-01,1.814051531255245209e-02,-9.435972571372985840e-02,1.143407300114631653e-01,6.886377930641174316e-02,1.619236618280410767e-01,1.683661192655563354e-01,1.661578863859176636e-01,4.910295903682708740e-01,-5.337603688240051270e-01,8.834110498428344727e-01,2.329790890216827393e-01,-1.400348097085952759e-01,-1.727520078420639038e-01,-2.099213749170303345e-01,-1.088021993637084961e+00,5.772715210914611816e-01,5.769602656364440918e-01,-3.948864042758941650e-01,-1.768793910741806030e-01,1.451721191406250000e-01
8.986263722181320190e-02,5.997164174914360046e-02,4.679718315601348877e-01,3.020057268440723419e-02,5.213957652449607849e-02,7.175642251968383789e-01,6.938810944557189941e-01,-6.841374188661575317e-02,1.324733197689056396e-01,3.974660038948059082e-01,2.494351714849472046e-01,1.240443903952836990e-02,-1.779123768210411072e-02,6.138152256608009338e-02,-1.924910396337509155e-01,-5.517167448997497559e-01,7.432586047798395157e-03,-9.635723382234573364e-02,1.061024889349937439e-01,9.137061983346939087e-02,1.676200330257415771e-01,1.853275448083877563e-01,1.802345365285873413e-01,4.693841636180877686e-01,-5.318614840507507324e-01,9.306904077529907227e-01,2.607066035270690918e-01,-1.445643752813339233e-01,-1.609026193618774414e-01,-2.181455343961715698e-01,-1.037970662117004395e+00,5.157865285873413086e-01,6.916966438293457031e-01,-3.682598769664764404e-01,-1.491983979940414429e-01,7.932006567716598511e-02
1.037767007946968079e-01,7.062475383281707764e-02,4.678399264812469482e-01,3.285992145538330078e-02,4.910062626004219055e-02,6.948428153991699219e-01,7.167306542396545410e-01,-9.812553226947784424e-02,1.164012700319290161e-01,3.593300580978393555e-01,2.247099876403808594e-01,4.489290062338113785e-03,-6.301407236605882645e-03,7.373502850532531738e-02,-1.600579470396041870e-01,-4.905783236026763916e-01,-2.477785106748342514e-03,-9.815791249275207520e-02,9.663256257772445679e-02,1.055001541972160339e-01,1.694976240396499634e-01,2.001506835222244263e-01,1.868138313293457031e-01,4.441413581371307373e-01,-5.425385236740112305e-01,9.732925295829772949e-01,2.956537008285522461e-01,-1.474543511867523193e-01,-1.400709003210067749e-01,-2.358077168464660645e-01,-9.560538530349731445e-01,4.408841133117675781e-01,8.268904685974121094e-01,-3.376796245574951172e-01,-1.131953001022338867e-01,-6.948404479771852493e-03
1.121549159288406372e-01,7.653979957103729248e-02,4.670096933841705322e-01,3.572702780365943909e-02,4.425141960382461548e-02,6.755977272987365723e-01,7.350735664367675781e-01,-1.277432739734649658e-01,1.074167788028717041e-01,3.271902203559875488e-01,2.119130343198776245e-01,7.015810348093509674e-03,-5.191064439713954926e-03,8.735723793506622314e-02,-1.361238211393356323e-01,-4.363409876823425293e-01,-1.218935661017894745e-02,-1.012339219450950623e-01,8.898951113224029541e-02,1.271674036979675293e-01,1.638566851615905762e-01,2.169192135334014893e-01,1.801760643720626831e-01,4.308418631553649902e-01,-5.483976006507873535e-01,1.003113508224487305e+00,3.039030730724334717e-01,-1.489770859479904175e-01,-1.252699941396713257e-01,-2.507102191448211670e-01,-8.955849409103393555e-01,4.020878076553344727e-01,9.095259904861450195e-01,-3.080618977546691895e-01,-1.025172993540763855e-01,-6.335572898387908936e-02
1.216369718313217163e-01,8.650246262550354004e-02,4.654162228107452393e-01,3.535469993948936462e-02,3.789151459932327271e-02,6.521740555763244629e-01,7.562958002090454102e-01,-1.585761755704879761e-01,1.000877544283866882e-01,2.941660284996032715e-01,1.848669499158859253e-01,1.400146260857582092e-02,-4.071193281561136246e-03,1.021688804030418396e-01,-1.046390384435653687e-01,-3.744105994701385498e-01,-1.576293073594570160e-02,-1.083066314458847046e-01,7.750324904918670654e-02,1.322264820337295532e-01,1.631971448659896851e-01,2.334618121385574341e-01,1.693077534437179565e-01,4.020722806453704834e-01,-5.431706905364990234e-01,1.028156995773315430e+00,2.916669845581054688e-01,-1.498584300279617310e-01,-1.121834665536880493e-01,-2.663367390632629395e-01,-8.136254549026489258e-01,3.396676182746887207e-01,9.877551198005676270e-01,-2.525855600833892822e-01,-8.782800287008285522e-02,-1.298802495002746582e-01
1.286520659923553467e-01,9.266754239797592163e-02,4.633814990520477295e-01,3.799971565604209900e-02,3.244279325008392334e-02,6.346641778945922852e-01,7.711710929870605469e-01,-1.780111938714981079e-01,8.894286304712295532e-02,2.724835276603698730e-01,1.702470630407333374e-01,1.726571470499038696e-02,-3.860324621200561523e-03,1.180721223354339600e-01,-8.609920740127563477e-02,-3.255954980850219727e-01,-1.569877378642559052e-02,-1.237597763538360596e-01,7.119411975145339966e-02,1.357829123735427856e-01,1.552790701389312744e-01,2.428405880928039551e-01,1.546664237976074219e-01,3.897461593151092529e-01,-5.472099781036376953e-01,1.038928151130676270e+00,2.849890887737274170e-01,-1.484304219484329224e-01,-1.014995425939559937e-01,-2.654571533203125000e-01,-7.626582980155944824e-01,3.265121877193450928e-01,1.021378397941589355e+00,-2.294315397739410400e-01,-8.370752632617950439e-02,-1.551471948623657227e-01
1.365005373954772949e-01,1.015727669000625610e-01,4.610841572284698486e-01,3.685948625206947327e-02,2.564905397593975067e-02,6.149691343307495117e-01,7.872714996337890625e-01,-1.974346488714218140e-01,7.499341666698455811e-02,2.554094493389129639e-01,1.475166827440261841e-01,1.488648355007171631e-02,-2.058582380414009094e-03,1.344676017761230469e-01,-5.979597568511962891e-02,-2.669029533863067627e-01,-1.584356836974620819e-02,-1.326439976692199707e-01,6.699970364570617676e-02,1.318641602993011475e-01,1.487612575292587280e-01,2.510088980197906494e-01,1.236821413040161133e-01,3.751886487007141113e-01,-5.569333434104919434e-01,1.043708682060241699e+00,2.826136946678161621e-01,-1.468189060688018799e-01,-8.973444253206253052e-02,-2.631939947605133057e-01,-6.941726803779602051e-01,3.268879950046539307e-01,1.051954507827758789e+00,-2.132052928209304810e-01,-7.884491235017776489e-02,-1.720618456602096558e-01
1.477310061454772949e-01,1.180426999926567078e-01,4.575557410717010498e-01,4.453320428729057312e-02,1.939935609698295593e-02,5.837303400039672852e-01,8.104932904243469238e-01,-1.793051064014434814e-01,4.523945972323417664e-02,2.747384309768676758e-01,1.090019419789314270e-01,-3.749294439330697060e-03,-3.891234518960118294e-03,1.682188510894775391e-01,-4.682845249772071838e-02,-1.835987418889999390e-01,-2.295722486451268196e-03,-1.740655452013015747e-01,6.871275603771209717e-02,1.527343839406967163e-01,1.188071668148040771e-01,2.377304136753082275e-01,1.276154369115829468e-01,3.697905242443084717e-01,-5.658489465713500977e-01,1.041617393493652344e+00,2.824809849262237549e-01,-1.488838791847229004e-01,-6.693708896636962891e-02,-2.208598703145980835e-01,-6.034961342811584473e-01,3.496632575988769531e-01,1.074487805366516113e+00,-2.084788233041763306e-01,-8.033023029565811157e-02,-1.811372488737106323e-01
1.548187136650085449e-01,1.248946785926818848e-01,4.546914994716644287e-01,4.430451989173889160e-02,1.020504534244537354e-02,5.587730407714843750e-01,8.280734419822692871e-01,-1.979091018438339233e-01,3.916818648576736450e-02,2.660350799560546875e-01,8.714663982391357422e-02,4.804801719728857279e-04,-1.405737735331058502e-02,1.867399364709854126e-01,-2.329331263899803162e-02,-1.066800579428672791e-01,1.297354931011795998e-03,-1.867724955081939697e-01,6.143280863761901855e-02,1.586417555809020996e-01,1.057009324431419373e-01,2.447361052036285400e-01,8.755879104137420654e-02,3.759371936321258545e-01,-5.771358609199523926e-01,1.022340893745422363e+00,2.796170115470886230e-01,-1.573316603899002075e-01,-5.387392267584800720e-02,-1.970792412757873535e-01,-5.390747785568237305e-01,3.786824047565460205e-01,1.080393671989440918e+00,-2.184459567070007324e-01,-8.463428169488906860e-02,-1.845380961894989014e-01
1.649686098098754883e-01,1.356965154409408569e-01,4.520793259143829346e-01,4.189683869481086731e-02,4.650366492569446564e-03,5.346757769584655762e-01,8.440052270889282227e-01,-2.167599201202392578e-01,2.971007302403450012e-02,2.615228891372680664e-01,7.338243722915649414e-02,-4.593926016241312027e-03,-1.530697196722030640e-02,2.066612839698791504e-01,-5.293330177664756775e-04,-3.651979938149452209e-02,1.810098998248577118e-03,-1.989293843507766724e-01,5.806542187929153442e-02,1.608858704566955566e-01,9.170555323362350464e-02,2.490242868661880493e-01,2.732704021036624908e-02,3.908564150333404541e-01,-5.901629924774169922e-01,9.813976883888244629e-01,2.714298665523529053e-01,-1.704475283622741699e-01,-3.312964737415313721e-02,-1.707156449556350708e-01,-4.898977875709533691e-01,4.178311526775360107e-01,1.085813164710998535e+00,-2.399966865777969360e-01,-8.661450445652008057e-02,-1.787580251693725586e-01
1.720817387104034424e-01,1.449830383062362671e-01,4.496360123157501221e-01,3.911376371979713440e-02,4.334731784183532000e-04,5.170356035232543945e-01,8.550696969032287598e-01,-2.292259186506271362e-01,3.190437331795692444e-02,2.540306150913238525e-01,6.018881499767303467e-02,-1.397002139128744602e-03,-1.967132464051246643e-02,2.226404249668121338e-01,1.582842133939266205e-02,1.857801713049411774e-02,2.511496422812342644e-03,-2.084239423274993896e-01,5.275872722268104553e-02,1.643334627151489258e-01,7.926242798566818237e-02,2.504895031452178955e-01,-3.367760404944419861e-02,4.143165051937103271e-01,-5.944257378578186035e-01,9.436091184616088867e-01,2.559633553028106689e-01,-1.780247390270233154e-01,-1.353573892265558243e-02,-1.479395329952239990e-01,-4.625518023967742920e-01,4.537563025951385498e-01,1.087956190109252930e+00,-2.601020634174346924e-01,-8.973167836666107178e-02,-1.628861725330352783e-01
1.808862835168838501e-01,1.558731943368911743e-01,4.471915066242218018e-01,3.498016297817230225e-02,-4.905833862721920013e-03,4.978138804435729980e-01,8.665642738342285156e-01,-2.406769543886184692e-01,3.562891483306884766e-02,2.536172568798065186e-01,3.824685513973236084e-02,-6.723691709339618683e-03,-2.618443593382835388e-02,2.422720491886138916e-01,3.639256954193115234e-02,8.290953189134597778e-02,4.732570145279169083e-03,-2.149170190095901489e-01,4.601689055562019348e-02,1.566557288169860840e-01,6.449916958808898926e-02,2.457911223173141479e-01,-1.045291647315025330e-01,4.464108049869537354e-01,-5.990436077117919922e-01,8.914331793785095215e-01,2.493934333324432373e-01,-1.923013478517532349e-01,5.723647773265838623e-03,-1.205218210816383362e-01,-4.371591806411743164e-01,4.910066127777099609e-01,1.085150480270385742e+00,-2.860191166400909424e-01,-9.621007740497589111e-02,-1.413904428482055664e-01
1.898705810308456421e-01,1.688405871391296387e-01,4.455559551715850830e-01,2.976431511342525482e-02,-6.539495196193456650e-03,4.775736331939697266e-01,8.780630826950073242e-01,-2.421028316020965576e-01,4.799627140164375305e-02,2.648202180862426758e-01,2.132060565054416656e-02,-4.258926492184400558e-03,-3.540111333131790161e-02,2.557971477508544922e-01,5.069674178957939148e-02,1.407153457403182983e-01,9.332871995866298676e-03,-2.147045880556106567e-01,4.727318137884140015e-02,1.455030888319015503e-01,4.819299280643463135e-02,2.358874976634979248e-01,-1.747807860374450684e-01,4.904323816299438477e-01,-5.995103120803833008e-01,8.304209113121032715e-01,2.366257756948471069e-01,-2.111291587352752686e-01,2.195437997579574585e-02,-9.912701696157455444e-02,-4.262309670448303223e-01,5.248523950576782227e-01,1.079684853553771973e+00,-3.132131099700927734e-01,-1.037602201104164124e-01,-1.133180782198905945e-01
1.963604986667633057e-01,1.813543885946273804e-01,4.443899691104888916e-01,2.504530921578407288e-02,-7.350522093474864960e-03,4.633982181549072266e-01,8.857656717300415039e-01,-2.396902292966842651e-01,6.124764308333396912e-02,2.792820036411285400e-01,1.207734458148479462e-02,6.458518560975790024e-03,-4.610947519540786743e-02,2.646799981594085693e-01,6.028881296515464783e-02,1.941370517015457153e-01,1.925237476825714111e-02,-2.146774828433990479e-01,4.800134524703025818e-02,1.309993863105773926e-01,3.009611181914806366e-02,2.185105532407760620e-01,-2.537321150302886963e-01,5.478107333183288574e-01,-5.887964963912963867e-01,7.708483338356018066e-01,2.206840962171554565e-01,-2.247692346572875977e-01,4.553279653191566467e-02,-7.523994892835617065e-02,-4.235934615135192871e-01,5.481845140457153320e-01,1.081459045410156250e+00,-3.308607935905456543e-01,-1.070861816406250000e-01,-8.322641998529434204e-02
2.047106176614761353e-01,1.905187517404556274e-01,4.442960917949676514e-01,2.200523018836975098e-02,-6.323747336864471436e-03,4.492210447788238525e-01,8.931272029876708984e-01,-2.319774627685546875e-01,7.534714043140411377e-02,2.885399162769317627e-01,1.177525054663419724e-02,2.498520165681838989e-02,-5.478402227163314819e-02,2.661628425121307373e-01,6.992162764072418213e-02,2.627827823162078857e-01,3.372025862336158752e-02,-2.035860419273376465e-01,5.964745208621025085e-02,1.126041635870933533e-01,8.299236185848712921e-03,1.942531913518905640e-01,-3.281517028808593750e-01,6.087940335273742676e-01,-5.777773261070251465e-01,7.279023528099060059e-01,2.142437249422073364e-01,-2.287219166755676270e-01,6.893867999315261841e-02,-5.310484766960144043e-02,-4.232079684734344482e-01,5.566166639328002930e-01,1.086556315422058105e+00,-3.300494849681854248e-01,-1.051343157887458801e-01,-6.058126688003540039e-02
2.093214094638824463e-01,2.048305124044418335e-01,4.455486238002777100e-01,1.655716821551322937e-02,-3.392604878172278404e-03,4.386707246303558350e-01,8.984889388084411621e-01,-2.202377617359161377e-01,9.065324813127517700e-02,3.116036951541900635e-01,9.496029466390609741e-03,3.355368226766586304e-02,-6.073302775621414185e-02,2.618604898452758789e-01,7.340051978826522827e-02,3.098601996898651123e-01,5.282387137413024902e-02,-1.777401119470596313e-01,8.284723013639450073e-02,8.765015006065368652e-02,-1.490019168704748154e-02,1.691668629646301270e-01,-4.059566259384155273e-01,6.707296967506408691e-01,-5.667992234230041504e-01,7.046315073966979980e-01,2.108141332864761353e-01,-2.285187244415283203e-01,9.970386326313018799e-02,-3.144267201423645020e-02,-4.319834113121032715e-01,5.565492510795593262e-01,1.099849939346313477e+00,-3.256987333297729492e-01,-1.018619686365127563e-01,-5.040686950087547302e-02
2.159314453601837158e-01,2.217324823141098022e-01,4.480139911174774170e-01,1.119518745690584183e-02,2.081261249259114265e-03,4.264613091945648193e-01,9.044341444969177246e-01,-2.055153697729110718e-01,1.027991548180580139e-01,3.286013305187225342e-01,9.690949693322181702e-03,2.287878096103668213e-02,-5.892413109540939331e-02,2.531256079673767090e-01,7.160486280918121338e-02,3.195048272609710693e-01,7.573194801807403564e-02,-1.322609931230545044e-01,1.142317429184913635e-01,6.419451534748077393e-02,-3.593806549906730652e-02,1.472647935152053833e-01,-4.804743230342864990e-01,7.239767313003540039e-01,-5.607752203941345215e-01,6.968700289726257324e-01,2.144343256950378418e-01,-2.220319211483001709e-01,1.264943331480026245e-01,-1.404595840722322464e-02,-4.399541914463043213e-01,5.502545833587646484e-01,1.109148859977722168e+00,-3.102415800094604492e-01,-9.893848001956939697e-02,-3.290535882115364075e-02
2.249449193477630615e-01,2.419435530900955200e-01,4.511102139949798584e-01,4.267764743417501450e-03,8.219640702009201050e-03,4.216063916683197021e-01,9.067316651344299316e-01,-1.908040493726730347e-01,1.088731512427330017e-01,3.527100980281829834e-01,1.254811137914657593e-02,-1.599254645407199860e-02,-4.997402057051658630e-02,2.413177192211151123e-01,7.662781327962875366e-02,3.296808302402496338e-01,1.101512089371681213e-01,-5.883567035198211670e-02,1.680989414453506470e-01,3.484283015131950378e-02,-5.839038267731666565e-02,1.286307573318481445e-01,-5.373219251632690430e-01,7.706675529479980469e-01,-5.762617588043212891e-01,7.017324566841125488e-01,2.248329073190689087e-01,-2.160525768995285034e-01,1.227289885282516479e-01,2.709792694076895714e-03,-4.439808130264282227e-01,5.361930727958679199e-01,1.113020658493041992e+00,-2.910641431808471680e-01,-9.975779801607131958e-02,-1.218642108142375946e-02
2.371962666511535645e-01,2.566924095153808594e-01,4.556507170200347900e-01,-4.748208913952112198e-03,1.360957045108079910e-02,4.316321313381195068e-01,9.019345641136169434e-01,-1.849534362554550171e-01,1.160801202058792114e-01,3.341607749462127686e-01,2.891340525820851326e-03,-2.908434346318244934e-02,-3.562632948160171509e-02,1.996093839406967163e-01,1.025573536753654480e-01,2.676556706428527832e-01,1.921625137329101562e-01,4.540331289172172546e-02,2.336115986108779907e-01,-1.564250141382217407e-02,-6.813253462314605713e-02,1.402697414159774780e-01,-6.125772595405578613e-01,8.060557842254638672e-01,-5.795189142227172852e-01,7.107948660850524902e-01,2.300584316253662109e-01,-2.100006043910980225e-01,1.307132095098495483e-01,-1.684942096471786499e-02,-4.547149837017059326e-01,5.214714407920837402e-01,1.120719075202941895e+00,-2.835711836814880371e-01,-9.573331475257873535e-02,7.903057150542736053e-03
2.491007149219512939e-01,2.700067162513732910e-01,4.585146605968475342e-01,-1.019622478634119034e-02,1.713160797953605652e-02,4.341152310371398926e-01,9.006367325782775879e-01,-1.723774075508117676e-01,1.233047693967819214e-01,3.389005362987518311e-01,3.854979760944843292e-03,-5.170382931828498840e-02,-3.279776498675346375e-02,1.807822138071060181e-01,1.262849867343902588e-01,2.231392115354537964e-01,2.412463724613189697e-01,1.339989155530929565e-01,2.617940306663513184e-01,-4.092492535710334778e-02,-7.727008312940597534e-02,1.366143822669982910e-01,-6.630612611770629883e-01,8.337289094924926758e-01,-5.891554951667785645e-01,7.313057184219360352e-01,2.408526241779327393e-01,-2.037683874368667603e-01,1.376083046197891235e-01,-1.950469426810741425e-02,-4.548235833644866943e-01,5.092526078224182129e-01,1.130193471908569336e+00,-2.771854996681213379e-01,-9.322723001241683960e-02,1.369991246610879898e-02
2.641439735889434814e-01,2.821596860885620117e-01,4.616836607456207275e-01,-1.790875382721424103e-02,1.729200407862663269e-02,4.342326819896697998e-01,9.004566669464111328e-01,-1.527258306741714478e-01,1.448307931423187256e-01,3.435660898685455322e-01,4.963024053722620010e-03,-7.458078116178512573e-02,-3.361805155873298645e-02,1.591222435235977173e-01,1.547089964151382446e-01,1.595890671014785767e-01,2.997754514217376709e-01,2.171778976917266846e-01,2.617999911308288574e-01,-5.518062412738800049e-02,-7.806541770696640015e-02,1.336807459592819214e-01,-6.991409063339233398e-01,8.536908030509948730e-01,-6.013373732566833496e-01,7.541358470916748047e-01,2.555363774299621582e-01,-1.984209567308425903e-01,1.430284976959228516e-01,-1.299544610083103180e-02,-4.487607181072235107e-01,4.990889430046081543e-01,1.139340281486511230e+00,-2.702865600585937500e-01,-9.268128126859664917e-02,1.574460230767726898e-02
2.830671370029449463e-01,2.983627319335937500e-01,4.661630690097808838e-01,-2.940886281430721283e-02,1.883324608206748962e-02,4.379338324069976807e-01,8.983286619186401367e-01,-1.318787187337875366e-01,1.707819700241088867e-01,3.396777510643005371e-01,2.100160054396837950e-04,-9.984414279460906982e-02,-2.973366342484951019e-02,1.117877215147018433e-01,1.746318489313125610e-01,7.262269407510757446e-02,3.990996778011322021e-01,2.976727783679962158e-01,2.617999911308288574e-01,-7.919871062040328979e-02,-7.139138132333755493e-02,1.312130093574523926e-01,-7.491106390953063965e-01,8.621285557746887207e-01,-6.121307611465454102e-01,7.906963825225830078e-01,2.632092833518981934e-01,-1.922794729471206665e-01,1.445578485727310181e-01,-9.726197458803653717e-03,-4.383027255535125732e-01,4.908939301967620850e-01,1.154930114746093750e+00,-2.617607712745666504e-01,-9.392232447862625122e-02,3.198775649070739746e-02
2.898525297641754150e-01,3.148975074291229248e-01,4.701046645641326904e-01,-4.063060134649276733e-02,1.417873520404100418e-02,4.439617097377777100e-01,8.950117826461791992e-01,-1.094461679458618164e-01,1.872230917215347290e-01,3.311808705329895020e-01,-6.004932336509227753e-03,-1.213202401995658875e-01,-2.066523768007755280e-02,6.669858098030090332e-02,1.638181656599044800e-01,-9.037426672875881195e-03,4.965343773365020752e-01,3.467384576797485352e-01,2.617999911308288574e-01,-8.642438054084777832e-02,-5.530187487602233887e-02,1.320792436599731445e-01,-7.850310206413269043e-01,8.585307598114013672e-01,-6.079961061477661133e-01,8.229283094406127930e-01,2.732161879539489746e-01,-1.851622909307479858e-01,1.589662134647369385e-01,6.302906549535691738e-04,-4.267245531082153320e-01,4.835661649703979492e-01,1.173780918121337891e+00,-2.686748504638671875e-01,-9.084959328174591064e-02,3.229102864861488342e-02
2.916877269744873047e-01,3.335102200508117676e-01,4.735619127750396729e-01,-5.067772418260574341e-02,7.886444218456745148e-03,4.510031640529632568e-01,8.910475373268127441e-01,-8.513718098402023315e-02,1.953670084476470947e-01,3.145636618137359619e-01,-1.212775707244873047e-02,-1.449533849954605103e-01,-7.845494896173477173e-03,2.124335616827011108e-02,1.406447887420654297e-01,-7.467215508222579956e-02,5.843588709831237793e-01,3.632059395313262939e-01,2.617999911308288574e-01,-9.855891019105911255e-02,-3.589851781725883484e-02,1.365345120429992676e-01,-8.135240077972412109e-01,8.449032306671142578e-01,-6.161358952522277832e-01,8.429325222969055176e-01,2.812079489231109619e-01,-1.803884506225585938e-01,1.570335477590560913e-01,1.916703209280967712e-02,-4.179319441318511963e-01,4.750566780567169189e-01,1.190107226371765137e+00,-2.697518765926361084e-01,-9.061238169670104980e-02,3.089685738086700439e-02
2.897723913192749023e-01,3.482584655284881592e-01,4.760673344135284424e-01,-5.523490905761718750e-02,8.197547867894172668e-04,4.648056626319885254e-01,8.836877942085266113e-01,-6.579758971929550171e-02,1.893681436777114868e-01,2.865353226661682129e-01,-1.707163453102111816e-02,-1.570220440626144409e-01,1.475185388699173927e-03,-1.688664779067039490e-02,1.075311079621315002e-01,-9.839548915624618530e-02,6.472425460815429688e-01,3.296953141689300537e-01,2.617999911308288574e-01,-1.156815737485885620e-01,-1.989042013883590698e-02,1.427748203277587891e-01,-8.239353299140930176e-01,8.238100409507751465e-01,-6.287016868591308594e-01,8.516378998756408691e-01,2.796994447708129883e-01,-1.862181872129440308e-01,1.350607872009277344e-01,3.721561655402183533e-02,-4.098843336105346680e-01,4.745897352695465088e-01,1.196741580963134766e+00,-2.775964140892028809e-01,-9.479711204767227173e-02,3.607181832194328308e-02
2.843751013278961182e-01,3.628115355968475342e-01,4.779197871685028076e-01,-5.470221117138862610e-02,-5.572883877903223038e-03,4.785005450248718262e-01,8.763639926910400391e-01,-4.485227167606353760e-02,1.692531108856201172e-01,2.605681419372558594e-01,-2.046255581080913544e-02,-1.672009378671646118e-01,1.301061362028121948e-02,-4.639143496751785278e-02,6.315050274133682251e-02,-1.165400668978691101e-01,6.822268366813659668e-01,2.748211920261383057e-01,2.613749504089355469e-01,-1.290521919727325439e-01,-1.212119590491056442e-02,1.516969650983810425e-01,-8.195186853408813477e-01,8.010891675949096680e-01,-6.362817287445068359e-01,8.564185500144958496e-01,2.745682001113891602e-01,-1.881070435047149658e-01,1.246681362390518188e-01,5.251834169030189514e-02,-4.002607166767120361e-01,4.764328896999359131e-01,1.196716427803039551e+00,-2.821614742279052734e-01,-9.533836692571640015e-02,3.493878245353698730e-02
2.863614261150360107e-01,3.727275133132934570e-01,4.792124330997467041e-01,-5.300357565283775330e-02,-1.121950149536132812e-02,4.937297701835632324e-01,8.679260611534118652e-01,-2.762127853929996490e-02,1.597123742103576660e-01,2.262399047613143921e-01,-1.833622343838214874e-02,-1.715937554836273193e-01,1.323686912655830383e-02,-7.672863453626632690e-02,2.447898127138614655e-02,-1.387087255716323853e-01,6.657941341400146484e-01,2.271783053874969482e-01,2.263876199722290039e-01,-1.409502774477005005e-01,-7.400230970233678818e-03,1.574483364820480347e-01,-7.986539602279663086e-01,7.739881873130798340e-01,-6.541905999183654785e-01,8.565390706062316895e-01,2.862973511219024658e-01,-1.944412291049957275e-01,1.031995117664337158e-01,7.460825145244598389e-02,-3.931300044059753418e-01,4.838398098945617676e-01,1.183374404907226562e+00,-2.967333197593688965e-01,-9.904456138610839844e-02,3.981540724635124207e-02
2.883170247077941895e-01,3.833028376102447510e-01,4.796958863735198975e-01,-5.042247474193572998e-02,-1.567779108881950378e-02,5.097463726997375488e-01,8.587027192115783691e-01,-1.192400138825178146e-02,1.475707590579986572e-01,1.973973214626312256e-01,-1.292354147881269455e-02,-1.790059357881546021e-01,7.479202467948198318e-03,-9.408186376094818115e-02,-1.526767620816826820e-03,-1.507861167192459106e-01,6.017335653305053711e-01,1.849597990512847900e-01,1.937327682971954346e-01,-1.394344568252563477e-01,-5.147691350430250168e-03,1.625017523765563965e-01,-7.607542872428894043e-01,7.514736056327819824e-01,-6.641681194305419922e-01,8.514689803123474121e-01,3.013960123062133789e-01,-1.999071240425109863e-01,9.452826529741287231e-02,9.399395436048507690e-02,-3.831867873668670654e-01,4.912377297878265381e-01,1.166942119598388672e+00,-3.064640760421752930e-01,-1.002506017684936523e-01,3.937896713614463806e-02
2.919154763221740723e-01,3.926827609539031982e-01,4.795587956905364990e-01,-4.557405039668083191e-02,-1.758605055510997772e-02,5.334416031837463379e-01,8.444250822067260742e-01,-1.710311393253505230e-03,1.278582364320755005e-01,1.512516289949417114e-01,-1.013692840933799744e-02,-1.800589114427566528e-01,3.619738854467868805e-03,-1.105412617325782776e-01,-2.506565116345882416e-02,-1.394746154546737671e-01,5.243287682533264160e-01,1.540762037038803101e-01,1.811469495296478271e-01,-1.437919437885284424e-01,-7.130336482077836990e-03,1.700554192066192627e-01,-7.037064433097839355e-01,7.270416617393493652e-01,-6.803385615348815918e-01,8.374823927879333496e-01,3.110954463481903076e-01,-2.108234614133834839e-01,7.423876225948333740e-02,1.052785739302635193e-01,-3.766261637210845947e-01,4.921172261238098145e-01,1.147255301475524902e+00,-3.082664906978607178e-01,-1.032884493470191956e-01,3.737441822886466980e-02
2.981555759906768799e-01,3.997613787651062012e-01,4.783441722393035889e-01,-3.653717413544654846e-02,-1.736592315137386322e-02,5.613805055618286133e-01,8.265684247016906738e-01,6.591504439711570740e-03,1.013379842042922974e-01,9.494962543249130249e-02,-7.448311429470777512e-03,-1.763110011816024780e-01,-2.406229497864842415e-03,-1.224087029695510864e-01,-4.399234429001808167e-02,-1.054732948541641235e-01,4.316376745700836182e-01,1.368808746337890625e-01,1.832706481218338013e-01,-1.476552933454513550e-01,-1.737450249493122101e-02,1.813536435365676880e-01,-6.330668330192565918e-01,7.002401351928710938e-01,-6.899511218070983887e-01,8.227828145027160645e-01,3.229916989803314209e-01,-2.213609218597412109e-01,5.633864551782608032e-02,1.147694960236549377e-01,-3.680730462074279785e-01,4.940624833106994629e-01,1.128000020980834961e+00,-3.042215108871459961e-01,-1.083318293094635010e-01,4.009531438350677490e-02
3.056512475013732910e-01,4.082446396350860596e-01,4.771569073200225830e-01,-3.276706114411354065e-02,-2.517786249518394470e-02,5.840208530426025391e-01,8.106861710548400879e-01,2.562573179602622986e-02,1.012381166219711304e-01,5.268860980868339539e-02,4.792062565684318542e-03,-1.941343992948532104e-01,-1.674794405698776245e-02,-7.460513710975646973e-02,-3.439482674002647400e-02,-9.345962107181549072e-02,3.038068413734436035e-01,1.377689987421035767e-01,1.872512400150299072e-01,-1.508515775203704834e-01,-8.550239726901054382e-03,1.600668430328369141e-01,-5.186787843704223633e-01,6.781927943229675293e-01,-6.992920637130737305e-01,8.083457946777343750e-01,3.334263563156127930e-01,-2.315552383661270142e-01,3.756267577409744263e-02,1.750346720218658447e-01,-3.628232777118682861e-01,5.140510201454162598e-01,1.103335142135620117e+00,-3.157353699207305908e-01,-1.157251074910163879e-01,3.981604054570198059e-02
3.098870217800140381e-01,4.122544229030609131e-01,4.751893579959869385e-01,-2.051243558526039124e-02,-2.444616705179214478e-02,6.151883602142333984e-01,7.877340316772460938e-01,3.098382055759429932e-02,6.735032796859741211e-02,-1.578611694276332855e-02,8.438192307949066162e-03,-1.866576820611953735e-01,-1.722474768757820129e-02,-7.744317501783370972e-02,-5.994231253862380981e-02,-4.036704450845718384e-02,2.215728461742401123e-01,1.311308294534683228e-01,2.040252834558486938e-01,-1.487545669078826904e-01,-1.816072314977645874e-02,1.697168797254562378e-01,-4.132029116153717041e-01,6.501115560531616211e-01,-7.210175991058349609e-01,8.065626621246337891e-01,3.601242899894714355e-01,-2.405309528112411499e-01,7.235623430460691452e-03,1.915718317031860352e-01,-3.718079328536987305e-01,5.262507796287536621e-01,1.078087449073791504e+00,-3.151945769786834717e-01,-1.231097504496574402e-01,4.321023076772689819e-02
3.125418722629547119e-01,4.162890315055847168e-01,4.730097949504852295e-01,-7.309823296964168549e-03,-2.545244246721267700e-02,6.534332036972045898e-01,7.565208673477172852e-01,4.118842631578445435e-02,2.964696660637855530e-02,-1.031722575426101685e-01,6.898789666593074799e-03,-1.775453984737396240e-01,-2.220092155039310455e-02,-8.683759719133377075e-02,-8.437539637088775635e-02,4.200436547398567200e-02,1.561474055051803589e-01,1.139822527766227722e-01,2.279266566038131714e-01,-1.430746763944625854e-01,-2.968665212392807007e-02,1.871971786022186279e-01,-3.074571490287780762e-01,6.241997480392456055e-01,-7.506015300750732422e-01,8.285773992538452148e-01,3.767570257186889648e-01,-2.488200664520263672e-01,-2.924749627709388733e-02,1.936273127794265747e-01,-3.850500583648681641e-01,5.395147204399108887e-01,1.050749421119689941e+00,-2.987141609191894531e-01,-1.331099569797515869e-01,4.015573859214782715e-02
3.221077024936676025e-01,4.209380745887756348e-01,4.716043174266815186e-01,2.278537955135107040e-03,-2.314243651926517487e-02,6.831234097480773926e-01,7.299326658248901367e-01,4.809604957699775696e-02,9.200872853398323059e-03,-1.708111763000488281e-01,4.645284265279769897e-03,-1.715653240680694580e-01,-3.422024846076965332e-02,-8.239997923374176025e-02,-9.644508361816406250e-02,9.675718098878860474e-02,1.193827763199806213e-01,8.344683051109313965e-02,2.407821565866470337e-01,-1.313535571098327637e-01,-3.151267394423484802e-02,2.021563202142715454e-01,-2.192041575908660889e-01,6.155736446380615234e-01,-7.713662385940551758e-01,8.561387062072753906e-01,3.951655030250549316e-01,-2.590273618698120117e-01,-6.696332991123199463e-02,1.878000944852828979e-01,-4.111073315143585205e-01,5.605263710021972656e-01,1.022077798843383789e+00,-2.897301316261291504e-01,-1.413746774196624756e-01,5.085787922143936157e-02
3.273348212242126465e-01,4.257831573486328125e-01,4.708705842494964600e-01,5.613480228930711746e-03,-2.222582325339317322e-02,7.008659839630126953e-01,7.129245400428771973e-01,5.308438092470169067e-02,2.329126000404357910e-03,-2.075889706611633301e-01,1.370981335639953613e-03,-1.721907556056976318e-01,-4.913836717605590820e-02,-7.520317286252975464e-02,-1.079308241605758667e-01,1.097244471311569214e-01,1.015361770987510681e-01,6.037272140383720398e-02,2.452648431062698364e-01,-1.194700226187705994e-01,-2.941431291401386261e-02,2.113551795482635498e-01,-1.410940736532211304e-01,6.117003560066223145e-01,-7.683151364326477051e-01,8.719111680984497070e-01,4.138138592243194580e-01,-2.690564692020416260e-01,-1.032372266054153442e-01,1.865674704313278198e-01,-4.341927766799926758e-01,5.677338242530822754e-01,9.904914498329162598e-01,-2.862161993980407715e-01,-1.466779410839080811e-01,6.784933060407638550e-02
3.338046967983245850e-01,4.315725266933441162e-01,4.704107344150543213e-01,7.697300054132938385e-03,-1.933990232646465302e-02,7.172628045082092285e-01,6.964917778968811035e-01,5.350831523537635803e-02,-2.604258013889193535e-03,-2.379446178674697876e-01,4.678578261518850923e-05,-1.702328622341156006e-01,-6.463260948657989502e-02,-6.371314823627471924e-02,-1.219613552093505859e-01,8.498448133468627930e-02,8.654589951038360596e-02,4.163855314254760742e-02,2.437417060136795044e-01,-8.574558049440383911e-02,-2.389332465827465057e-02,2.122096866369247437e-01,-6.609948724508285522e-02,6.180959939956665039e-01,-7.560911774635314941e-01,8.873048424720764160e-01,4.317303597927093506e-01,-2.758676111698150635e-01,-1.394502520561218262e-01,1.843733936548233032e-01,-4.681789278984069824e-01,5.693765878677368164e-01,9.545590281486511230e-01,-2.829457521438598633e-01,-1.510168910026550293e-01,8.817642927169799805e-02
3.384182155132293701e-01,4.374532699584960938e-01,4.703993499279022217e-01,6.891537457704544067e-03,-1.665017195045948029e-02,7.309003472328186035e-01,6.822462677955627441e-01,5.042994394898414612e-02,-3.485079156234860420e-03,-2.596997022628784180e-01,-1.117833424359560013e-03,-1.685071140527725220e-01,-7.988585531711578369e-02,-5.122857540845870972e-02,-1.304064989089965820e-01,6.229127943515777588e-02,7.867312431335449219e-02,2.812394127249717712e-02,2.385543286800384521e-01,-6.267971545457839966e-02,-1.590451598167419434e-02,2.100245803594589233e-01,-2.303122542798519135e-03,6.198645830154418945e-01,-7.371410131454467773e-01,8.937066793441772461e-01,4.364283680915832520e-01,-2.827203571796417236e-01,-1.693954318761825562e-01,1.789996474981307983e-01,-4.996215999126434326e-01,5.644235610961914062e-01,9.173305034637451172e-01,-2.728317677974700928e-01,-1.560730785131454468e-01,1.098095551133155823e-01
3.441234230995178223e-01,4.441013634204864502e-01,4.704978764057159424e-01,5.495397374033927917e-03,-1.147452276200056076e-02,7.439661622047424316e-01,6.680961847305297852e-01,4.244896769523620605e-02,-6.170573644340038300e-03,-2.825336158275604248e-01,-6.235926994122564793e-04,-1.633388549089431763e-01,-9.258435666561126709e-02,-3.506840020418167114e-02,-1.405441015958786011e-01,1.895345561206340790e-02,6.560270488262176514e-02,7.256466895341873169e-03,2.310899496078491211e-01,-2.267372421920299530e-02,-4.796918015927076340e-03,2.045036107301712036e-01,6.048934906721115112e-02,6.320521235466003418e-01,-7.106462121009826660e-01,8.912405371665954590e-01,4.304783940315246582e-01,-2.877666056156158447e-01,-1.962531358003616333e-01,1.708128005266189575e-01,-5.456127524375915527e-01,5.577360987663269043e-01,8.795585632324218750e-01,-2.642302215099334717e-01,-1.601941883563995361e-01,1.332696527242660522e-01
3.527817726135253906e-01,4.510100781917572021e-01,4.705655872821807861e-01,4.363054409623146057e-03,-5.850872956216335297e-03,7.571152448654174805e-01,6.532405614852905273e-01,3.382965177297592163e-02,-5.188563838601112366e-03,-3.022145926952362061e-01,-1.032885746099054813e-03,-1.568846702575683594e-01,-1.094203218817710876e-01,-1.939354091882705688e-02,-1.461670845746994019e-01,-2.940094098448753357e-02,5.593872442841529846e-02,-1.992728374898433685e-02,2.204493135213851929e-01,1.517714001238346100e-02,8.425602689385414124e-03,1.997954249382019043e-01,1.137980818748474121e-01,6.447379589080810547e-01,-6.765853762626647949e-01,8.678947687149047852e-01,4.056163728237152100e-01,-2.931712865829467773e-01,-2.152071744203567505e-01,1.606986373662948608e-01,-5.979150533676147461e-01,5.451754927635192871e-01,8.311916589736938477e-01,-2.576046884059906006e-01,-1.656964123249053955e-01,1.519905924797058105e-01
3.628133833408355713e-01,4.575523138046264648e-01,4.706571400165557861e-01,2.845999551936984062e-03,-8.460578974336385727e-04,7.713767886161804199e-01,6.363717913627624512e-01,2.281734347343444824e-02,-1.357797649689018726e-03,-3.254016935825347900e-01,-1.376321306452155113e-03,-1.475271582603454590e-01,-1.306694000959396362e-01,-4.703236278146505356e-03,-1.476942151784896851e-01,-8.229427039623260498e-02,4.954358935356140137e-02,-4.541021585464477539e-02,2.077447623014450073e-01,5.679097771644592285e-02,2.514117024838924408e-02,1.966679096221923828e-01,1.534396559000015259e-01,6.539242863655090332e-01,-6.364081501960754395e-01,8.339950442314147949e-01,3.675460219383239746e-01,-2.937874794006347656e-01,-2.237147837877273560e-01,1.435451358556747437e-01,-6.494989991188049316e-01,5.276505351066589355e-01,7.932152152061462402e-01,-2.476165443658828735e-01,-1.665890663862228394e-01,1.625518351793289185e-01
3.684603571891784668e-01,4.538871943950653076e-01,4.718659222126007080e-01,-2.134824171662330627e-03,3.914585802704095840e-03,7.811561822891235352e-01,6.243197321891784668e-01,-5.048223305493593216e-03,-1.838142052292823792e-03,-3.211190402507781982e-01,-1.018512994050979614e-02,-1.114896461367607117e-01,-1.616408079862594604e-01,-2.046937681734561920e-02,-1.499923020601272583e-01,-1.128497943282127380e-01,5.126173794269561768e-02,-3.914841264486312866e-02,1.925462782382965088e-01,8.296137303113937378e-02,3.805112093687057495e-02,2.117651253938674927e-01,1.343090236186981201e-01,6.606450676918029785e-01,-6.078125834465026855e-01,8.099787831306457520e-01,3.376404345035552979e-01,-2.872478961944580078e-01,-2.389815449714660645e-01,8.162656426429748535e-02,-6.865054965019226074e-01,5.121109485626220703e-01,7.775406837463378906e-01,-2.391516864299774170e-01,-1.603596806526184082e-01,1.749207973480224609e-01
3.796311318874359131e-01,4.562488496303558350e-01,4.713918864727020264e-01,-3.534157993271946907e-03,7.080201525241136551e-03,7.946997284889221191e-01,6.069511771202087402e-01,-2.312886714935302734e-02,3.924104850739240646e-03,-3.333049416542053223e-01,-9.132282808423042297e-03,-9.639961272478103638e-02,-1.926111280918121338e-01,-1.261494867503643036e-02,-1.472161710262298584e-01,-1.608178764581680298e-01,4.869568720459938049e-02,-6.096720695495605469e-02,1.770183444023132324e-01,1.224948689341545105e-01,5.412648990750312805e-02,2.173658162355422974e-01,1.266294270753860474e-01,6.597931385040283203e-01,-5.771362781524658203e-01,7.764936685562133789e-01,3.039172887802124023e-01,-2.788468599319458008e-01,-2.368987798690795898e-01,3.199045732617378235e-02,-7.266123890876770020e-01,4.983846247196197510e-01,7.731977105140686035e-01,-2.348871231079101562e-01,-1.564341783523559570e-01,1.764917224645614624e-01
3.858920633792877197e-01,4.553052186965942383e-01,4.705623686313629150e-01,-4.542703274637460709e-03,7.114182692021131516e-03,8.076991438865661621e-01,5.895344018936157227e-01,-4.012200981378555298e-02,6.540307309478521347e-03,-3.381157219409942627e-01,-6.358347833156585693e-03,-8.666200935840606689e-02,-2.182676792144775391e-01,-4.375421907752752304e-03,-1.462530940771102905e-01,-2.016704231500625610e-01,4.752231761813163757e-02,-7.507918030023574829e-02,1.662508398294448853e-01,1.487695574760437012e-01,6.603021174669265747e-02,2.204643487930297852e-01,1.167305558919906616e-01,6.515010595321655273e-01,-5.552844405174255371e-01,7.432495951652526855e-01,2.637965083122253418e-01,-2.663813829421997070e-01,-2.274312824010848999e-01,-1.589388027787208557e-02,-7.579128146171569824e-01,4.838039577007293701e-01,7.770335674285888672e-01,-2.271097451448440552e-01,-1.510306745767593384e-01,1.627393960952758789e-01
3.947343826293945312e-01,4.567178189754486084e-01,4.695424735546112061e-01,-5.944695789366960526e-03,8.032510057091712952e-03,8.225036859512329102e-01,5.686720013618469238e-01,-5.859503149986267090e-02,1.178636029362678528e-02,-3.377832770347595215e-01,-5.537975579500198364e-03,-7.242617011070251465e-02,-2.510796487331390381e-01,7.476598024368286133e-03,-1.431164741516113281e-01,-2.536751627922058105e-01,4.335550591349601746e-02,-9.446033835411071777e-02,1.539817750453948975e-01,1.805811822414398193e-01,8.063969761133193970e-02,2.210084348917007446e-01,1.002222150564193726e-01,6.378384232521057129e-01,-5.278122425079345703e-01,7.089418768882751465e-01,2.187215387821197510e-01,-2.491313666105270386e-01,-2.036061137914657593e-01,-6.943410634994506836e-02,-7.899182438850402832e-01,4.619418680667877197e-01,7.837041616439819336e-01,-2.179105579853057861e-01,-1.441625952720642090e-01,1.358531266450881958e-01
4.042979478836059570e-01,4.603563249111175537e-01,4.689073860645294189e-01,-6.304020993411540985e-03,9.222385473549365997e-03,8.400009274482727051e-01,5.424699783325195312e-01,-7.545955479145050049e-02,8.038427680730819702e-03,-3.251306414604187012e-01,-3.345889039337635040e-03,-4.735108464956283569e-02,-2.617986500263214111e-01,2.563697658479213715e-02,-1.404594331979751587e-01,-3.178497850894927979e-01,4.166702926158905029e-02,-1.186025887727737427e-01,1.411160975694656372e-01,2.187625169754028320e-01,9.797398000955581665e-02,2.168141603469848633e-01,6.878355890512466431e-02,6.097533702850341797e-01,-4.874367713928222656e-01,6.691233515739440918e-01,1.728683859109878540e-01,-2.279286533594131470e-01,-1.469699591398239136e-01,-1.280328035354614258e-01,-8.144888281822204590e-01,4.261243939399719238e-01,8.102424740791320801e-01,-2.159662246704101562e-01,-1.306912153959274292e-01,8.801084756851196289e-02
4.096593558788299561e-01,4.599380791187286377e-01,4.685015380382537842e-01,-6.604787427932024002e-03,9.903098456561565399e-03,8.535829782485961914e-01,5.208209156990051270e-01,-9.274613112211227417e-02,9.784545749425888062e-03,-2.947297096252441406e-01,-5.150594748556613922e-03,-2.234674245119094849e-02,-2.617999911308288574e-01,3.526246547698974609e-02,-1.420149058103561401e-01,-3.595458567142486572e-01,4.179954156279563904e-02,-1.301296651363372803e-01,1.299958527088165283e-01,2.350955605506896973e-01,1.098212450742721558e-01,2.249685078859329224e-01,4.736227914690971375e-02,5.850064158439636230e-01,-4.721766412258148193e-01,6.345101594924926758e-01,1.320507973432540894e-01,-2.085700780153274536e-01,-1.155827045440673828e-01,-1.798152923583984375e-01,-8.353120684623718262e-01,4.017436802387237549e-01,8.391739726066589355e-01,-2.209364920854568481e-01,-1.172151938080787659e-01,4.417653754353523254e-02
4.200693666934967041e-01,4.612880647182464600e-01,4.682967960834503174e-01,-6.763538345694541931e-03,1.078341808170080185e-02,8.698277473449707031e-01,4.931913316249847412e-01,-1.150747016072273254e-01,2.639370970427989960e-02,-2.286581546068191528e-01,-7.505295332521200180e-03,1.234148163348436356e-02,-2.617999911308288574e-01,4.863806068897247314e-02,-1.381100714206695557e-01,-4.184955060482025146e-01,3.905255720019340515e-02,-1.414344757795333862e-01,1.188546046614646912e-01,2.529908418655395508e-01,1.206726282835006714e-01,2.288885414600372314e-01,2.601578459143638611e-02,5.579097867012023926e-01,-4.570179581642150879e-01,5.881006121635437012e-01,8.621805161237716675e-02,-1.961058229207992554e-01,-8.135879784822463989e-02,-2.310017645359039307e-01,-8.495643138885498047e-01,3.768785297870635986e-01,8.777953982353210449e-01,-2.281797379255294800e-01,-1.022546961903572083e-01,-3.789200913161039352e-03
4.350554347038269043e-01,4.643147885799407959e-01,4.683187901973724365e-01,-6.108779460191726685e-03,1.286464184522628784e-02,8.858034610748291016e-01,4.638420343399047852e-01,-1.378281414508819580e-01,7.569741457700729370e-02,-1.263597458600997925e-01,-1.067074388265609741e-02,4.227809980511665344e-02,-2.615353167057037354e-01,5.966242775321006775e-02,-1.305519044399261475e-01,-4.734018146991729736e-01,3.556796908378601074e-02,-1.550373584032058716e-01,9.699980914592742920e-02,2.654813230037689209e-01,1.286750435829162598e-01,2.324820309877395630e-01,8.578202687203884125e-03,5.369164347648620605e-01,-4.486142694950103760e-01,5.346269607543945312e-01,4.153530672192573547e-02,-1.881884336471557617e-01,-6.699879467487335205e-02,-2.803684473037719727e-01,-8.593032956123352051e-01,3.643408119678497314e-01,9.113008379936218262e-01,-2.377537786960601807e-01,-9.337542951107025146e-02,-3.432585671544075012e-02
4.503367245197296143e-01,4.636226892471313477e-01,4.692776501178741455e-01,-4.666450899094343185e-03,1.700778119266033173e-02,9.010673761367797852e-01,4.333204030990600586e-01,-1.496477872133255005e-01,1.116611510515213013e-01,2.906415902543812990e-04,-1.747464202344417572e-02,5.677969753742218018e-02,-2.176736444234848022e-01,6.554567813873291016e-02,-1.303110718727111816e-01,-5.333358645439147949e-01,2.796173654496669769e-02,-1.593447774648666382e-01,8.257149904966354370e-02,2.689314186573028564e-01,1.334616243839263916e-01,2.351059019565582275e-01,-3.418395761400461197e-03,5.157266259193420410e-01,-4.417350888252258301e-01,4.846799671649932861e-01,-3.151049604639410973e-03,-1.795830577611923218e-01,-5.872881785035133362e-02,-3.270969688892364502e-01,-8.581388592720031738e-01,3.569481372833251953e-01,9.432880282402038574e-01,-2.398257851600646973e-01,-8.308045566082000732e-02,-6.325657665729522705e-02
4.592130780220031738e-01,4.606623649597167969e-01,4.708375036716461182e-01,-3.531619906425476074e-03,2.188957296311855316e-02,9.132574200630187988e-01,4.067790806293487549e-01,-1.482397913932800293e-01,1.305006295442581177e-01,1.091374978423118591e-01,-2.017943374812602997e-02,4.303592443466186523e-02,-1.622208058834075928e-01,6.700042635202407837e-02,-1.414265632629394531e-01,-5.792484283447265625e-01,2.615822292864322662e-02,-1.568928658962249756e-01,7.283052057027816772e-02,2.704221308231353760e-01,1.324950605630874634e-01,2.368400543928146362e-01,-1.574330590665340424e-02,5.020548701286315918e-01,-4.416030347347259521e-01,4.378320276737213135e-01,-2.919880859553813934e-02,-1.715778410434722900e-01,-5.918023735284805298e-02,-3.803150653839111328e-01,-8.483763933181762695e-01,3.567026257514953613e-01,9.723960757255554199e-01,-2.430760115385055542e-01,-7.205164432525634766e-02,-8.121015131473541260e-02
4.675299525260925293e-01,4.563393890857696533e-01,4.721722304821014404e-01,-1.669864053837954998e-03,2.553571201860904694e-02,9.206419587135314941e-01,3.895683586597442627e-01,-1.451584249734878540e-01,1.407811045646667480e-01,1.703128963708877563e-01,-1.264983136206865311e-02,2.684963122010231018e-02,-1.362516433000564575e-01,6.644514203071594238e-02,-1.494701653718948364e-01,-6.079205870628356934e-01,2.008717879652976990e-02,-1.471189558506011963e-01,7.066404074430465698e-02,2.703446447849273682e-01,1.289670765399932861e-01,2.388829588890075684e-01,-2.591247484087944031e-02,4.886663258075714111e-01,-4.337792098522186279e-01,3.980262577533721924e-01,-6.481588631868362427e-02,-1.648282706737518311e-01,-5.717004463076591492e-02,-4.226206839084625244e-01,-8.357322216033935547e-01,3.620170354843139648e-01,9.901601672172546387e-01,-2.460723072290420532e-01,-6.518832594156265259e-02,-9.513142704963684082e-02
4.749507904052734375e-01,4.554575085639953613e-01,4.733780920505523682e-01,-1.709654112346470356e-03,2.976548671722412109e-02,9.287049770355224609e-01,3.696188926696777344e-01,-1.395301967859268188e-01,1.487425863742828369e-01,2.206606268882751465e-01,2.134501235559582710e-03,9.546232409775257111e-03,-1.282172203063964844e-01,6.830552965402603149e-02,-1.547711789608001709e-01,-6.411316394805908203e-01,1.206440851092338562e-02,-1.399834305047988892e-01,6.697434186935424805e-02,2.703274190425872803e-01,1.337733566761016846e-01,2.390052974224090576e-01,-3.537739068269729614e-02,4.745813906192779541e-01,-4.286594688892364502e-01,3.595559597015380859e-01,-8.568861335515975952e-02,-1.615881025791168213e-01,-7.059432566165924072e-02,-4.645854234695434570e-01,-8.153660297393798828e-01,3.566767275333404541e-01,1.000249505043029785e+00,-2.459223419427871704e-01,-5.573101714253425598e-02,-1.058501601219177246e-01
4.830853641033172607e-01,4.550920724868774414e-01,4.745095074176788330e-01,-9.839456761255860329e-04,3.480124473571777344e-02,9.346657991409301758e-01,3.538188040256500244e-01,-1.338349282741546631e-01,1.513571292161941528e-01,2.375788837671279907e-01,3.276189416646957397e-02,-5.241970531642436981e-03,-1.173021942377090454e-01,6.934444606304168701e-02,-1.588929295539855957e-01,-6.621360182762145996e-01,4.909630515612661839e-04,-1.344467252492904663e-01,6.163040548563003540e-02,2.719278633594512939e-01,1.335974633693695068e-01,2.333133965730667114e-01,-4.713973775506019592e-02,4.569506645202636719e-01,-4.243496358394622803e-01,3.162887692451477051e-01,-1.005089282989501953e-01,-1.657030731439590454e-01,-6.762718409299850464e-02,-5.051211118698120117e-01,-7.880420088768005371e-01,3.377415239810943604e-01,1.001263022422790527e+00,-2.227254509925842285e-01,-4.785197600722312927e-02,-1.351704597473144531e-01
4.878523647785186768e-01,4.536095857620239258e-01,4.756858646869659424e-01,-1.334153115749359131e-03,3.866484016180038452e-02,9.394808411598205566e-01,3.404100239276885986e-01,-1.259243488311767578e-01,1.547671109437942505e-01,2.580493092536926270e-01,6.718156486749649048e-02,-1.273476984351873398e-02,-1.133688986301422119e-01,6.907868385314941406e-02,-1.649348288774490356e-01,-6.816045641899108887e-01,-7.853078655898571014e-03,-1.258897036314010620e-01,5.822165682911872864e-02,2.757676243782043457e-01,1.275440603494644165e-01,2.251203209161758423e-01,-5.585902929306030273e-02,4.480559825897216797e-01,-4.234775602817535400e-01,2.816689312458038330e-01,-1.037263348698616028e-01,-1.640721112489700317e-01,-7.267419993877410889e-02,-5.463361740112304688e-01,-7.680938839912414551e-01,3.388111591339111328e-01,1.004405021667480469e+00,-2.225843518972396851e-01,-3.751197457313537598e-02,-1.465768516063690186e-01
4.895878136157989502e-01,4.518369734287261963e-01,4.768658578395843506e-01,-2.482707146555185318e-03,4.134098812937736511e-02,9.437526464462280273e-01,3.280482590198516846e-01,-1.149751469492912292e-01,1.565191447734832764e-01,2.759681940078735352e-01,1.017795801162719727e-01,-2.020129747688770294e-02,-1.066958606243133545e-01,6.954847276210784912e-02,-1.716194003820419312e-01,-6.981195807456970215e-01,-1.353121455758810043e-02,-1.163987517356872559e-01,5.213943868875503540e-02,2.793381214141845703e-01,1.173111945390701294e-01,2.115550786256790161e-01,-6.648681312799453735e-02,4.426441490650177002e-01,-4.313164353370666504e-01,2.545054554939270020e-01,-1.010537296533584595e-01,-1.612057387828826904e-01,-8.882932364940643311e-02,-5.870957374572753906e-01,-7.474044561386108398e-01,3.531677722930908203e-01,1.000948905944824219e+00,-2.242257446050643921e-01,-3.007561899721622467e-02,-1.489648967981338501e-01
4.912140667438507080e-01,4.515918195247650146e-01,4.779699742794036865e-01,-4.411286674439907074e-03,4.429680109024047852e-02,9.474363923072814941e-01,3.168322443962097168e-01,-1.103702485561370850e-01,1.606867909431457520e-01,2.903618812561035156e-01,1.330518126487731934e-01,-2.838573604822158813e-02,-1.010327041149139404e-01,6.874993443489074707e-02,-1.765779405832290649e-01,-7.119573354721069336e-01,-1.839577034115791321e-02,-1.088371500372886658e-01,4.780644923448562622e-02,2.748171389102935791e-01,1.128954738378524780e-01,2.020327150821685791e-01,-7.367777824401855469e-02,4.384455084800720215e-01,-4.357748925685882568e-01,2.390005886554718018e-01,-1.063980162143707275e-01,-1.563443392515182495e-01,-1.014034226536750793e-01,-6.160302758216857910e-01,-7.306974530220031738e-01,3.597668409347534180e-01,1.003940343856811523e+00,-2.159598171710968018e-01,-2.513775788247585297e-02,-1.541397869586944580e-01
4.934538006782531738e-01,4.507816731929779053e-01,4.790232479572296143e-01,-6.221323274075984955e-03,4.829314723610877991e-02,9.512066245079040527e-01,3.046884834766387939e-01,-9.941930323839187622e-02,1.645857542753219604e-01,3.051939308643341064e-01,1.683429181575775146e-01,-3.944889456033706665e-02,-9.730547666549682617e-02,6.679876148700714111e-02,-1.846020817756652832e-01,-7.288954257965087891e-01,-2.288131415843963623e-02,-1.038409695029258728e-01,4.504615440964698792e-02,2.724479734897613525e-01,1.070086508989334106e-01,1.864997893571853638e-01,-8.312894403934478760e-02,4.365719854831695557e-01,-4.424426555633544922e-01,2.248619645833969116e-01,-1.043756306171417236e-01,-1.565032601356506348e-01,-1.140138506889343262e-01,-6.487428545951843262e-01,-7.158475518226623535e-01,3.630933463573455811e-01,1.005894780158996582e+00,-2.121226489543914795e-01,-2.048413641750812531e-02,-1.596461385488510132e-01
4.964991211891174316e-01,4.478217661380767822e-01,4.796837270259857178e-01,-7.394279353320598602e-03,5.051751807332038879e-02,9.538227319717407227e-01,2.959991991519927979e-01,-8.765771985054016113e-02,1.646576225757598877e-01,3.143481314182281494e-01,1.914703845977783203e-01,-4.803435876965522766e-02,-9.236229956150054932e-02,6.200626492500305176e-02,-1.910578459501266479e-01,-7.393122315406799316e-01,-2.553682774305343628e-02,-9.706100821495056152e-02,4.124830290675163269e-02,2.749852836132049561e-01,1.010611578822135925e-01,1.707148104906082153e-01,-9.306409955024719238e-02,4.382616877555847168e-01,-4.485421180725097656e-01,2.072749435901641846e-01,-1.026806980371475220e-01,-1.575044244527816772e-01,-1.171513274312019348e-01,-6.805434823036193848e-01,-7.000895738601684570e-01,3.839870989322662354e-01,1.015816450119018555e+00,-2.200741916894912720e-01,-1.606508530676364899e-02,-1.530134230852127075e-01
4.958038032054901123e-01,4.427226483821868896e-01,4.800895154476165771e-01,-1.086542662233114243e-02,5.013020336627960205e-02,9.564036726951599121e-01,2.875080406665802002e-01,-6.966995447874069214e-02,1.627276241779327393e-01,3.204386532306671143e-01,1.943014264106750488e-01,-6.283935904502868652e-02,-8.256778866052627563e-02,5.529128015041351318e-02,-1.972730606794357300e-01,-7.481198906898498535e-01,-2.461181953549385071e-02,-8.563694357872009277e-02,4.023668915033340454e-02,2.757615447044372559e-01,9.490036964416503906e-02,1.547207087278366089e-01,-1.019198149442672729e-01,4.416193068027496338e-01,-4.540726244449615479e-01,1.872707754373550415e-01,-1.092235967516899109e-01,-1.617725193500518799e-01,-1.206260025501251221e-01,-7.050543427467346191e-01,-6.877067089080810547e-01,4.206914603710174561e-01,1.014752745628356934e+00,-2.372253984212875366e-01,-1.922884769737720490e-02,-1.337558329105377197e-01
4.921852648258209229e-01,4.394933283329010010e-01,4.804519712924957275e-01,-1.502674911171197891e-02,4.788341000676155090e-02,9.596991539001464844e-01,2.765119969844818115e-01,-5.238433182239532471e-02,1.604684293270111084e-01,3.285045027732849121e-01,1.922283470630645752e-01,-7.587861269712448120e-02,-7.689564675092697144e-02,5.572636052966117859e-02,-1.988181322813034058e-01,-7.588831782341003418e-01,-2.558175288140773773e-02,-7.387582212686538696e-02,4.016955196857452393e-02,2.661961913108825684e-01,9.654615074396133423e-02,1.432010084390640259e-01,-1.134588271379470825e-01,4.406185150146484375e-01,-4.578993320465087891e-01,1.682039052248001099e-01,-1.192437782883644104e-01,-1.663581281900405884e-01,-1.188261359930038452e-01,-7.123791575431823730e-01,-6.670829653739929199e-01,4.379070103168487549e-01,1.020399212837219238e+00,-2.399432212114334106e-01,-2.105945907533168793e-02,-1.297304481267929077e-01
4.935814142227172852e-01,4.342465996742248535e-01,4.806223213672637939e-01,-1.697872206568717957e-02,4.602884501218795776e-02,9.619773030281066895e-01,2.686870992183685303e-01,-3.954421728849411011e-02,1.575149297714233398e-01,3.318154513835906982e-01,1.812285184860229492e-01,-8.949945122003555298e-02,-7.008291035890579224e-02,5.157355219125747681e-02,-2.007458955049514771e-01,-7.689896821975708008e-01,-2.694962546229362488e-02,-6.087764352560043335e-02,4.077138751745223999e-02,2.612490653991699219e-01,9.656129777431488037e-02,1.348419785499572754e-01,-1.234449595212936401e-01,4.469776749610900879e-01,-4.622946083545684814e-01,1.552954763174057007e-01,-1.373868733644485474e-01,-1.698675155639648438e-01,-1.180873215198516846e-01,-7.093344330787658691e-01,-6.504976749420166016e-01,4.646416008472442627e-01,1.022738099098205566e+00,-2.481126934289932251e-01,-2.493436634540557861e-02,-1.164771392941474915e-01
4.904443323612213135e-01,4.298970401287078857e-01,4.805901348590850830e-01,-2.097587846219539642e-02,4.244587942957878113e-02,9.644457697868347168e-01,2.600051462650299072e-01,-2.187921851873397827e-02,1.481721252202987671e-01,3.292648494243621826e-01,1.570818573236465454e-01,-1.060865223407745361e-01,-6.306286156177520752e-02,5.082567408680915833e-02,-1.999933868646621704e-01,-7.781999111175537109e-01,-2.797130495309829712e-02,-4.803397133946418762e-02,4.332874715328216553e-02,2.549987733364105225e-01,9.834909439086914062e-02,1.285300403833389282e-01,-1.401839405298233032e-01,4.547722637653350830e-01,-4.654175639152526855e-01,1.381513029336929321e-01,-1.488984227180480957e-01,-1.772875040769577026e-01,-1.195057258009910583e-01,-6.956090331077575684e-01,-6.317698955535888672e-01,4.915720820426940918e-01,1.021661520004272461e+00,-2.560876607894897461e-01,-3.122033551335334778e-02,-1.005738601088523865e-01
4.910992681980133057e-01,4.234610497951507568e-01,4.804694354534149170e-01,-2.321106381714344025e-02,3.834698721766471863e-02,9.666694402694702148e-01,2.520733177661895752e-01,-8.007154799997806549e-03,1.392987072467803955e-01,3.189841210842132568e-01,1.243359670042991638e-01,-1.203873902559280396e-01,-5.605933815240859985e-02,4.773469641804695129e-02,-1.986783891916275024e-01,-7.838813662528991699e-01,-3.028751164674758911e-02,-3.069085255265235901e-02,4.448651894927024841e-02,2.491003274917602539e-01,1.007404625415802002e-01,1.227806210517883301e-01,-1.563118249177932739e-01,4.625824093818664551e-01,-4.659956097602844238e-01,1.206484958529472351e-01,-1.667655259370803833e-01,-1.843909770250320435e-01,-1.289695948362350464e-01,-6.750427484512329102e-01,-6.149228811264038086e-01,5.149606466293334961e-01,1.027671813964843750e+00,-2.651415169239044189e-01,-3.762070834636688232e-02,-7.613049447536468506e-02
4.952553510665893555e-01,4.179373979568481445e-01,4.802861511707305908e-01,-2.340888045728206635e-02,3.471761196851730347e-02,9.684264659881591797e-01,2.457578480243682861e-01,6.029272917658090591e-03,1.292248666286468506e-01,2.995151877403259277e-01,8.163797855377197266e-02,-1.305109113454818726e-01,-5.222502350807189941e-02,4.479667544364929199e-02,-1.951063722372055054e-01,-7.875369787216186523e-01,-3.446529060602188110e-02,-1.479296199977397919e-02,4.576430469751358032e-02,2.450868040323257446e-01,9.978784620761871338e-02,1.195986345410346985e-01,-1.773995459079742432e-01,4.653357565402984619e-01,-4.528564512729644775e-01,9.459614008665084839e-02,-1.941143572330474854e-01,-1.972300112247467041e-01,-1.250696480274200439e-01,-6.303347349166870117e-01,-5.910097956657409668e-01,5.337067842483520508e-01,1.037026047706604004e+00,-2.732797265052795410e-01,-4.377119615674018860e-02,-5.332757905125617981e-02
4.967026114463806152e-01,4.096299111843109131e-01,4.804668128490447998e-01,-2.179967798292636871e-02,3.122675418853759766e-02,9.697355628013610840e-01,2.411691397428512573e-01,1.342799048870801926e-02,1.195773184299468994e-01,2.839195132255554199e-01,5.761802941560745239e-02,-1.356239467859268188e-01,-4.765058308839797974e-02,4.478178545832633972e-02,-1.995738893747329712e-01,-7.865446805953979492e-01,-3.468956425786018372e-02,2.677307231351733208e-03,4.872443899512290955e-02,2.436110526323318481e-01,9.918589890003204346e-02,1.198297888040542603e-01,-1.882778704166412354e-01,4.693144559860229492e-01,-4.406080842018127441e-01,6.857034564018249512e-02,-2.171813547611236572e-01,-2.061796188354492188e-01,-1.251052320003509521e-01,-5.946508646011352539e-01,-5.704222321510314941e-01,5.440948009490966797e-01,1.041434407234191895e+00,-2.813748121261596680e-01,-4.770358279347419739e-02,-3.085491247475147247e-02
4.960591197013854980e-01,4.003179967403411865e-01,4.808052480220794678e-01,-2.102531865239143372e-02,2.719012461602687836e-02,9.708784818649291992e-01,2.370939850807189941e-01,1.951387710869312286e-02,1.110597848892211914e-01,2.771601974964141846e-01,3.731756284832954407e-02,-1.397188454866409302e-01,-4.349843785166740417e-02,4.409159719944000244e-02,-2.060321718454360962e-01,-7.852725386619567871e-01,-3.243741393089294434e-02,2.349934726953506470e-02,5.550607666373252869e-02,2.426424771547317505e-01,9.685728698968887329e-02,1.223047152161598206e-01,-1.976477950811386108e-01,4.716773331165313721e-01,-4.219595491886138916e-01,3.254938125610351562e-02,-2.421835511922836304e-01,-2.153112590312957764e-01,-1.258357614278793335e-01,-5.523404479026794434e-01,-5.485636591911315918e-01,5.495936870574951172e-01,1.044884562492370605e+00,-2.881115674972534180e-01,-4.772784560918807983e-02,-4.687739536166191101e-03
4.939672946929931641e-01,3.907585144042968750e-01,4.813154637813568115e-01,-2.108275331556797028e-02,2.263568155467510223e-02,9.726251959800720215e-01,2.303115278482437134e-01,2.516457810997962952e-02,1.023930460214614868e-01,2.720009088516235352e-01,1.573749445378780365e-02,-1.421115398406982422e-01,-4.123717173933982849e-02,4.369626939296722412e-02,-2.152395993471145630e-01,-7.932136654853820801e-01,-2.378848381340503693e-02,4.409436881542205811e-02,5.844465270638465881e-02,2.451571375131607056e-01,9.279152750968933105e-02,1.263042092323303223e-01,-2.072661519050598145e-01,4.714033901691436768e-01,-3.901722431182861328e-01,-1.659822277724742889e-02,-2.686313688755035400e-01,-2.291398048400878906e-01,-1.265240311622619629e-01,-4.887897074222564697e-01,-5.171522498130798340e-01,5.517114996910095215e-01,1.041182637214660645e+00,-2.928184270858764648e-01,-4.739164933562278748e-02,2.927843853831291199e-02
4.929924905300140381e-01,3.789834976196289062e-01,4.821470081806182861e-01,-2.190932445228099823e-02,1.867471076548099518e-02,9.738462567329406738e-01,2.253767699003219604e-01,2.743738703429698944e-02,9.154003858566284180e-02,2.703750431537628174e-01,-8.669911883771419525e-03,-1.357856094837188721e-01,-3.659592941403388977e-02,3.759866952896118164e-02,-2.280807644128799438e-01,-7.922891378402709961e-01,-1.823602803051471710e-02,7.627206295728683472e-02,6.415465474128723145e-02,2.458281219005584717e-01,8.284001052379608154e-02,1.298507899045944214e-01,-2.035020142793655396e-01,4.741685986518859863e-01,-3.410521745681762695e-01,-1.001570299267768860e-01,-3.482820987701416016e-01,-2.407584935426712036e-01,-1.227994114160537720e-01,-4.152620732784271240e-01,-4.868036210536956787e-01,5.336875319480895996e-01,1.023773550987243652e+00,-2.724763154983520508e-01,-4.306255653500556946e-02,5.183350667357444763e-02
4.900323152542114258e-01,3.720653355121612549e-01,4.826679527759552002e-01,-2.459515631198883057e-02,1.552709750831127167e-02,9.752845764160156250e-01,2.190297394990921021e-01,2.665005065500736237e-02,8.526463061571121216e-02,2.764021158218383789e-01,-2.039191126823425293e-02,-1.385535597801208496e-01,-3.744661062955856323e-02,3.430504351854324341e-02,-2.341594249010086060e-01,-8.084992766380310059e-01,-9.483099915087223053e-03,9.128640592098236084e-02,6.849077343940734863e-02,2.477915287017822266e-01,7.412068545818328857e-02,1.321869343519210815e-01,-2.057092934846878052e-01,4.632864594459533691e-01,-3.039845526218414307e-01,-1.561602503061294556e-01,-4.122226834297180176e-01,-2.434314936399459839e-01,-1.140542104840278625e-01,-3.501251339912414551e-01,-4.606569111347198486e-01,5.146671533584594727e-01,1.019272208213806152e+00,-2.311364412307739258e-01,-3.533260524272918701e-02,6.757753342390060425e-02
4.885856211185455322e-01,3.602950274944305420e-01,4.831698834896087646e-01,-2.580167911946773529e-02,1.142033096402883530e-02,9.753302335739135742e-01,2.189400941133499146e-01,2.662732452154159546e-02,7.728204876184463501e-02,2.792807519435882568e-01,-3.471165895462036133e-02,-1.370462477207183838e-01,-3.505877777934074402e-02,2.312391996383666992e-02,-2.465877234935760498e-01,-7.974439859390258789e-01,5.105406744405627251e-04,1.202310919761657715e-01,8.071270585060119629e-02,2.399852722883224487e-01,7.014774531126022339e-02,1.346915662288665771e-01,-2.154689580202102661e-01,4.987240731716156006e-01,-2.520158588886260986e-01,-2.724211215972900391e-01,-4.863304495811462402e-01,-2.660463154315948486e-01,-1.032495722174644470e-01,-2.953856885433197021e-01,-4.514267444610595703e-01,4.963892102241516113e-01,9.858665466308593750e-01,-1.880013495683670044e-01,-3.368208557367324829e-02,7.796858996152877808e-02
4.872786998748779297e-01,3.542386293411254883e-01,4.834530055522918701e-01,-2.615282684564590454e-02,7.778233382850885391e-03,9.761902689933776855e-01,2.151931822299957275e-01,2.626538276672363281e-02,7.480946183204650879e-02,2.807009518146514893e-01,-3.690985590219497681e-02,-1.427111625671386719e-01,-3.883203864097595215e-02,1.927511021494865417e-02,-2.498580664396286011e-01,-7.926284670829772949e-01,1.150514092296361923e-02,1.295094341039657593e-01,8.340080827474594116e-02,2.353699952363967896e-01,6.873074173927307129e-02,1.364671140909194946e-01,-2.300561666488647461e-01,5.226699113845825195e-01,-2.116022109985351562e-01,-3.408085107803344727e-01,-5.135531425476074219e-01,-2.796254754066467285e-01,-8.512161672115325928e-02,-2.542010843753814697e-01,-4.412979483604431152e-01,4.853885471820831299e-01,9.662490487098693848e-01,-1.538061499595642090e-01,-3.079224377870559692e-02,8.325897902250289917e-02
4.830774366855621338e-01,3.479017317295074463e-01,4.840064346790313721e-01,-2.954814769327640533e-02,4.405736457556486130e-03,9.770489335060119629e-01,2.109097838401794434e-01,2.399849146604537964e-02,7.114470005035400391e-02,2.866809666156768799e-01,-4.307941719889640808e-02,-1.463839560747146606e-01,-4.190080612897872925e-02,1.206652633845806122e-02,-2.567432224750518799e-01,-7.923598289489746094e-01,2.394873648881912231e-02,1.419319957494735718e-01,8.901055157184600830e-02,2.321242094039916992e-01,6.353805214166641235e-02,1.431364417076110840e-01,-2.642267644405364990e-01,5.439589023590087891e-01,-1.574142277240753174e-01,-4.160748720169067383e-01,-5.347350835800170898e-01,-2.983230650424957275e-01,-3.929896280169487000e-02,-2.064426690340042114e-01,-4.386944472789764404e-01,4.767454564571380615e-01,9.373339414596557617e-01,-1.146278157830238342e-01,-3.455889225006103516e-02,7.162738591432571411e-02
4.848621487617492676e-01,3.385176658630371094e-01,4.840843975543975830e-01,-2.865626104176044464e-02,-1.510625588707625866e-04,9.774421453475952148e-01,2.092501968145370483e-01,2.124848030507564545e-02,6.860772520303726196e-02,2.879396677017211914e-01,-4.643024504184722900e-02,-1.492479145526885986e-01,-3.910653293132781982e-02,2.305984031409025192e-03,-2.611686885356903076e-01,-7.753364443778991699e-01,3.465630114078521729e-02,1.520870178937911987e-01,9.620241820812225342e-02,2.222459465265274048e-01,6.174150481820106506e-02,1.526799798011779785e-01,-3.002960681915283203e-01,5.875551104545593262e-01,-1.003870218992233276e-01,-4.810441136360168457e-01,-5.313861966133117676e-01,-3.209546208381652832e-01,2.153531834483146667e-02,-1.734180748462677002e-01,-4.410079717636108398e-01,4.662875831127166748e-01,8.966044187545776367e-01,-7.330971956253051758e-02,-4.412605240941047668e-02,4.768248647451400757e-02
4.855997264385223389e-01,3.325284123420715332e-01,4.842755496501922607e-01,-2.842206694185733795e-02,-3.772720461711287498e-03,9.779151678085327148e-01,2.070262283086776733e-01,1.871717162430286407e-02,6.831668317317962646e-02,2.872713804244995117e-01,-4.771338030695915222e-02,-1.485584825277328491e-01,-3.716046363115310669e-02,-5.986741743981838226e-03,-2.625276446342468262e-01,-7.511127591133117676e-01,4.391482844948768616e-02,1.474035829305648804e-01,1.022719591856002808e-01,2.081456035375595093e-01,6.149936094880104065e-02,1.671451181173324585e-01,-3.415829241275787354e-01,6.425850391387939453e-01,-5.599727481603622437e-02,-5.135435461997985840e-01,-4.960936307907104492e-01,-3.348116576671600342e-01,1.003679633140563965e-01,-1.564177721738815308e-01,-4.484131336212158203e-01,4.608778953552246094e-01,8.581467270851135254e-01,-3.622345626354217529e-02,-5.427617207169532776e-02,1.217251643538475037e-02
4.852752983570098877e-01,3.284067809581756592e-01,4.844247996807098389e-01,-2.953214757144451141e-02,-7.352794986218214035e-03,9.788567423820495605e-01,2.022703588008880615e-01,1.594477333128452301e-02,6.940093636512756348e-02,2.865174710750579834e-01,-5.115170031785964966e-02,-1.486241966485977173e-01,-3.513816744089126587e-02,-1.558497361838817596e-02,-2.605353891849517822e-01,-7.071409821510314941e-01,4.928681999444961548e-02,1.220585405826568604e-01,1.130399107933044434e-01,1.930677741765975952e-01,5.674340575933456421e-02,1.899632662534713745e-01,-3.619185388088226318e-01,6.796562671661376953e-01,-3.150182589888572693e-02,-5.201919674873352051e-01,-4.622102975845336914e-01,-3.390519917011260986e-01,1.573382467031478882e-01,-1.502698510885238647e-01,-4.524518549442291260e-01,4.624942839145660400e-01,8.222339153289794922e-01,-1.664734259247779846e-02,-6.234872341156005859e-02,-9.804639033973217010e-03
4.855203032493591309e-01,3.262399435043334961e-01,4.845234453678131104e-01,-3.065848536789417267e-02,-9.976432658731937408e-03,9.801344871520996094e-01,1.956961154937744141e-01,1.115871313959360123e-02,7.070010155439376831e-02,2.782275676727294922e-01,-5.245747789740562439e-02,-1.478355079889297485e-01,-3.077658824622631073e-02,-2.585929259657859802e-02,-2.565030753612518311e-01,-6.438595652580261230e-01,5.498600378632545471e-02,8.296127617359161377e-02,1.236001029610633850e-01,1.790919750928878784e-01,5.451183021068572998e-02,2.070077061653137207e-01,-3.708325326442718506e-01,7.113435268402099609e-01,-2.411360852420330048e-02,-5.082242488861083984e-01,-4.264617562294006348e-01,-3.403702080249786377e-01,2.008872330188751221e-01,-1.536492705345153809e-01,-4.571278095245361328e-01,4.724148213863372803e-01,7.907288074493408203e-01,-1.273071207106113434e-02,-7.051185518503189087e-02,-2.874247170984745026e-02
4.794943928718566895e-01,3.311379551887512207e-01,4.835027754306793213e-01,-2.484784834086894989e-02,-1.463328395038843155e-02,9.818912744522094727e-01,1.872376501560211182e-01,2.755453810095787048e-02,7.882246375083923340e-02,2.717001140117645264e-01,-3.144118934869766235e-02,-1.821991801261901855e-01,-3.758432343602180481e-02,1.270367531105875969e-03,-2.438466548919677734e-01,-6.168775558471679688e-01,6.015111505985260010e-02,2.590572088956832886e-02,1.366541236639022827e-01,1.682108044624328613e-01,4.663392901420593262e-02,2.052209228277206421e-01,-3.094138205051422119e-01,7.375776171684265137e-01,-4.811616241931915283e-02,-4.675222933292388916e-01,-3.773620724678039551e-01,-3.347039222717285156e-01,2.291181087493896484e-01,-1.210873648524284363e-01,-4.418382346630096436e-01,4.976307451725006104e-01,7.633647322654724121e-01,-2.704895474016666412e-02,-7.827831059694290161e-02,-4.077046364545822144e-02
4.876774549484252930e-01,3.292437493801116943e-01,4.849491417407989502e-01,-3.485762327909469604e-02,-1.312427129596471786e-02,9.823008775711059570e-01,1.835691928863525391e-01,-3.685915609821677208e-03,8.077480643987655640e-02,2.534976899623870850e-01,-5.192812159657478333e-02,-1.434426307678222656e-01,-2.227281965315341949e-02,-3.683752194046974182e-02,-2.503225505352020264e-01,-5.546044707298278809e-01,6.983746588230133057e-02,2.958567999303340912e-02,1.258214116096496582e-01,1.511501967906951904e-01,4.430824518203735352e-02,2.366837561130523682e-01,-3.033160567283630371e-01,7.543583512306213379e-01,-6.805556267499923706e-02,-3.785131871700286865e-01,-3.164722919464111328e-01,-3.193768858909606934e-01,2.526964545249938965e-01,-1.618294119834899902e-01,-4.458254873752593994e-01,5.107292532920837402e-01,7.348411083221435547e-01,-3.046195395290851593e-02,-8.994170278310775757e-02,-5.160189047455787659e-02
4.826787114143371582e-01,3.339346349239349365e-01,4.842164218425750732e-01,-3.113829903304576874e-02,-1.676494255661964417e-02,9.837175011634826660e-01,1.762079149484634399e-01,4.926588386297225952e-03,8.854740113019943237e-02,2.471253275871276855e-01,-2.949959784746170044e-02,-1.751076877117156982e-01,-2.706886269152164459e-02,-5.660324357450008392e-03,-2.335221022367477417e-01,-5.229992866516113281e-01,7.364046573638916016e-02,-1.802210137248039246e-02,1.294257044792175293e-01,1.434762924909591675e-01,3.442082926630973816e-02,2.296771109104156494e-01,-2.584809362888336182e-01,7.500600814819335938e-01,-1.070459336042404175e-01,-2.935321033000946045e-01,-2.808792591094970703e-01,-3.060480058193206787e-01,2.620124816894531250e-01,-1.409442722797393799e-01,-4.304834306240081787e-01,5.440591573715209961e-01,7.112592458724975586e-01,-3.648062422871589661e-02,-9.594023972749710083e-02,-5.566338449716567993e-02
4.859570562839508057e-01,3.347341418266296387e-01,4.848518073558807373e-01,-3.724914789199829102e-02,-1.851716078817844391e-02,9.843043088912963867e-01,1.715068221092224121e-01,-1.339515578001737595e-02,9.603551030158996582e-02,2.406501770019531250e-01,-3.207415342330932617e-02,-1.670445501804351807e-01,-2.434684336185455322e-02,-8.287404663860797882e-03,-2.252897173166275024e-01,-4.850355386734008789e-01,8.445574343204498291e-02,-3.686145693063735962e-02,1.201240792870521545e-01,1.298441737890243530e-01,2.522195316851139069e-02,2.368227392435073853e-01,-2.629491686820983887e-01,7.207362651824951172e-01,-1.683470755815505981e-01,-9.782487899065017700e-02,-2.686443328857421875e-01,-2.770156562328338623e-01,2.619320452213287354e-01,-1.622543931007385254e-01,-4.199591279029846191e-01,5.804616808891296387e-01,7.039649486541748047e-01,-2.443169243633747101e-02,-9.966953843832015991e-02,-6.443750113248825073e-02
4.961419701576232910e-01,3.298135995864868164e-01,4.862966239452362061e-01,-4.821988940238952637e-02,-1.872917450964450836e-02,9.844046235084533691e-01,1.681415885686874390e-01,-5.083014070987701416e-02,9.856967628002166748e-02,2.304701507091522217e-01,-5.158681049942970276e-02,-1.247952505946159363e-01,-1.482204720377922058e-02,-4.622780159115791321e-02,-2.249455451965332031e-01,-4.396718144416809082e-01,1.007094457745552063e-01,-3.448778018355369568e-02,1.088738292455673218e-01,1.180793866515159607e-01,1.669346913695335388e-02,2.566146254539489746e-01,-2.893676459789276123e-01,6.846644282341003418e-01,-2.029814273118972778e-01,2.676177024841308594e-02,-2.801387608051300049e-01,-2.605021595954895020e-01,2.528416812419891357e-01,-2.166199237108230591e-01,-4.123890399932861328e-01,5.979120731353759766e-01,6.987828612327575684e-01,-1.368092559278011322e-02,-1.038487777113914490e-01,-6.787030398845672607e-02
4.918896257877349854e-01,3.319415152072906494e-01,4.855025112628936768e-01,-4.756446182727813721e-02,-2.148535102605819702e-02,9.847930073738098145e-01,1.657067388296127319e-01,-4.936834052205085754e-02,1.047331616282463074e-01,2.417596429586410522e-01,-2.926636300981044769e-02,-1.550132632255554199e-01,-2.192323096096515656e-02,-5.126407369971275330e-03,-2.053581923246383667e-01,-4.250515401363372803e-01,9.474639594554901123e-02,-7.031265646219253540e-02,1.091564372181892395e-01,1.223040744662284851e-01,1.500865677371621132e-03,2.433046251535415649e-01,-2.900326848030090332e-01,6.170556545257568359e-01,-2.863615453243255615e-01,2.576833963394165039e-01,-3.003027439117431641e-01,-2.367313802242279053e-01,2.013783007860183716e-01,-2.285821139812469482e-01,-3.795348703861236572e-01,6.454916000366210938e-01,7.165539860725402832e-01,-4.462771117687225342e-03,-1.040780171751976013e-01,-7.341597229242324829e-02
4.945038557052612305e-01,3.298649787902832031e-01,4.853782355785369873e-01,-5.292224138975143433e-02,-2.266341820359230042e-02,9.847668409347534180e-01,1.640726327896118164e-01,-6.701405346393585205e-02,1.075463816523551941e-01,2.449597567319869995e-01,-2.806740812957286835e-02,-1.523356288671493530e-01,-1.765736006200313568e-02,-1.945191295817494392e-03,-1.922539472579956055e-01,-4.000924527645111084e-01,9.332723170518875122e-02,-8.232447504997253418e-02,1.063422933220863342e-01,1.184239313006401062e-01,-1.854876615107059479e-02,2.487613260746002197e-01,-3.211515247821807861e-01,5.394794940948486328e-01,-3.572553396224975586e-01,5.074135661125183105e-01,-3.124850988388061523e-01,-2.053553462028503418e-01,1.542184948921203613e-01,-2.730885744094848633e-01,-3.456555306911468506e-01,6.958006024360656738e-01,7.370410561561584473e-01,4.194409120827913284e-03,-1.051198691129684448e-01,-7.338617742061614990e-02
5.022168159484863281e-01,3.220956027507781982e-01,4.866876304149627686e-01,-6.906161457300186157e-02,-2.492518350481987000e-02,9.839267730712890625e-01,1.627799570560455322e-01,-1.077644377946853638e-01,1.102917641401290894e-01,2.441688925027847290e-01,-5.853150784969329834e-02,-1.077857762575149536e-01,-8.131915703415870667e-03,-4.924711212515830994e-02,-1.887378394603729248e-01,-3.738973736763000488e-01,1.131373047828674316e-01,-6.970019638538360596e-02,9.196542203426361084e-02,9.941741079092025757e-02,-3.720011562108993530e-02,2.737841010093688965e-01,-3.939961493015289307e-01,4.527571201324462891e-01,-4.108158051967620850e-01,7.703768610954284668e-01,-3.133637011051177979e-01,-1.716495603322982788e-01,1.028454080224037170e-01,-3.593514859676361084e-01,-3.086904883384704590e-01,7.415786981582641602e-01,7.720401287078857422e-01,1.291079912334680557e-02,-1.016292273998260498e-01,-5.180146545171737671e-02
4.996035397052764893e-01,3.246546685695648193e-01,4.849496781826019287e-01,-6.143959611654281616e-02,-2.382449619472026825e-02,9.841121435165405273e-01,1.648661345243453979e-01,-9.360940009355545044e-02,1.093393787741661072e-01,2.620587348937988281e-01,-3.066205047070980072e-02,-1.443034112453460693e-01,-1.894699595868587494e-02,-5.191829986870288849e-03,-1.729266941547393799e-01,-3.690127432346343994e-01,8.179785311222076416e-02,-9.101064503192901611e-02,9.999965131282806396e-02,1.026295274496078491e-01,-5.976649746298789978e-02,2.723976373672485352e-01,-4.012718796730041504e-01,3.438320457935333252e-01,-4.814054369926452637e-01,1.012724280357360840e+00,-3.039529323577880859e-01,-1.504517495632171631e-01,5.162956193089485168e-02,-3.736029565334320068e-01,-2.516323328018188477e-01,8.113204836845397949e-01,8.235569000244140625e-01,2.226244844496250153e-02,-9.938774257898330688e-02,-2.779061160981655121e-02
5.006999373435974121e-01,3.252614140510559082e-01,4.844805896282196045e-01,-6.297442317008972168e-02,-2.280848100781440735e-02,9.833624362945556641e-01,1.688558906316757202e-01,-9.776784479618072510e-02,1.115140914916992188e-01,2.726049423217773438e-01,-2.828602306544780731e-02,-1.456756293773651123e-01,-2.168215811252593994e-02,-5.755035672336816788e-03,-1.647047698497772217e-01,-3.466768860816955566e-01,6.755044311285018921e-02,-9.526599198579788208e-02,1.016356647014617920e-01,9.414833784103393555e-02,-7.719904184341430664e-02,2.803148925304412842e-01,-4.035230278968811035e-01,2.829236686229705811e-01,-5.162169933319091797e-01,1.139017224311828613e+00,-2.938664555549621582e-01,-1.412217915058135986e-01,2.744630351662635803e-02,-3.868452012538909912e-01,-2.207865566015243530e-01,8.479209542274475098e-01,8.521589636802673340e-01,3.139407560229301453e-02,-9.682700037956237793e-02,-1.106460392475128174e-02
5.024879574775695801e-01,3.299835026264190674e-01,4.840832650661468506e-01,-6.638774275779724121e-02,-1.970527507364749908e-02,9.822360277175903320e-01,1.744039207696914673e-01,-1.029226630926132202e-01,1.163377463817596436e-01,2.898736298084259033e-01,-3.046746738255023956e-02,-1.407038718461990356e-01,-3.149864077568054199e-02,-1.122023537755012512e-02,-1.574540436267852783e-01,-3.422830998897552490e-01,4.910641536116600037e-02,-1.022587567567825317e-01,1.039470732212066650e-01,8.921018242835998535e-02,-9.792196005582809448e-02,2.941828966140747070e-01,-4.070465266704559326e-01,2.182066738605499268e-01,-5.406696796417236328e-01,1.261628627777099609e+00,-2.874962389469146729e-01,-1.266469061374664307e-01,5.038033239543437958e-03,-4.071547985076904297e-01,-1.888077557086944580e-01,8.860334157943725586e-01,8.874065876007080078e-01,4.994357004761695862e-02,-8.930400758981704712e-02,1.546710170805454254e-02
5.054223537445068359e-01,3.345846831798553467e-01,4.836295545101165771e-01,-6.943977624177932739e-02,-1.654456555843353271e-02,9.806550145149230957e-01,1.822640746831893921e-01,-1.081957221031188965e-01,1.226126849651336670e-01,3.093891143798828125e-01,-3.140927478671073914e-02,-1.366658210754394531e-01,-4.284872114658355713e-02,-1.746609434485435486e-02,-1.509049236774444580e-01,-3.404423296451568604e-01,2.999585308134555817e-02,-1.073609367012977600e-01,1.106510460376739502e-01,8.377878367900848389e-02,-1.138661429286003113e-01,3.054514527320861816e-01,-4.101884365081787109e-01,1.798155754804611206e-01,-5.645498037338256836e-01,1.335860133171081543e+00,-2.655851542949676514e-01,-1.269378811120986938e-01,-7.789225783199071884e-03,-4.146625399589538574e-01,-1.763436794281005859e-01,9.100723266601562500e-01,9.187631011009216309e-01,6.565631926059722900e-02,-8.563678711652755737e-02,3.102769702672958374e-02
5.092708468437194824e-01,3.408473432064056396e-01,4.832390248775482178e-01,-7.168143242597579956e-02,-1.338777970522642136e-02,9.794452190399169922e-01,1.880682259798049927e-01,-1.131711825728416443e-01,1.306609511375427246e-01,3.244433999061584473e-01,-3.105424530804157257e-02,-1.320583820343017578e-01,-5.616109445691108704e-02,-2.201673761010169983e-02,-1.433095932006835938e-01,-3.434751033782958984e-01,1.346787437796592712e-02,-1.121605485677719116e-01,1.160982102155685425e-01,7.745192199945449829e-02,-1.227029860019683838e-01,3.140491247177124023e-01,-4.068334996700286865e-01,1.590709090232849121e-01,-5.990428328514099121e-01,1.366900920867919922e+00,-2.221681326627731323e-01,-1.283645480871200562e-01,-2.982370369136333466e-02,-4.118408560752868652e-01,-1.800615489482879639e-01,9.211990833282470703e-01,9.544993042945861816e-01,5.966553464531898499e-02,-8.053386956453323364e-02,4.774596542119979858e-02
5.111101269721984863e-01,3.440018892288208008e-01,4.830353558063507080e-01,-7.261942327022552490e-02,-1.162698492407798767e-02,9.779347777366638184e-01,1.955372691154479980e-01,-1.126082092523574829e-01,1.366257220506668091e-01,3.391380608081817627e-01,-3.102947399020195007e-02,-1.303532421588897705e-01,-6.237353011965751648e-02,-2.551814541220664978e-02,-1.386280208826065063e-01,-3.409861624240875244e-01,2.901264932006597519e-03,-1.119916588068008423e-01,1.231002509593963623e-01,6.725109368562698364e-02,-1.295889467000961304e-01,3.186063170433044434e-01,-4.058778584003448486e-01,1.570413410663604736e-01,-6.330158114433288574e-01,1.379909396171569824e+00,-1.695879101753234863e-01,-1.321410238742828369e-01,-5.055149272084236145e-02,-3.996864259243011475e-01,-1.993295997381210327e-01,9.194874167442321777e-01,9.856507778167724609e-01,4.956251382827758789e-02,-8.083023875951766968e-02,6.702253967523574829e-02
5.145668983459472656e-01,3.470518290996551514e-01,4.828911721706390381e-01,-7.060484588146209717e-02,-1.055502053350210190e-02,9.767567515373229980e-01,2.021133452653884888e-01,-1.083408668637275696e-01,1.435773074626922607e-01,3.531733155250549316e-01,-2.937788702547550201e-02,-1.288053542375564575e-01,-7.031969726085662842e-02,-2.547747455537319183e-02,-1.336443424224853516e-01,-3.369118571281433105e-01,-3.525266656652092934e-03,-1.144754365086555481e-01,1.270822286605834961e-01,5.579776316881179810e-02,-1.318993121385574341e-01,3.172295093536376953e-01,-4.134458303451538086e-01,1.723591983318328857e-01,-6.600422859191894531e-01,1.380239725112915039e+00,-1.194557845592498779e-01,-1.401592195034027100e-01,-6.716643273830413818e-02,-3.820295333862304688e-01,-2.301731854677200317e-01,9.127826094627380371e-01,1.004611730575561523e+00,3.256841003894805908e-02,-8.390984684228897095e-02,8.412799984216690063e-02
5.208855867385864258e-01,3.485011756420135498e-01,4.828318059444427490e-01,-6.539881229400634766e-02,-9.868216700851917267e-03,9.752274155616760254e-01,2.110854685306549072e-01,-1.022991761565208435e-01,1.512755751609802246e-01,3.699360489845275879e-01,-2.277046628296375275e-02,-1.270826756954193115e-01,-7.483959943056106567e-02,-2.494674362242221832e-02,-1.294131428003311157e-01,-3.316763043403625488e-01,-8.226841688156127930e-03,-1.152705252170562744e-01,1.299313455820083618e-01,3.686183318495750427e-02,-1.335331648588180542e-01,3.089780807495117188e-01,-4.309532940387725830e-01,2.049597948789596558e-01,-6.891134381294250488e-01,1.379007339477539062e+00,-6.411515921354293823e-02,-1.404775381088256836e-01,-9.515528380870819092e-02,-3.546888828277587891e-01,-2.756836414337158203e-01,8.971560001373291016e-01,1.036094188690185547e+00,6.983147468417882919e-03,-8.023533970117568970e-02,1.098313406109809875e-01
5.271339416503906250e-01,3.510311245918273926e-01,4.829008877277374268e-01,-5.798987299203872681e-02,-8.879511617124080658e-03,9.739218354225158691e-01,2.191679328680038452e-01,-8.921656012535095215e-02,1.577522158622741699e-01,3.887249231338500977e-01,-1.965583115816116333e-02,-1.218140572309494019e-01,-8.098876476287841797e-02,-1.871287822723388672e-02,-1.257848441600799561e-01,-3.255910873413085938e-01,-1.176370494067668915e-02,-1.186115443706512451e-01,1.346555650234222412e-01,2.043808996677398682e-02,-1.241139024496078491e-01,2.931933999061584473e-01,-4.737601578235626221e-01,2.624416351318359375e-01,-7.054057717323303223e-01,1.370828270912170410e+00,-2.622451167553663254e-03,-1.487345099449157715e-01,-1.074980571866035461e-01,-3.227614462375640869e-01,-3.447434008121490479e-01,8.771445751190185547e-01,1.056024670600891113e+00,-3.501292690634727478e-02,-8.301798999309539795e-02,1.380684226751327515e-01
5.349541902542114258e-01,3.500715494155883789e-01,4.832175672054290771e-01,-4.789204895496368408e-02,-8.761758916079998016e-03,9.717128872871398926e-01,2.310922890901565552e-01,-7.362551987171173096e-02,1.629597842693328857e-01,4.065967798233032227e-01,-1.267112325876951218e-02,-1.163860410451889038e-01,-8.114663511514663696e-02,-1.399739831686019897e-02,-1.240828558802604675e-01,-3.099725842475891113e-01,-1.277818996459245682e-02,-1.147675514221191406e-01,1.433823108673095703e-01,-4.893202800303697586e-03,-1.092481985688209534e-01,2.695787250995635986e-01,-5.404340028762817383e-01,3.551689088344573975e-01,-7.449026703834533691e-01,1.352536678314208984e+00,8.827503025531768799e-02,-1.589613556861877441e-01,-1.324865967035293579e-01,-2.858389019966125488e-01,-4.384093880653381348e-01,8.537663221359252930e-01,1.073540210723876953e+00,-9.952680766582489014e-02,-9.072142094373703003e-02,1.763544231653213501e-01
5.334463119506835938e-01,3.494605720043182373e-01,4.836533367633819580e-01,-4.159259051084518433e-02,-8.631056174635887146e-03,9.696536064147949219e-01,2.407642304897308350e-01,-5.826796591281890869e-02,1.645509749650955200e-01,4.206812679767608643e-01,1.574127469211816788e-03,-1.260550320148468018e-01,-7.843329757452011108e-02,-5.797721445560455322e-03,-1.269490122795104980e-01,-2.920032739639282227e-01,-9.604857303202152252e-03,-1.171785220503807068e-01,1.503802537918090820e-01,-3.177809342741966248e-02,-9.341023117303848267e-02,2.429993599653244019e-01,-6.451380252838134766e-01,4.813544154167175293e-01,-7.854149937629699707e-01,1.322512745857238770e+00,1.850151717662811279e-01,-1.746932417154312134e-01,-1.165188103914260864e-01,-2.454686462879180908e-01,-5.578327775001525879e-01,8.339172601699829102e-01,1.076525926589965820e+00,-1.561803966760635376e-01,-1.077801883220672607e-01,1.946731954813003540e-01
5.363681316375732422e-01,3.544729351997375488e-01,4.842420518398284912e-01,-3.796664252877235413e-02,-6.750717759132385254e-03,9.681362509727478027e-01,2.474371194839477539e-01,-5.229934304952621460e-02,1.725921779870986938e-01,4.323202371597290039e-01,1.399334333837032318e-02,-1.237336620688438416e-01,-8.535198122262954712e-02,-2.795747481286525726e-03,-1.226349920034408569e-01,-2.853853702545166016e-01,-9.855037555098533630e-03,-1.224149614572525024e-01,1.477956473827362061e-01,-4.368727281689643860e-02,-8.121025562286376953e-02,2.330772578716278076e-01,-7.224876880645751953e-01,5.620018243789672852e-01,-7.842349410057067871e-01,1.295068740844726562e+00,2.001545876264572144e-01,-1.836299747228622437e-01,-1.161492839455604553e-01,-2.238735258579254150e-01,-6.414813399314880371e-01,8.155941367149353027e-01,1.062067985534667969e+00,-1.840837299823760986e-01,-1.239363625645637512e-01,2.114141583442687988e-01
5.345916152000427246e-01,3.521701097488403320e-01,4.848668873310089111e-01,-3.495033457875251770e-02,-5.600169766694307327e-03,9.646695256233215332e-01,2.610743641853332520e-01,-4.807128757238388062e-02,1.758029609918594360e-01,4.536381959915161133e-01,4.136114194989204407e-02,-1.337161064147949219e-01,-7.813443988561630249e-02,-2.922926330938935280e-03,-1.264111697673797607e-01,-2.627181410789489746e-01,-1.257980708032846451e-02,-1.181468442082405090e-01,1.608257144689559937e-01,-7.247109711170196533e-02,-6.515219062566757202e-02,2.088101208209991455e-01,-8.842599987983703613e-01,7.114234566688537598e-01,-8.299790024757385254e-01,1.235620379447937012e+00,2.349792569875717163e-01,-1.948228478431701660e-01,-1.175423339009284973e-01,-2.040901482105255127e-01,-7.890874147415161133e-01,7.897108197212219238e-01,1.030382871627807617e+00,-2.126601487398147583e-01,-1.404322683811187744e-01,2.522393763065338135e-01
5.313765406608581543e-01,3.475233614444732666e-01,4.856065809726715088e-01,-3.124351985752582550e-02,-2.868550596758723259e-03,9.611029028892517090e-01,2.744027376174926758e-01,-4.850591346621513367e-02,1.774643212556838989e-01,4.904689192771911621e-01,8.574313670396804810e-02,-1.382832676172256470e-01,-6.697038561105728149e-02,-5.551005247980356216e-03,-1.399191319942474365e-01,-2.471315264701843262e-01,-8.460172452032566071e-03,-1.167461127042770386e-01,1.800332367420196533e-01,-1.060749366879463196e-01,-5.808914080262184143e-02,1.729015260934829712e-01,-1.073671221733093262e+00,8.798711895942687988e-01,-9.054288864135742188e-01,1.168061971664428711e+00,2.946712076663970947e-01,-1.956017911434173584e-01,-1.319675594568252563e-01,-1.979930698871612549e-01,-9.583219885826110840e-01,7.613341212272644043e-01,9.841431975364685059e-01,-2.430143505334854126e-01,-1.574594229459762573e-01,3.106486499309539795e-01
5.299881696701049805e-01,3.408837318420410156e-01,4.885862767696380615e-01,-3.414984419941902161e-02,-1.657234854064881802e-03,9.587031602859497070e-01,2.823459506034851074e-01,-9.523402154445648193e-02,2.128999978303909302e-01,5.276840329170227051e-01,1.800380349159240723e-01,-1.055474132299423218e-01,-4.448006302118301392e-02,-2.614495903253555298e-02,-1.522123515605926514e-01,-2.364873886108398438e-01,-7.657414767891168594e-03,-9.008509665727615356e-02,1.863017231225967407e-01,-1.397288441658020020e-01,-1.859900541603565216e-02,1.531776487827301025e-01,-1.288321733474731445e+00,1.027600765228271484e+00,-1.001662492752075195e+00,1.118279814720153809e+00,3.535045385360717773e-01,-1.964637786149978638e-01,-1.187448203563690186e-01,-2.349731773138046265e-01,-1.137910485267639160e+00,7.139526605606079102e-01,9.776295423507690430e-01,-2.578790187835693359e-01,-1.642564237117767334e-01,3.369856774806976318e-01
5.214297175407409668e-01,3.392179906368255615e-01,4.910201728343963623e-01,-3.110984340310096741e-02,2.273288322612643242e-03,9.555959105491638184e-01,2.930247485637664795e-01,-1.367399990558624268e-01,2.593206763267517090e-01,5.846599340438842773e-01,3.034989535808563232e-01,-9.581593424081802368e-02,-1.661350764334201813e-02,-3.362356871366500854e-02,-1.707985401153564453e-01,-2.077438831329345703e-01,1.479121483862400055e-02,-9.515623748302459717e-02,1.957304924726486206e-01,-1.685863286256790161e-01,1.070318510755896568e-03,1.361756473779678345e-01,-1.555964708328247070e+00,1.152293920516967773e+00,-1.134646296501159668e+00,1.090515851974487305e+00,3.733224272727966309e-01,-2.065855562686920166e-01,-8.136478066444396973e-02,-2.653423547744750977e-01,-1.314894676208496094e+00,6.507546901702880859e-01,9.707869291305541992e-01,-2.581120729446411133e-01,-1.851294934749603271e-01,3.542238771915435791e-01
5.154776573181152344e-01,3.370870947837829590e-01,4.921217858791351318e-01,-2.529902756214141846e-02,5.226494278758764267e-03,9.529038667678833008e-01,3.021702170372009277e-01,-1.488882899284362793e-01,2.593428790569305420e-01,5.711112618446350098e-01,3.468912541866302490e-01,-1.270552724599838257e-01,-3.363460302352905273e-03,-2.944485470652580261e-02,-1.857111304998397827e-01,-1.820931881666183472e-01,2.557815425097942352e-02,-9.714913368225097656e-02,2.063985615968704224e-01,-1.737921833992004395e-01,1.111216191202402115e-02,1.186787486076354980e-01,-1.685229301452636719e+00,1.204825758934020996e+00,-1.221125841140747070e+00,1.087799191474914551e+00,3.759525418281555176e-01,-2.137486487627029419e-01,-6.232869625091552734e-02,-2.748306095600128174e-01,-1.405373692512512207e+00,6.110541224479675293e-01,9.855583310127258301e-01,-2.386545240879058838e-01,-1.878522336483001709e-01,3.506140708923339844e-01
5.064425468444824219e-01,3.382720351219177246e-01,4.929688274860382080e-01,-2.192506939172744751e-02,7.251177448779344559e-03,9.480662345886230469e-01,3.172335326671600342e-01,-1.971614211797714233e-01,2.883492410182952881e-01,5.637352466583251953e-01,4.482643306255340576e-01,-1.403907686471939087e-01,-1.055297628045082092e-02,-2.840505726635456085e-02,-1.946576982736587524e-01,-1.550933271646499634e-01,3.596479818224906921e-02,-1.066056042909622192e-01,2.210163772106170654e-01,-1.743510663509368896e-01,3.094941936433315277e-02,9.921783208847045898e-02,-1.951763272285461426e+00,1.255032896995544434e+00,-1.399993777275085449e+00,1.112704157829284668e+00,3.722895681858062744e-01,-2.227473258972167969e-01,-1.444162800908088684e-02,-2.977744936943054199e-01,-1.536965489387512207e+00,5.340649485588073730e-01,9.920772314071655273e-01,-2.114931792020797729e-01,-1.992783546447753906e-01,3.453526496887207031e-01
4.905226528644561768e-01,3.388924896717071533e-01,4.929042756557464600e-01,-1.635620929300785065e-02,9.577577933669090271e-03,9.444008469581604004e-01,3.282496631145477295e-01,-2.211150079965591431e-01,2.914629280567169189e-01,5.543027520179748535e-01,4.873137474060058594e-01,-1.451238989830017090e-01,-2.020647749304771423e-02,-1.450361125171184540e-02,-2.149690240621566772e-01,-1.325144618749618530e-01,5.206140503287315369e-02,-1.229302585124969482e-01,2.339078634977340698e-01,-1.604944765567779541e-01,8.436086773872375488e-02,7.202684879302978516e-02,-2.018698215484619141e+00,1.267303824424743652e+00,-1.399999976158142090e+00,1.131680965423583984e+00,4.132772982120513916e-01,-2.156283408403396606e-01,3.475698828697204590e-02,-3.169394135475158691e-01,-1.675859451293945312e+00,4.978363513946533203e-01,1.013007044792175293e+00,-2.149079293012619019e-01,-1.905197501182556152e-01,2.971349954605102539e-01
4.750153720378875732e-01,3.432115316390991211e-01,4.910366833209991455e-01,-1.562717743217945099e-02,8.586402982473373413e-03,9.397423267364501953e-01,3.414182364940643311e-01,-2.395778298377990723e-01,3.037086725234985352e-01,5.335491895675659180e-01,4.965212941169738770e-01,-1.537705063819885254e-01,-3.131116554141044617e-02,-8.502233773469924927e-03,-2.208864092826843262e-01,-1.158058196306228638e-01,6.968715041875839233e-02,-1.452015191316604614e-01,2.428523898124694824e-01,-1.326230168342590332e-01,1.469408571720123291e-01,4.367935657501220703e-02,-2.072139739990234375e+00,1.281279444694519043e+00,-1.399999976158142090e+00,1.152635693550109863e+00,4.443806409835815430e-01,-2.103785127401351929e-01,7.940533757209777832e-02,-3.417414426803588867e-01,-1.801357150077819824e+00,4.702390134334564209e-01,9.944493770599365234e-01,-2.231017649173736572e-01,-1.954672932624816895e-01,2.546561658382415771e-01
4.509395956993103027e-01,3.449553251266479492e-01,4.877111613750457764e-01,-1.994948275387287140e-02,4.886733368039131165e-03,9.348711967468261719e-01,3.543924689292907715e-01,-2.485051602125167847e-01,3.107174336910247803e-01,5.244618058204650879e-01,4.860782623291015625e-01,-1.637464463710784912e-01,-3.954503312706947327e-02,-5.083551630377769470e-03,-2.275411039590835571e-01,-8.862040936946868896e-02,8.717571198940277100e-02,-1.603685468435287476e-01,2.437917739152908325e-01,-1.108495593070983887e-01,1.957484036684036255e-01,4.378336947411298752e-03,-2.145919561386108398e+00,1.283899068832397461e+00,-1.399999976158142090e+00,1.187671422958374023e+00,4.531656503677368164e-01,-2.016534954309463501e-01,1.051526814699172974e-01,-3.756470084190368652e-01,-1.911742568016052246e+00,4.380687773227691650e-01,9.554181098937988281e-01,-2.142272442579269409e-01,-1.956024765968322754e-01,2.298824042081832886e-01
4.356146156787872314e-01,3.449657261371612549e-01,4.820996224880218506e-01,-2.328156307339668274e-02,3.320088842883706093e-03,9.315174221992492676e-01,3.629355430603027344e-01,-2.479142099618911743e-01,3.243294358253479004e-01,5.149309635162353516e-01,4.802090525627136230e-01,-1.752424836158752441e-01,-4.338146746158599854e-02,-1.031750533729791641e-02,-2.367210388183593750e-01,-7.422070950269699097e-02,1.061008200049400330e-01,-1.938390880823135376e-01,2.488003969192504883e-01,-8.314690738916397095e-02,2.513357102870941162e-01,-1.844840496778488159e-02,-2.169281482696533203e+00,1.296183228492736816e+00,-1.399999976158142090e+00,1.200813293457031250e+00,4.780976474285125732e-01,-1.950115710496902466e-01,1.407968848943710327e-01,-4.073794186115264893e-01,-1.998665928840637207e+00,4.075491428375244141e-01,9.034997820854187012e-01,-1.998555660247802734e-01,-1.959538757801055908e-01,1.722677499055862427e-01
4.096731841564178467e-01,3.518451452255249023e-01,4.753365814685821533e-01,-2.975989319384098053e-02,1.783803687430918217e-03,9.292188286781311035e-01,3.683252930641174316e-01,-2.418942600488662720e-01,3.275339901447296143e-01,5.041828155517578125e-01,4.698789119720458984e-01,-1.961120963096618652e-01,-4.676769301295280457e-02,-3.737327177077531815e-03,-2.486111074686050415e-01,-6.627196073532104492e-02,1.315839290618896484e-01,-2.348258197307586670e-01,2.459571659564971924e-01,-6.788836419582366943e-02,3.147301375865936279e-01,-5.691843479871749878e-02,-2.190452814102172852e+00,1.319659829139709473e+00,-1.399999976158142090e+00,1.212592959403991699e+00,4.698567986488342285e-01,-1.721968501806259155e-01,1.717158257961273193e-01,-4.338677525520324707e-01,-2.079389572143554688e+00,3.790933191776275635e-01,8.270133733749389648e-01,-1.834918707609176636e-01,-1.914464533329010010e-01,1.062909215688705444e-01
3.830145597457885742e-01,3.547057509422302246e-01,4.675320684909820557e-01,-3.511507064104080200e-02,2.694146474823355675e-03,9.269947409629821777e-01,3.734172880649566650e-01,-2.434179186820983887e-01,3.164976239204406738e-01,4.805160164833068848e-01,4.939232766628265381e-01,-2.402139455080032349e-01,-5.043461173772811890e-02,-9.762996807694435120e-03,-2.737284004688262939e-01,-5.574859678745269775e-02,1.770537942647933960e-01,-2.748448848724365234e-01,2.420415580272674561e-01,-5.315101891756057739e-02,3.684711754322052002e-01,-1.030061990022659302e-01,-2.211164951324462891e+00,1.344093561172485352e+00,-1.399999976158142090e+00,1.227418899536132812e+00,4.700458347797393799e-01,-1.596703231334686279e-01,2.457582503557205200e-01,-4.610677063465118408e-01,-2.171837091445922852e+00,3.367910683155059814e-01,7.314745783805847168e-01,-1.837532222270965576e-01,-1.928727924823760986e-01,-1.823860034346580505e-02
3.632391989231109619e-01,3.515453040599822998e-01,4.590354263782501221e-01,-3.479315340518951416e-02,1.944699906744062901e-03,9.252616763114929199e-01,3.777254819869995117e-01,-2.463358044624328613e-01,3.056621849536895752e-01,4.680191576480865479e-01,5.426755547523498535e-01,-3.025362491607666016e-01,-4.023678973317146301e-02,-2.325157076120376587e-02,-3.022244274616241455e-01,-4.727304354310035706e-02,2.375606149435043335e-01,-3.074667155742645264e-01,2.430583089590072632e-01,-3.594798594713211060e-02,4.120063185691833496e-01,-1.426637917757034302e-01,-2.230365991592407227e+00,1.360908865928649902e+00,-1.399999976158142090e+00,1.223502039909362793e+00,4.556161165237426758e-01,-1.580729633569717407e-01,3.067202866077423096e-01,-4.801606237888336182e-01,-2.242523670196533203e+00,2.891807556152343750e-01,6.369646787643432617e-01,-1.665702760219573975e-01,-1.900447309017181396e-01,-1.201387271285057068e-01
3.443525731563568115e-01,3.511548042297363281e-01,4.501394331455230713e-01,-3.456981480121612549e-02,3.213984658941626549e-03,9.242050647735595703e-01,3.803150951862335205e-01,-2.523323297500610352e-01,2.954922914505004883e-01,4.627085328102111816e-01,6.042960286140441895e-01,-3.722774088382720947e-01,-2.812969684600830078e-02,-3.542000055313110352e-02,-3.364407122135162354e-01,-5.199994146823883057e-02,2.996774315834045410e-01,-3.382425606250762939e-01,2.411094903945922852e-01,-2.231549285352230072e-02,4.415894448757171631e-01,-1.899209618568420410e-01,-2.249758243560791016e+00,1.373361825942993164e+00,-1.399999976158142090e+00,1.203367114067077637e+00,4.388175308704376221e-01,-1.495386213064193726e-01,3.902747929096221924e-01,-5.040875673294067383e-01,-2.251499891281127930e+00,2.380126565694808960e-01,5.466951131820678711e-01,-1.534636616706848145e-01,-1.781163364648818970e-01,-2.523356974124908447e-01
3.252210915088653564e-01,3.543536067008972168e-01,4.419148862361907959e-01,-3.484231233596801758e-02,2.988061401993036270e-03,9.224449992179870605e-01,3.845416307449340820e-01,-2.562973797321319580e-01,2.984378933906555176e-01,4.690672457218170166e-01,6.721683144569396973e-01,-4.273345768451690674e-01,-6.883669644594192505e-03,-5.302312597632408142e-02,-3.698654174804687500e-01,-6.726437807083129883e-02,3.784392774105072021e-01,-3.463991582393646240e-01,2.321777045726776123e-01,-2.342530712485313416e-02,4.625043570995330811e-01,-2.243511676788330078e-01,-2.263582229614257812e+00,1.379499673843383789e+00,-1.399999976158142090e+00,1.195715546607971191e+00,4.021040499210357666e-01,-1.485790610313415527e-01,4.304913878440856934e-01,-5.205991864204406738e-01,-2.251499891281127930e+00,1.985877007246017456e-01,4.558996856212615967e-01,-1.538140624761581421e-01,-1.749645918607711792e-01,-3.542550504207611084e-01
3.092131614685058594e-01,3.535853326320648193e-01,4.337160289287567139e-01,-3.197602555155754089e-02,5.917179398238658905e-03,9.223400950431823730e-01,3.850081861019134521e-01,-2.655135393142700195e-01,2.779253721237182617e-01,4.557445049285888672e-01,7.355424165725708008e-01,-4.760369658470153809e-01,1.524403691291809082e-02,-8.337406814098358154e-02,-4.130808413028717041e-01,-6.320627033710479736e-02,4.814067184925079346e-01,-3.490072190761566162e-01,2.189526259899139404e-01,-2.215434052050113678e-02,4.817102551460266113e-01,-2.688593268394470215e-01,-2.287992238998413086e+00,1.373676896095275879e+00,-1.399999976158142090e+00,1.173684716224670410e+00,3.671386837959289551e-01,-1.543189883232116699e-01,5.027221441268920898e-01,-5.618907809257507324e-01,-2.251499891281127930e+00,1.523234397172927856e-01,3.401622772216796875e-01,-1.461202949285507202e-01,-1.731835901737213135e-01,-4.950393736362457275e-01
2.918439805507659912e-01,3.516534268856048584e-01,4.246908128261566162e-01,-2.792352810502052307e-02,6.955483462661504745e-03,9.227215051651000977e-01,3.843916058540344238e-01,-2.625211775302886963e-01,2.586047351360321045e-01,4.556986093521118164e-01,7.895087599754333496e-01,-5.297591090202331543e-01,3.445152938365936279e-02,-9.761708974838256836e-02,-4.546957314014434814e-01,-6.378488242626190186e-02,5.682693123817443848e-01,-3.555983901023864746e-01,2.080237269401550293e-01,-1.892228238284587860e-02,4.871762990951538086e-01,-3.072044551372528076e-01,-2.314117431640625000e+00,1.359949946403503418e+00,-1.399999976158142090e+00,1.154780983924865723e+00,3.182603120803833008e-01,-1.669128686189651489e-01,5.343777537345886230e-01,-6.060139536857604980e-01,-2.251499891281127930e+00,1.301702708005905151e-01,2.509880065917968750e-01,-1.340027600526809692e-01,-1.765245944261550903e-01,-5.786481499671936035e-01
2.808654904365539551e-01,3.447398245334625244e-01,4.156113564968109131e-01,-1.717186532914638519e-02,5.946326069533824921e-03,9.233141541481018066e-01,3.836154043674468994e-01,-2.544229328632354736e-01,2.358181327581405640e-01,4.513952732086181641e-01,8.385426998138427734e-01,-5.761141180992126465e-01,4.936949536204338074e-02,-1.082310602068901062e-01,-4.887239038944244385e-01,-4.258177429437637329e-02,6.534908413887023926e-01,-3.705413043498992920e-01,1.966992318630218506e-01,-1.629388518631458282e-02,4.923235476016998291e-01,-3.342162370681762695e-01,-2.357306241989135742e+00,1.340002298355102539e+00,-1.399999976158142090e+00,1.140936493873596191e+00,2.538232207298278809e-01,-1.733116656541824341e-01,5.631153583526611328e-01,-6.598220467567443848e-01,-2.251499891281127930e+00,1.050021201372146606e-01,1.614825129508972168e-01,-1.315608322620391846e-01,-1.617097854614257812e-01,-6.781082153320312500e-01
2.708707451820373535e-01,3.423710465431213379e-01,4.071780741214752197e-01,-8.380053564906120300e-03,7.217639591544866562e-03,9.247943758964538574e-01,3.803064823150634766e-01,-2.436897158622741699e-01,2.083309441804885864e-01,4.417776465415954590e-01,8.747299909591674805e-01,-6.219418644905090332e-01,6.729280203580856323e-02,-1.099975258111953735e-01,-5.110914111137390137e-01,-7.292062044143676758e-03,7.121817469596862793e-01,-3.789917826652526855e-01,1.958978027105331421e-01,-1.303277909755706787e-02,4.969684779644012451e-01,-3.646083772182464600e-01,-2.396678209304809570e+00,1.320672750473022461e+00,-1.399999976158142090e+00,1.132937908172607422e+00,2.023096382617950439e-01,-1.818714737892150879e-01,5.760974884033203125e-01,-7.162610888481140137e-01,-2.248945951461791992e+00,8.980225771665573120e-02,7.445678114891052246e-02,-1.398110687732696533e-01,-1.529136896133422852e-01,-7.550582885742187500e-01
2.682663798332214355e-01,3.372227847576141357e-01,3.996213972568511963e-01,-1.493937452323734760e-04,4.941490013152360916e-03,9.263794422149658203e-01,3.765590190887451172e-01,-2.420115023851394653e-01,1.914626210927963257e-01,4.260261654853820801e-01,9.053068161010742188e-01,-6.642725467681884766e-01,8.611925691366195679e-02,-1.050422713160514832e-01,-5.236942768096923828e-01,6.586930714547634125e-03,7.442423105239868164e-01,-4.007344841957092285e-01,1.807708442211151123e-01,-8.730582892894744873e-03,4.994188845157623291e-01,-3.884105980396270752e-01,-2.410434007644653320e+00,1.309362769126892090e+00,-1.399999976158142090e+00,1.120463013648986816e+00,1.834946274757385254e-01,-1.833471655845642090e-01,5.987190008163452148e-01,-7.641930580139160156e-01,-2.239112138748168945e+00,8.887772262096405029e-02,9.824179112911224365e-03,-1.536396741867065430e-01,-1.395803093910217285e-01,-8.244144320487976074e-01
2.578535079956054688e-01,3.349629938602447510e-01,3.939121663570404053e-01,6.608473602682352066e-03,3.583413781598210335e-03,9.268176555633544922e-01,3.754364848136901855e-01,-2.274370044469833374e-01,1.733959466218948364e-01,4.231863021850585938e-01,9.329725503921508789e-01,-6.921265125274658203e-01,9.956704825162887573e-02,-9.753213822841644287e-02,-5.381453037261962891e-01,2.653871849179267883e-02,7.737175226211547852e-01,-3.886372447013854980e-01,1.760513931512832642e-01,-2.230815216898918152e-02,5.039464235305786133e-01,-4.059205949306488037e-01,-2.419283390045166016e+00,1.307271599769592285e+00,-1.399999976158142090e+00,1.095691800117492676e+00,1.311821639537811279e-01,-1.926629692316055298e-01,6.182388067245483398e-01,-8.200199007987976074e-01,-2.193892717361450195e+00,7.602861523628234863e-02,-6.848368793725967407e-02,-1.691465973854064941e-01,-1.371815800666809082e-01,-8.800725340843200684e-01
2.494373768568038940e-01,3.350342810153961182e-01,3.911696970462799072e-01,1.154281571507453918e-02,2.283208305016160011e-03,9.274750351905822754e-01,3.736999332904815674e-01,-2.111635655164718628e-01,1.603981405496597290e-01,4.202116429805755615e-01,9.458457231521606445e-01,-7.044028639793395996e-01,1.083544716238975525e-01,-8.314006775617599487e-02,-5.458480715751647949e-01,3.707652539014816284e-02,7.854176163673400879e-01,-3.713876903057098389e-01,1.688003689050674438e-01,-3.524718061089515686e-02,5.066082477569580078e-01,-4.233388006687164307e-01,-2.404028654098510742e+00,1.327039480209350586e+00,-1.399999976158142090e+00,1.079117774963378906e+00,9.219168126583099365e-02,-1.941697597503662109e-01,6.363531947135925293e-01,-8.719176650047302246e-01,-2.144897699356079102e+00,7.145668566226959229e-02,-1.395855098962783813e-01,-1.866554766893386841e-01,-1.336376070976257324e-01,-9.405356645584106445e-01
2.398966997861862183e-01,3.384282886981964111e-01,3.922769725322723389e-01,1.209101919084787369e-02,-1.839762990130111575e-04,9.278976321220397949e-01,3.726388514041900635e-01,-1.896552294492721558e-01,1.503145545721054077e-01,4.114324450492858887e-01,9.344942569732666016e-01,-7.066217660903930664e-01,1.139897853136062622e-01,-6.204279512166976929e-02,-5.406064391136169434e-01,4.248104616999626160e-02,7.737652659416198730e-01,-3.352546989917755127e-01,1.649011075496673584e-01,-5.374952778220176697e-02,5.079337954521179199e-01,-4.371965527534484863e-01,-2.362601280212402344e+00,1.368758678436279297e+00,-1.399999976158142090e+00,1.052316188812255859e+00,3.465550392866134644e-02,-2.043482214212417603e-01,6.396421194076538086e-01,-9.336357712745666504e-01,-2.078849077224731445e+00,5.205850675702095032e-02,-2.035190463066101074e-01,-2.109203040599822998e-01,-1.346855759620666504e-01,-9.957701563835144043e-01
2.316959798336029053e-01,3.446351587772369385e-01,3.984359800815582275e-01,9.569627232849597931e-03,-5.730641074478626251e-03,9.283284544944763184e-01,3.715936243534088135e-01,-1.594755202531814575e-01,1.500490158796310425e-01,3.993263542652130127e-01,8.938288092613220215e-01,-6.937898397445678711e-01,1.144548654556274414e-01,-3.449115157127380371e-02,-5.173482894897460938e-01,4.283121973276138306e-02,7.380459308624267578e-01,-2.774197757244110107e-01,1.600794345140457153e-01,-8.588729053735733032e-02,5.074827075004577637e-01,-4.501170814037322998e-01,-2.285205841064453125e+00,1.441066145896911621e+00,-1.399999976158142090e+00,1.018464446067810059e+00,-2.880207262933254242e-02,-2.203337401151657104e-01,6.317365169525146484e-01,-1.002776741981506348e+00,-1.990202665328979492e+00,1.464498694986104965e-02,-2.591618895530700684e-01,-2.438707500696182251e-01,-1.374146491289138794e-01,-1.060749411582946777e+00
2.303997576236724854e-01,3.498263657093048096e-01,4.099752008914947510e-01,9.419091045856475830e-03,-1.611543819308280945e-02,9.301062226295471191e-01,3.668160736560821533e-01,-1.229860186576843262e-01,1.642881482839584351e-01,3.866902589797973633e-01,8.320388197898864746e-01,-6.514759659767150879e-01,1.056848540902137756e-01,-5.881389137357473373e-03,-4.863558709621429443e-01,2.728836424648761749e-02,6.900022029876708984e-01,-2.182747721672058105e-01,1.572752743959426880e-01,-1.129026934504508972e-01,5.051125884056091309e-01,-4.605640470981597900e-01,-2.196537733078002930e+00,1.503381490707397461e+00,-1.399999976158142090e+00,9.665797948837280273e-01,-7.521262019872665405e-02,-2.371968179941177368e-01,6.089548468589782715e-01,-1.069739341735839844e+00,-1.902473092079162598e+00,-3.689767792820930481e-02,-2.956402003765106201e-01,-2.983399331569671631e-01,-1.144564971327781677e-01,-1.127782702445983887e+00
2.153095752000808716e-01,3.658651411533355713e-01,4.275781810283660889e-01,-2.444564830511808395e-03,-2.519432827830314636e-02,9.311496615409851074e-01,3.637576401233673096e-01,-6.868415325880050659e-02,1.786396354436874390e-01,3.793771862983703613e-01,7.289517521858215332e-01,-5.684087276458740234e-01,1.068284064531326294e-01,2.559452690184116364e-02,-4.432860910892486572e-01,1.255936454981565475e-03,6.026617884635925293e-01,-1.024716496467590332e-01,1.588833332061767578e-01,-1.461200863122940063e-01,4.751362800598144531e-01,-4.735013544559478760e-01,-2.046487569808959961e+00,1.587624788284301758e+00,-1.399999976158142090e+00,8.731431365013122559e-01,-1.000464633107185364e-01,-2.599597871303558350e-01,5.359560251235961914e-01,-1.146293520927429199e+00,-1.803279638290405273e+00,-1.139196529984474182e-01,-3.278585076332092285e-01,-3.463352322578430176e-01,-1.031222939491271973e-01,-1.172596693038940430e+00
2.165305614471435547e-01,3.660699427127838135e-01,4.464744627475738525e-01,-1.552378945052623749e-02,-3.005385957658290863e-02,9.348453283309936523e-01,3.534401953220367432e-01,-2.686932310461997986e-02,1.665116846561431885e-01,3.237402141094207764e-01,5.478224158287048340e-01,-4.259653985500335693e-01,7.459820061922073364e-02,6.590465456247329712e-02,-3.805094361305236816e-01,-5.915184319019317627e-02,4.215696752071380615e-01,8.390118181705474854e-02,2.074730396270751953e-01,-1.620844900608062744e-01,3.685685098171234131e-01,-5.181794762611389160e-01,-1.844871878623962402e+00,1.668292999267578125e+00,-1.387468576431274414e+00,7.542920708656311035e-01,-1.168391555547714233e-01,-2.930274307727813721e-01,4.374939799308776855e-01,-1.223582625389099121e+00,-1.656965970993041992e+00,-2.427140325307846069e-01,-2.869838178157806396e-01,-4.053613841533660889e-01,-5.133311450481414795e-02,-1.307249546051025391e+00
2.211225777864456177e-01,3.687390685081481934e-01,4.693445265293121338e-01,-3.494122251868247986e-02,-3.761328384280204773e-02,9.448540210723876953e-01,3.234428465366363525e-01,7.796019781380891800e-03,1.864674836397171021e-01,2.396091371774673462e-01,3.397254347801208496e-01,-1.551289558410644531e-01,-5.860041361302137375e-03,1.086015552282333374e-01,-2.710730731487274170e-01,-1.377792060375213623e-01,2.498360723257064819e-01,3.270524442195892334e-01,2.617999017238616943e-01,-1.872788965702056885e-01,1.853694915771484375e-01,-5.199885368347167969e-01,-1.647257685661315918e+00,1.670886039733886719e+00,-1.319231629371643066e+00,6.357016563415527344e-01,-1.725949943065643311e-01,-3.368848264217376709e-01,3.307852447032928467e-01,-1.240671515464782715e+00,-1.527116537094116211e+00,-4.374066591262817383e-01,-2.172908931970596313e-01,-5.272729992866516113e-01,4.631772264838218689e-02,-1.470723152160644531e+00
2.276590466499328613e-01,3.779129385948181152e-01,4.982379972934722900e-01,-4.032427072525024414e-02,-4.983633756637573242e-02,9.596117734909057617e-01,2.739261090755462646e-01,3.733937069773674011e-02,2.120500653982162476e-01,1.166408807039260864e-01,1.568854004144668579e-01,1.444524973630905151e-01,-9.659215062856674194e-02,9.944563359022140503e-02,-1.647014170885086060e-01,-2.414764612913131714e-01,1.641592681407928467e-01,4.691453278064727783e-01,2.617999911308288574e-01,-1.006634682416915894e-01,-7.780471444129943848e-02,-5.199999809265136719e-01,-1.102486610412597656e+00,1.360857367515563965e+00,-9.043485522270202637e-01,5.394995212554931641e-01,-1.663747429847717285e-01,-3.693265020847320557e-01,2.792679369449615479e-01,-1.080268383026123047e+00,-1.513408184051513672e+00,-7.200725674629211426e-01,-2.740305662155151367e-01,-6.709122657775878906e-01,1.486263126134872437e-01,-1.549803853034973145e+00
2.281837165355682373e-01,3.763553798198699951e-01,5.279283523559570312e-01,-5.182467028498649597e-02,-4.372926428914070129e-02,9.665828943252563477e-01,2.472235858440399170e-01,1.353611424565315247e-02,2.202587574720382690e-01,1.102248877286911011e-01,1.203240156173706055e-01,2.426559478044509888e-01,-1.421482264995574951e-01,6.387953460216522217e-02,-1.244252547621726990e-01,-2.891987860202789307e-01,1.228352263569831848e-01,4.682928621768951416e-01,2.617999911308288574e-01,-1.390928216278553009e-02,-1.736853867769241333e-01,-5.199999809265136719e-01,-8.009179830551147461e-01,1.129817485809326172e+00,-6.855440139770507812e-01,4.307182729244232178e-01,-2.030463889241218567e-03,-3.868765830993652344e-01,3.074605762958526611e-01,-1.093516469001770020e+00,-1.505961656570434570e+00,-6.835895180702209473e-01,-2.924367189407348633e-01,-5.799551606178283691e-01,1.777365058660507202e-01,-1.593976259231567383e+00
2.252734899520874023e-01,3.747619092464447021e-01,5.523885488510131836e-01,-6.958959251642227173e-02,-4.239018633961677551e-02,9.747958183288574219e-01,2.076859474182128906e-01,-4.488158971071243286e-02,2.657821774482727051e-01,9.264054894447326660e-02,1.124476790428161621e-01,3.422230184078216553e-01,-2.074362039566040039e-01,-1.045040972530841827e-02,-6.403920054435729980e-02,-3.360294401645660400e-01,1.029844433069229126e-01,5.001224875450134277e-01,2.617999911308288574e-01,3.331104293465614319e-02,-3.721116483211517334e-01,-4.331836700439453125e-01,-7.648540735244750977e-01,1.003274917602539062e+00,-7.286490797996520996e-01,3.400177061557769775e-01,8.747361600399017334e-02,-4.170487225055694580e-01,2.808662950992584229e-01,-1.164454340934753418e+00,-1.440700173377990723e+00,-6.029039025306701660e-01,-1.569411456584930420e-01,-4.847497642040252686e-01,2.015497386455535889e-01,-1.562322258949279785e+00
2.266137450933456421e-01,3.734623789787292480e-01,5.688203573226928711e-01,-5.972946062684059143e-02,-3.987198695540428162e-02,9.887539744377136230e-01,1.311798691749572754e-01,-1.549897938966751099e-01,3.089029788970947266e-01,1.299468427896499634e-01,1.866294890642166138e-01,2.606752216815948486e-01,-1.854945421218872070e-01,-6.670803576707839966e-02,-6.820052117109298706e-02,-3.420703113079071045e-01,8.292153477668762207e-02,4.258421957492828369e-01,2.617999911308288574e-01,7.456179708242416382e-02,-5.109751224517822266e-01,-2.275316417217254639e-01,-8.591595292091369629e-01,8.650438189506530762e-01,-8.364883661270141602e-01,2.028890997171401978e-01,1.247011944651603699e-01,-3.995140194892883301e-01,2.358019053936004639e-01,-1.341450452804565430e+00,-1.525371313095092773e+00,-2.343863993883132935e-01,4.063242375850677490e-01,-1.542010605335235596e-01,5.443406105041503906e-02,-1.231379389762878418e+00
2.297404110431671143e-01,3.736848533153533936e-01,5.745238065719604492e-01,-3.512492775917053223e-02,-5.726330727338790894e-02,9.958658218383789062e-01,6.114232912659645081e-02,-2.314929515123367310e-01,3.591012656688690186e-01,1.650581359863281250e-01,3.103811442852020264e-01,1.838150471448898315e-01,-1.671049296855926514e-01,-8.301281183958053589e-02,-7.161269336938858032e-02,-3.243183195590972900e-01,1.087964698672294617e-01,3.998679518699645996e-01,2.617999911308288574e-01,1.482839584350585938e-01,-5.199999809265136719e-01,-5.925649777054786682e-03,-8.778498768806457520e-01,7.427538633346557617e-01,-8.853909969329833984e-01,9.113056212663650513e-02,3.536617010831832886e-02,-4.018267393112182617e-01,1.523609310388565063e-01,-1.610906124114990234e+00,-1.513219714164733887e+00,3.537840843200683594e-01,8.040109276771545410e-01,-7.002381980419158936e-02,-2.195161767303943634e-02,-7.877528667449951172e-01
2.317401170730590820e-01,3.711925745010375977e-01,5.730241537094116211e-01,-3.632242977619171143e-02,-6.156392768025398254e-02,9.974216222763061523e-01,6.375736556947231293e-03,-2.956463992595672607e-01,3.648902475833892822e-01,1.846559047698974609e-01,3.251988291740417480e-01,1.578783988952636719e-01,-1.714461296796798706e-01,-1.179352328181266785e-01,-1.500981599092483521e-01,-2.984696626663208008e-01,1.432358473539352417e-01,4.013888239860534668e-01,2.617999911308288574e-01,1.438684463500976562e-01,-5.160121321678161621e-01,9.685174375772476196e-02,-8.725414276123046875e-01,7.080265879631042480e-01,-8.780187964439392090e-01,1.066695805639028549e-02,-4.937069863080978394e-02,-4.078822731971740723e-01,8.383212983608245850e-02,-2.001805543899536133e+00,-1.276715278625488281e+00,9.939211606979370117e-01,1.138989210128784180e+00,-1.558495461940765381e-01,-3.275440633296966553e-02,-3.687204420566558838e-01
2.305107265710830688e-01,3.604171276092529297e-01,5.674580335617065430e-01,-3.991841897368431091e-02,-7.942666113376617432e-02,9.948639273643493652e-01,-4.841226339340209961e-02,-3.655772507190704346e-01,3.919275999069213867e-01,1.909667998552322388e-01,3.276980519294738770e-01,1.294773668050765991e-01,-1.661132127046585083e-01,-1.182292625308036804e-01,-2.317824214696884155e-01,-3.042873442173004150e-01,1.645586043596267700e-01,3.881033360958099365e-01,2.617999911308288574e-01,1.683932542800903320e-01,-5.087435841560363770e-01,1.548911184072494507e-01,-8.566384315490722656e-01,6.885881423950195312e-01,-8.773690462112426758e-01,-3.705190122127532959e-02,-7.708968222141265869e-02,-4.115219414234161377e-01,5.046888813376426697e-02,-1.985025405883789062e+00,-1.116869568824768066e+00,1.170479893684387207e+00,1.177403688430786133e+00,-2.608774602413177490e-01,-6.635921448469161987e-02,-1.070619001984596252e-01
2.272534668445587158e-01,3.454759120941162109e-01,5.583169460296630859e-01,-4.592563584446907043e-02,-1.146688386797904968e-01,9.860798716545104980e-01,-1.113028451800346375e-01,-4.244895577430725098e-01,4.207159578800201416e-01,1.546932905912399292e-01,2.709557116031646729e-01,1.344686895608901978e-01,-1.747492998838424683e-01,-7.758559286594390869e-02,-3.075423538684844971e-01,-3.086143732070922852e-01,1.825356781482696533e-01,4.077079892158508301e-01,2.617999911308288574e-01,2.401766180992126465e-01,-4.332428574562072754e-01,2.217952162027359009e-01,-7.888687252998352051e-01,6.647126078605651855e-01,-8.315180540084838867e-01,-5.465856567025184631e-02,-9.721115231513977051e-02,-4.304504692554473877e-01,6.285268813371658325e-02,-1.811659932136535645e+00,-9.046455025672912598e-01,1.226731061935424805e+00,1.067918062210083008e+00,-3.250589668750762939e-01,-1.081702113151550293e-01,-2.154147252440452576e-02
2.235440462827682495e-01,3.286016583442687988e-01,5.463819503784179688e-01,-6.486862897872924805e-02,-1.523622423410415649e-01,9.715468287467956543e-01,-1.693356782197952271e-01,-4.839608371257781982e-01,4.475910365581512451e-01,1.217498779296875000e-01,2.402827441692352295e-01,6.673573702573776245e-02,-1.665090918540954590e-01,-1.465705130249261856e-02,-3.700459599494934082e-01,-2.976916730403900146e-01,2.066714614629745483e-01,3.899213075637817383e-01,2.617999911308288574e-01,3.133799731731414795e-01,-3.810621201992034912e-01,2.526753842830657959e-01,-6.596463918685913086e-01,6.982808709144592285e-01,-7.489873766899108887e-01,-4.986093193292617798e-02,-3.216554969549179077e-02,-4.485692679882049561e-01,1.347403377294540405e-01,-1.566556215286254883e+00,-7.120880484580993652e-01,1.162723541259765625e+00,9.619681835174560547e-01,-3.351475596427917480e-01,-1.271169632673263550e-01,2.521378546953201294e-02
2.200269252061843872e-01,3.126781582832336426e-01,5.323969125747680664e-01,-8.747708052396774292e-02,-1.866071522235870361e-01,9.552081227302551270e-01,-2.123746573925018311e-01,-5.552635788917541504e-01,4.748736321926116943e-01,1.109859570860862732e-01,2.141891866922378540e-01,-2.209073118865489960e-02,-1.366779804229736328e-01,4.013746231794357300e-02,-4.171001613140106201e-01,-2.365060299634933472e-01,2.401203811168670654e-01,3.178876936435699463e-01,2.617999911308288574e-01,3.971518278121948242e-01,-3.295478820800781250e-01,3.057868480682373047e-01,-5.069983005523681641e-01,7.090433835983276367e-01,-6.146220564842224121e-01,-1.459698099642992020e-02,2.972435019910335541e-02,-4.433442950248718262e-01,2.391224801540374756e-01,-1.242746472358703613e+00,-4.995434880256652832e-01,1.054695487022399902e+00,8.767715692520141602e-01,-3.319970071315765381e-01,-1.119006648659706116e-01,4.967326298356056213e-02
2.156446278095245361e-01,2.962199449539184570e-01,5.189408063888549805e-01,-1.099080741405487061e-01,-2.091911137104034424e-01,9.417654275894165039e-01,-2.392429560422897339e-01,-6.161640882492065430e-01,4.727847874164581299e-01,5.990457534790039062e-02,2.248234599828720093e-01,-1.298155933618545532e-01,-9.291484206914901733e-02,7.324065268039703369e-02,-4.689862728118896484e-01,-1.770655959844589233e-01,3.128252327442169189e-01,2.484995871782302856e-01,2.323928624391555786e-01,4.672660529613494873e-01,-2.781841754913330078e-01,3.243911564350128174e-01,-3.573606014251708984e-01,7.570770382881164551e-01,-4.964807331562042236e-01,1.553040929138660431e-02,6.679362803697586060e-02,-4.257908165454864502e-01,3.331201970577239990e-01,-1.050353884696960449e+00,-3.541976809501647949e-01,9.829557538032531738e-01,8.418450951576232910e-01,-3.300033211708068848e-01,-9.604926407337188721e-02,2.248171344399452209e-02
2.108194530010223389e-01,2.826833426952362061e-01,5.075830221176147461e-01,-1.267186552286148071e-01,-2.258408814668655396e-01,9.315826296806335449e-01,-2.551314830780029297e-01,-6.604371070861816406e-01,4.689708352088928223e-01,5.344885215163230896e-02,2.507387101650238037e-01,-2.038540840148925781e-01,-3.926007077097892761e-02,9.511418640613555908e-02,-4.890719354152679443e-01,-1.513497382402420044e-01,3.674731552600860596e-01,2.123744040727615356e-01,1.994962394237518311e-01,4.837456345558166504e-01,-2.560992538928985596e-01,3.512040674686431885e-01,-2.710234522819519043e-01,7.711785435676574707e-01,-4.307178556919097900e-01,1.229105815291404724e-01,1.172285601496696472e-01,-4.040213227272033691e-01,3.733560442924499512e-01,-9.901034235954284668e-01,-2.964668869972229004e-01,9.471883177757263184e-01,7.866997122764587402e-01,-3.107293248176574707e-01,-1.029396578669548035e-01,-4.545015748590230942e-03
2.070523649454116821e-01,2.491612136363983154e-01,4.979089796543121338e-01,-1.390201300382614136e-01,-2.411032319068908691e-01,9.204370975494384766e-01,-2.744779884815216064e-01,-7.013301849365234375e-01,4.309914112091064453e-01,2.066642232239246368e-02,3.056888878345489502e-01,-3.070416450500488281e-01,3.053046762943267822e-02,8.721690624952316284e-02,-5.065459609031677246e-01,-1.068330779671669006e-01,5.397335290908813477e-01,1.202522069215774536e-01,1.190662682056427002e-01,4.799729287624359131e-01,-2.302434593439102173e-01,3.734375536441802979e-01,-1.568744033575057983e-01,7.840837836265563965e-01,-3.721838891506195068e-01,3.506084084510803223e-01,1.063935980200767517e-01,-3.325655460357666016e-01,3.892011940479278564e-01,-9.051804542541503906e-01,-1.841409504413604736e-01,8.915432691574096680e-01,6.404897570610046387e-01,-2.458643913269042969e-01,-8.278236538171768188e-02,-8.713439106941223145e-02
2.044904977083206177e-01,2.234464734792709351e-01,4.904660880565643311e-01,-1.445069909095764160e-01,-2.325015515089035034e-01,9.147700667381286621e-01,-2.970799803733825684e-01,-7.182392477989196777e-01,3.478462696075439453e-01,-3.022293746471405029e-02,3.876568973064422607e-01,-3.716420531272888184e-01,9.022248536348342896e-02,2.119723893702030182e-02,-5.312519669532775879e-01,-6.239560246467590332e-02,8.236960172653198242e-01,3.483696375042200089e-03,1.509354263544082642e-02,4.518555104732513428e-01,-2.073351144790649414e-01,4.233533143997192383e-01,-1.222361698746681213e-01,7.352515459060668945e-01,-3.201220333576202393e-01,7.063178420066833496e-01,3.576484322547912598e-02,-2.353229820728302002e-01,3.339883983135223389e-01,-8.853957056999206543e-01,-1.052040159702301025e-01,8.846507072448730469e-01,4.780084490776062012e-01,-1.759163588285446167e-01,-5.795508623123168945e-02,-9.961807727813720703e-02
1.961634904146194458e-01,2.137448042631149292e-01,4.878957569599151611e-01,-1.566469371318817139e-01,-2.137447297573089600e-01,9.085803627967834473e-01,-3.228879272937774658e-01,-7.382774353027343750e-01,2.613662779331207275e-01,-6.684916466474533081e-02,4.505613744258880615e-01,-3.565223813056945801e-01,1.225851327180862427e-01,-8.474060893058776855e-02,-4.671437442302703857e-01,3.051455877721309662e-02,1.116597652435302734e+00,-1.011531427502632141e-01,-2.325969375669956207e-02,4.003048539161682129e-01,-2.044676542282104492e-01,4.590112864971160889e-01,-7.595840841531753540e-02,6.875630021095275879e-01,-2.953732013702392578e-01,9.341667890548706055e-01,-3.535598516464233398e-02,-2.030669897794723511e-01,2.498877197504043579e-01,-9.126474857330322266e-01,-5.777695775032043457e-02,8.978445529937744141e-01,3.830514252185821533e-01,-1.468282341957092285e-01,-6.341386586427688599e-02,-1.034441888332366943e-01
1.843065917491912842e-01,1.972305774688720703e-01,4.909699261188507080e-01,-1.687196642160415649e-01,-2.064834237098693848e-01,9.023868441581726074e-01,-3.385206460952758789e-01,-7.334316372871398926e-01,2.067713588476181030e-01,-1.006441786885261536e-01,4.646431207656860352e-01,-3.247102499008178711e-01,1.271975785493850708e-01,-1.894613057374954224e-01,-3.505443930625915527e-01,8.017688244581222534e-02,1.317918300628662109e+00,-1.588757038116455078e-01,-3.246956318616867065e-02,3.656648695468902588e-01,-1.947318464517593384e-01,4.625359773635864258e-01,-6.752132903784513474e-04,6.615470647811889648e-01,-2.957970798015594482e-01,1.023169040679931641e+00,-4.756149649620056152e-02,-1.929430961608886719e-01,1.798901408910751343e-01,-9.310264587402343750e-01,-5.552638322114944458e-02,8.918315768241882324e-01,2.808548510074615479e-01,-1.204983666539192200e-01,-7.460719347000122070e-02,-9.044867753982543945e-02
1.786374002695083618e-01,1.844094395637512207e-01,4.977491199970245361e-01,-1.680064946413040161e-01,-1.996142119169235229e-01,9.004876017570495605e-01,-3.479225635528564453e-01,-7.036538720130920410e-01,1.748083084821701050e-01,-1.200329735875129700e-01,4.574545919895172119e-01,-2.756587862968444824e-01,1.166066527366638184e-01,-2.775477766990661621e-01,-2.283099591732025146e-01,5.944655090570449829e-02,1.431638240814208984e+00,-1.843639612197875977e-01,-3.996021673083305359e-02,3.508442044258117676e-01,-1.811175048351287842e-01,4.590412378311157227e-01,6.471058726310729980e-02,6.342460513114929199e-01,-2.996298968791961670e-01,1.071846485137939453e+00,-4.837533086538314819e-02,-1.831758320331573486e-01,1.169875264167785645e-01,-9.306918382644653320e-01,-5.771112814545631409e-02,8.806798458099365234e-01,2.183713167905807495e-01,-7.775398343801498413e-02,-7.979418337345123291e-02,-6.292860209941864014e-02
1.708558499813079834e-01,1.701077967882156372e-01,5.070221424102783203e-01,-1.626880019903182983e-01,-1.945158541202545166e-01,8.999626636505126953e-01,-3.546313941478729248e-01,-6.572159528732299805e-01,1.550472080707550049e-01,-1.524993777275085449e-01,4.244058132171630859e-01,-2.065590769052505493e-01,8.543479442596435547e-02,-3.624706864356994629e-01,-1.229535415768623352e-01,2.218181034550070763e-03,1.438385128974914551e+00,-2.186401933431625366e-01,-5.538145452737808228e-02,3.398777544498443604e-01,-1.634626686573028564e-01,4.439561069011688232e-01,1.442360877990722656e-01,6.066976785659790039e-01,-3.159911334514617920e-01,1.080979585647583008e+00,-8.078142069280147552e-03,-1.760310530662536621e-01,5.142994225025177002e-02,-9.323036670684814453e-01,-7.473986595869064331e-02,8.674753904342651367e-01,1.557842046022415161e-01,-7.184958457946777344e-02,-7.619293779134750366e-02,-2.685792371630668640e-02
1.608929932117462158e-01,1.543365865945816040e-01,5.174294710159301758e-01,-1.533231884241104126e-01,-1.861196309328079224e-01,9.007725119590759277e-01,-3.611930310726165771e-01,-5.821356773376464844e-01,1.409914791584014893e-01,-1.663109958171844482e-01,3.629902303218841553e-01,-1.334396451711654663e-01,5.965518578886985779e-02,-4.199701249599456787e-01,-3.640882670879364014e-02,-7.628475874662399292e-02,1.307304501533508301e+00,-2.210271656513214111e-01,-6.108759343624114990e-02,3.260596692562103271e-01,-1.408839225769042969e-01,4.389486908912658691e-01,2.183351069688796997e-01,5.652278065681457520e-01,-3.398053944110870361e-01,1.075566649436950684e+00,3.749573230743408203e-02,-1.821014881134033203e-01,2.060130238533020020e-02,-9.171860814094543457e-01,-1.084596738219261169e-01,8.533460497856140137e-01,1.104920580983161926e-01,-7.617565244436264038e-02,-8.775213360786437988e-02,-2.737481705844402313e-02
1.511847525835037231e-01,1.370073556900024414e-01,5.290000438690185547e-01,-1.431138664484024048e-01,-1.767288297414779663e-01,8.999319672584533691e-01,-3.720319271087646484e-01,-4.931684136390686035e-01,1.207477375864982605e-01,-2.035838216543197632e-01,2.791738212108612061e-01,-5.902707204222679138e-02,8.087850175797939301e-03,-4.416895210742950439e-01,3.074680268764495850e-02,-1.223407536745071411e-01,1.086953520774841309e+00,-2.121841758489608765e-01,-4.324850440025329590e-02,2.987812757492065430e-01,-1.204025372862815857e-01,4.315767586231231689e-01,2.768369317054748535e-01,5.141956210136413574e-01,-3.648669421672821045e-01,1.060236573219299316e+00,7.188461720943450928e-02,-1.892994642257690430e-01,-7.232319097965955734e-03,-8.962061405181884766e-01,-1.585652828216552734e-01,8.359314799308776855e-01,6.728953123092651367e-02,-9.698538482189178467e-02,-9.726031869649887085e-02,-3.096863254904747009e-02
1.418934017419815063e-01,1.187534928321838379e-01,5.398640632629394531e-01,-1.357577294111251831e-01,-1.597890704870223999e-01,8.972139954566955566e-01,-3.886441886425018311e-01,-4.062238335609436035e-01,8.758442103862762451e-02,-2.301482707262039185e-01,2.043461203575134277e-01,8.113438962027430534e-04,-3.505592420697212219e-02,-4.532438218593597412e-01,6.156768649816513062e-02,-1.534771323204040527e-01,8.395732045173645020e-01,-1.799452900886535645e-01,-1.079024747014045715e-02,2.637932300567626953e-01,-1.061079800128936768e-01,4.258459806442260742e-01,3.084903061389923096e-01,4.582102000713348389e-01,-4.021235406398773193e-01,1.040782570838928223e+00,8.570801466703414917e-02,-2.086478024721145630e-01,-2.768801711499691010e-02,-8.706826567649841309e-01,-2.149726003408432007e-01,8.219707608222961426e-01,4.358237981796264648e-02,-1.194932237267494202e-01,-1.091371476650238037e-01,-4.637485370039939880e-02
1.321425437927246094e-01,1.002712473273277283e-01,5.487666130065917969e-01,-1.282839924097061157e-01,-1.363386958837509155e-01,8.940603733062744141e-01,-4.069533944129943848e-01,-3.464964926242828369e-01,5.208498239517211914e-02,-2.220466434955596924e-01,1.770080626010894775e-01,2.692623063921928406e-02,-5.312687158584594727e-02,-4.624326825141906738e-01,7.016544789075851440e-02,-1.637636870145797729e-01,6.375606060028076172e-01,-1.380489915609359741e-01,2.644005604088306427e-02,2.289848774671554565e-01,-9.977575391530990601e-02,4.300333261489868164e-01,3.342798352241516113e-01,4.101612865924835205e-01,-4.171724021434783936e-01,1.023837089538574219e+00,8.310249447822570801e-02,-2.230753153562545776e-01,-4.140907153487205505e-02,-8.493987917900085449e-01,-2.590930759906768799e-01,7.966827750205993652e-01,3.533118218183517456e-02,-1.279043406248092651e-01,-1.105488762259483337e-01,-6.116212159395217896e-02
1.244101151823997498e-01,8.358717709779739380e-02,5.525140762329101562e-01,-1.309075057506561279e-01,-9.843032062053680420e-02,8.854895234107971191e-01,-4.348367154598236084e-01,-2.873407006263732910e-01,-2.525338530540466309e-02,-2.220626920461654663e-01,1.675628125667572021e-01,3.888908401131629944e-02,-6.615007668733596802e-02,-4.562267959117889404e-01,2.371759153902530670e-02,-1.407269686460494995e-01,3.695557415485382080e-01,-3.353138267993927002e-02,1.047635972499847412e-01,1.669734418392181396e-01,-1.040684431791305542e-01,4.486091434955596924e-01,3.316279351711273193e-01,3.569645881652832031e-01,-4.530842304229736328e-01,9.840677976608276367e-01,1.048427298665046692e-01,-2.458968758583068848e-01,-5.645238608121871948e-02,-8.212406635284423828e-01,-3.442645072937011719e-01,7.721168994903564453e-01,1.769609004259109497e-02,-1.466253399848937988e-01,-1.151568144559860229e-01,-7.666781544685363770e-02
1.127980202436447144e-01,6.398309022188186646e-02,5.509746074676513672e-01,-1.095853075385093689e-01,-5.229781568050384521e-02,8.738166093826293945e-01,-4.708508551120758057e-01,-1.490957438945770264e-01,-8.827935159206390381e-02,-2.607852816581726074e-01,1.518106758594512939e-01,9.625509381294250488e-03,-5.771299451589584351e-02,-3.942928910255432129e-01,-3.210314735770225525e-02,-1.089059263467788696e-01,1.548079550266265869e-01,4.695827513933181763e-02,1.850350350141525269e-01,9.840326011180877686e-02,-9.595914185047149658e-02,4.639263451099395752e-01,3.821777701377868652e-01,3.020423948764801025e-01,-4.779039025306701660e-01,9.450298547744750977e-01,1.334059834480285645e-01,-2.687632739543914795e-01,-5.860171094536781311e-02,-7.589567303657531738e-01,-4.208672344684600830e-01,7.491368651390075684e-01,9.299328550696372986e-03,-1.789598613977432251e-01,-1.115995422005653381e-01,-8.933451771736145020e-02
1.057439967989921570e-01,5.005479231476783752e-02,5.462023019790649414e-01,-8.733577281236648560e-02,-1.738287508487701416e-02,8.579466938972473145e-01,-5.059622526168823242e-01,-5.700028687715530396e-02,-1.279298812150955200e-01,-2.859991788864135742e-01,1.702054440975189209e-01,-1.878233440220355988e-02,-3.854822367429733276e-02,-3.945997953414916992e-01,-9.133984148502349854e-02,-9.545860439538955688e-02,7.928959280252456665e-02,1.086158454418182373e-01,2.350524365901947021e-01,4.252619668841362000e-02,-9.475539624691009521e-02,4.792316854000091553e-01,3.831064999103546143e-01,2.810678780078887939e-01,-5.069536566734313965e-01,8.930388092994689941e-01,1.720724254846572876e-01,-2.854860126972198486e-01,-6.052534282207489014e-02,-7.059301733970642090e-01,-5.045535564422607422e-01,7.327722907066345215e-01,-6.117883604019880295e-03,-2.163069099187850952e-01,-1.178217530250549316e-01,-8.742515742778778076e-02
9.721241146326065063e-02,3.594469279050827026e-02,5.371484756469726562e-01,-6.800123304128646851e-02,1.032598502933979034e-02,8.442001938819885254e-01,-5.315968990325927734e-01,-7.134008686989545822e-03,-1.681982576847076416e-01,-3.216329813003540039e-01,2.298348397016525269e-01,-5.332842096686363220e-02,-2.551088668406009674e-02,-4.044035673141479492e-01,-1.365589052438735962e-01,-6.513743847608566284e-02,6.045662984251976013e-02,1.244532912969589233e-01,2.531314790248870850e-01,1.117548067122697830e-02,-9.287046641111373901e-02,4.875657856464385986e-01,3.453654050827026367e-01,2.857207357883453369e-01,-5.376315116882324219e-01,8.550106287002563477e-01,2.167253792285919189e-01,-2.811702787876129150e-01,-5.893499776721000671e-02,-6.507776379585266113e-01,-6.058557629585266113e-01,7.221704721450805664e-01,2.675640396773815155e-03,-2.625688016414642334e-01,-1.257006376981735229e-01,-7.502586394548416138e-02
8.657386153936386108e-02,2.077864669263362885e-02,5.236964225769042969e-01,-5.767746642231941223e-02,2.642411738634109497e-02,8.317049741744995117e-01,-5.515813231468200684e-01,2.460662089288234711e-02,-2.006547003984451294e-01,-3.327190577983856201e-01,2.902898788452148438e-01,-9.293930232524871826e-02,-2.009015716612339020e-02,-4.102411568164825439e-01,-1.711614727973937988e-01,-6.638018041849136353e-02,7.385198771953582764e-02,1.083271950483322144e-01,2.466274648904800415e-01,-1.150636561214923859e-02,-8.885703235864639282e-02,4.836044609546661377e-01,3.150569200515747070e-01,2.887609004974365234e-01,-5.463175773620605469e-01,8.333063125610351562e-01,2.316666841506958008e-01,-2.804456949234008789e-01,-4.260762035846710205e-02,-5.867932438850402832e-01,-6.794922351837158203e-01,6.959892511367797852e-01,9.940551593899726868e-03,-2.784719169139862061e-01,-1.396595239639282227e-01,-8.193252980709075928e-02
7.831478118896484375e-02,9.777728468179702759e-03,5.098779201507568359e-01,-6.229608133435249329e-02,2.820827066898345947e-02,8.295646905899047852e-01,-5.542074441909790039e-01,-5.483769252896308899e-02,-2.369875013828277588e-01,-2.856354713439941406e-01,5.011163949966430664e-01,-1.659610569477081299e-01,-3.386767953634262085e-02,-4.784190356731414795e-01,-1.835887432098388672e-01,-4.420735687017440796e-02,1.548962295055389404e-01,1.120342761278152466e-01,2.083768397569656372e-01,1.101482473313808441e-02,-6.197436153888702393e-02,4.878959059715270996e-01,1.924159973859786987e-01,3.141952753067016602e-01,-5.374073982238769531e-01,8.200222849845886230e-01,2.423868179321289062e-01,-2.709078490734100342e-01,-2.987213199958205223e-03,-5.434915423393249512e-01,-7.726849317550659180e-01,6.583307981491088867e-01,4.270025342702865601e-02,-3.191509544849395752e-01,-1.513949036598205566e-01,-9.439989924430847168e-02
6.398862600326538086e-02,-7.183238398283720016e-03,5.013965368270874023e-01,-5.892961472272872925e-02,2.768631651997566223e-02,8.203915357589721680e-01,-5.680831670761108398e-01,-8.461724221706390381e-02,-2.499486654996871948e-01,-2.742132544517517090e-01,6.776235699653625488e-01,-1.908097714185714722e-01,-6.699137389659881592e-02,-5.028675198554992676e-01,-1.954571455717086792e-01,-5.111332610249519348e-02,2.809662818908691406e-01,4.996435716748237610e-02,1.509790420532226562e-01,1.337865274399518967e-02,-3.340193629264831543e-02,4.755729138851165771e-01,1.354761570692062378e-01,3.229711055755615234e-01,-5.244131088256835938e-01,8.430043458938598633e-01,2.143031060695648193e-01,-2.620945274829864502e-01,6.062221154570579529e-02,-4.734800755977630615e-01,-8.329827785491943359e-01,6.416386365890502930e-01,1.128727570176124573e-01,-3.372016847133636475e-01,-1.598950624465942383e-01,-1.135832145810127258e-01
5.004549771547317505e-02,-2.324752323329448700e-02,4.996691644191741943e-01,-5.276494845747947693e-02,3.256509080529212952e-02,8.102259039878845215e-01,-5.828287601470947266e-01,-1.508097797632217407e-01,-2.340601235628128052e-01,-2.251054495573043823e-01,8.515132069587707520e-01,-1.762870252132415771e-01,-8.888618648052215576e-02,-5.053991675376892090e-01,-2.110033780336380005e-01,-5.840577930212020874e-02,3.899445235729217529e-01,-2.015428990125656128e-02,9.363040328025817871e-02,2.073589898645877838e-02,-1.343588903546333313e-02,4.595541656017303467e-01,7.744198292493820190e-02,3.302897810935974121e-01,-5.121814608573913574e-01,8.732857108116149902e-01,1.882884651422500610e-01,-2.436356544494628906e-01,1.057240888476371765e-01,-3.941807150840759277e-01,-8.324372768402099609e-01,6.284173130989074707e-01,2.305842787027359009e-01,-3.364476859569549561e-01,-1.621631681919097900e-01,-1.334300041198730469e-01
4.391971230506896973e-02,-3.663196042180061340e-02,5.025172233581542969e-01,-5.281163007020950317e-02,3.519005328416824341e-02,8.026152253150939941e-01,-5.931116342544555664e-01,-2.177910506725311279e-01,-2.211040705442428589e-01,-1.664394736289978027e-01,9.770383238792419434e-01,-1.409926563501358032e-01,-9.616577625274658203e-02,-4.948321878910064697e-01,-2.260742932558059692e-01,-5.460382252931594849e-02,4.319401383399963379e-01,-5.210941657423973083e-02,6.387737393379211426e-02,1.960977911949157715e-02,-1.080163754522800446e-02,4.263067245483398438e-01,4.184915125370025635e-02,3.404409885406494141e-01,-4.944010078907012939e-01,8.783199191093444824e-01,1.524909734725952148e-01,-2.354392558336257935e-01,1.186322122812271118e-01,-3.222022354602813721e-01,-7.977875471115112305e-01,6.157576441764831543e-01,3.597128987312316895e-01,-3.185760080814361572e-01,-1.610587984323501587e-01,-1.227078512310981750e-01
4.073512181639671326e-02,-5.097801238298416138e-02,5.084116458892822266e-01,-5.480825155973434448e-02,3.613718599081039429e-02,7.975932359695434570e-01,-5.996125340461730957e-01,-2.628638744354248047e-01,-2.191556096076965332e-01,-1.349860280752182007e-01,1.043648600578308105e+00,-1.133379563689231873e-01,-1.017891615629196167e-01,-4.687084257602691650e-01,-2.379879653453826904e-01,-5.055547878146171570e-02,4.274180233478546143e-01,-6.129788234829902649e-02,4.832781106233596802e-02,1.905513368546962738e-02,-1.246749609708786011e-02,3.994117081165313721e-01,9.886504150927066803e-03,3.491218984127044678e-01,-4.783960282802581787e-01,8.560742139816284180e-01,1.223045736551284790e-01,-2.369611859321594238e-01,1.224733591079711914e-01,-2.629197835922241211e-01,-7.614641785621643066e-01,6.033349633216857910e-01,4.596657156944274902e-01,-3.027454614639282227e-01,-1.591442376375198364e-01,-1.007122322916984558e-01
3.697392344474792480e-02,-6.283231824636459351e-02,5.160205364227294922e-01,-5.855599790811538696e-02,3.784959390759468079e-02,7.958325743675231934e-01,-6.014891266822814941e-01,-2.841779589653015137e-01,-2.106740325689315796e-01,-1.147286966443061829e-01,1.055042147636413574e+00,-1.099054738879203796e-01,-8.894207328557968140e-02,-4.397424161434173584e-01,-2.451737970113754272e-01,-4.456030577421188354e-02,3.998579680919647217e-01,-5.101351439952850342e-02,5.192746967077255249e-02,2.222192473709583282e-02,-1.931966282427310944e-02,3.750031888484954834e-01,-1.573101617395877838e-02,3.606862425804138184e-01,-4.623650908470153809e-01,8.228963017463684082e-01,8.934668451547622681e-02,-2.407414466142654419e-01,1.322010010480880737e-01,-2.269866019487380981e-01,-7.294315695762634277e-01,5.965752601623535156e-01,5.394102334976196289e-01,-2.951162755489349365e-01,-1.621940433979034424e-01,-9.060698002576828003e-02
3.634163364768028259e-02,-7.314519584178924561e-02,5.240546464920043945e-01,-6.150865554809570312e-02,4.073611274361610413e-02,7.938930392265319824e-01,-6.035652756690979004e-01,-2.865238189697265625e-01,-2.154401391744613647e-01,-1.023316457867622375e-01,1.040625095367431641e+00,-1.011667549610137939e-01,-8.462604880332946777e-02,-3.960132896900177002e-01,-2.559678852558135986e-01,-3.861884772777557373e-02,3.410582542419433594e-01,-3.233654424548149109e-02,6.390918791294097900e-02,1.771794818341732025e-02,-3.022480197250843048e-02,3.506551980972290039e-01,-4.188893735408782959e-02,3.686432540416717529e-01,-4.565451741218566895e-01,7.849858999252319336e-01,7.938392460346221924e-02,-2.510952651500701904e-01,1.293670237064361572e-01,-1.868022978305816650e-01,-6.896796226501464844e-01,5.838656425476074219e-01,6.024861335754394531e-01,-2.830685377120971680e-01,-1.611339002847671509e-01,-7.181648910045623779e-02
4.139412567019462585e-02,-7.838581502437591553e-02,5.312376022338867188e-01,-6.263299286365509033e-02,4.365282878279685974e-02,7.966822981834411621e-01,-5.995572209358215332e-01,-2.808423042297363281e-01,-2.274406850337982178e-01,-1.010358557105064392e-01,1.015910148620605469e+00,-9.197204560041427612e-02,-8.042816072702407837e-02,-3.604556918144226074e-01,-2.626427412033081055e-01,-2.438832260668277740e-02,2.754232287406921387e-01,8.768352679908275604e-03,8.692170679569244385e-02,1.609528809785842896e-02,-4.194468259811401367e-02,3.229242265224456787e-01,-7.648721337318420410e-02,3.768498897552490234e-01,-4.471178352832794189e-01,7.578161954879760742e-01,7.388552278280258179e-02,-2.573239803314208984e-01,1.223905608057975769e-01,-1.578422039747238159e-01,-6.510160565376281738e-01,5.741989016532897949e-01,6.631817221641540527e-01,-2.702036499977111816e-01,-1.659130603075027466e-01,-5.097655206918716431e-02
4.783843085169792175e-02,-8.194702118635177612e-02,5.364717245101928711e-01,-6.028547883033752441e-02,4.516768828034400940e-02,8.000916242599487305e-01,-5.951293110847473145e-01,-2.611797153949737549e-01,-2.380988746881484985e-01,-1.166921034455299377e-01,9.742206335067749023e-01,-8.390668779611587524e-02,-8.234426379203796387e-02,-3.309469819068908691e-01,-2.634255886077880859e-01,-7.710949983447790146e-03,2.247326821088790894e-01,4.971760511398315430e-02,1.058349758386611938e-01,1.458458695560693741e-02,-4.898886755108833313e-02,3.015180528163909912e-01,-1.164821237325668335e-01,3.862056434154510498e-01,-4.336294233798980713e-01,7.173771858215332031e-01,6.405457854270935059e-02,-2.675887346267700195e-01,1.110189780592918396e-01,-1.366886198520660400e-01,-6.113550662994384766e-01,5.588948130607604980e-01,7.161944508552551270e-01,-2.622326612472534180e-01,-1.676754355430603027e-01,-2.885191887617111206e-02
5.043082311749458313e-02,-8.536390960216522217e-02,5.398750305175781250e-01,-5.579598993062973022e-02,4.705320298671722412e-02,8.067734837532043457e-01,-5.863355398178100586e-01,-2.301753610372543335e-01,-2.403440028429031372e-01,-1.397965103387832642e-01,9.316238760948181152e-01,-8.977375179529190063e-02,-8.639601618051528931e-02,-3.127722740173339844e-01,-2.520194649696350098e-01,2.080437727272510529e-02,2.038324028253555298e-01,7.518287003040313721e-02,1.182310730218887329e-01,5.539711564779281616e-03,-4.988357797265052795e-02,2.864732742309570312e-01,-1.541844606399536133e-01,4.009924530982971191e-01,-4.178206920623779297e-01,6.895147562026977539e-01,4.272904247045516968e-02,-2.701145708560943604e-01,1.074632406234741211e-01,-1.250229477882385254e-01,-5.878537297248840332e-01,5.481836199760437012e-01,7.401831150054931641e-01,-2.481937259435653687e-01,-1.699057370424270630e-01,-1.946930214762687683e-02
5.660158395767211914e-02,-8.522383123636245728e-02,5.399206876754760742e-01,-4.790283739566802979e-02,4.814906045794487000e-02,8.165191411972045898e-01,-5.733092427253723145e-01,-1.851603239774703979e-01,-2.446149736642837524e-01,-1.790599375963211060e-01,8.825726509094238281e-01,-1.024216338992118835e-01,-8.789424598217010498e-02,-3.030125498771667480e-01,-2.335292100906372070e-01,5.820376425981521606e-02,1.904505640268325806e-01,9.604500979185104370e-02,1.314853429794311523e-01,-9.746763855218887329e-03,-4.872436821460723877e-02,2.707210481166839600e-01,-1.943731904029846191e-01,4.198780953884124756e-01,-3.920665681362152100e-01,6.554135680198669434e-01,1.369533501565456390e-02,-2.705203890800476074e-01,1.085934937000274658e-01,-1.151845902204513550e-01,-5.601632595062255859e-01,5.257562994956970215e-01,7.818275690078735352e-01,-2.278722077608108521e-01,-1.634271293878555298e-01,-1.246359199285507202e-02
6.502839922904968262e-02,-8.336636424064636230e-02,5.368496179580688477e-01,-3.695338219404220581e-02,4.680965840816497803e-02,8.280432820320129395e-01,-5.574833154678344727e-01,-1.243092268705368042e-01,-2.499454468488693237e-01,-2.316962629556655884e-01,8.197597861289978027e-01,-1.215405538678169250e-01,-9.162899106740951538e-02,-3.008821308612823486e-01,-2.063518017530441284e-01,9.590597450733184814e-02,1.882931292057037354e-01,1.069308817386627197e-01,1.442724317312240601e-01,-3.292169049382209778e-02,-4.223568737506866455e-02,2.527427077293395996e-01,-2.271702438592910767e-01,4.485802650451660156e-01,-3.617604970932006836e-01,6.163141131401062012e-01,-1.650641113519668579e-02,-2.661681771278381348e-01,1.120761036872863770e-01,-1.068432778120040894e-01,-5.432921051979064941e-01,4.874435663223266602e-01,7.987746000289916992e-01,-2.023822516202926636e-01,-1.563839167356491089e-01,-1.892775110900402069e-02
7.328481227159500122e-02,-8.206598460674285889e-02,5.307987928390502930e-01,-2.716938219964504242e-02,4.171985015273094177e-02,8.419796228408813477e-01,-5.372071862220764160e-01,-5.425488203763961792e-02,-2.499846965074539185e-01,-3.019482493400573730e-01,7.331934571266174316e-01,-1.454869210720062256e-01,-9.477229416370391846e-02,-3.072355091571807861e-01,-1.682046949863433838e-01,1.440723687410354614e-01,1.859666705131530762e-01,1.042800471186637878e-01,1.524058282375335693e-01,-6.187364459037780762e-02,-3.162099421024322510e-02,2.377923876047134399e-01,-2.571115493774414062e-01,4.826089441776275635e-01,-3.338315784931182861e-01,5.789939761161804199e-01,-4.863736778497695923e-02,-2.603771090507507324e-01,1.220476478338241577e-01,-1.007927581667900085e-01,-5.421968102455139160e-01,4.565011858940124512e-01,7.831958532333374023e-01,-1.716910749673843384e-01,-1.506982743740081787e-01,-2.951271645724773407e-02
7.924181222915649414e-02,-8.238296210765838623e-02,5.232275724411010742e-01,-1.994425989687442780e-02,3.695156425237655640e-02,8.570828437805175781e-01,-5.134645700454711914e-01,1.200610212981700897e-02,-2.523215711116790771e-01,-3.681206405162811279e-01,6.575904488563537598e-01,-1.835094839334487915e-01,-8.569785952568054199e-02,-3.170057237148284912e-01,-1.298193633556365967e-01,1.890696138143539429e-01,1.857023686170578003e-01,8.665204048156738281e-02,1.614879071712493896e-01,-8.994549512863159180e-02,-1.684101670980453491e-02,2.293542325496673584e-01,-2.843413054943084717e-01,5.140832662582397461e-01,-3.047482967376708984e-01,5.508639216423034668e-01,-7.683888822793960571e-02,-2.542090415954589844e-01,1.330430805683135986e-01,-9.857298433780670166e-02,-5.508127808570861816e-01,4.223733842372894287e-01,7.482296824455261230e-01,-1.313538253307342529e-01,-1.477494239807128906e-01,-4.141090065240859985e-02
8.420193940401077271e-02,-8.223330229520797729e-02,5.153778791427612305e-01,-1.517260354012250900e-02,3.310023620724678040e-02,8.666459918022155762e-01,-4.975930750370025635e-01,4.967804625630378723e-02,-2.458033561706542969e-01,-3.869467675685882568e-01,6.035156250000000000e-01,-2.179392725229263306e-01,-6.669256091117858887e-02,-3.208639025688171387e-01,-1.046194732189178467e-01,2.208612859249114990e-01,1.751164793968200684e-01,6.065802648663520813e-02,1.680612117052078247e-01,-1.187981441617012024e-01,-1.025852747261524200e-02,2.337993830442428589e-01,-3.084937930107116699e-01,5.352686047554016113e-01,-2.941048145294189453e-01,5.357099771499633789e-01,-8.970322459936141968e-02,-2.473154813051223755e-01,1.369119882583618164e-01,-1.011550426483154297e-01,-5.596201419830322266e-01,3.972594141960144043e-01,7.058630585670471191e-01,-9.397134929895401001e-02,-1.433786153793334961e-01,-4.789844527840614319e-02
9.394192695617675781e-02,-7.984278351068496704e-02,5.072622299194335938e-01,-1.337069645524024963e-02,2.968011051416397095e-02,8.784372806549072266e-01,-4.767476320266723633e-01,7.783190160989761353e-02,-2.482965588569641113e-01,-3.976607620716094971e-01,5.478022694587707520e-01,-2.782702445983886719e-01,-3.200656920671463013e-02,-3.338610231876373291e-01,-8.206481486558914185e-02,2.620121538639068604e-01,1.530522555112838745e-01,5.837669596076011658e-02,1.955787539482116699e-01,-1.551538556814193726e-01,-9.386908262968063354e-03,2.375454455614089966e-01,-3.380442261695861816e-01,5.577884912490844727e-01,-2.829565405845642090e-01,5.226638913154602051e-01,-9.124933928251266479e-02,-2.396003752946853638e-01,1.543278545141220093e-01,-1.132658198475837708e-01,-5.661061406135559082e-01,3.685239851474761963e-01,6.707442998886108398e-01,-5.425617471337318420e-02,-1.370721161365509033e-01,-6.982430070638656616e-02
1.088620796799659729e-01,-6.535678356885910034e-02,5.003845691680908203e-01,-1.256421115249395370e-02,3.089026175439357758e-02,8.903614878654479980e-01,-4.540312290191650391e-01,8.176191896200180054e-02,-2.566016316413879395e-01,-3.681784868240356445e-01,5.044100880622863770e-01,-3.403549790382385254e-01,1.786515489220619202e-02,-3.489178419113159180e-01,-6.517390906810760498e-02,3.067930340766906738e-01,1.134910061955451965e-01,9.519276022911071777e-02,2.542516291141510010e-01,-1.963009983301162720e-01,-2.244516089558601379e-02,2.498296648263931274e-01,-3.636687099933624268e-01,5.651755332946777344e-01,-2.845455706119537354e-01,5.189353227615356445e-01,-7.614244520664215088e-02,-2.300599217414855957e-01,1.661433279514312744e-01,-1.354399323463439941e-01,-5.638878345489501953e-01,3.439460396766662598e-01,6.244599223136901855e-01,-1.636938750743865967e-02,-1.339433491230010986e-01,-9.744796156883239746e-02
1.214537918567657471e-01,-4.973499849438667297e-02,4.966523349285125732e-01,-1.052545011043548584e-02,3.503808006644248962e-02,9.058668017387390137e-01,-4.219797253608703613e-01,7.787642627954483032e-02,-2.566587626934051514e-01,-3.210785686969757080e-01,4.715022742748260498e-01,-3.871276974678039551e-01,4.662386327981948853e-02,-3.551337420940399170e-01,-3.811259940266609192e-02,3.138156831264495850e-01,7.728938758373260498e-02,1.422602385282516479e-01,2.617990672588348389e-01,-2.356766313314437866e-01,-4.372912272810935974e-02,2.749871313571929932e-01,-3.862863183021545410e-01,5.737700462341308594e-01,-3.179050087928771973e-01,5.346462726593017578e-01,-4.371721670031547546e-02,-2.168138623237609863e-01,1.547572314739227295e-01,-1.695845574140548706e-01,-5.520894527435302734e-01,3.443601131439208984e-01,5.709564089775085449e-01,1.002543233335018158e-02,-1.377554684877395630e-01,-1.121539324522018433e-01
1.272157430648803711e-01,-3.905889764428138733e-02,4.962119162082672119e-01,2.382034668698906898e-03,4.385348036885261536e-02,9.154866933822631836e-01,-3.999440670013427734e-01,1.401938199996948242e-01,-2.424604147672653198e-01,-2.874751687049865723e-01,3.791724443435668945e-01,-4.067376255989074707e-01,8.057511597871780396e-02,-3.215513229370117188e-01,-6.408438831567764282e-02,2.298050075769424438e-01,5.729401856660842896e-02,1.190467700362205505e-01,2.617999911308288574e-01,-2.863233387470245361e-01,-7.887867838144302368e-02,2.858751118183135986e-01,-3.632658421993255615e-01,5.774874091148376465e-01,-3.714186847209930420e-01,5.663130283355712891e-01,-1.833738386631011963e-02,-2.066301107406616211e-01,1.356472074985504150e-01,-1.645135432481765747e-01,-5.231249928474426270e-01,3.610768318176269531e-01,5.325527191162109375e-01,2.392580360174179077e-02,-1.392696350812911987e-01,-1.315067857503890991e-01
1.379578113555908203e-01,-2.626322582364082336e-02,4.972953498363494873e-01,5.049781408160924911e-03,4.649378731846809387e-02,9.263201951980590820e-01,-3.738230466842651367e-01,1.394801288843154907e-01,-2.335695624351501465e-01,-2.294467985630035400e-01,3.434214591979980469e-01,-4.112459123134613037e-01,1.023944467306137085e-01,-3.237144351005554199e-01,-7.993932813405990601e-02,1.669974625110626221e-01,4.982126131653785706e-02,1.180613413453102112e-01,2.617999911308288574e-01,-2.967017292976379395e-01,-9.615132212638854980e-02,3.009647727012634277e-01,-3.605425357818603516e-01,5.739281773567199707e-01,-3.983051180839538574e-01,5.939885377883911133e-01,-2.808982739225029945e-03,-1.999002993106842041e-01,1.259578466415405273e-01,-1.795112341642379761e-01,-5.135006308555603027e-01,3.769939243793487549e-01,5.142185091972351074e-01,3.213456645607948303e-02,-1.360135227441787720e-01,-1.383620500564575195e-01
1.515001654624938965e-01,-1.637788303196430206e-02,4.989314377307891846e-01,3.597293281927704811e-03,4.450058564543724060e-02,9.419438838958740234e-01,-3.327890038490295410e-01,1.280756294727325439e-01,-2.235082834959030151e-01,-1.531445831060409546e-01,3.048844635486602783e-01,-4.158512353897094727e-01,1.203215122222900391e-01,-3.326066732406616211e-01,-9.076435118913650513e-02,9.778589010238647461e-02,4.413772001862525940e-02,1.092892810702323914e-01,2.617963552474975586e-01,-2.957929968833923340e-01,-9.954456239938735962e-02,3.066509664058685303e-01,-3.645375072956085205e-01,5.664483308792114258e-01,-4.191622734069824219e-01,6.422426104545593262e-01,1.392635889351367950e-02,-1.942139714956283569e-01,1.088076308369636536e-01,-2.091051936149597168e-01,-5.020803809165954590e-01,3.931572139263153076e-01,5.121538639068603516e-01,4.040121659636497498e-02,-1.307865232229232788e-01,-1.385446339845657349e-01
1.618040800094604492e-01,-4.574892576783895493e-03,5.021599531173706055e-01,4.971866728737950325e-04,4.121230542659759521e-02,9.546495676040649414e-01,-2.948652803897857666e-01,1.144539862871170044e-01,-2.033785581588745117e-01,-8.012507110834121704e-02,2.673581242561340332e-01,-4.083647727966308594e-01,1.255941540002822876e-01,-3.274182677268981934e-01,-1.078398525714874268e-01,1.218630187213420868e-02,4.844322800636291504e-02,9.678974002599716187e-02,2.565958797931671143e-01,-2.942652702331542969e-01,-1.010020822286605835e-01,3.045835196971893311e-01,-3.497278392314910889e-01,5.592678785324096680e-01,-4.360833168029785156e-01,6.766151785850524902e-01,3.824974969029426575e-02,-1.909109801054000854e-01,9.521668404340744019e-02,-2.163936942815780640e-01,-5.027263760566711426e-01,4.159748554229736328e-01,5.168810486793518066e-01,3.193178027868270874e-02,-1.259893327951431274e-01,-1.288112699985504150e-01
1.725788861513137817e-01,7.194572594016790390e-03,5.061314105987548828e-01,-3.568622283637523651e-03,3.056780621409416199e-02,9.658647775650024414e-01,-2.572121918201446533e-01,9.810979664325714111e-02,-1.663651615381240845e-01,-1.282573584467172623e-02,2.265138030052185059e-01,-4.036525785923004150e-01,1.318663805723190308e-01,-3.077861368656158447e-01,-1.052934378385543823e-01,-3.969579190015792847e-02,6.056195870041847229e-02,7.788580656051635742e-02,2.357680052518844604e-01,-2.917534410953521729e-01,-8.999089896678924561e-02,2.961709797382354736e-01,-3.223754167556762695e-01,5.378909111022949219e-01,-4.532146453857421875e-01,7.146378755569458008e-01,4.685668274760246277e-02,-1.885372251272201538e-01,7.065620273351669312e-02,-2.164144665002822876e-01,-4.999297559261322021e-01,4.385231137275695801e-01,5.042400956153869629e-01,2.824452891945838928e-02,-1.222856566309928894e-01,-1.074390187859535217e-01
1.813714653253555298e-01,2.217017114162445068e-02,5.106164216995239258e-01,-9.538601152598857880e-03,1.981731504201889038e-02,9.739041924476623535e-01,-2.258914262056350708e-01,7.811748236417770386e-02,-1.217961683869361877e-01,5.259599164128303528e-02,1.907672435045242310e-01,-3.917962610721588135e-01,1.347861886024475098e-01,-2.842458188533782959e-01,-1.010069102048873901e-01,-6.258553266525268555e-02,8.193346858024597168e-02,5.626467242836952209e-02,2.165174633264541626e-01,-2.872079014778137207e-01,-7.444672286510467529e-02,2.865782976150512695e-01,-3.101359605789184570e-01,5.130323171615600586e-01,-4.730943739414215088e-01,7.557709813117980957e-01,4.570616781711578369e-02,-1.878032535314559937e-01,5.395106971263885498e-02,-2.164134383201599121e-01,-4.921651184558868408e-01,4.685024619102478027e-01,4.973498582839965820e-01,1.667479611933231354e-02,-1.235576942563056946e-01,-9.452985972166061401e-02
1.966189742088317871e-01,3.514187037944793701e-02,5.152721405029296875e-01,-2.252263948321342468e-02,1.078151166439056396e-02,9.814006090164184570e-01,-1.903399527072906494e-01,1.966566592454910278e-02,-8.184561878442764282e-02,1.254436522722244263e-01,1.928392797708511353e-01,-3.716950118541717529e-01,1.314086765050888062e-01,-3.111379742622375488e-01,-1.106774881482124329e-01,-8.941646665334701538e-02,1.193684861063957214e-01,5.758732929825782776e-02,1.972007006406784058e-01,-2.661105096340179443e-01,-5.576368048787117004e-02,2.999394834041595459e-01,-3.254427313804626465e-01,4.978806078433990479e-01,-4.774941205978393555e-01,7.925758361816406250e-01,4.513036459684371948e-02,-1.826191991567611694e-01,4.339999333024024963e-02,-2.468548864126205444e-01,-4.914253056049346924e-01,4.872422516345977783e-01,5.074453353881835938e-01,7.994404993951320648e-03,-1.183323487639427185e-01,-8.699091523885726929e-02
2.076951563358306885e-01,5.133736133575439453e-02,5.199611186981201172e-01,-3.041145391762256622e-02,1.216377480886876583e-03,9.874167442321777344e-01,-1.551831811666488647e-01,8.591875084675848484e-04,-3.386015444993972778e-02,1.975896954536437988e-01,1.546105146408081055e-01,-3.483025729656219482e-01,1.243751272559165955e-01,-2.911502122879028320e-01,-1.179984733462333679e-01,-1.242132410407066345e-01,1.499491035938262939e-01,2.618746459484100342e-02,1.766012310981750488e-01,-2.577150166034698486e-01,-3.221118822693824768e-02,2.899997532367706299e-01,-3.342055082321166992e-01,4.840157628059387207e-01,-4.873349666595458984e-01,8.318127393722534180e-01,5.094446986913681030e-02,-1.829291582107543945e-01,3.706197813153266907e-02,-2.559397220611572266e-01,-4.889072775840759277e-01,5.162414908409118652e-01,5.072130560874938965e-01,-1.778629422187805176e-02,-1.266428828239440918e-01,-7.200729846954345703e-02
2.220517098903656006e-01,6.758134812116622925e-02,5.245574712753295898e-01,-3.825265914201736450e-02,-8.942909538745880127e-03,9.922533631324768066e-01,-1.178558319807052612e-01,-1.379183772951364517e-02,1.645848900079727173e-02,2.816241085529327393e-01,1.078309267759323120e-01,-3.157852590084075928e-01,1.060813143849372864e-01,-2.572412192821502686e-01,-1.400804072618484497e-01,-1.786202639341354370e-01,1.782052367925643921e-01,-9.884282480925321579e-04,1.559709906578063965e-01,-2.375568002462387085e-01,-1.106399856507778168e-02,2.810087502002716064e-01,-3.305689692497253418e-01,4.699410498142242432e-01,-5.074703097343444824e-01,8.807970881462097168e-01,6.532113254070281982e-02,-1.801591813564300537e-01,1.691572554409503937e-02,-2.650884687900543213e-01,-4.874345958232879639e-01,5.612280964851379395e-01,5.222761631011962891e-01,-6.120186299085617065e-02,-1.235881298780441284e-01,-4.001013934612274170e-02
2.372059971094131470e-01,7.785791903734207153e-02,5.286806821823120117e-01,-4.575596377253532410e-02,-2.076759934425354004e-02,9.951340556144714355e-01,-8.475420624017715454e-02,-2.944457903504371643e-02,6.147889792919158936e-02,3.513240516185760498e-01,6.923760473728179932e-02,-2.790010273456573486e-01,8.622980117797851562e-02,-2.168197184801101685e-01,-1.719218641519546509e-01,-2.230652570724487305e-01,1.997825801372528076e-01,-1.595346629619598389e-02,1.368691325187683105e-01,-2.135171145200729370e-01,9.013923816382884979e-03,2.668113410472869873e-01,-3.266744613647460938e-01,4.492565691471099854e-01,-5.205614566802978516e-01,9.217883348464965820e-01,6.316470354795455933e-02,-1.798502057790756226e-01,3.384035080671310425e-03,-2.670215666294097900e-01,-4.736166298389434814e-01,5.883929133415222168e-01,5.511767864227294922e-01,-8.575280010700225830e-02,-1.207753941416740417e-01,-2.671749517321586609e-02
2.491495013236999512e-01,8.730728179216384888e-02,5.313053131103515625e-01,-5.332991108298301697e-02,-2.954910509288311005e-02,9.967489838600158691e-01,-5.267073214054107666e-02,-4.369028285145759583e-02,1.010356992483139038e-01,4.095717072486877441e-01,4.330456256866455078e-02,-2.474881857633590698e-01,6.877838820219039917e-02,-1.765693128108978271e-01,-2.059889882802963257e-01,-2.613282501697540283e-01,2.019036561250686646e-01,-1.419573370367288589e-02,1.348042488098144531e-01,-1.810611635446548462e-01,1.736635155975818634e-02,2.478105723857879639e-01,-3.253495991230010986e-01,4.302562475204467773e-01,-5.333942770957946777e-01,9.697965979576110840e-01,4.637207835912704468e-02,-1.746220290660858154e-01,1.269418513402342796e-03,-2.771486043930053711e-01,-4.588155448436737061e-01,6.260886788368225098e-01,5.950823426246643066e-01,-1.055615693330764771e-01,-1.124485880136489868e-01,-1.631552726030349731e-02
2.498864084482192993e-01,9.202607721090316772e-02,5.321569442749023438e-01,-6.008192524313926697e-02,-3.566389903426170349e-02,9.969986081123352051e-01,-3.334763646125793457e-02,-4.530534893274307251e-02,1.250836104154586792e-01,4.518146514892578125e-01,2.892371639609336853e-02,-2.396107763051986694e-01,4.875899851322174072e-02,-1.308677196502685547e-01,-2.345045357942581177e-01,-3.009113073348999023e-01,1.906742006540298462e-01,-9.223782457411289215e-03,1.391352415084838867e-01,-1.542008221149444580e-01,1.638770475983619690e-02,2.301800698041915894e-01,-3.131991922855377197e-01,4.199842810630798340e-01,-5.394729971885681152e-01,9.951772093772888184e-01,4.175638779997825623e-02,-1.708368360996246338e-01,-6.663442123681306839e-03,-2.722643613815307617e-01,-4.485710859298706055e-01,6.607940793037414551e-01,6.082468628883361816e-01,-1.255015879869461060e-01,-1.112502589821815491e-01,-4.524110117927193642e-04
2.575292289257049561e-01,9.817507863044738770e-02,5.336731672286987305e-01,-7.330787181854248047e-02,-4.000753536820411682e-02,9.964981675148010254e-01,4.094970412552356720e-03,-6.442489475011825562e-02,1.568317562341690063e-01,5.176453590393066406e-01,1.364478189498186111e-02,-2.136247158050537109e-01,4.889684915542602539e-02,-1.034751981496810913e-01,-2.674772441387176514e-01,-3.453317284584045410e-01,1.821988672018051147e-01,1.316111534833908081e-02,1.411612927913665771e-01,-1.121872141957283020e-01,1.904782466590404510e-02,2.148202210664749146e-01,-3.210496306419372559e-01,4.029386043548583984e-01,-5.395894050598144531e-01,1.038945674896240234e+00,2.605428546667098999e-02,-1.687896847724914551e-01,-6.897158920764923096e-03,-2.974349558353424072e-01,-4.319406449794769287e-01,6.942095756530761719e-01,6.528601050376892090e-01,-1.403608322143554688e-01,-1.045285388827323914e-01,1.211559027433395386e-02
2.683962583541870117e-01,1.043013930320739746e-01,5.341464281082153320e-01,-8.288087695837020874e-02,-4.450856149196624756e-02,9.950960278511047363e-01,3.055635094642639160e-02,-8.067648112773895264e-02,1.830006241798400879e-01,5.650952458381652832e-01,-6.932900287210941315e-03,-1.935614645481109619e-01,3.968302533030509949e-02,-7.477990537881851196e-02,-2.926915884017944336e-01,-3.840652108192443848e-01,1.727960705757141113e-01,3.500760346651077271e-02,1.466416567564010620e-01,-7.216970622539520264e-02,1.577632315456867218e-02,2.024790197610855103e-01,-3.310261070728302002e-01,3.849151432514190674e-01,-5.272699594497680664e-01,1.081172943115234375e+00,5.790964234620332718e-03,-1.671703308820724487e-01,-3.459373023360967636e-03,-3.121442496776580811e-01,-4.090418815612792969e-01,7.163904905319213867e-01,6.952861547470092773e-01,-1.482534706592559814e-01,-9.990383684635162354e-02,1.969100907444953918e-02
2.760940492153167725e-01,1.086434945464134216e-01,5.344696044921875000e-01,-9.107089787721633911e-02,-4.840843006968498230e-02,9.931996464729309082e-01,5.401051789522171021e-02,-9.202586859464645386e-02,2.051502615213394165e-01,5.945590734481811523e-01,-2.348605170845985413e-02,-1.773062795400619507e-01,3.835564106702804565e-02,-5.319035053253173828e-02,-3.093425035476684570e-01,-4.013165831565856934e-01,1.645914763212203979e-01,5.165994167327880859e-02,1.536038964986801147e-01,-3.782197088003158569e-02,5.832745227962732315e-03,1.917086839675903320e-01,-3.395586907863616943e-01,3.630521595478057861e-01,-5.070865750312805176e-01,1.130423545837402344e+00,-3.006348386406898499e-02,-1.599271893501281738e-01,5.016331095248460770e-03,-3.291175663471221924e-01,-3.814061582088470459e-01,7.337945103645324707e-01,7.374899387359619141e-01,-1.442433744668960571e-01,-9.328256547451019287e-02,3.079723939299583435e-02
2.861223220825195312e-01,1.168534308671951294e-01,5.343629121780395508e-01,-9.727962315082550049e-02,-4.787383228540420532e-02,9.909874796867370605e-01,7.866759598255157471e-02,-1.047090217471122742e-01,2.279010862112045288e-01,6.259311437606811523e-01,-2.858423814177513123e-02,-1.586884707212448120e-01,3.756229951977729797e-02,-3.882622346282005310e-02,-3.241043686866760254e-01,-4.214002490043640137e-01,1.471491158008575439e-01,6.810235232114791870e-02,1.652281582355499268e-01,-4.935065284371376038e-03,-9.886196814477443695e-03,1.870913356542587280e-01,-3.472768366336822510e-01,3.410351574420928955e-01,-4.916261732578277588e-01,1.175883889198303223e+00,-6.037822365760803223e-02,-1.551027446985244751e-01,3.255125600844621658e-03,-3.478546440601348877e-01,-3.553750514984130859e-01,7.572626471519470215e-01,7.741605043411254883e-01,-1.408614814281463623e-01,-8.733797073364257812e-02,5.139391869306564331e-02
2.894761860370635986e-01,1.242786794900894165e-01,5.341334342956542969e-01,-1.038853824138641357e-01,-4.708066955208778381e-02,9.889608621597290039e-01,9.459226578474044800e-02,-1.117051839828491211e-01,2.449394762516021729e-01,6.531177163124084473e-01,-3.430007770657539368e-02,-1.445222496986389160e-01,2.967336960136890411e-02,-3.103627264499664307e-02,-3.263797760009765625e-01,-4.295652210712432861e-01,1.325158923864364624e-01,7.776451110839843750e-02,1.766393333673477173e-01,1.493921596556901932e-02,-2.610127627849578857e-02,1.885140389204025269e-01,-3.567429780960083008e-01,3.185781836509704590e-01,-4.774280786514282227e-01,1.210891604423522949e+00,-8.726471662521362305e-02,-1.556825488805770874e-01,7.693655323237180710e-03,-3.626098632812500000e-01,-3.288575708866119385e-01,7.727203965187072754e-01,8.025181889533996582e-01,-1.309008598327636719e-01,-8.773897588253021240e-02,6.117582693696022034e-02
3.027094304561614990e-01,1.351741701364517212e-01,5.333458185195922852e-01,-1.079631522297859192e-01,-4.396985843777656555e-02,9.863733053207397461e-01,1.160959675908088684e-01,-1.236457005143165588e-01,2.686742842197418213e-01,6.943253278732299805e-01,-3.495389595627784729e-02,-1.227120980620384216e-01,1.704517565667629242e-02,-2.899415604770183563e-02,-3.289475440979003906e-01,-4.492766857147216797e-01,1.072661057114601135e-01,7.721990346908569336e-02,1.935290545225143433e-01,3.456283733248710632e-02,-4.781808704137802124e-02,1.905163228511810303e-01,-3.670289516448974609e-01,2.995357513427734375e-01,-4.638698101043701172e-01,1.251759409904479980e+00,-1.137130707502365112e-01,-1.533387452363967896e-01,1.420044712722301483e-02,-3.742655515670776367e-01,-3.053468763828277588e-01,7.895736098289489746e-01,8.321219086647033691e-01,-1.154334396123886108e-01,-8.284693956375122070e-02,6.868181377649307251e-02
3.129522502422332764e-01,1.468164026737213135e-01,5.324770212173461914e-01,-1.103037148714065552e-01,-3.954772651195526123e-02,9.840216040611267090e-01,1.340541094541549683e-01,-1.276637911796569824e-01,2.886929810047149658e-01,7.340870499610900879e-01,-3.519191220402717590e-02,-1.014384329319000244e-01,2.280364744365215302e-03,-3.279483318328857422e-02,-3.201562464237213135e-01,-4.573385119438171387e-01,7.924296706914901733e-02,6.235427036881446838e-02,2.052832692861557007e-01,4.437557607889175415e-02,-6.887429952621459961e-02,1.984250843524932861e-01,-3.751027882099151611e-01,2.831634283065795898e-01,-4.578037858009338379e-01,1.290359854698181152e+00,-1.305437982082366943e-01,-1.488237082958221436e-01,2.390325628221035004e-02,-3.847082257270812988e-01,-2.855970263481140137e-01,8.061150908470153809e-01,8.665800094604492188e-01,-1.025582998991012573e-01,-7.741102576255798340e-02,7.014396041631698608e-02
3.244598209857940674e-01,1.614347696304321289e-01,5.314884185791015625e-01,-1.095528304576873779e-01,-3.393514081835746765e-02,9.821673631668090820e-01,1.489759087562561035e-01,-1.276955902576446533e-01,3.098249435424804688e-01,7.639579772949218750e-01,-3.278868645429611206e-02,-7.386875897645950317e-02,-1.535677630454301834e-02,-4.041523858904838562e-02,-3.041102290153503418e-01,-4.522284865379333496e-01,4.904059693217277527e-02,3.258333727717399597e-02,2.116842269897460938e-01,4.621524363756179810e-02,-8.709059655666351318e-02,2.074992805719375610e-01,-3.754835426807403564e-01,2.698279619216918945e-01,-4.503497779369354248e-01,1.322256326675415039e+00,-1.501072496175765991e-01,-1.428004503250122070e-01,3.074338287115097046e-02,-3.905172646045684814e-01,-2.709808647632598877e-01,8.199998140335083008e-01,9.011381268501281738e-01,-9.798343479633331299e-02,-7.407398521900177002e-02,6.883754581212997437e-02
3.347704410552978516e-01,1.775914877653121948e-01,5.307638645172119141e-01,-1.074136570096015930e-01,-2.903134375810623169e-02,9.804578423500061035e-01,1.622401177883148193e-01,-1.218869313597679138e-01,3.331477642059326172e-01,7.902204990386962891e-01,-3.097829222679138184e-02,-4.248305037617683411e-02,-3.441316261887550354e-02,-4.635529220104217529e-02,-2.837240397930145264e-01,-4.397740364074707031e-01,3.098765388131141663e-02,-2.078842138871550560e-03,2.084030061960220337e-01,3.706303238868713379e-02,-1.023405641317367554e-01,2.130906432867050171e-01,-3.783955276012420654e-01,2.609906494617462158e-01,-4.367776811122894287e-01,1.348504543304443359e+00,-1.692563146352767944e-01,-1.400365978479385376e-01,2.799222245812416077e-02,-3.877255916595458984e-01,-2.678088545799255371e-01,8.237406611442565918e-01,9.336391687393188477e-01,-9.727276861667633057e-02,-7.411792874336242676e-02,7.535080611705780029e-02
3.427112102508544922e-01,1.924966424703598022e-01,5.303618907928466797e-01,-1.039565652608871460e-01,-2.478248812258243561e-02,9.788432717323303223e-01,1.744841486215591431e-01,-1.104172021150588989e-01,3.529510796070098877e-01,8.016431331634521484e-01,-3.075713850557804108e-02,-1.133815944194793701e-02,-5.209078267216682434e-02,-4.878053814172744751e-02,-2.649368941783905029e-01,-4.214710295200347900e-01,1.750671677291393280e-02,-3.701868653297424316e-02,1.995745450258255005e-01,2.238961681723594666e-02,-1.129249259829521179e-01,2.140603810548782349e-01,-3.798076510429382324e-01,2.641583085060119629e-01,-4.363067746162414551e-01,1.367875933647155762e+00,-1.613795459270477295e-01,-1.398001015186309814e-01,2.073432691395282745e-02,-3.858053386211395264e-01,-2.826234996318817139e-01,8.279795050621032715e-01,9.578797221183776855e-01,-1.144133135676383972e-01,-7.629363983869552612e-02,8.278039842844009399e-02
3.523255288600921631e-01,2.034222483634948730e-01,5.304285287857055664e-01,-9.776878356933593750e-02,-2.111775241792201996e-02,9.771919846534729004e-01,1.873261779546737671e-01,-9.822157770395278931e-02,3.695881068706512451e-01,8.074572086334228516e-01,-2.404437772929668427e-02,1.417010556906461716e-02,-5.888945981860160828e-02,-5.062144622206687927e-02,-2.497063130140304565e-01,-4.058661162853240967e-01,8.268522098660469055e-03,-6.607572734355926514e-02,1.846069842576980591e-01,-1.216858654515817761e-04,-1.173883527517318726e-01,2.114908397197723389e-01,-3.841013908386230469e-01,2.715490758419036865e-01,-4.365684986114501953e-01,1.379367709159851074e+00,-1.511977165937423706e-01,-1.427339762449264526e-01,2.786617958918213844e-03,-3.680908083915710449e-01,-3.049674332141876221e-01,8.197425603866577148e-01,9.928584694862365723e-01,-1.306314021348953247e-01,-7.693545520305633545e-02,1.009853407740592957e-01
3.640745878219604492e-01,2.126323133707046509e-01,5.309407711029052734e-01,-8.775873482227325439e-02,-1.785269379615783691e-02,9.747303128242492676e-01,2.046473324298858643e-01,-7.911673933267593384e-02,3.856995701789855957e-01,8.159522414207458496e-01,-1.392264850437641144e-02,3.606228902935981750e-02,-6.198004633188247681e-02,-5.105556175112724304e-02,-2.349303662776947021e-01,-3.815023899078369141e-01,-1.141565953730605543e-04,-8.869796991348266602e-02,1.758389919996261597e-01,-2.884814515709877014e-02,-1.177017837762832642e-01,1.981812864542007446e-01,-3.975746631622314453e-01,2.970739603042602539e-01,-4.365374147891998291e-01,1.391543269157409668e+00,-1.351760476827621460e-01,-1.418245285749435425e-01,-1.566511765122413635e-02,-3.520263731479644775e-01,-3.508486151695251465e-01,8.103469610214233398e-01,1.033448934555053711e+00,-1.647177785634994507e-01,-7.729455083608627319e-02,1.215857192873954773e-01
3.774151504039764404e-01,2.220629155635833740e-01,5.321092605590820312e-01,-7.501591742038726807e-02,-1.471114065498113632e-02,9.724969267845153809e-01,2.200133502483367920e-01,-6.263279169797897339e-02,3.968918919563293457e-01,7.958968281745910645e-01,-5.826519336551427841e-03,5.200754478573799133e-02,-6.674735993146896362e-02,-4.392813146114349365e-02,-2.208990305662155151e-01,-3.614715635776519775e-01,-1.205991394817829132e-02,-1.048472598195075989e-01,1.664152741432189941e-01,-5.118734389543533325e-02,-1.024036481976509094e-01,1.855980604887008667e-01,-4.324196279048919678e-01,3.510779738426208496e-01,-4.550845324993133545e-01,1.380960464477539062e+00,-8.713576197624206543e-02,-1.512352079153060913e-01,-5.622655153274536133e-02,-3.227352797985076904e-01,-4.368033409118652344e-01,7.964503765106201172e-01,1.042541384696960449e+00,-2.061337381601333618e-01,-9.281339496374130249e-02,1.825902312994003296e-01
3.839143216609954834e-01,2.362926304340362549e-01,5.334279537200927734e-01,-6.281045079231262207e-02,-8.388087153434753418e-03,9.682505130767822266e-01,2.418170124292373657e-01,-4.551809281110763550e-02,3.965784609317779541e-01,7.672075033187866211e-01,1.999816298484802246e-02,3.987706452608108521e-02,-6.401725858449935913e-02,-3.284712508320808411e-02,-2.104690521955490112e-01,-3.353050947189331055e-01,-1.896881312131881714e-02,-1.338017880916595459e-01,1.578614860773086548e-01,-6.574960798025131226e-02,-8.246100693941116333e-02,1.630995273590087891e-01,-4.956165254116058350e-01,4.466386735439300537e-01,-4.785597622394561768e-01,1.362225651741027832e+00,-2.466255985200405121e-02,-1.578600108623504639e-01,-7.701025903224945068e-02,-2.948553562164306641e-01,-5.605166554450988770e-01,7.937862873077392578e-01,1.046949744224548340e+00,-2.546587288379669189e-01,-1.105074062943458557e-01,2.526653409004211426e-01
3.909440338611602783e-01,2.438767999410629272e-01,5.352376699447631836e-01,-5.519869178533554077e-02,-5.003861151635646820e-03,9.655944705009460449e-01,2.540776133537292480e-01,-4.930188506841659546e-02,3.865457177162170410e-01,7.331590652465820312e-01,4.580055177211761475e-02,1.453233696520328522e-02,-5.731920897960662842e-02,-3.035572543740272522e-02,-2.028038501739501953e-01,-3.153585195541381836e-01,-2.063108421862125397e-02,-1.429511606693267822e-01,1.533290892839431763e-01,-6.969419866800308228e-02,-6.927553564310073853e-02,1.604655832052230835e-01,-5.558809638023376465e-01,5.186141729354858398e-01,-4.817018806934356689e-01,1.345700740814208984e+00,-1.514749787747859955e-02,-1.615315675735473633e-01,-8.818022161722183228e-02,-2.806619405746459961e-01,-6.412648558616638184e-01,7.739850282669067383e-01,1.051570057868957520e+00,-2.635342478752136230e-01,-1.211888790130615234e-01,2.913649678230285645e-01
3.910591602325439453e-01,2.527114748954772949e-01,5.374891757965087891e-01,-4.825776070356369019e-02,-1.203782157972455025e-03,9.606795310974121094e-01,2.734310328960418701e-01,-5.764805525541305542e-02,3.711673021316528320e-01,7.215579748153686523e-01,9.684984385967254639e-02,-1.147346012294292450e-02,-3.998192772269248962e-02,-2.453062124550342560e-02,-1.968150734901428223e-01,-2.826784849166870117e-01,-2.315618470311164856e-02,-1.502622514963150024e-01,1.606945097446441650e-01,-8.944907039403915405e-02,-4.417245835065841675e-02,1.342659741640090942e-01,-6.937866210937500000e-01,6.851842999458312988e-01,-5.642081499099731445e-01,1.295192718505859375e+00,7.520388811826705933e-02,-1.707421839237213135e-01,-1.033406406641006470e-01,-2.696999907493591309e-01,-7.967225909233093262e-01,7.785879969596862793e-01,1.047261357307434082e+00,-3.078283071517944336e-01,-1.421735584735870361e-01,3.348305523395538330e-01
3.916838169097900391e-01,2.615770399570465088e-01,5.395911931991577148e-01,-4.417900368571281433e-02,1.979758497327566147e-03,9.547297358512878418e-01,2.941690087318420410e-01,-7.954912632703781128e-02,3.622504770755767822e-01,6.858478188514709473e-01,1.467960625886917114e-01,-2.643718384206295013e-02,-3.016301803290843964e-02,-2.549918368458747864e-02,-1.878172457218170166e-01,-2.559114694595336914e-01,-2.600684575736522675e-02,-1.535838991403579712e-01,1.687994152307510376e-01,-1.010102778673171997e-01,-1.603259705007076263e-02,1.075434610247612000e-01,-8.788705468177795410e-01,8.908709883689880371e-01,-6.429002881050109863e-01,1.221757054328918457e+00,1.668024063110351562e-01,-1.671656072139739990e-01,-1.209400445222854614e-01,-2.649707198143005371e-01,-9.767034053802490234e-01,7.383726239204406738e-01,1.017814517021179199e+00,-3.383702337741851807e-01,-1.687994301319122314e-01,3.927756845951080322e-01
3.890982270240783691e-01,2.653793692588806152e-01,5.422538518905639648e-01,-3.783585503697395325e-02,5.706684198230504990e-03,9.494575858116149902e-01,3.115545213222503662e-01,-1.084323897957801819e-01,3.586061596870422363e-01,6.640335917472839355e-01,2.147448211908340454e-01,-2.703011594712734222e-02,-2.367633581161499023e-02,-2.370526082813739777e-02,-1.936753243207931519e-01,-2.389464676380157471e-01,-1.922841556370258331e-02,-1.547052562236785889e-01,1.858838498592376709e-01,-1.207788586616516113e-01,1.602020300924777985e-02,8.604978024959564209e-02,-1.101552605628967285e+00,1.092125058174133301e+00,-7.631888985633850098e-01,1.167642712593078613e+00,2.565594613552093506e-01,-1.686675548553466797e-01,-1.080640405416488647e-01,-2.842283546924591064e-01,-1.159906744956970215e+00,6.961960792541503906e-01,1.017346739768981934e+00,-3.528869152069091797e-01,-1.804269254207611084e-01,4.065151214599609375e-01
3.829654455184936523e-01,2.700003981590270996e-01,5.447524785995483398e-01,-3.320530802011489868e-02,5.943482276052236557e-03,9.425303936004638672e-01,3.324132561683654785e-01,-1.335788369178771973e-01,3.510426878929138184e-01,6.281734704971313477e-01,2.492666691541671753e-01,-2.700387313961982727e-02,-3.266069293022155762e-02,-1.976709067821502686e-02,-1.903676539659500122e-01,-2.039468288421630859e-01,-1.506910473108291626e-02,-1.444969177246093750e-01,1.997843086719512939e-01,-1.274110525846481323e-01,5.082650482654571533e-02,6.632255762815475464e-02,-1.330323457717895508e+00,1.237517595291137695e+00,-8.855062723159790039e-01,1.138337254524230957e+00,2.942802608013153076e-01,-1.799830347299575806e-01,-6.798477470874786377e-02,-3.167855441570281982e-01,-1.319469571113586426e+00,6.659811735153198242e-01,1.021747231483459473e+00,-3.412646949291229248e-01,-1.942090094089508057e-01,3.954770863056182861e-01
3.784028589725494385e-01,2.728321254253387451e-01,5.466591119766235352e-01,-2.965261042118072510e-02,6.144443992525339127e-03,9.380290508270263672e-01,3.452310264110565186e-01,-1.435800194740295410e-01,3.402909040451049805e-01,6.069884896278381348e-01,2.579359710216522217e-01,-3.762913495302200317e-02,-3.665031865239143372e-02,-1.437023933976888657e-02,-1.900597214698791504e-01,-1.864130944013595581e-01,-1.238898467272520065e-02,-1.360831856727600098e-01,2.117907106876373291e-01,-1.205687373876571655e-01,6.993946433067321777e-02,6.002169847488403320e-02,-1.475098252296447754e+00,1.299023509025573730e+00,-9.749025702476501465e-01,1.130228996276855469e+00,2.994260787963867188e-01,-1.878430694341659546e-01,-4.601181298494338989e-02,-3.340582251548767090e-01,-1.402139782905578613e+00,6.385809183120727539e-01,1.039923906326293945e+00,-3.229132294654846191e-01,-1.959931403398513794e-01,3.827575445175170898e-01
3.721137940883636475e-01,2.747544944286346436e-01,5.474475622177124023e-01,-2.703536488115787506e-02,5.093487561680376530e-04,9.323328733444213867e-01,3.605886995792388916e-01,-1.769436746835708618e-01,3.461556136608123779e-01,5.758289694786071777e-01,2.752411663532257080e-01,-4.042470082640647888e-02,-5.417313426733016968e-02,-3.581338562071323395e-03,-1.778031885623931885e-01,-1.614274233579635620e-01,-1.942551694810390472e-02,-1.200978606939315796e-01,2.222354114055633545e-01,-1.087727770209312439e-01,8.077529817819595337e-02,5.345971509814262390e-02,-1.863027572631835938e+00,1.326464056968688965e+00,-1.271715164184570312e+00,1.165904283523559570e+00,2.664700448513031006e-01,-2.020629793405532837e-01,-4.244606569409370422e-02,-3.370809853076934814e-01,-1.494608402252197266e+00,5.622835755348205566e-01,1.065728068351745605e+00,-2.790175676345825195e-01,-2.007477134466171265e-01,3.735890984535217285e-01
3.586994707584381104e-01,2.800171375274658203e-01,5.477654933929443359e-01,-2.338158898055553436e-02,-6.626282356592128053e-06,9.280082583427429199e-01,3.718251883983612061e-01,-1.884726434946060181e-01,3.393182456493377686e-01,5.670902729034423828e-01,2.762860953807830811e-01,-3.685709834098815918e-02,-6.557012349367141724e-02,1.092226244509220123e-02,-1.850246638059616089e-01,-1.437007933855056763e-01,-6.390028167515993118e-03,-1.300280392169952393e-01,2.355012595653533936e-01,-9.335178881883621216e-02,1.191604286432266235e-01,2.515376359224319458e-02,-2.016173601150512695e+00,1.332060337066650391e+00,-1.379571318626403809e+00,1.170736312866210938e+00,2.803430259227752686e-01,-1.999084502458572388e-01,1.922077732160687447e-03,-3.558230698108673096e-01,-1.609364628791809082e+00,5.404697656631469727e-01,1.071950197219848633e+00,-2.728915214538574219e-01,-1.975248306989669800e-01,3.327315747737884521e-01
3.500126898288726807e-01,2.866533696651458740e-01,5.466828346252441406e-01,-2.207979373633861542e-02,-1.256404211744666100e-03,9.232317805290222168e-01,3.836065828800201416e-01,-1.988545805215835571e-01,3.372212648391723633e-01,5.455563068389892578e-01,2.659910321235656738e-01,-4.709282889962196350e-02,-7.553437352180480957e-02,1.788788102567195892e-02,-1.826442331075668335e-01,-1.231948807835578918e-01,3.005974460393190384e-03,-1.470547020435333252e-01,2.409901469945907593e-01,-6.905637681484222412e-02,1.707263588905334473e-01,1.117309648543596268e-02,-2.111012935638427734e+00,1.320701718330383301e+00,-1.399999856948852539e+00,1.180866360664367676e+00,3.129175603389739990e-01,-1.974862366914749146e-01,2.979767322540283203e-02,-3.879477083683013916e-01,-1.712881207466125488e+00,5.093258619308471680e-01,1.065043926239013672e+00,-2.741646170616149902e-01,-1.966667175292968750e-01,2.949001789093017578e-01
3.359557390213012695e-01,2.950929403305053711e-01,5.446453094482421875e-01,-2.157535031437873840e-02,-2.177739981561899185e-03,9.181442856788635254e-01,3.956524431705474854e-01,-2.100934237241744995e-01,3.368955254554748535e-01,5.160086750984191895e-01,2.638961970806121826e-01,-5.262241512537002563e-02,-8.364692330360412598e-02,2.907977066934108734e-02,-1.838436275720596313e-01,-9.089586138725280762e-02,1.397599093616008759e-02,-1.729152500629425049e-01,2.371795326471328735e-01,-4.466222599148750305e-02,2.135047912597656250e-01,-1.496639195829629898e-02,-2.177915573120117188e+00,1.310435533523559570e+00,-1.399999976158142090e+00,1.194253802299499512e+00,3.358178734779357910e-01,-2.029682844877243042e-01,4.578095301985740662e-02,-4.168436527252197266e-01,-1.801518797874450684e+00,4.843947291374206543e-01,1.024694204330444336e+00,-2.671425640583038330e-01,-2.069016695022583008e-01,2.685351669788360596e-01
3.222093582153320312e-01,2.987755239009857178e-01,5.409437417984008789e-01,-2.032956853508949280e-02,-1.520513556897640228e-03,9.152705073356628418e-01,4.023236036300659180e-01,-2.055373191833496094e-01,3.386306166648864746e-01,5.171263813972473145e-01,2.696308791637420654e-01,-6.980747729539871216e-02,-8.592458814382553101e-02,3.729173541069030762e-02,-1.978745907545089722e-01,-8.421368896961212158e-02,3.011367283761501312e-02,-2.088991999626159668e-01,2.441036999225616455e-01,-1.965007558465003967e-02,2.444150298833847046e-01,-3.719446435570716858e-02,-2.216371297836303711e+00,1.301531076431274414e+00,-1.399999976158142090e+00,1.199737787246704102e+00,3.472318053245544434e-01,-2.004080265760421753e-01,7.738398760557174683e-02,-4.431484937667846680e-01,-1.871371984481811523e+00,4.598640203475952148e-01,9.852886795997619629e-01,-2.453083693981170654e-01,-2.130386233329772949e-01,2.305602282285690308e-01
3.049303591251373291e-01,3.035871982574462891e-01,5.363560914993286133e-01,-2.291290462017059326e-02,-3.339746966958045959e-03,9.118876457214355469e-01,4.097863137722015381e-01,-2.160355448722839355e-01,3.421019613742828369e-01,4.829128384590148926e-01,2.871783971786499023e-01,-8.768276125192642212e-02,-8.574941754341125488e-02,3.982097283005714417e-02,-2.055881023406982422e-01,-6.321109831333160400e-02,5.053096637129783630e-02,-2.422291040420532227e-01,2.423008084297180176e-01,7.316516712307929993e-03,2.962754964828491211e-01,-6.744072586297988892e-02,-2.265295505523681641e+00,1.298306822776794434e+00,-1.399999976158142090e+00,1.216963052749633789e+00,3.653974235057830811e-01,-1.887968331575393677e-01,1.175910905003547668e-01,-4.723929762840270996e-01,-1.961065053939819336e+00,4.268651902675628662e-01,9.216022491455078125e-01,-2.272263020277023315e-01,-2.091072648763656616e-01,1.690184324979782104e-01
2.885666787624359131e-01,3.082906901836395264e-01,5.307599306106567383e-01,-2.346589230000972748e-02,-2.011132193729281425e-03,9.087448120117187500e-01,4.166871309280395508e-01,-2.249809950590133667e-01,3.385585844516754150e-01,4.503995776176452637e-01,3.214823603630065918e-01,-1.121874526143074036e-01,-8.683117479085922241e-02,3.761261701583862305e-02,-2.221991270780563354e-01,-4.496756568551063538e-02,8.431352674961090088e-02,-2.922584712505340576e-01,2.318568676710128784e-01,2.605465240776538849e-02,3.345287442207336426e-01,-1.024040356278419495e-01,-2.301036834716796875e+00,1.298185467720031738e+00,-1.399999976158142090e+00,1.217150211334228516e+00,3.672591447830200195e-01,-1.891400218009948730e-01,1.768455803394317627e-01,-4.954544901847839355e-01,-2.033092975616455078e+00,3.901905715465545654e-01,8.349310159683227539e-01,-2.152490764856338501e-01,-2.115492075681686401e-01,6.618406623601913452e-02
2.684736549854278564e-01,3.076479434967041016e-01,5.240736007690429688e-01,-2.385543100535869598e-02,-1.945655792951583862e-03,9.071120619773864746e-01,4.202080667018890381e-01,-2.302298247814178467e-01,3.298731744289398193e-01,4.241353273391723633e-01,3.683034479618072510e-01,-1.529932022094726562e-01,-8.597956597805023193e-02,3.534471616148948669e-02,-2.483680099248886108e-01,-3.897514194250106812e-02,1.216391474008560181e-01,-3.293760716915130615e-01,2.354035675525665283e-01,4.278803616762161255e-02,3.729911446571350098e-01,-1.384595632553100586e-01,-2.325807571411132812e+00,1.302117824554443359e+00,-1.399999976158142090e+00,1.210371494293212891e+00,3.749082088470458984e-01,-1.837861388921737671e-01,2.324312776327133179e-01,-5.104647278785705566e-01,-2.102543830871582031e+00,3.488216698169708252e-01,7.483646273612976074e-01,-2.029565274715423584e-01,-2.081346064805984497e-01,-2.414126321673393250e-02
2.502127289772033691e-01,3.081171512603759766e-01,5.169856548309326172e-01,-2.327912300825119019e-02,4.335782432463020086e-05,9.061593413352966309e-01,4.222953617572784424e-01,-2.418590188026428223e-01,3.159204423427581787e-01,4.132394194602966309e-01,4.377346932888031006e-01,-2.230287343263626099e-01,-7.142866402864456177e-02,2.646078355610370636e-02,-2.775301933288574219e-01,-3.180803358554840088e-02,1.742180734872817993e-01,-3.710989654064178467e-01,2.310662120580673218e-01,5.749328061938285828e-02,4.071252644062042236e-01,-1.757079362869262695e-01,-2.346726179122924805e+00,1.314516425132751465e+00,-1.399999976158142090e+00,1.200600624084472656e+00,3.844237625598907471e-01,-1.775205135345458984e-01,2.997702658176422119e-01,-5.341190099716186523e-01,-2.170996189117431641e+00,2.990510463714599609e-01,6.397122740745544434e-01,-1.772731393575668335e-01,-2.049175500869750977e-01,-1.347410678863525391e-01
2.314258217811584473e-01,3.087699711322784424e-01,5.094059705734252930e-01,-2.451765723526477814e-02,7.814769051037728786e-04,9.045305848121643066e-01,4.257025420665740967e-01,-2.509526312351226807e-01,3.058646321296691895e-01,4.005796909332275391e-01,4.985855221748352051e-01,-2.891356050968170166e-01,-5.355583876371383667e-02,1.083932351320981979e-02,-3.049732446670532227e-01,-3.300010412931442261e-02,2.344793677330017090e-01,-3.948262035846710205e-01,2.310572862625122070e-01,6.448583304882049561e-02,4.361825585365295410e-01,-2.045293301343917847e-01,-2.360142230987548828e+00,1.325741291046142578e+00,-1.399999976158142090e+00,1.189761400222778320e+00,3.780218362808227539e-01,-1.725750863552093506e-01,3.594105839729309082e-01,-5.486556887626647949e-01,-2.214100360870361328e+00,2.620812952518463135e-01,5.521706938743591309e-01,-1.640173345804214478e-01,-2.010989934206008911e-01,-2.385281026363372803e-01
2.109562158584594727e-01,3.097932040691375732e-01,5.017970800399780273e-01,-2.414213120937347412e-02,1.222525606863200665e-03,9.038989543914794922e-01,4.270624816417694092e-01,-2.671276628971099854e-01,2.920731902122497559e-01,3.865360617637634277e-01,5.876252651214599609e-01,-3.541635572910308838e-01,-3.113251551985740662e-02,-7.185574155300855637e-03,-3.385914862155914307e-01,-4.161764308810234070e-02,3.145624995231628418e-01,-3.998137712478637695e-01,2.292386144399642944e-01,7.537431269884109497e-02,4.622716307640075684e-01,-2.405993044376373291e-01,-2.381429433822631836e+00,1.324429988861083984e+00,-1.399999976158142090e+00,1.176267743110656738e+00,3.798897862434387207e-01,-1.664581149816513062e-01,4.265834987163543701e-01,-5.706108212471008301e-01,-2.251165151596069336e+00,2.169593572616577148e-01,4.536018669605255127e-01,-1.441773176193237305e-01,-2.004850804805755615e-01,-3.587497472763061523e-01
1.936407685279846191e-01,3.126402199268341064e-01,4.926455914974212646e-01,-2.462372928857803345e-02,3.774186130613088608e-03,9.044094681739807129e-01,4.259377121925354004e-01,-2.880472540855407715e-01,2.774052619934082031e-01,3.724919557571411133e-01,6.698090434074401855e-01,-4.188309907913208008e-01,-9.626201353967189789e-03,-3.379555791616439819e-02,-3.741116821765899658e-01,-5.008851736783981323e-02,4.080033600330352783e-01,-4.079630374908447266e-01,2.212340831756591797e-01,7.102975994348526001e-02,4.776183068752288818e-01,-2.764546871185302734e-01,-2.397985219955444336e+00,1.314923405647277832e+00,-1.399999976158142090e+00,1.153920292854309082e+00,3.618518114089965820e-01,-1.680729687213897705e-01,4.980263113975524902e-01,-5.984867811203002930e-01,-2.251499891281127930e+00,1.855508089065551758e-01,3.649993240833282471e-01,-1.526613682508468628e-01,-1.901396363973617554e-01,-4.844555854797363281e-01
1.777667552232742310e-01,3.105793297290802002e-01,4.830633699893951416e-01,-1.938792131841182709e-02,4.154206253588199615e-03,9.048080444335937500e-01,4.253577589988708496e-01,-3.003367483615875244e-01,2.609059214591979980e-01,3.683062195777893066e-01,7.514000535011291504e-01,-4.728235602378845215e-01,1.246345229446887970e-02,-5.707607790827751160e-02,-4.106367230415344238e-01,-3.972068801522254944e-02,5.105519294738769531e-01,-4.070396125316619873e-01,2.147287130355834961e-01,6.520461291074752808e-02,4.826903343200683594e-01,-3.002968430519104004e-01,-2.432821989059448242e+00,1.298290252685546875e+00,-1.399999976158142090e+00,1.149570941925048828e+00,3.241807222366333008e-01,-1.626369357109069824e-01,5.446286201477050781e-01,-6.357344388961791992e-01,-2.250473499298095703e+00,1.609119325876235962e-01,2.848790287971496582e-01,-1.603848338127136230e-01,-1.686392873525619507e-01,-5.904111862182617188e-01
1.638849377632141113e-01,3.117703199386596680e-01,4.726951420307159424e-01,-1.334535889327526093e-02,8.071741089224815369e-03,9.065859913825988770e-01,4.217327833175659180e-01,-3.022404313087463379e-01,2.335562258958816528e-01,3.625487387180328369e-01,8.110967874526977539e-01,-5.330070257186889648e-01,2.890215441584587097e-02,-7.442555576562881470e-02,-4.439729154109954834e-01,-7.508084177970886230e-03,6.032149791717529297e-01,-4.140210151672363281e-01,2.152128368616104126e-01,5.226149410009384155e-02,4.882185757160186768e-01,-3.250377774238586426e-01,-2.468766450881958008e+00,1.277333974838256836e+00,-1.399999976158142090e+00,1.138623595237731934e+00,2.721736133098602295e-01,-1.744160056114196777e-01,5.657225251197814941e-01,-6.873832941055297852e-01,-2.247457027435302734e+00,1.461329162120819092e-01,2.096710652112960815e-01,-1.626648902893066406e-01,-1.592255234718322754e-01,-6.744734048843383789e-01
1.557055711746215820e-01,3.082555532455444336e-01,4.616978466510772705e-01,-6.985547952353954315e-03,8.612994104623794556e-03,9.079492688179016113e-01,4.189332723617553711e-01,-3.000003695487976074e-01,2.075543254613876343e-01,3.518648445606231689e-01,8.462283611297607422e-01,-6.071087718009948730e-01,5.102656781673431396e-02,-8.755964040756225586e-02,-4.709995985031127930e-01,1.188424415886402130e-02,6.667135953903198242e-01,-4.305865168571472168e-01,2.091367542743682861e-01,5.012449249625205994e-02,4.920633733272552490e-01,-3.440374135971069336e-01,-2.490768432617187500e+00,1.261118054389953613e+00,-1.399999976158142090e+00,1.122765779495239258e+00,2.545494437217712402e-01,-1.716345250606536865e-01,6.089477539062500000e-01,-7.362864613533020020e-01,-2.236398220062255859e+00,1.369847357273101807e-01,1.494415402412414551e-01,-1.801280379295349121e-01,-1.372771710157394409e-01,-7.718013525009155273e-01
1.461074203252792358e-01,3.078916668891906738e-01,4.512570798397064209e-01,2.641936298459768295e-03,8.255545981228351593e-03,9.086167812347412109e-01,4.175408780574798584e-01,-2.915677428245544434e-01,1.877869516611099243e-01,3.448141515254974365e-01,8.997432589530944824e-01,-6.601501107215881348e-01,6.890677660703659058e-02,-9.038929641246795654e-02,-4.949101209640502930e-01,3.741191327571868896e-02,7.286819219589233398e-01,-4.353700578212738037e-01,2.037220895290374756e-01,3.447827696800231934e-02,4.963867664337158203e-01,-3.610393702983856201e-01,-2.505119085311889648e+00,1.250890851020812988e+00,-1.399999976158142090e+00,1.095347046852111816e+00,2.126731723546981812e-01,-1.796405017375946045e-01,6.426847577095031738e-01,-7.895961999893188477e-01,-2.208447694778442383e+00,1.245745345950126648e-01,7.932823151350021362e-02,-1.811122596263885498e-01,-1.327688097953796387e-01,-8.420705795288085938e-01
1.366725116968154907e-01,3.072651028633117676e-01,4.418272674083709717e-01,1.204044464975595474e-02,8.690721355378627777e-03,9.093964099884033203e-01,4.156653881072998047e-01,-2.813551723957061768e-01,1.678618937730789185e-01,3.435865342617034912e-01,9.473614096641540527e-01,-7.031564712524414062e-01,7.924722880125045776e-02,-8.472468703985214233e-02,-5.167240500450134277e-01,6.478033959865570068e-02,7.724424004554748535e-01,-4.416812956333160400e-01,2.035615891218185425e-01,2.202569693326950073e-02,5.014181137084960938e-01,-3.812015950679779053e-01,-2.523578882217407227e+00,1.242741346359252930e+00,-1.399999976158142090e+00,1.083606839179992676e+00,1.761828213930130005e-01,-1.750868856906890869e-01,6.712820529937744141e-01,-8.375715017318725586e-01,-2.190425872802734375e+00,1.135715246200561523e-01,1.550251338630914688e-02,-1.908041387796401978e-01,-1.216334849596023560e-01,-9.022860527038574219e-01
1.265451312065124512e-01,3.064982891082763672e-01,4.339355528354644775e-01,1.871659047901630402e-02,9.354324080049991608e-03,9.097357392311096191e-01,4.146602451801300049e-01,-2.689086198806762695e-01,1.471982449293136597e-01,3.451977074146270752e-01,9.799818396568298340e-01,-7.439219951629638672e-01,9.190109372138977051e-02,-7.717300206422805786e-02,-5.366743206977844238e-01,8.753424882888793945e-02,7.977345585823059082e-01,-4.399286508560180664e-01,2.045035362243652344e-01,1.277727633714675903e-02,5.054668188095092773e-01,-3.999201059341430664e-01,-2.522508859634399414e+00,1.245938301086425781e+00,-1.399999976158142090e+00,1.058146476745605469e+00,1.516906172037124634e-01,-1.726703941822052002e-01,6.999876499176025391e-01,-8.848292827606201172e-01,-2.159431695938110352e+00,1.141289994120597839e-01,-4.455263167619705200e-02,-2.020679861307144165e-01,-1.080499589443206787e-01,-9.569640159606933594e-01
1.138401031494140625e-01,3.055227994918823242e-01,4.297116696834564209e-01,2.321011573076248169e-02,9.086337871849536896e-03,9.105130434036254883e-01,4.127283990383148193e-01,-2.532417178153991699e-01,1.229769140481948853e-01,3.430045545101165771e-01,9.970363378524780273e-01,-7.644330859184265137e-01,1.042008697986602783e-01,-6.295488029718399048e-02,-5.503184199333190918e-01,1.116755753755569458e-01,8.036137223243713379e-01,-4.044505357742309570e-01,2.123814225196838379e-01,-2.048606984317302704e-03,5.092340707778930664e-01,-4.138850271701812744e-01,-2.506236314773559570e+00,1.267511248588562012e+00,-1.399999976158142090e+00,1.035981655120849609e+00,1.109859198331832886e-01,-1.728068888187408447e-01,7.184259891510009766e-01,-9.374013543128967285e-01,-2.122807025909423828e+00,1.160682737827301025e-01,-1.007842719554901123e-01,-2.180096358060836792e-01,-9.782615303993225098e-02,-1.000319838523864746e+00
1.019215062260627747e-01,3.055158257484436035e-01,4.308809936046600342e-01,2.393473125994205475e-02,5.618677008897066116e-03,9.100769162178039551e-01,4.137095808982849121e-01,-2.309729009866714478e-01,1.078603938221931458e-01,3.381315469741821289e-01,9.866123199462890625e-01,-7.676801085472106934e-01,1.131266057491302490e-01,-4.480066150426864624e-02,-5.503427982330322266e-01,1.255127042531967163e-01,7.827062010765075684e-01,-3.497149646282196045e-01,2.172902226448059082e-01,-1.369399670511484146e-02,5.092511177062988281e-01,-4.331428110599517822e-01,-2.462802648544311523e+00,1.308860182762145996e+00,-1.399999976158142090e+00,1.012341022491455078e+00,7.901816815137863159e-02,-1.778644919395446777e-01,7.293369770050048828e-01,-9.935463070869445801e-01,-2.075466871261596680e+00,1.108673810958862305e-01,-1.589276492595672607e-01,-2.426417320966720581e-01,-8.723066747188568115e-02,-1.054435729980468750e+00
9.525810927152633667e-02,3.083288669586181641e-01,4.391100108623504639e-01,2.433654479682445526e-02,3.786386456340551376e-03,9.108369350433349609e-01,4.120309650897979736e-01,-2.022082060575485229e-01,9.955365210771560669e-02,3.360748291015625000e-01,9.451928734779357910e-01,-7.293896675109863281e-01,1.011151447892189026e-01,-2.735780179500579834e-02,-5.493146181106567383e-01,1.280383914709091187e-01,7.509618997573852539e-01,-2.803333699703216553e-01,2.194738835096359253e-01,-2.860907651484012604e-02,5.099652409553527832e-01,-4.447761476039886475e-01,-2.392682790756225586e+00,1.367625713348388672e+00,-1.399999976158142090e+00,9.870276451110839844e-01,5.042033270001411438e-02,-1.891149878501892090e-01,7.262499332427978516e-01,-1.061812281608581543e+00,-2.021123886108398438e+00,9.463398903608322144e-02,-1.963375359773635864e-01,-2.802088558673858643e-01,-7.039685547351837158e-02,-1.106967806816101074e+00
7.897622138261795044e-02,3.175771236419677734e-01,4.536349475383758545e-01,1.615872792899608612e-02,-2.762485994026064873e-03,9.092851281166076660e-01,4.158506691455841064e-01,-1.514814049005508423e-01,1.022169888019561768e-01,3.378917276859283447e-01,8.666324019432067871e-01,-6.741893887519836426e-01,9.835299104452133179e-02,-1.194510422646999359e-02,-5.496743917465209961e-01,9.422897547483444214e-02,6.872671246528625488e-01,-1.828403919935226440e-01,1.967433094978332520e-01,-4.349934309720993042e-02,5.085124969482421875e-01,-4.564363360404968262e-01,-2.266335248947143555e+00,1.453520059585571289e+00,-1.399999976158142090e+00,9.226248860359191895e-01,1.333860587328672409e-02,-2.088775634765625000e-01,7.106543183326721191e-01,-1.131081223487854004e+00,-1.916516423225402832e+00,5.889939144253730774e-02,-2.167908698320388794e-01,-2.873914837837219238e-01,-6.779073178768157959e-02,-1.174030542373657227e+00
6.508425623178482056e-02,3.350896537303924561e-01,4.729311168193817139e-01,3.102064132690429688e-03,-1.220639329403638840e-02,9.069749116897583008e-01,4.209963083267211914e-01,-8.931273221969604492e-02,1.179507598280906677e-01,3.256365060806274414e-01,7.539746165275573730e-01,-5.839548110961914062e-01,1.072717234492301941e-01,2.142370305955410004e-02,-5.052766203880310059e-01,5.723395571112632751e-02,5.726049542427062988e-01,-2.182882279157638550e-02,1.968335509300231934e-01,-6.849645823240280151e-02,5.030220746994018555e-01,-4.741369783878326416e-01,-2.082153081893920898e+00,1.593610525131225586e+00,-1.399999976158142090e+00,8.128184676170349121e-01,4.894938785582780838e-03,-2.270509153604507446e-01,6.662653684616088867e-01,-1.200876116752624512e+00,-1.778564810752868652e+00,-1.662400923669338226e-02,-2.484686672687530518e-01,-2.953101992607116699e-01,-7.184366881847381592e-02,-1.243154048919677734e+00
6.317497789859771729e-02,3.341867923736572266e-01,4.930723607540130615e-01,-1.853426173329353333e-02,-2.304085530340671539e-02,9.093461632728576660e-01,4.149881303310394287e-01,-4.379618540406227112e-02,1.374737620353698730e-01,2.853545844554901123e-01,5.864876508712768555e-01,-4.347246885299682617e-01,6.148367375135421753e-02,5.215210095047950745e-02,-4.494699239730834961e-01,-3.155793622136116028e-02,4.315308928489685059e-01,1.199832782149314880e-01,2.311197668313980103e-01,-7.735285907983779907e-02,4.395520985126495361e-01,-4.979767203330993652e-01,-1.909317016601562500e+00,1.696864128112792969e+00,-1.397745251655578613e+00,7.146860361099243164e-01,8.488388732075691223e-03,-2.555747330188751221e-01,5.929310321807861328e-01,-1.246313214302062988e+00,-1.629953384399414062e+00,-1.351982653141021729e-01,-1.932382732629776001e-01,-3.463631868362426758e-01,-3.160286694765090942e-02,-1.362054586410522461e+00
6.233762949705123901e-02,3.351281881332397461e-01,5.193426609039306641e-01,-2.730687893927097321e-02,-2.949251048266887665e-02,9.175194501876831055e-01,3.956546783447265625e-01,-8.005877025425434113e-03,1.584714502096176147e-01,2.310002595186233521e-01,4.495941996574401855e-01,-2.668624520301818848e-01,1.784794032573699951e-02,8.168254792690277100e-02,-3.691911995410919189e-01,-7.643994688987731934e-02,3.311661183834075928e-01,2.600373029708862305e-01,2.617998421192169189e-01,-1.037651225924491882e-01,3.270880579948425293e-01,-5.185155868530273438e-01,-1.804505825042724609e+00,1.723674774169921875e+00,-1.378007531166076660e+00,6.198705434799194336e-01,-2.454832009971141815e-02,-2.874674499034881592e-01,5.474953651428222656e-01,-1.241912364959716797e+00,-1.533812165260314941e+00,-2.621548771858215332e-01,-1.570849716663360596e-01,-4.115745723247528076e-01,2.204620838165283203e-02,-1.445262074470520020e+00
6.943147629499435425e-02,3.410512208938598633e-01,5.478987693786621094e-01,-4.613280668854713440e-02,-4.204997420310974121e-02,9.280198216438293457e-01,3.672638535499572754e-01,2.714737877249717712e-02,1.758879125118255615e-01,9.237740188837051392e-02,2.390345484018325806e-01,3.064663149416446686e-02,-6.857580691576004028e-02,1.192246526479721069e-01,-2.158732712268829346e-01,-1.789799183607101440e-01,2.043095678091049194e-01,4.342756569385528564e-01,2.617999911308288574e-01,-1.065957471728324890e-01,6.085311621427536011e-02,-5.199999809265136719e-01,-1.542749047279357910e+00,1.631655812263488770e+00,-1.191187143325805664e+00,4.962329268455505371e-01,-7.652489840984344482e-02,-3.400546312332153320e-01,4.596387445926666260e-01,-1.134729504585266113e+00,-1.425092697143554688e+00,-5.720611214637756348e-01,-1.838272362947463989e-01,-5.511143207550048828e-01,1.292545199394226074e-01,-1.567559123039245605e+00
7.141203433275222778e-02,3.501983582973480225e-01,5.794744491577148438e-01,-7.068721204996109009e-02,-4.764415696263313293e-02,9.442825317382812500e-01,3.179053962230682373e-01,-7.137940265238285065e-04,2.126185148954391479e-01,3.086786344647407532e-02,1.388658881187438965e-01,2.859804034233093262e-01,-1.634550094604492188e-01,7.195346057415008545e-02,-1.110056415200233459e-01,-2.642305195331573486e-01,1.742447763681411743e-01,5.011797547340393066e-01,2.617999911308288574e-01,-3.508320078253746033e-03,-1.869798749685287476e-01,-5.199999809265136719e-01,-1.158177256584167480e+00,1.333300471305847168e+00,-8.725206255912780762e-01,4.273955225944519043e-01,2.815784141421318054e-02,-3.736025393009185791e-01,4.247496426105499268e-01,-1.097635507583618164e+00,-1.466484904289245605e+00,-6.966693401336669922e-01,-1.868960559368133545e-01,-5.727418661117553711e-01,1.837384998798370361e-01,-1.554532170295715332e+00
6.266492605209350586e-02,3.546050190925598145e-01,6.102046966552734375e-01,-7.804922759532928467e-02,-3.728930279612541199e-02,9.577998518943786621e-01,2.741117179393768311e-01,-6.535961478948593140e-02,2.333521991968154907e-01,-2.299409173429012299e-02,1.228673458099365234e-01,4.037257432937622070e-01,-2.388656139373779297e-01,-4.656214267015457153e-03,-5.285595357418060303e-02,-3.158927857875823975e-01,1.921994835138320923e-01,5.235999822616577148e-01,2.617999911308288574e-01,6.964991241693496704e-02,-4.106767177581787109e-01,-4.478222727775573730e-01,-1.082921504974365234e+00,1.165429592132568359e+00,-8.447981476783752441e-01,3.077766597270965576e-01,1.762592047452926636e-01,-3.919534981250762939e-01,3.917630314826965332e-01,-1.160825967788696289e+00,-1.481692433357238770e+00,-5.966896414756774902e-01,-4.070607945322990417e-02,-4.047605991363525391e-01,1.570334732532501221e-01,-1.460280776023864746e+00
5.517430976033210754e-02,3.537338376045227051e-01,6.334254741668701172e-01,-7.628155499696731567e-02,-3.601920232176780701e-02,9.712584614753723145e-01,2.225775867700576782e-01,-1.628774255514144897e-01,2.670556008815765381e-01,-1.472371537238359451e-02,1.811663806438446045e-01,3.515516221523284912e-01,-2.268847376108169556e-01,-1.414366252720355988e-02,6.632626056671142578e-03,-2.948463261127471924e-01,1.387373656034469604e-01,4.769669175148010254e-01,2.617999911308288574e-01,1.632756590843200684e-01,-5.199999809265136719e-01,-2.751653492450714111e-01,-1.121305108070373535e+00,1.007849574089050293e+00,-8.147172331809997559e-01,1.625266671180725098e-01,1.957103461027145386e-01,-3.747147917747497559e-01,3.712721467018127441e-01,-1.310274839401245117e+00,-1.618197679519653320e+00,-2.393118441104888916e-01,3.854031562805175781e-01,-9.667912125587463379e-02,2.557948790490627289e-02,-1.177738785743713379e+00
5.050621554255485535e-02,3.561585545539855957e-01,6.405193805694580078e-01,-6.049956381320953369e-02,-4.902489110827445984e-02,9.832776784896850586e-01,1.646247953176498413e-01,-2.284283041954040527e-01,3.240559399127960205e-01,3.262928128242492676e-02,2.681663334369659424e-01,2.488122433423995972e-01,-2.005300521850585938e-01,-4.134128335863351822e-03,2.529300190508365631e-02,-2.785793840885162354e-01,1.256481409072875977e-01,4.284383952617645264e-01,2.617999911308288574e-01,2.234654426574707031e-01,-5.199999809265136719e-01,-1.225090995430946350e-01,-1.176221251487731934e+00,8.959914445877075195e-01,-8.268507122993469238e-01,7.551810890436172485e-02,1.966191977262496948e-01,-3.473336398601531982e-01,3.139334917068481445e-01,-1.532535791397094727e+00,-1.602427005767822266e+00,2.124078422784805298e-01,6.735154390335083008e-01,-4.374666512012481689e-02,-6.185633130371570587e-03,-8.287731409072875977e-01
4.084514081478118896e-02,3.582763075828552246e-01,6.455794572830200195e-01,-4.983320087194442749e-02,-4.597388580441474915e-02,9.924003481864929199e-01,1.026871800422668457e-01,-3.253861963748931885e-01,3.203680813312530518e-01,1.000363677740097046e-01,3.582082688808441162e-01,2.017086148262023926e-01,-1.692287176847457886e-01,-1.403583679348230362e-02,-2.114311233162879944e-02,-2.314731478691101074e-01,1.418144255876541138e-01,3.986764252185821533e-01,2.617999911308288574e-01,2.689329385757446289e-01,-5.199999809265136719e-01,2.171934954822063446e-02,-1.165874481201171875e+00,8.014633655548095703e-01,-8.247599601745605469e-01,-6.408526748418807983e-02,1.383721232414245605e-01,-3.617700934410095215e-01,2.487875819206237793e-01,-1.952913165092468262e+00,-1.360412001609802246e+00,9.674488306045532227e-01,1.067138075828552246e+00,-1.472496986389160156e-01,5.588277243077754974e-03,-3.636442720890045166e-01
2.942706644535064697e-02,3.530949652194976807e-01,6.438366174697875977e-01,-5.324029177427291870e-02,-5.241003260016441345e-02,9.965597987174987793e-01,3.587777540087699890e-02,-3.953095078468322754e-01,3.215565383434295654e-01,1.397414058446884155e-01,3.265700340270996094e-01,2.183450013399124146e-01,-1.646744310855865479e-01,-1.835700497031211853e-02,-9.138885140419006348e-02,-2.278058677911758423e-01,1.937856823205947876e-01,4.129826426506042480e-01,2.617999911308288574e-01,3.101977407932281494e-01,-5.199999809265136719e-01,1.260987371206283569e-01,-1.067750334739685059e+00,6.730151176452636719e-01,-8.220928311347961426e-01,-1.456696391105651855e-01,8.400255441665649414e-02,-3.970333337783813477e-01,1.740089207887649536e-01,-1.878646850585937500e+00,-1.079856157302856445e+00,1.216597676277160645e+00,1.149653434753417969e+00,-2.965713143348693848e-01,-4.642153158783912659e-02,-2.355665899813175201e-02
1.713375933468341827e-02,3.393025994300842285e-01,6.349627971649169922e-01,-6.654571741819381714e-02,-8.372464030981063843e-02,9.939215183258056641e-01,-2.611316554248332977e-02,-4.503912627696990967e-01,3.358378708362579346e-01,1.250348985195159912e-01,2.366935312747955322e-01,2.096571326255798340e-01,-1.470987647771835327e-01,1.504504773765802383e-02,-1.773537397384643555e-01,-2.193365246057510376e-01,2.365815192461013794e-01,3.938215970993041992e-01,2.617999911308288574e-01,3.785879611968994141e-01,-4.932267367839813232e-01,2.031976431608200073e-01,-9.294980764389038086e-01,6.423860192298889160e-01,-8.037327527999877930e-01,-1.610050946474075317e-01,6.796069443225860596e-02,-4.258427023887634277e-01,1.286332607269287109e-01,-1.604187965393066406e+00,-8.465846180915832520e-01,1.197591066360473633e+00,1.042310953140258789e+00,-2.838883399963378906e-01,-1.190463975071907043e-01,1.263734698295593262e-01
4.772612825036048889e-03,3.259283006191253662e-01,6.180161237716674805e-01,-8.577992022037506104e-02,-1.197248622775077820e-01,9.859124422073364258e-01,-7.927463948726654053e-02,-5.054911971092224121e-01,3.757412731647491455e-01,1.624897420406341553e-01,1.822010427713394165e-01,1.666723638772964478e-01,-1.219615638256072998e-01,4.477819427847862244e-02,-2.091890126466751099e-01,-2.057213485240936279e-01,2.686901986598968506e-01,3.761945962905883789e-01,2.617999911308288574e-01,4.412620961666107178e-01,-4.391794800758361816e-01,2.367144227027893066e-01,-7.707439661026000977e-01,6.631513833999633789e-01,-7.679598927497863770e-01,-1.290349066257476807e-01,8.382309228181838989e-02,-4.461040794849395752e-01,1.456620842218399048e-01,-1.345188856124877930e+00,-6.543021202087402344e-01,1.122375369071960449e+00,9.701679348945617676e-01,-2.595866322517395020e-01,-1.266732066869735718e-01,1.785392314195632935e-01
-6.451546214520931244e-03,3.139498531818389893e-01,5.947202444076538086e-01,-9.967622160911560059e-02,-1.407339721918106079e-01,9.791840910911560059e-01,-1.070381477475166321e-01,-5.543242692947387695e-01,4.041016399860382080e-01,1.675677150487899780e-01,1.587039828300476074e-01,1.378270685672760010e-01,-1.078901663422584534e-01,9.664050489664077759e-02,-2.559070885181427002e-01,-1.846145540475845337e-01,2.635243237018585205e-01,3.670361042022705078e-01,2.617999911308288574e-01,4.870898127555847168e-01,-4.089319109916687012e-01,2.466771304607391357e-01,-6.605864167213439941e-01,6.823144555091857910e-01,-7.042555212974548340e-01,-1.139221489429473877e-01,9.348876774311065674e-02,-4.546155035495758057e-01,1.674413233995437622e-01,-1.215167284011840820e+00,-5.616374611854553223e-01,1.066175937652587891e+00,9.454662799835205078e-01,-2.388334572315216064e-01,-1.342485398054122925e-01,1.799511015415191650e-01
-1.689361035823822021e-02,3.012010157108306885e-01,5.716996192932128906e-01,-1.277562826871871948e-01,-1.706430017948150635e-01,9.664280414581298828e-01,-1.434440016746520996e-01,-6.305513381958007812e-01,4.326307177543640137e-01,1.677748709917068481e-01,1.769925653934478760e-01,1.248603686690330505e-02,-5.818708240985870361e-02,1.528788059949874878e-01,-3.188360631465911865e-01,-1.363585293292999268e-01,3.136588633060455322e-01,2.913345992565155029e-01,2.455284297466278076e-01,5.553783774375915527e-01,-3.664157986640930176e-01,2.759026587009429932e-01,-4.320940077304840088e-01,7.405082583427429199e-01,-5.729766488075256348e-01,-2.662406116724014282e-02,1.546842902898788452e-01,-4.433516263961791992e-01,2.336518764495849609e-01,-1.011782884597778320e+00,-4.400334656238555908e-01,9.673538208007812500e-01,8.894959092140197754e-01,-2.291742116212844849e-01,-1.204790249466896057e-01,1.514640450477600098e-01
-2.673352323472499847e-02,2.899683415889739990e-01,5.510296821594238281e-01,-1.543953567743301392e-01,-2.000188678503036499e-01,9.524308443069458008e-01,-1.703819930553436279e-01,-7.074518799781799316e-01,4.463748037815093994e-01,1.202614381909370422e-01,2.398460805416107178e-01,-1.183224543929100037e-01,-3.958029206842184067e-03,1.892581880092620850e-01,-3.704030811786651611e-01,-8.103392273187637329e-02,4.141379594802856445e-01,2.138851881027221680e-01,2.027642279863357544e-01,5.769979357719421387e-01,-3.287585079669952393e-01,2.908990979194641113e-01,-2.547422945499420166e-01,7.802404761314392090e-01,-4.763775765895843506e-01,9.761683642864227295e-02,1.830331981182098389e-01,-4.184528589248657227e-01,3.149974346160888672e-01,-8.937765359878540039e-01,-3.075608611106872559e-01,9.103522896766662598e-01,8.519738912582397461e-01,-2.589225769042968750e-01,-1.238906830549240112e-01,4.824778065085411072e-02
-3.619212657213211060e-02,2.774352133274078369e-01,5.350123643875122070e-01,-1.774068623781204224e-01,-2.144164741039276123e-01,9.414408802986145020e-01,-1.903720051050186157e-01,-7.927007675170898438e-01,4.112539589405059814e-01,5.698918551206588745e-02,3.509772717952728271e-01,-2.468427121639251709e-01,6.579509377479553223e-02,1.981932520866394043e-01,-4.256325066089630127e-01,-1.600435376167297363e-02,5.888190269470214844e-01,1.164792776107788086e-01,1.515164524316787720e-01,5.634639859199523926e-01,-3.002852499485015869e-01,3.297978341579437256e-01,-1.289021372795104980e-01,7.806550860404968262e-01,-4.061050415039062500e-01,3.306357562541961670e-01,1.681925207376480103e-01,-3.544886410236358643e-01,3.872835934162139893e-01,-8.500329256057739258e-01,-1.772613376379013062e-01,8.665617108345031738e-01,7.881647348403930664e-01,-2.511408329010009766e-01,-1.149865016341209412e-01,-9.242646396160125732e-02
-4.350610449910163879e-02,2.648761272430419922e-01,5.229543447494506836e-01,-1.888935118913650513e-01,-2.129955440759658813e-01,9.349221587181091309e-01,-2.118317335844039917e-01,-8.472925424575805664e-01,3.474334180355072021e-01,1.969851925969123840e-02,4.720532298088073730e-01,-3.515217900276184082e-01,1.312345564365386963e-01,1.498809158802032471e-01,-4.712381958961486816e-01,5.405513942241668701e-02,8.392807245254516602e-01,-4.710529465228319168e-03,9.388554096221923828e-02,5.024649500846862793e-01,-2.830271720886230469e-01,3.900209963321685791e-01,-6.906446814537048340e-02,7.124121189117431641e-01,-3.753884136676788330e-01,6.277198195457458496e-01,7.499825209379196167e-02,-2.951199114322662354e-01,3.811258971691131592e-01,-8.456652760505676270e-01,-7.877726852893829346e-02,8.904363512992858887e-01,6.349701881408691406e-01,-1.936826258897781372e-01,-1.117800623178482056e-01,-1.902419477701187134e-01
-5.071620643138885498e-02,2.529841959476470947e-01,5.168079137802124023e-01,-2.004807740449905396e-01,-2.010136991739273071e-01,9.292848110198974609e-01,-2.362851500511169434e-01,-8.612869977951049805e-01,2.572715878486633301e-01,-1.356838457286357880e-02,5.422366857528686523e-01,-3.826698362827301025e-01,1.600694656372070312e-01,7.831710577011108398e-02,-4.234644472599029541e-01,1.287448257207870483e-01,1.072532773017883301e+00,-7.719330489635467529e-02,6.710287928581237793e-02,4.508951902389526367e-01,-2.654090523719787598e-01,4.192149043083190918e-01,-3.866672143340110779e-02,6.691332459449768066e-01,-3.715561926364898682e-01,7.663738131523132324e-01,4.559118673205375671e-02,-2.660256624221801758e-01,3.333302140235900879e-01,-8.474849462509155273e-01,-5.560802295804023743e-02,9.023866653442382812e-01,5.364908576011657715e-01,-1.713942587375640869e-01,-1.090502664446830750e-01,-1.812930107116699219e-01
-5.829384550452232361e-02,2.405291497707366943e-01,5.168631076812744141e-01,-2.131642848253250122e-01,-1.795727312564849854e-01,9.254122376441955566e-01,-2.567621171474456787e-01,-8.574109077453613281e-01,1.571726500988006592e-01,-6.589531153440475464e-02,5.755355954170227051e-01,-3.652364611625671387e-01,1.565532833337783813e-01,-6.061278656125068665e-02,-3.165493607521057129e-01,1.907944679260253906e-01,1.374308228492736816e+00,-1.351316273212432861e-01,5.845980346202850342e-02,4.017653465270996094e-01,-2.399429678916931152e-01,4.458489418029785156e-01,-8.636678569018840790e-03,6.281942725181579590e-01,-3.644032180309295654e-01,8.903048634529113770e-01,1.565523212775588036e-03,-2.385202199220657349e-01,2.865930199623107910e-01,-8.600523471832275391e-01,-3.837691247463226318e-02,9.282093644142150879e-01,4.313485622406005859e-01,-1.533665210008621216e-01,-1.106327548623085022e-01,-1.596146225929260254e-01
-6.724635511636734009e-02,2.270433008670806885e-01,5.250992774963378906e-01,-2.171558290719985962e-01,-1.683224290609359741e-01,9.231893420219421387e-01,-2.687608003616333008e-01,-8.339861035346984863e-01,1.022881418466567993e-01,-1.032170876860618591e-01,5.787725448608398438e-01,-3.173253238201141357e-01,1.472378671169281006e-01,-2.038848698139190674e-01,-1.850091964006423950e-01,1.929490268230438232e-01,1.575740218162536621e+00,-1.611724644899368286e-01,5.082818120718002319e-02,3.725552856922149658e-01,-2.010857760906219482e-01,4.495962262153625488e-01,3.335341438651084900e-02,5.790681838989257812e-01,-3.598504066467285156e-01,9.425529241561889648e-01,-3.080163709819316864e-02,-2.333772629499435425e-01,2.353988587856292725e-01,-8.463591337203979492e-01,-4.520861804485321045e-02,9.180037975311279297e-01,3.443651795387268066e-01,-1.200923398137092590e-01,-1.104494556784629822e-01,-1.183879002928733826e-01
-7.849204540252685547e-02,2.122027277946472168e-01,5.375624895095825195e-01,-2.134002000093460083e-01,-1.694294363260269165e-01,9.225346446037292480e-01,-2.732835710048675537e-01,-7.777561545372009277e-01,9.805584698915481567e-02,-1.224972084164619446e-01,5.200514197349548340e-01,-2.680785953998565674e-01,1.343344897031784058e-01,-3.403335809707641602e-01,-9.443788230419158936e-02,1.278040260076522827e-01,1.628093123435974121e+00,-1.805138140916824341e-01,2.232930809259414673e-02,3.615122735500335693e-01,-1.615252494812011719e-01,4.409342706203460693e-01,7.918701320886611938e-02,5.533114075660705566e-01,-3.679614365100860596e-01,9.541820287704467773e-01,-1.579689607024192810e-02,-2.207178324460983276e-01,1.867343038320541382e-01,-8.209338784217834473e-01,-7.062410563230514526e-02,9.042329192161560059e-01,2.744947373867034912e-01,-1.055719703435897827e-01,-1.061796024441719055e-01,-7.830390334129333496e-02
-9.168899059295654297e-02,1.963798850774765015e-01,5.526094436645507812e-01,-2.082143127918243408e-01,-1.717246770858764648e-01,9.219974875450134277e-01,-2.776294350624084473e-01,-7.041220068931579590e-01,1.069752573966979980e-01,-1.250049173831939697e-01,4.318711161613464355e-01,-1.905919313430786133e-01,1.087975278496742249e-01,-4.494172930717468262e-01,-3.643924370408058167e-02,4.347864538431167603e-02,1.553437590599060059e+00,-1.979824602603912354e-01,-1.678931154310703278e-02,3.420991599559783936e-01,-1.194211319088935852e-01,4.174277186393737793e-01,1.287765353918075562e-01,5.158179998397827148e-01,-3.785172998905181885e-01,9.348875880241394043e-01,2.316085854545235634e-03,-2.213658690452575684e-01,1.532450616359710693e-01,-7.856578230857849121e-01,-1.168290823698043823e-01,8.788087964057922363e-01,1.901323944330215454e-01,-1.209497153759002686e-01,-1.049524396657943726e-01,-6.862884014844894409e-02
-1.064918339252471924e-01,1.799555271863937378e-01,5.698486566543579102e-01,-1.917012780904769897e-01,-1.695898473262786865e-01,9.235400557518005371e-01,-2.855935096740722656e-01,-6.194858551025390625e-01,1.191612258553504944e-01,-1.226592510938644409e-01,3.529985845088958740e-01,-9.319444000720977783e-02,6.315501034259796143e-02,-5.060961842536926270e-01,1.159689482301473618e-02,-3.639413043856620789e-02,1.444869399070739746e+00,-2.079228907823562622e-01,-4.351825267076492310e-02,3.182238340377807617e-01,-8.127226680517196655e-02,4.090813994407653809e-01,1.602305024862289429e-01,4.891815781593322754e-01,-3.891447186470031738e-01,9.008126258850097656e-01,8.985569700598716736e-03,-2.337968945503234863e-01,1.525094807147979736e-01,-7.658596634864807129e-01,-1.587871760129928589e-01,8.496858477592468262e-01,1.361907571554183960e-01,-1.136565431952476501e-01,-1.200939789414405823e-01,-9.238009154796600342e-02
-1.212311983108520508e-01,1.645328402519226074e-01,5.870497226715087891e-01,-1.805335134267807007e-01,-1.601783633232116699e-01,9.218716621398925781e-01,-3.031554520130157471e-01,-5.171436071395874023e-01,1.057513207197189331e-01,-1.283903121948242188e-01,2.578603923320770264e-01,-2.739576622843742371e-02,2.811039425432682037e-02,-5.205104947090148926e-01,4.235769808292388916e-02,-1.124370843172073364e-01,1.174116730690002441e+00,-1.742396950721740723e-01,-3.100682795047760010e-02,2.693645060062408447e-01,-5.019259080290794373e-02,4.042793214321136475e-01,1.958214938640594482e-01,4.501118957996368408e-01,-3.782499730587005615e-01,8.379957675933837891e-01,1.956490799784660339e-02,-2.546029984951019287e-01,1.612533479928970337e-01,-7.175873517990112305e-01,-2.321753799915313721e-01,8.027411699295043945e-01,6.729340553283691406e-02,-1.231400445103645325e-01,-1.279969662427902222e-01,-9.575302153825759888e-02
-1.351101249456405640e-01,1.494679600000381470e-01,6.000714302062988281e-01,-1.694939881563186646e-01,-1.452973484992980957e-01,9.174404740333557129e-01,-3.293378651142120361e-01,-4.147059023380279541e-01,7.576298713684082031e-02,-1.361011564731597900e-01,1.732368320226669312e-01,2.499680034816265106e-02,-7.432220969349145889e-03,-5.051421523094177246e-01,4.981412738561630249e-02,-1.449921429157257080e-01,8.095194101333618164e-01,-1.169126033782958984e-01,2.110261656343936920e-02,1.974300146102905273e-01,-3.911405429244041443e-02,4.093027710914611816e-01,2.168409824371337891e-01,4.206264019012451172e-01,-3.735131919384002686e-01,7.734612822532653809e-01,5.288233235478401184e-02,-2.698919773101806641e-01,1.728881001472473145e-01,-6.642993092536926270e-01,-3.116128444671630859e-01,7.533090114593505859e-01,7.808035705238580704e-03,-1.471874564886093140e-01,-1.244095042347908020e-01,-9.419077634811401367e-02
-1.467040628194808960e-01,1.354615986347198486e-01,6.055123805999755859e-01,-1.664968878030776978e-01,-1.123746857047080994e-01,9.118658900260925293e-01,-3.579823076725006104e-01,-3.239916861057281494e-01,7.391287013888359070e-03,-1.421673148870468140e-01,1.384793370962142944e-01,5.866385623812675476e-02,-3.912522271275520325e-02,-4.901923835277557373e-01,1.570637710392475128e-02,-1.509346365928649902e-01,4.660007655620574951e-01,-2.377613075077533722e-02,9.624725580215454102e-02,1.313090771436691284e-01,-4.443100094795227051e-02,4.274182021617889404e-01,2.230053842067718506e-01,3.853609263896942139e-01,-3.670604526996612549e-01,7.187823057174682617e-01,5.172093212604522705e-02,-2.865076661109924316e-01,1.947302520275115967e-01,-6.226282119750976562e-01,-3.922381997108459473e-01,6.927211880683898926e-01,-5.540750920772552490e-02,-1.645802706480026245e-01,-1.279672384262084961e-01,-1.184827089309692383e-01
-1.613733619451522827e-01,1.187514513731002808e-01,6.037487983703613281e-01,-1.357705891132354736e-01,-6.509467959403991699e-02,9.038278460502624512e-01,-4.005299508571624756e-01,-1.657645851373672485e-01,-6.376583129167556763e-02,-1.926423162221908569e-01,1.240217983722686768e-01,2.412815019488334656e-02,-4.036305844783782959e-02,-4.142023921012878418e-01,-2.613430097699165344e-02,-1.426263600587844849e-01,1.819884181022644043e-01,5.552901700139045715e-02,1.765090078115463257e-01,5.262136086821556091e-02,-5.484149977564811707e-02,4.596101343631744385e-01,2.756833732128143311e-01,3.576244711875915527e-01,-3.741655945777893066e-01,6.809410452842712402e-01,3.923001512885093689e-02,-3.055315017700195312e-01,2.030849605798721313e-01,-5.498631000518798828e-01,-4.651864767074584961e-01,6.693482398986816406e-01,-9.058640897274017334e-02,-1.758815795183181763e-01,-1.226876527070999146e-01,-1.171831414103507996e-01
-1.704058200120925903e-01,1.066246330738067627e-01,5.969817638397216797e-01,-1.166094467043876648e-01,-3.488416224718093872e-02,8.955302238464355469e-01,-4.280315041542053223e-01,-7.760337740182876587e-02,-1.043316796422004700e-01,-2.170200347900390625e-01,1.360214799642562866e-01,3.983456641435623169e-03,-3.582961112260818481e-02,-4.147481918334960938e-01,-5.543102324008941650e-02,-1.552356481552124023e-01,1.088737696409225464e-01,8.734869956970214844e-02,2.133335173130035400e-01,-3.390205558389425278e-03,-6.625490635633468628e-02,4.732241630554199219e-01,2.884452641010284424e-01,3.653151392936706543e-01,-3.774611651897430420e-01,6.619623303413391113e-01,5.369206517934799194e-02,-3.136692047119140625e-01,2.103187888860702515e-01,-5.130734443664550781e-01,-5.222730040550231934e-01,6.450442671775817871e-01,-1.033891439437866211e-01,-1.785525679588317871e-01,-1.268923878669738770e-01,-1.404358595609664917e-01
-1.782019436359405518e-01,9.491062909364700317e-02,5.835663080215454102e-01,-9.731393307447433472e-02,-9.728183038532733917e-03,8.831115365028381348e-01,-4.588566124439239502e-01,1.868854090571403503e-02,-1.353903561830520630e-01,-2.739472687244415283e-01,1.620239466428756714e-01,-4.533031210303306580e-02,-2.495088614523410797e-02,-4.445512592792510986e-01,-1.062472686171531677e-01,-1.654665619134902954e-01,5.708540230989456177e-02,1.048527359962463379e-01,2.526925206184387207e-01,-5.301592871546745300e-02,-7.224974781274795532e-02,4.819298386573791504e-01,2.823384404182434082e-01,3.745820820331573486e-01,-3.773831427097320557e-01,6.464143991470336914e-01,6.592655181884765625e-02,-3.162730932235717773e-01,2.225673496723175049e-01,-4.573738873004913330e-01,-5.836769342422485352e-01,6.228851079940795898e-01,-8.412812650203704834e-02,-1.984678357839584351e-01,-1.246912926435470581e-01,-1.516318172216415405e-01
-1.898010224103927612e-01,8.060602843761444092e-02,5.654349327087402344e-01,-7.908570766448974609e-02,1.023627538233995438e-02,8.720784187316894531e-01,-4.828249514102935791e-01,1.013125404715538025e-01,-1.593607068061828613e-01,-3.200495243072509766e-01,2.167603373527526855e-01,-1.017873436212539673e-01,-1.997914724051952362e-02,-4.652492403984069824e-01,-1.558705866336822510e-01,-1.822294890880584717e-01,4.449876397848129272e-02,9.903668612241744995e-02,2.617757022380828857e-01,-9.156781435012817383e-02,-7.872918993234634399e-02,4.755232930183410645e-01,2.721123695373535156e-01,3.959007859230041504e-01,-3.863402903079986572e-01,6.209309697151184082e-01,9.744876623153686523e-02,-3.185633420944213867e-01,2.341053187847137451e-01,-3.930129706859588623e-01,-6.452454328536987305e-01,5.948227643966674805e-01,-5.411432683467864990e-02,-2.185234427452087402e-01,-1.231833621859550476e-01,-1.603330075740814209e-01
-1.994599550962448120e-01,6.592052429914474487e-02,5.455521345138549805e-01,-8.820406347513198853e-02,1.705653592944145203e-02,8.733397126197814941e-01,-4.787555336952209473e-01,5.907798931002616882e-02,-2.021815925836563110e-01,-2.857410609722137451e-01,3.971307873725891113e-01,-1.917049884796142578e-01,-1.067927759140729904e-02,-5.473855137825012207e-01,-1.725546717643737793e-01,-1.317414790391921997e-01,1.061077788472175598e-01,1.285017877817153931e-01,2.341395169496536255e-01,-6.850752979516983032e-02,-7.855810225009918213e-02,4.834786653518676758e-01,1.714149266481399536e-01,4.157192111015319824e-01,-3.739731907844543457e-01,6.034702062606811523e-01,9.437193721532821655e-02,-2.994701862335205078e-01,2.536794543266296387e-01,-3.646011352539062500e-01,-6.986156105995178223e-01,5.364688038825988770e-01,4.561523441225290298e-03,-2.434508502483367920e-01,-1.331718415021896362e-01,-2.020215690135955811e-01
-2.181769907474517822e-01,4.507629945874214172e-02,5.320879220962524414e-01,-7.995052635669708252e-02,1.737457513809204102e-02,8.686432838439941406e-01,-4.886357486248016357e-01,5.734005197882652283e-02,-2.087439894676208496e-01,-2.953139841556549072e-01,5.768778920173645020e-01,-2.274010330438613892e-01,-3.156818449497222900e-02,-5.655477643013000488e-01,-1.863258183002471924e-01,-1.194443851709365845e-01,2.259212881326675415e-01,9.808440506458282471e-02,1.749779134988784790e-01,-7.726535201072692871e-02,-6.724981218576431274e-02,4.742077291011810303e-01,1.299965530633926392e-01,4.329541921615600586e-01,-4.022394716739654541e-01,6.107362508773803711e-01,1.037436202168464661e-01,-2.841280102729797363e-01,2.535029053688049316e-01,-3.054005801677703857e-01,-7.295275330543518066e-01,5.145966410636901855e-01,8.109446614980697632e-02,-2.635069787502288818e-01,-1.380297392606735229e-01,-2.199516743421554565e-01
-2.404285967350006104e-01,2.318456582725048065e-02,5.247566699981689453e-01,-7.684797793626785278e-02,9.538724087178707123e-03,8.677553534507751465e-01,-4.909216463565826416e-01,2.960023842751979828e-02,-2.059261202812194824e-01,-2.805195748805999756e-01,7.096995115280151367e-01,-2.040226161479949951e-01,-6.439354270696640015e-02,-5.711898803710937500e-01,-1.708429157733917236e-01,-9.656031429767608643e-02,3.194310069084167480e-01,1.469443831592798233e-02,1.276125460863113403e-01,-7.122447341680526733e-02,-5.126829445362091064e-02,4.581449627876281738e-01,1.186753064393997192e-01,4.339742064476013184e-01,-4.012465476989746094e-01,5.968960523605346680e-01,8.575638383626937866e-02,-2.719462215900421143e-01,2.495226263999938965e-01,-2.570043802261352539e-01,-7.307841777801513672e-01,4.889283776283264160e-01,1.376383006572723389e-01,-2.563224434852600098e-01,-1.428524553775787354e-01,-2.220111191272735596e-01
-2.624320387840270996e-01,1.161250402219593525e-03,5.250504016876220703e-01,-7.163728773593902588e-02,8.142681792378425598e-03,8.648046255111694336e-01,-4.969051182270050049e-01,-2.728954330086708069e-02,-1.984854489564895630e-01,-2.510998547077178955e-01,8.767613768577575684e-01,-1.586027294397354126e-01,-8.600947260856628418e-02,-5.612215399742126465e-01,-1.603252887725830078e-01,-7.454802095890045166e-02,4.115086495876312256e-01,-5.124957486987113953e-02,7.666311413049697876e-02,-5.898617580533027649e-02,-4.000758007168769836e-02,4.335678517818450928e-01,1.058696135878562927e-01,4.432494938373565674e-01,-4.094480276107788086e-01,5.893990993499755859e-01,8.377649635076522827e-02,-2.539497315883636475e-01,2.278536707162857056e-01,-2.099341005086898804e-01,-7.166424989700317383e-01,4.730261266231536865e-01,2.295782119035720825e-01,-2.546978890895843506e-01,-1.400223970413208008e-01,-2.052230834960937500e-01
-2.747532129287719727e-01,-2.012863568961620331e-02,5.296010971069335938e-01,-6.833174079656600952e-02,1.246200688183307648e-02,8.684045076370239258e-01,-4.909675121307373047e-01,-1.076771095395088196e-01,-2.068274617195129395e-01,-2.062332034111022949e-01,1.016581535339355469e+00,-1.040231287479400635e-01,-9.886762499809265137e-02,-5.335690379142761230e-01,-1.539685279130935669e-01,-4.618649557232856750e-02,4.476533532142639160e-01,-8.717651665210723877e-02,4.947746172547340393e-02,-3.985204175114631653e-02,-4.639093577861785889e-02,4.103058874607086182e-01,1.069378256797790527e-01,4.550320804119110107e-01,-4.088539183139801025e-01,5.602144598960876465e-01,6.772665679454803467e-02,-2.451301217079162598e-01,2.171069681644439697e-01,-1.822059899568557739e-01,-6.934403181076049805e-01,4.657358527183532715e-01,3.031351864337921143e-01,-2.560163736343383789e-01,-1.344275921583175659e-01,-1.972794383764266968e-01
-2.814595997333526611e-01,-3.495243936777114868e-02,5.371955633163452148e-01,-6.396062672138214111e-02,1.781893707811832428e-02,8.706391453742980957e-01,-4.874207079410552979e-01,-1.643468439579010010e-01,-2.113471776247024536e-01,-1.856565624475479126e-01,1.086569905281066895e+00,-7.753618806600570679e-02,-9.902200102806091309e-02,-4.976595044136047363e-01,-1.541822999715805054e-01,-2.500895038247108459e-02,4.504008889198303223e-01,-8.095276355743408203e-02,4.698950424790382385e-02,-2.264569886028766632e-02,-5.452978238463401794e-02,3.911719024181365967e-01,1.102802902460098267e-01,4.689354300498962402e-01,-4.026428759098052979e-01,5.227951407432556152e-01,6.297359615564346313e-02,-2.420992255210876465e-01,2.113207578659057617e-01,-1.644237637519836426e-01,-6.799609065055847168e-01,4.707044363021850586e-01,3.653163313865661621e-01,-2.653117477893829346e-01,-1.251686662435531616e-01,-1.847305446863174438e-01
-2.881524562835693359e-01,-5.087207257747650146e-02,5.470964908599853516e-01,-6.257514655590057373e-02,2.381836250424385071e-02,8.745394349098205566e-01,-4.803101122379302979e-01,-2.180542945861816406e-01,-2.179718911647796631e-01,-1.631370633840560913e-01,1.115311741828918457e+00,-8.206303417682647705e-02,-7.814303785562515259e-02,-4.513335525989532471e-01,-1.573404520750045776e-01,-3.648283891379833221e-03,4.195809960365295410e-01,-6.540808826684951782e-02,5.592946335673332214e-02,-2.917747769970446825e-04,-6.582964211702346802e-02,3.689311444759368896e-01,1.122807338833808899e-01,4.933003187179565430e-01,-3.998558819293975830e-01,4.651256501674652100e-01,6.384601444005966187e-02,-2.525863647460937500e-01,2.090798616409301758e-01,-1.498071104288101196e-01,-6.540136337280273438e-01,4.752431511878967285e-01,4.403963685035705566e-01,-2.673356533050537109e-01,-1.169057562947273254e-01,-1.653266102075576782e-01
-2.926344275474548340e-01,-6.939211487770080566e-02,5.573872327804565430e-01,-5.959494039416313171e-02,3.002995997667312622e-02,8.831740021705627441e-01,-4.642739593982696533e-01,-2.544479072093963623e-01,-2.351458221673965454e-01,-1.658177375793457031e-01,1.088526248931884766e+00,-8.528865873813629150e-02,-6.421677768230438232e-02,-3.932200372219085693e-01,-1.566827893257141113e-01,2.769381552934646606e-02,3.637452125549316406e-01,-4.345619678497314453e-02,7.278157770633697510e-02,2.551420032978057861e-02,-8.070185780525207520e-02,3.491870164871215820e-01,1.146277859807014465e-01,5.193167924880981445e-01,-3.963233232498168945e-01,4.110741913318634033e-01,5.275080725550651550e-02,-2.699531316757202148e-01,2.028386592864990234e-01,-1.409152150154113770e-01,-6.323218345642089844e-01,4.872229993343353271e-01,5.179867148399353027e-01,-2.717052102088928223e-01,-1.153532192111015320e-01,-1.391789615154266357e-01
-2.966558933258056641e-01,-8.178623765707015991e-02,5.661857128143310547e-01,-5.607778951525688171e-02,3.845279663801193237e-02,8.911090493202209473e-01,-4.486661851406097412e-01,-2.643962800502777100e-01,-2.593055069446563721e-01,-1.921463459730148315e-01,1.011405229568481445e+00,-9.375081211328506470e-02,-5.505679175257682800e-02,-3.375038504600524902e-01,-1.588783115148544312e-01,6.035425886511802673e-02,3.027068972587585449e-01,-1.804042048752307892e-02,9.931375831365585327e-02,4.643549397587776184e-02,-9.158050268888473511e-02,3.314192891120910645e-01,1.143366917967796326e-01,5.376540422439575195e-01,-3.839496672153472900e-01,3.720273971557617188e-01,4.739835858345031738e-02,-2.883509993553161621e-01,1.989127248525619507e-01,-1.212794706225395203e-01,-6.174045801162719727e-01,4.966424405574798584e-01,5.821147561073303223e-01,-2.693937122821807861e-01,-1.139166653156280518e-01,-1.120562255382537842e-01
-2.977526783943176270e-01,-9.365586936473846436e-02,5.732238292694091797e-01,-5.024113878607749939e-02,4.233305901288986206e-02,9.006304740905761719e-01,-4.295910298824310303e-01,-2.526630759239196777e-01,-2.688834071159362793e-01,-2.279924750328063965e-01,9.092245101928710938e-01,-1.112613976001739502e-01,-5.029889941215515137e-02,-2.970483303070068359e-01,-1.504348516464233398e-01,1.016835793852806091e-01,2.622156441211700439e-01,1.523818355053663254e-02,1.311718523502349854e-01,6.342236697673797607e-02,-9.325233846902847290e-02,3.196031749248504639e-01,1.096721738576889038e-01,5.602536797523498535e-01,-3.664150238037109375e-01,3.436000943183898926e-01,3.364777192473411560e-02,-3.004047274589538574e-01,1.940407454967498779e-01,-1.109837293624877930e-01,-6.051478981971740723e-01,4.973853528499603271e-01,6.369776725769042969e-01,-2.578885555267333984e-01,-1.199520379304885864e-01,-9.487152099609375000e-02
-2.962696850299835205e-01,-1.054844483733177185e-01,5.766648054122924805e-01,-4.325731098651885986e-02,4.141345620155334473e-02,9.123253822326660156e-01,-4.050630629062652588e-01,-2.270890623331069946e-01,-2.798445224761962891e-01,-2.885015010833740234e-01,7.825719118118286133e-01,-1.255283653736114502e-01,-5.991403013467788696e-02,-2.638000845909118652e-01,-1.309756189584732056e-01,1.545606106519699097e-01,2.208019793033599854e-01,3.912916406989097595e-02,1.604838222265243530e-01,7.945152372121810913e-02,-8.849711716175079346e-02,3.055071532726287842e-01,1.015034392476081848e-01,5.827341675758361816e-01,-3.415461480617523193e-01,3.168112039566040039e-01,1.807420887053012848e-02,-3.090092837810516357e-01,1.911377608776092529e-01,-9.859096258878707886e-02,-5.916282534599304199e-01,4.908119142055511475e-01,6.906232237815856934e-01,-2.413523346185684204e-01,-1.239067390561103821e-01,-8.048485964536666870e-02
-2.914274930953979492e-01,-1.159136369824409485e-01,5.756946802139282227e-01,-3.289649263024330139e-02,3.821511194109916687e-02,9.266253113746643066e-01,-3.725895583629608154e-01,-1.944823563098907471e-01,-2.810045182704925537e-01,-3.711365163326263428e-01,6.326907873153686523e-01,-1.509707868099212646e-01,-6.869374960660934448e-02,-2.364141047000885010e-01,-1.024876385927200317e-01,2.188907414674758911e-01,1.838737875223159790e-01,5.157074704766273499e-02,1.874154359102249146e-01,8.826619386672973633e-02,-8.135458081960678101e-02,2.905388772487640381e-01,8.968079090118408203e-02,6.087545752525329590e-01,-3.149317800998687744e-01,2.993844449520111084e-01,-1.829046057537198067e-03,-3.104589283466339111e-01,1.899333447217941284e-01,-8.733773231506347656e-02,-5.775379538536071777e-01,4.764146804809570312e-01,7.517504096031188965e-01,-2.262914776802062988e-01,-1.187646463513374329e-01,-7.128637284040451050e-02
-2.881095707416534424e-01,-1.256995797157287598e-01,5.727475881576538086e-01,-2.362630888819694519e-02,3.318626061081886292e-02,9.371597170829772949e-01,-3.465142250061035156e-01,-1.534371674060821533e-01,-2.678078114986419678e-01,-4.311842024326324463e-01,5.333137512207031250e-01,-1.649601459503173828e-01,-7.499425113201141357e-02,-2.171471267938613892e-01,-7.539245486259460449e-02,2.740452587604522705e-01,1.646610200405120850e-01,4.855870082974433899e-02,2.008992880582809448e-01,9.145990014076232910e-02,-6.861753761768341064e-02,2.825964689254760742e-01,7.144615799188613892e-02,6.323103904724121094e-01,-2.894656062126159668e-01,3.015935420989990234e-01,-1.681670174002647400e-02,-3.027196228504180908e-01,1.880015134811401367e-01,-8.734831213951110840e-02,-5.707179307937622070e-01,4.675161242485046387e-01,7.890856862068176270e-01,-2.129211127758026123e-01,-1.189256384968757629e-01,-6.491315364837646484e-02
-2.879849374294281006e-01,-1.378157138824462891e-01,5.670467615127563477e-01,-1.708450168371200562e-02,2.729859016835689545e-02,9.491578936576843262e-01,-3.131489157676696777e-01,-1.170307621359825134e-01,-2.555788159370422363e-01,-4.927012026309967041e-01,4.543620049953460693e-01,-1.827627718448638916e-01,-7.301153242588043213e-02,-2.050392776727676392e-01,-4.397920891642570496e-02,3.389807343482971191e-01,1.535134017467498779e-01,2.280985191464424133e-02,2.083971202373504639e-01,8.000755310058593750e-02,-5.825894325971603394e-02,2.719945311546325684e-01,4.362107068300247192e-02,6.553796529769897461e-01,-2.593072056770324707e-01,3.136000633239746094e-01,-3.589061275124549866e-02,-2.902922928333282471e-01,1.915913671255111694e-01,-8.960201591253280640e-02,-5.736032128334045410e-01,4.529141187667846680e-01,8.171777129173278809e-01,-1.913877874612808228e-01,-1.124287024140357971e-01,-6.115260720252990723e-02
-2.867532074451446533e-01,-1.491351425647735596e-01,5.612206459045410156e-01,-6.696901749819517136e-03,3.344440087676048279e-02,9.573760032653808594e-01,-2.868237495422363281e-01,-3.136314824223518372e-02,-2.573334574699401855e-01,-5.438999533653259277e-01,3.412454128265380859e-01,-1.831262856721878052e-01,-4.743352532386779785e-02,-1.653889566659927368e-01,-4.982036724686622620e-02,4.068442881107330322e-01,1.216429248452186584e-01,-6.721393670886754990e-03,2.150612175464630127e-01,4.230816289782524109e-02,-7.121279090642929077e-02,2.464796900749206543e-01,4.497969150543212891e-02,6.686593890190124512e-01,-2.485059350728988647e-01,3.358255326747894287e-01,-3.933997824788093567e-02,-2.762611806392669678e-01,1.913551688194274902e-01,-6.364518404006958008e-02,-5.667006373405456543e-01,4.422864019870758057e-01,8.313149213790893555e-01,-1.740809977054595947e-01,-1.089574247598648071e-01,-6.901323795318603516e-02
-2.759605646133422852e-01,-1.518032699823379517e-01,5.555452108383178711e-01,-7.937672547996044159e-03,1.967098191380500793e-02,9.668228626251220703e-01,-2.545654773712158203e-01,-5.706282705068588257e-02,-2.425256967544555664e-01,-5.301080942153930664e-01,3.602991998195648193e-01,-2.403949946165084839e-01,-1.575724594295024872e-02,-2.090932279825210571e-01,2.434317255392670631e-03,4.598019719123840332e-01,1.421894878149032593e-01,-8.171768859028816223e-03,2.266641557216644287e-01,8.898742496967315674e-03,-5.679668113589286804e-02,2.603273689746856689e-01,-3.708896413445472717e-02,6.715177297592163086e-01,-2.295043468475341797e-01,4.002644717693328857e-01,-3.149851039052009583e-02,-2.498185932636260986e-01,2.036557495594024658e-01,-1.168087571859359741e-01,-5.700056552886962891e-01,4.408554434776306152e-01,8.204047083854675293e-01,-1.572402715682983398e-01,-1.079403460025787354e-01,-8.043087273836135864e-02
-2.705807685852050781e-01,-1.666385233402252197e-01,5.519942045211791992e-01,-2.081427723169326782e-03,2.380436286330223083e-02,9.756494164466857910e-01,-2.180304080247879028e-01,-2.120549092069268227e-03,-2.476751357316970825e-01,-5.182108283042907715e-01,2.840527892112731934e-01,-2.618396580219268799e-01,1.879417337477207184e-02,-1.922966092824935913e-01,-9.764186106622219086e-03,4.992041885852813721e-01,1.106877997517585754e-01,-3.845694242045283318e-03,2.515201866626739502e-01,-3.589621931314468384e-02,-7.436145097017288208e-02,2.517974972724914551e-01,-6.707584857940673828e-02,6.576340794563293457e-01,-2.382815331220626831e-01,4.824938476085662842e-01,-1.370085682719945908e-02,-2.325254231691360474e-01,2.079045921564102173e-01,-1.159347221255302429e-01,-5.600428581237792969e-01,4.484918415546417236e-01,8.029902577400207520e-01,-1.476375609636306763e-01,-1.102795153856277466e-01,-1.048238724470138550e-01
-2.662514448165893555e-01,-1.724399477243423462e-01,5.520358085632324219e-01,-7.824482163414359093e-04,1.920150965452194214e-02,9.824329614639282227e-01,-1.856236606836318970e-01,2.749376231804490089e-03,-2.324994653463363647e-01,-4.668013453483581543e-01,2.683134078979492188e-01,-2.722749114036560059e-01,4.087909683585166931e-02,-2.053102254867553711e-01,6.836130749434232712e-03,4.876362085342407227e-01,9.555079787969589233e-02,2.007651887834072113e-02,2.617667615413665771e-01,-6.525488197803497314e-02,-7.972746342420578003e-02,2.648943662643432617e-01,-1.130928173661231995e-01,6.271752715110778809e-01,-2.823146283626556396e-01,6.263457536697387695e-01,1.107006799429655075e-02,-2.150378674268722534e-01,1.892361491918563843e-01,-1.470957100391387939e-01,-5.407186150550842285e-01,4.701246917247772217e-01,7.912426590919494629e-01,-1.245946809649467468e-01,-1.128722503781318665e-01,-1.173101067543029785e-01
-2.619090080261230469e-01,-1.721193045377731323e-01,5.536587238311767578e-01,1.610207691555842757e-04,1.118055265396833420e-02,9.898196458816528320e-01,-1.418872177600860596e-01,9.337145835161209106e-03,-1.918548196554183960e-01,-3.876437544822692871e-01,2.376149296760559082e-01,-2.791635096073150635e-01,5.456577241420745850e-02,-2.193103283643722534e-01,2.147868275642395020e-02,4.324570000171661377e-01,7.077953964471817017e-02,4.565007612109184265e-02,2.617999911308288574e-01,-1.043881028890609741e-01,-8.209077268838882446e-02,2.803670465946197510e-01,-1.517637670040130615e-01,5.975055694580078125e-01,-3.388898074626922607e-01,7.872123122215270996e-01,3.049171157181262970e-02,-1.959430277347564697e-01,1.542411148548126221e-01,-1.598035246133804321e-01,-5.158681273460388184e-01,5.027745962142944336e-01,7.765398621559143066e-01,-1.056841462850570679e-01,-1.218754649162292480e-01,-1.228126361966133118e-01
-2.519596219062805176e-01,-1.686357855796813965e-01,5.559090375900268555e-01,9.825844317674636841e-04,6.608679424971342087e-03,9.965986013412475586e-01,-8.213746547698974609e-02,1.705943234264850616e-02,-1.490454077720642090e-01,-2.771980762481689453e-01,1.949317902326583862e-01,-2.758777737617492676e-01,6.108429655432701111e-02,-2.419399917125701904e-01,6.091021932661533356e-03,3.102585673332214355e-01,5.395819246768951416e-02,4.549306258559226990e-02,2.617999911308288574e-01,-1.142705306410789490e-01,-8.278917521238327026e-02,2.839413285255432129e-01,-1.605585366487503052e-01,5.619682669639587402e-01,-3.464254438877105713e-01,8.994755744934082031e-01,5.223051458597183228e-02,-1.899077594280242920e-01,1.288730800151824951e-01,-1.601028740406036377e-01,-4.982769191265106201e-01,5.202966928482055664e-01,7.673686146736145020e-01,-1.217128336429595947e-01,-1.266683787107467651e-01,-1.227116361260414124e-01
-2.412601560354232788e-01,-1.660844534635543823e-01,5.588164329528808594e-01,2.129020169377326965e-03,2.080776495859026909e-03,9.994081258773803711e-01,-3.427132591605186462e-02,2.596052177250385284e-02,-1.125713512301445007e-01,-1.819976717233657837e-01,1.564964801073074341e-01,-2.610512077808380127e-01,5.915881693363189697e-02,-2.460324317216873169e-01,-9.148763492703437805e-03,1.957407295703887939e-01,4.395496472716331482e-02,3.302807733416557312e-02,2.617999911308288574e-01,-1.268037408590316772e-01,-8.181800693273544312e-02,2.854548394680023193e-01,-1.488478332757949829e-01,5.491756200790405273e-01,-3.478096425533294678e-01,9.429834485054016113e-01,5.788097903132438660e-02,-1.896861195564270020e-01,1.192362755537033081e-01,-1.290565729141235352e-01,-4.975769817829132080e-01,5.296329855918884277e-01,7.586840987205505371e-01,-1.342062950134277344e-01,-1.320612132549285889e-01,-1.154839694499969482e-01
-2.297238856554031372e-01,-1.659718304872512817e-01,5.620563030242919922e-01,1.072193961590528488e-03,-2.521283924579620361e-03,9.998735785484313965e-01,1.566321775317192078e-02,2.505551464855670929e-02,-8.344062417745590210e-02,-9.970234334468841553e-02,1.327372491359710693e-01,-2.408567965030670166e-01,5.753909423947334290e-02,-2.414877861738204956e-01,-3.019489906728267670e-02,1.092434003949165344e-01,4.574803262948989868e-02,2.221666462719440460e-02,2.617918550968170166e-01,-1.225451231002807617e-01,-7.636526226997375488e-02,2.855377495288848877e-01,-1.424953639507293701e-01,5.466996431350708008e-01,-3.419932723045349121e-01,9.608900547027587891e-01,5.948568508028984070e-02,-2.009723037481307983e-01,1.103960275650024414e-01,-8.650106936693191528e-02,-5.090937018394470215e-01,5.374236702919006348e-01,7.621541619300842285e-01,-1.530808210372924805e-01,-1.339821666479110718e-01,-9.593004733324050903e-02
-2.235527783632278442e-01,-1.674453616142272949e-01,5.652780532836914062e-01,-2.538796281442046165e-03,-6.744513288140296936e-03,9.988725781440734863e-01,4.692170768976211548e-02,2.241480723023414612e-02,-6.224270910024642944e-02,-4.007990658283233643e-02,1.139455437660217285e-01,-2.187519222497940063e-01,5.114832147955894470e-02,-2.352072596549987793e-01,-5.156737938523292542e-02,4.474674537777900696e-02,4.794493317604064941e-02,1.194468699395656586e-02,2.617813646793365479e-01,-1.116300448775291443e-01,-7.075255364179611206e-02,2.808721959590911865e-01,-1.336409002542495728e-01,5.403081774711608887e-01,-3.338018655776977539e-01,9.598046541213989258e-01,5.414367839694023132e-02,-2.066086977720260620e-01,1.040625572204589844e-01,-5.384475365281105042e-02,-5.110315084457397461e-01,5.283470749855041504e-01,7.773088812828063965e-01,-1.630076169967651367e-01,-1.330651789903640747e-01,-8.368112146854400635e-02
-2.109651416540145874e-01,-1.673279553651809692e-01,5.683395862579345703e-01,-5.387765821069478989e-03,-1.246645674109458923e-02,9.967761039733886719e-01,7.907575368881225586e-02,1.249799225479364395e-02,-3.311362490057945251e-02,2.013100869953632355e-02,9.892364591360092163e-02,-1.975653171539306641e-01,4.475572705268859863e-02,-2.081332653760910034e-01,-7.643143087625503540e-02,-2.133363299071788788e-02,6.558419018983840942e-02,-4.644772503525018692e-03,2.460903525352478027e-01,-9.876745194196701050e-02,-5.902861803770065308e-02,2.722692787647247314e-01,-1.208254396915435791e-01,5.322888493537902832e-01,-3.219032883644104004e-01,9.462687969207763672e-01,4.291821271181106567e-02,-2.138589620590209961e-01,1.109568402171134949e-01,-1.356793195009231567e-02,-5.160972476005554199e-01,5.227978229522705078e-01,7.845486998558044434e-01,-1.778895407915115356e-01,-1.346694678068161011e-01,-7.565823197364807129e-02
-2.022688239812850952e-01,-1.645667254924774170e-01,5.706502199172973633e-01,-1.108171977102756500e-02,-1.839063316583633423e-02,9.938088059425354004e-01,1.090094149112701416e-01,1.886689220555126667e-03,4.297150589991360903e-04,7.559016346931457520e-02,8.869589865207672119e-02,-1.861394941806793213e-01,4.276891052722930908e-02,-1.740443259477615356e-01,-1.017462238669395447e-01,-8.083673566579818726e-02,8.862230926752090454e-02,-2.479716204106807709e-02,2.192901074886322021e-01,-8.346323668956756592e-02,-4.069405794143676758e-02,2.539373934268951416e-01,-1.029578521847724915e-01,5.288856029510498047e-01,-3.088243603706359863e-01,9.276192784309387207e-01,2.689210698008537292e-02,-2.205469757318496704e-01,1.208574697375297546e-01,2.447271533310413361e-02,-5.206444263458251953e-01,5.024648308753967285e-01,7.975259423255920410e-01,-1.757225543260574341e-01,-1.387995481491088867e-01,-6.858561933040618896e-02
-1.860138326883316040e-01,-1.646466553211212158e-01,5.729360580444335938e-01,-2.488976158201694489e-02,-2.237211354076862335e-02,9.894487261772155762e-01,1.409654468297958374e-01,-4.729733988642692566e-02,3.706405684351921082e-02,1.195044219493865967e-01,9.392692148685455322e-02,-1.667722910642623901e-01,4.991502314805984497e-02,-1.849556863307952881e-01,-1.329935789108276367e-01,-1.168332770466804504e-01,1.420273184776306152e-01,-2.750203013420104980e-02,1.950428932905197144e-01,-5.878158286213874817e-02,-2.196983434259891510e-02,2.508618533611297607e-01,-1.177472323179244995e-01,5.259959101676940918e-01,-2.954041361808776855e-01,9.111626744270324707e-01,1.633815281093120575e-02,-2.199275046586990356e-01,1.231180131435394287e-01,7.763533852994441986e-03,-5.291967988014221191e-01,4.844244718551635742e-01,8.146734833717346191e-01,-1.788268685340881348e-01,-1.342415511608123779e-01,-5.848791822791099548e-02
-1.726645082235336304e-01,-1.623466312885284424e-01,5.732067823410034180e-01,-3.124751523137092590e-02,-2.673632837831974030e-02,9.859763979911804199e-01,1.617382168769836426e-01,-6.716284900903701782e-02,6.757840514183044434e-02,1.497057378292083740e-01,8.525893837213516235e-02,-1.644620299339294434e-01,4.968450963497161865e-02,-1.586406677961349487e-01,-1.620122939348220825e-01,-1.338711678981781006e-01,1.757857799530029297e-01,-4.102579876780509949e-02,1.814486533403396606e-01,-3.613670170307159424e-02,-5.254223942756652832e-03,2.373884320259094238e-01,-1.133967489004135132e-01,5.133711695671081543e-01,-2.858639359474182129e-01,9.026068449020385742e-01,4.401999991387128830e-03,-2.221612334251403809e-01,1.203851401805877686e-01,1.038809958845376968e-02,-5.234426259994506836e-01,4.671343863010406494e-01,8.241952061653137207e-01,-1.730743795633316040e-01,-1.342148631811141968e-01,-4.364453256130218506e-02
-1.714807897806167603e-01,-1.608745455741882324e-01,5.729830265045166016e-01,-3.807064890861511230e-02,-3.066598437726497650e-02,9.838207960128784180e-01,1.723569333553314209e-01,-7.541676610708236694e-02,8.518394827842712402e-02,1.546113491058349609e-01,7.773411273956298828e-02,-1.700203120708465576e-01,5.441339313983917236e-02,-1.359367966651916504e-01,-1.768477261066436768e-01,-1.132186204195022583e-01,1.991395354270935059e-01,-4.334203153848648071e-02,1.795701831579208374e-01,-2.551162987947463989e-02,4.178798291832208633e-03,2.318794578313827515e-01,-1.085201054811477661e-01,5.084666609764099121e-01,-2.845933437347412109e-01,9.044300317764282227e-01,4.585817921906709671e-03,-2.219881415367126465e-01,1.163960471749305725e-01,1.344082504510879517e-02,-5.245786905288696289e-01,4.631277620792388916e-01,8.192522525787353516e-01,-1.853222101926803589e-01,-1.379742473363876343e-01,-3.155419602990150452e-02
-1.613504588603973389e-01,-1.559580862522125244e-01,5.722450017929077148e-01,-4.355361685156822205e-02,-3.108391351997852325e-02,9.812754988670349121e-01,1.850277632474899292e-01,-9.543667733669281006e-02,1.054287850856781006e-01,1.614441275596618652e-01,7.867450267076492310e-02,-1.703733950853347778e-01,5.697961896657943726e-02,-1.017260402441024780e-01,-1.899225115776062012e-01,-8.334702998399734497e-02,2.158244550228118896e-01,-5.266929045319557190e-02,1.822958886623382568e-01,-6.501040421426296234e-03,9.550601243972778320e-03,2.199700623750686646e-01,-9.990646690130233765e-02,4.983191788196563721e-01,-2.774441838264465332e-01,9.180991053581237793e-01,2.556077437475323677e-03,-2.235152274370193481e-01,1.188404932618141174e-01,1.318030059337615967e-02,-5.182167887687683105e-01,4.578777253627777100e-01,8.223166465759277344e-01,-1.889955401420593262e-01,-1.386979818344116211e-01,-2.422911673784255981e-02
-1.495193094015121460e-01,-1.545036286115646362e-01,5.710042715072631836e-01,-4.642295092344284058e-02,-3.070565685629844666e-02,9.795386791229248047e-01,1.934064477682113647e-01,-1.201864555478096008e-01,1.177867799997329712e-01,1.588365733623504639e-01,8.929844945669174194e-02,-1.682115793228149414e-01,6.193284317851066589e-02,-6.706532090902328491e-02,-2.008500397205352783e-01,-2.771748043596744537e-02,2.212640792131423950e-01,-4.386072233319282532e-02,1.959891170263290405e-01,1.188512612134218216e-02,9.313093498349189758e-03,2.083426415920257568e-01,-9.312821179628372192e-02,4.813279509544372559e-01,-2.738566398620605469e-01,9.395498037338256836e-01,-3.566768951714038849e-03,-2.241004556417465210e-01,1.245480850338935852e-01,3.594981972128152847e-03,-5.100616812705993652e-01,4.538212120532989502e-01,8.184174299240112305e-01,-1.922363191843032837e-01,-1.388666480779647827e-01,-2.889389730989933014e-02
-1.382737159729003906e-01,-1.501286327838897705e-01,5.689563751220703125e-01,-4.921792820096015930e-02,-2.650755085051059723e-02,9.785736203193664551e-01,1.981631666421890259e-01,-1.473298817873001099e-01,1.242743134498596191e-01,1.537314057350158691e-01,1.043282449245452881e-01,-1.654826700687408447e-01,6.097672507166862488e-02,-3.337312862277030945e-02,-2.009945362806320190e-01,2.929851226508617401e-02,2.046143412590026855e-01,-4.773032665252685547e-02,2.121411710977554321e-01,3.531418368220329285e-02,2.686325227841734886e-03,2.012305557727813721e-01,-8.492498099803924561e-02,4.599534273147583008e-01,-2.722868621349334717e-01,9.648135900497436523e-01,-6.117728538811206818e-03,-2.235220521688461304e-01,1.397749632596969604e-01,-7.350918371230363846e-03,-4.970554709434509277e-01,4.611094594001770020e-01,8.240526318550109863e-01,-1.957584470510482788e-01,-1.342058628797531128e-01,-3.303581476211547852e-02
-1.237067282199859619e-01,-1.426069140434265137e-01,5.665221214294433594e-01,-4.947566613554954529e-02,-1.929006725549697876e-02,9.783353805541992188e-01,2.000998854637145996e-01,-1.759930104017257690e-01,1.279395520687103271e-01,1.445777565240859985e-01,1.231407374143600464e-01,-1.538343876600265503e-01,5.594357475638389587e-02,-7.134538143873214722e-03,-1.969506144523620605e-01,7.667459547519683838e-02,1.723834276199340820e-01,-6.466571986675262451e-02,2.188394218683242798e-01,6.120624765753746033e-02,-6.699454039335250854e-03,1.965168714523315430e-01,-8.180164545774459839e-02,4.337203502655029297e-01,-2.700181305408477783e-01,1.009279131889343262e+00,-3.837050171568989754e-03,-2.214257717132568359e-01,1.593541651964187622e-01,-2.307630330324172974e-02,-4.775836169719696045e-01,4.681702852249145508e-01,8.462152481079101562e-01,-1.972648203372955322e-01,-1.306488364934921265e-01,-4.849931970238685608e-02
-1.116752326488494873e-01,-1.357275843620300293e-01,5.643000602722167969e-01,-4.923943057656288147e-02,-1.300674490630626678e-02,9.782651066780090332e-01,2.010067850351333618e-01,-1.948278844356536865e-01,1.293416470289230347e-01,1.312925070524215698e-01,1.292950510978698730e-01,-1.405383348464965820e-01,5.290587618947029114e-02,1.160679757595062256e-02,-1.855467259883880615e-01,1.217357739806175232e-01,1.432359367609024048e-01,-8.839272707700729370e-02,2.126182168722152710e-01,8.240396529436111450e-02,-1.585038751363754272e-02,1.966845095157623291e-01,-7.722697407007217407e-02,4.057481884956359863e-01,-2.703950703144073486e-01,1.048686742782592773e+00,1.785025233402848244e-03,-2.209954708814620972e-01,1.605626791715621948e-01,-4.004326835274696350e-02,-4.605013728141784668e-01,4.771396815776824951e-01,8.619219064712524414e-01,-2.025955021381378174e-01,-1.298204958438873291e-01,-5.694485828280448914e-02
-9.745924174785614014e-02,-1.212053075432777405e-01,5.607918500900268555e-01,-3.861841931939125061e-02,-9.878551354631781578e-04,9.774741530418395996e-01,2.074894756078720093e-01,-1.747226566076278687e-01,1.261187046766281128e-01,1.464483290910720825e-01,1.148937121033668518e-01,-1.165710240602493286e-01,2.828574366867542267e-02,5.801199004054069519e-02,-1.870453506708145142e-01,1.532501578330993652e-01,7.944063097238540649e-02,-1.556395590305328369e-01,1.963258683681488037e-01,1.207257956266403198e-01,-2.958925068378448486e-02,1.739347726106643677e-01,-2.504906430840492249e-02,3.706812560558319092e-01,-2.844682633876800537e-01,1.093097925186157227e+00,4.572642501443624496e-03,-2.223420441150665283e-01,1.632916182279586792e-01,-1.069490518420934677e-02,-4.363496303558349609e-01,4.974754750728607178e-01,8.815703392028808594e-01,-1.934269368648529053e-01,-1.342855691909790039e-01,-7.913672924041748047e-02
-7.243923097848892212e-02,-1.067548245191574097e-01,5.592116117477416992e-01,-3.059995546936988831e-02,5.768903065472841263e-03,9.786339402198791504e-01,2.032386660575866699e-01,-1.851109117269515991e-01,1.370549499988555908e-01,1.277355551719665527e-01,1.049563214182853699e-01,-6.111014261841773987e-02,2.384729217737913132e-03,6.640128046274185181e-02,-1.745162755250930786e-01,1.464441716670989990e-01,5.828023701906204224e-02,-2.216392755508422852e-01,1.679035276174545288e-01,1.505335271358489990e-01,-2.819429524242877960e-02,1.835882812738418579e-01,-1.686780713498592377e-02,3.383744359016418457e-01,-2.922823131084442139e-01,1.132147431373596191e+00,1.825246581574901938e-04,-2.189801931381225586e-01,1.558096110820770264e-01,-2.011613547801971436e-02,-4.213472902774810791e-01,5.059628486633300781e-01,9.041726589202880859e-01,-1.883512288331985474e-01,-1.355190873146057129e-01,-9.368167072534561157e-02
-4.895536974072456360e-02,-9.780717641115188599e-02,5.580245256423950195e-01,-2.340809628367424011e-02,8.003294467926025391e-03,9.798275828361511230e-01,1.983075737953186035e-01,-1.923736333847045898e-01,1.484139412641525269e-01,1.080321371555328369e-01,8.476259559392929077e-02,-4.701826255768537521e-03,-2.784680202603340149e-02,7.066449522972106934e-02,-1.601867973804473877e-01,1.150844022631645203e-01,4.327015951275825500e-02,-2.629228234291076660e-01,1.479891240596771240e-01,1.783763915300369263e-01,-2.059775404632091522e-02,2.021168768405914307e-01,-2.109852805733680725e-02,3.157376646995544434e-01,-2.991766333580017090e-01,1.158492684364318848e+00,-1.015642657876014709e-02,-2.163548022508621216e-01,1.425589770078659058e-01,-3.688242286443710327e-02,-4.171397984027862549e-01,5.174680948257446289e-01,9.203609228134155273e-01,-1.786548942327499390e-01,-1.368542611598968506e-01,-9.642376005649566650e-02
-2.681930921971797943e-02,-9.115476906299591064e-02,5.573327541351318359e-01,-1.546539552509784698e-02,7.023267447948455811e-03,9.816671013832092285e-01,1.898452788591384888e-01,-1.959314346313476562e-01,1.563924700021743774e-01,6.979493051767349243e-02,5.714332684874534607e-02,4.904466867446899414e-02,-5.980935320258140564e-02,7.468401640653610229e-02,-1.427589952945709229e-01,7.995969057083129883e-02,3.301532566547393799e-02,-2.787463366985321045e-01,1.372099518775939941e-01,2.081582546234130859e-01,-6.777629721909761429e-03,2.230718582868576050e-01,-2.427972480654716492e-02,2.995117604732513428e-01,-3.102144598960876465e-01,1.159630656242370605e+00,-2.446789480745792389e-02,-2.185818105936050415e-01,1.248504593968391418e-01,-5.558387935161590576e-02,-4.179254472255706787e-01,5.249639153480529785e-01,9.337651729583740234e-01,-1.617924869060516357e-01,-1.416662633419036865e-01,-9.492212533950805664e-02
-8.975477889180183411e-03,-8.407597243785858154e-02,5.579915046691894531e-01,-7.776999846100807190e-03,6.754172500222921371e-03,9.836806058883666992e-01,1.796285212039947510e-01,-2.013738602399826050e-01,1.464977413415908813e-01,1.768872700631618500e-02,3.798647597432136536e-02,3.853790462017059326e-02,-9.049075096845626831e-02,8.087184280157089233e-02,-1.282798945903778076e-01,5.182059481739997864e-02,2.673678286373615265e-02,-2.805154323577880859e-01,1.314605772495269775e-01,2.282668501138687134e-01,8.187735453248023987e-03,2.418621927499771118e-01,-2.772816829383373260e-02,2.904990911483764648e-01,-3.186516761779785156e-01,1.140725255012512207e+00,-4.310703277587890625e-02,-2.203755974769592285e-01,1.030278429388999939e-01,-6.635618209838867188e-02,-4.218314290046691895e-01,5.267911553382873535e-01,9.470492005348205566e-01,-1.474127918481826782e-01,-1.427439898252487183e-01,-8.648484200239181519e-02
1.230119261890649796e-02,-7.546247541904449463e-02,5.597890615463256836e-01,7.043981440801871940e-06,8.906082250177860260e-03,9.867038130760192871e-01,1.622844189405441284e-01,-2.065837979316711426e-01,1.305289864540100098e-01,-4.134098067879676819e-03,1.980660669505596161e-02,1.703042071312665939e-03,-9.956491738557815552e-02,8.574529737234115601e-02,-1.174934059381484985e-01,9.820866398513317108e-03,1.932524330914020538e-02,-2.736105620861053467e-01,1.270482540130615234e-01,2.498141825199127197e-01,2.684410661458969116e-02,2.609790265560150146e-01,-3.169895708560943604e-02,2.906971871852874756e-01,-3.354625701904296875e-01,1.100306272506713867e+00,-5.640153214335441589e-02,-2.258477658033370972e-01,8.096171915531158447e-02,-7.280894368886947632e-02,-4.335714876651763916e-01,5.225751399993896484e-01,9.614136219024658203e-01,-1.290712803602218628e-01,-1.419421583414077759e-01,-7.744815945625305176e-02
3.245967254042625427e-02,-6.991747021675109863e-02,5.622882843017578125e-01,4.907782189548015594e-03,1.110027544200420380e-02,9.905773997306823730e-01,1.364153623580932617e-01,-2.056982517242431641e-01,1.170625090599060059e-01,2.490570209920406342e-02,1.076672784984111786e-02,-1.869796589016914368e-02,-9.075748175382614136e-02,8.746464550495147705e-02,-1.132284626364707947e-01,-4.584341496229171753e-02,1.249949634075164795e-02,-2.564970850944519043e-01,1.253319978713989258e-01,2.577035129070281982e-01,4.522597417235374451e-02,2.713068723678588867e-01,-3.320432826876640320e-02,3.067335188388824463e-01,-3.491245210170745850e-01,1.041793227195739746e+00,-6.835295259952545166e-02,-2.306163311004638672e-01,5.966979265213012695e-02,-6.950514018535614014e-02,-4.513195455074310303e-01,5.149646401405334473e-01,9.733164310455322266e-01,-1.241412609815597534e-01,-1.391667723655700684e-01,-6.559248268604278564e-02
5.303133651614189148e-02,-6.363040208816528320e-02,5.647969245910644531e-01,8.540756069123744965e-03,1.384602673351764679e-02,9.942451715469360352e-01,1.058859229087829590e-01,-2.009007930755615234e-01,1.019709259271621704e-01,6.233253329992294312e-02,6.853652652353048325e-03,-3.083926998078823090e-02,-8.294806629419326782e-02,8.624011278152465820e-02,-1.113015040755271912e-01,-1.106067523360252380e-01,7.519268896430730820e-03,-2.372933328151702881e-01,1.242442354559898376e-01,2.644304335117340088e-01,6.419197469949722290e-02,2.736831605434417725e-01,-3.099399246275424957e-02,3.378482162952423096e-01,-3.494490981101989746e-01,9.681215882301330566e-01,-7.448780536651611328e-02,-2.410488426685333252e-01,5.599069222807884216e-02,-5.484052747488021851e-02,-4.703892767429351807e-01,4.943340122699737549e-01,9.911991357803344727e-01,-1.201759353280067444e-01,-1.363510191440582275e-01,-5.566580966114997864e-02
7.157836109399795532e-02,-5.658873543143272400e-02,5.670901536941528320e-01,9.573510847985744476e-03,1.674244552850723267e-02,9.971537590026855469e-01,7.288630306720733643e-02,-1.880779862403869629e-01,8.517076075077056885e-02,1.013547331094741821e-01,1.111782062798738480e-02,-4.414393752813339233e-02,-6.999921053647994995e-02,8.121742308139801025e-02,-1.110293567180633545e-01,-1.777440607547760010e-01,4.868900403380393982e-03,-2.198226898908615112e-01,1.183350384235382080e-01,2.679075300693511963e-01,8.144135773181915283e-02,2.705720067024230957e-01,-1.981654204428195953e-02,3.833118677139282227e-01,-3.297025561332702637e-01,8.762253522872924805e-01,-8.987166732549667358e-02,-2.561153471469879150e-01,6.213223561644554138e-02,-3.294306620955467224e-02,-4.920127689838409424e-01,4.659472107887268066e-01,1.008022427558898926e+00,-1.212485879659652710e-01,-1.338442862033843994e-01,-4.312515258789062500e-02
8.609040081501007080e-02,-4.980537295341491699e-02,5.690280199050903320e-01,8.225958794355392456e-03,1.895494386553764343e-02,9.988037347793579102e-01,4.431930184364318848e-02,-1.725540012121200562e-01,7.269693911075592041e-02,1.238929331302642822e-01,1.688912697136402130e-02,-5.778429657220840454e-02,-6.111824512481689453e-02,7.337681949138641357e-02,-1.108133196830749512e-01,-2.375032007694244385e-01,2.845293376594781876e-03,-2.029684931039810181e-01,1.144704595208168030e-01,2.638473212718963623e-01,9.578350931406021118e-02,2.657892405986785889e-01,-1.033627544529736042e-03,4.329518973827362061e-01,-3.006728887557983398e-01,7.905266880989074707e-01,-1.124845668673515320e-01,-2.690717577934265137e-01,6.346382200717926025e-02,-7.226431742310523987e-03,-5.126746892929077148e-01,4.301513731479644775e-01,1.009389042854309082e+00,-1.245492696762084961e-01,-1.332461833953857422e-01,-2.909637801349163055e-02
1.042004525661468506e-01,-4.201798141002655029e-02,5.710744857788085938e-01,5.232729949057102203e-03,2.246314287185668945e-02,9.997186064720153809e-01,5.540097132325172424e-03,-1.468601375818252563e-01,5.690881237387657166e-02,1.563230454921722412e-01,4.004039242863655090e-02,-7.658069580793380737e-02,-4.016158729791641235e-02,5.921817943453788757e-02,-1.165509000420570374e-01,-3.063426315784454346e-01,3.369021229445934296e-03,-1.869040876626968384e-01,1.045429706573486328e-01,2.605933547019958496e-01,1.052227243781089783e-01,2.508693933486938477e-01,1.245697401463985443e-02,4.833838343620300293e-01,-2.670780122280120850e-01,7.160841226577758789e-01,-1.123961210250854492e-01,-2.773271799087524414e-01,7.053423672914505005e-02,2.052031271159648895e-02,-5.301892757415771484e-01,4.071594476699829102e-01,1.023005962371826172e+00,-1.500066369771957397e-01,-1.284380108118057251e-01,-1.550332829356193542e-02
1.094889566302299500e-01,-3.503891825675964355e-02,5.728766918182373047e-01,-1.355059328489005566e-03,2.401785179972648621e-02,9.993452429771423340e-01,-2.702577784657478333e-02,-1.254899352788925171e-01,4.923316463828086853e-02,1.999936997890472412e-01,5.226813256740570068e-02,-9.304998815059661865e-02,-2.923671342432498932e-02,5.393218994140625000e-02,-1.191503182053565979e-01,-3.686095476150512695e-01,6.510855164378881454e-04,-1.761346310377120972e-01,9.955420345067977905e-02,2.443575561046600342e-01,1.120498701930046082e-01,2.387575209140777588e-01,1.660036109387874603e-02,5.182253122329711914e-01,-2.406780421733856201e-01,6.888037323951721191e-01,-9.395673125982284546e-02,-2.692361474037170410e-01,8.029752224683761597e-02,4.001925885677337646e-02,-5.360115170478820801e-01,3.835440278053283691e-01,1.038982272148132324e+00,-1.644577831029891968e-01,-1.252909153699874878e-01,-1.864071935415267944e-02
1.271932423114776611e-01,-2.221255749464035034e-02,5.756945610046386719e-01,-1.535768900066614151e-02,2.546620368957519531e-02,9.974801540374755859e-01,-6.441283971071243286e-02,-1.278347074985504150e-01,4.733869805932044983e-02,2.178983092308044434e-01,9.845262765884399414e-02,-8.758950978517532349e-02,-9.362871758639812469e-03,1.662454009056091309e-02,-1.219185814261436462e-01,-4.323149621486663818e-01,-1.424177549779415131e-02,-1.389191597700119019e-01,7.603655010461807251e-02,2.243036031723022461e-01,1.225797310471534729e-01,2.369068861007690430e-01,-2.101387269794940948e-02,5.438441634178161621e-01,-2.211081832647323608e-01,6.933736205101013184e-01,-7.355018705129623413e-02,-2.533778548240661621e-01,8.566221594810485840e-02,2.229989133775234222e-02,-5.490626692771911621e-01,3.675610125064849854e-01,1.054128646850585938e+00,-1.856050640344619751e-01,-1.175787895917892456e-01,-1.282263919711112976e-02
1.400879472494125366e-01,-7.401615381240844727e-03,5.776295661926269531e-01,-2.241133525967597961e-02,2.810878120362758636e-02,9.927218556404113770e-01,-1.149390786886215210e-01,-9.698739647865295410e-02,4.378864914178848267e-02,2.691350877285003662e-01,1.392023861408233643e-01,-1.134914159774780273e-01,1.219679601490497589e-02,4.844782233703881502e-04,-1.300670802593231201e-01,-5.117192268371582031e-01,-9.998370893299579620e-03,-1.289736330509185791e-01,5.090779066085815430e-02,1.915398985147476196e-01,1.217999160289764404e-01,2.218127846717834473e-01,-3.041831776499748230e-02,5.538147687911987305e-01,-2.228447049856185913e-01,7.353973984718322754e-01,-5.878977105021476746e-02,-2.335449010133743286e-01,7.763751596212387085e-02,2.822124026715755463e-02,-5.541907548904418945e-01,3.662839531898498535e-01,1.064735531806945801e+00,-2.040755599737167358e-01,-1.208888292312622070e-01,-1.030353643000125885e-02
1.427081078290939331e-01,-2.631351118907332420e-03,5.787872076034545898e-01,-2.961622551083564758e-02,2.827804349362850189e-02,9.890315532684326172e-01,-1.419146507978439331e-01,-7.058615982532501221e-02,3.584648668766021729e-02,2.929998338222503662e-01,1.662041842937469482e-01,-1.338498890399932861e-01,2.190547622740268707e-02,-8.431386202573776245e-03,-1.365658640861511230e-01,-5.567065477371215820e-01,-9.465404786169528961e-03,-1.239008083939552307e-01,4.674922302365303040e-02,1.613590717315673828e-01,1.157752349972724915e-01,2.123808413743972778e-01,-3.692734241485595703e-02,5.570872426033020020e-01,-2.193034291267395020e-01,7.707521915435791016e-01,-3.614890202879905701e-02,-2.182188332080841064e-01,6.963841617107391357e-02,3.531267866492271423e-02,-5.530641674995422363e-01,3.597308397293090820e-01,1.088970065116882324e+00,-2.256228923797607422e-01,-1.137545481324195862e-01,-9.387965314090251923e-03
1.546948850154876709e-01,6.503994576632976532e-03,5.801006555557250977e-01,-3.156933560967445374e-02,3.134607151150703430e-02,9.847317337989807129e-01,-1.682978570461273193e-01,-5.039934813976287842e-02,2.780054509639739990e-02,3.062406778335571289e-01,2.171890139579772949e-01,-1.388071179389953613e-01,3.231051564216613770e-02,-2.083300985395908356e-02,-1.482584923505783081e-01,-6.040689945220947266e-01,-4.895831458270549774e-03,-1.159176006913185120e-01,3.790770098567008972e-02,1.359157413244247437e-01,1.119314879179000854e-01,2.013324052095413208e-01,-4.110386967658996582e-02,5.553686618804931641e-01,-2.350893020629882812e-01,8.080083727836608887e-01,-1.406035013496875763e-02,-2.063486427068710327e-01,5.240372568368911743e-02,4.021990299224853516e-02,-5.492892861366271973e-01,3.605770766735076904e-01,1.105803251266479492e+00,-2.341569662094116211e-01,-1.097082123160362244e-01,-9.131853468716144562e-03
1.637071818113327026e-01,1.438594609498977661e-02,5.805968046188354492e-01,-3.453572466969490051e-02,3.282747790217399597e-02,9.801476597785949707e-01,-1.924582421779632568e-01,-2.865396812558174133e-02,2.133745141327381134e-02,3.226970136165618896e-01,2.455432116985321045e-01,-1.459793746471405029e-01,3.570939227938652039e-02,-3.105379454791545868e-02,-1.575680226087570190e-01,-6.549394726753234863e-01,-2.566991606727242470e-03,-1.106308251619338989e-01,3.517880663275718689e-02,1.154665723443031311e-01,1.071732640266418457e-01,1.903022974729537964e-01,-4.742598161101341248e-02,5.504454970359802246e-01,-2.385932207107543945e-01,8.406417369842529297e-01,7.543507497757673264e-03,-1.986413449048995972e-01,4.104215279221534729e-02,5.054422467947006226e-02,-5.418875813484191895e-01,3.603880405426025391e-01,1.117500066757202148e+00,-2.434750348329544067e-01,-1.087656989693641663e-01,-4.531704820692539215e-03
1.788024902343750000e-01,2.311168052256107330e-02,5.804208517074584961e-01,-3.588109090924263000e-02,3.326126933097839355e-02,9.742273092269897461e-01,-2.201984375715255737e-01,-2.666957443580031395e-03,1.752046123147010803e-02,3.440570235252380371e-01,2.626926302909851074e-01,-1.509428173303604126e-01,2.928661182522773743e-02,-4.255084320902824402e-02,-1.676591634750366211e-01,-7.109573483467102051e-01,-5.295233801007270813e-03,-9.860288351774215698e-02,4.004849493503570557e-02,8.797534555196762085e-02,1.052839756011962891e-01,1.764675527811050415e-01,-5.369237810373306274e-02,5.470268130302429199e-01,-2.480579316616058350e-01,8.624799847602844238e-01,3.489804640412330627e-02,-1.961029917001724243e-01,2.900280244648456573e-02,5.762532353401184082e-02,-5.363851785659790039e-01,3.592469692230224609e-01,1.126675248146057129e+00,-2.549855411052703857e-01,-1.060967594385147095e-01,-7.803380955010652542e-03
1.909684091806411743e-01,2.925020456314086914e-02,5.796358585357666016e-01,-3.543835505843162537e-02,3.087656013667583466e-02,9.688344597816467285e-01,-2.432089745998382568e-01,2.143642492592334747e-02,1.690953224897384644e-02,3.527022898197174072e-01,2.477839291095733643e-01,-1.647180914878845215e-01,2.498643286526203156e-02,-4.910869151353836060e-02,-1.735610067844390869e-01,-7.662820816040039062e-01,-4.484995268285274506e-03,-8.621364831924438477e-02,4.261216893792152405e-02,6.522644311189651489e-02,1.049989834427833557e-01,1.680983304977416992e-01,-5.688517168164253235e-02,5.456959605216979980e-01,-2.558530569076538086e-01,8.819897174835205078e-01,5.515351146459579468e-02,-1.953771263360977173e-01,1.993053965270519257e-02,6.611819565296173096e-02,-5.317637920379638672e-01,3.613486588001251221e-01,1.131152033805847168e+00,-2.633187770843505859e-01,-1.043348237872123718e-01,-4.927976988255977631e-03
1.967091858386993408e-01,2.700242400169372559e-02,5.786700248718261719e-01,-3.448067232966423035e-02,2.634648419916629791e-02,9.670869708061218262e-01,-2.507184147834777832e-01,3.507287800312042236e-02,1.154509838670492172e-02,3.345820605754852295e-01,2.165013104677200317e-01,-1.825584918260574341e-01,2.647450752556324005e-02,-5.150027573108673096e-02,-1.750914007425308228e-01,-7.905966639518737793e-01,-4.871475393883883953e-04,-7.931840419769287109e-02,4.686782136559486389e-02,5.312712863087654114e-02,1.050024181604385376e-01,1.684424877166748047e-01,-6.286499649286270142e-02,5.450535416603088379e-01,-2.668259739875793457e-01,8.941635489463806152e-01,7.490685582160949707e-02,-1.984233260154724121e-01,2.221515774726867676e-02,6.468778103590011597e-02,-5.297568440437316895e-01,3.715532124042510986e-01,1.135860562324523926e+00,-2.756673693656921387e-01,-9.929966181516647339e-02,-8.594452403485774994e-03
