7.822816260159015656e-03,-2.224790398031473160e-03,1.068968892097473145e+00,-4.954181984066963196e-02,-9.617920964956283569e-03,-6.838236451148986816e-01,7.278999686241149902e-01,-3.841711208224296570e-02,4.706384986639022827e-02,-1.699942047707736492e-03,6.482029706239700317e-02,-2.475223504006862640e-02,4.584713652729988098e-02,7.350042928010225296e-03,-9.756071120500564575e-02,-1.019999980926513672e-01,5.736256390810012817e-02,2.300127781927585602e-02,3.994660079479217529e-02,-1.019999980926513672e-01,1.019999980926513672e-01,1.209634076803922653e-02,1.099030952900648117e-02,6.997003406286239624e-02,-1.019999980926513672e-01,-1.019999980926513672e-01,-1.019999980926513672e-01,-1.019999980926513672e-01,8.316487073898315430e-02,-3.778383508324623108e-02,-9.000528603792190552e-02,1.019999980926513672e-01,-1.019999980926513672e-01,1.019999980926513672e-01,-3.661190345883369446e-02,-6.101613491773605347e-02
8.423768915235996246e-03,-2.014624653384089470e-03,1.068495631217956543e+00,-5.558248981833457947e-02,-1.835901848971843719e-02,-7.180246114730834961e-01,6.935518383979797363e-01,-6.883397232741117477e-03,5.801673606038093567e-02,1.003000587224960327e-01,7.839401811361312866e-02,-6.806187331676483154e-02,5.791248381137847900e-02,-2.904369868338108063e-02,-1.165354847908020020e-01,-2.032669931650161743e-01,1.174683347344398499e-01,4.641358926892280579e-02,5.283789709210395813e-02,-4.051005095243453979e-02,1.606256514787673950e-01,1.430601347237825394e-02,8.764543570578098297e-03,8.856820315122604370e-02,-2.039999961853027344e-01,-2.039999961853027344e-01,-2.039999961853027344e-01,-1.417667120695114136e-01,1.042099371552467346e-01,-2.161886170506477356e-02,-1.218002960085868835e-01,2.039999961853027344e-01,-2.039999961853027344e-01,1.338270306587219238e-01,-4.180896282196044922e-02,-7.485433667898178101e-02
8.406275883316993713e-03,-2.311533549800515175e-03,1.068099975585937500e+00,-5.903821811079978943e-02,-2.296130172908306122e-02,-7.209017872810363770e-01,6.901361346244812012e-01,6.469107698649168015e-03,5.921367555856704712e-02,1.365207582712173462e-01,8.803217113018035889e-02,-8.438660949468612671e-02,6.049203872680664062e-02,-3.872286900877952576e-02,-1.227605864405632019e-01,-2.087259888648986816e-01,1.509342789649963379e-01,4.334602132439613342e-02,5.533888936042785645e-02,-2.461168728768825531e-02,1.777725368738174438e-01,1.422245614230632782e-02,2.004611305892467499e-02,9.153668582439422607e-02,-3.033940494060516357e-01,-2.511914074420928955e-01,-2.452799677848815918e-01,-1.476565152406692505e-01,1.084305420517921448e-01,-4.599572159349918365e-03,-1.327967345714569092e-01,2.731064856052398682e-01,-2.486011683940887451e-01,1.376839876174926758e-01,-3.545153886079788208e-02,-7.530584186315536499e-02
8.417986333370208740e-03,-2.721398370340466499e-03,1.067796349525451660e+00,-6.146031618118286133e-02,-2.630192227661609650e-02,-7.221434712409973145e-01,6.885053515434265137e-01,1.412632409483194351e-02,5.881381407380104065e-02,1.477546989917755127e-01,9.548199176788330078e-02,-9.252681583166122437e-02,6.138475239276885986e-02,-4.190714284777641296e-02,-1.263897269964218140e-01,-2.050542682409286499e-01,1.728062331676483154e-01,3.718676790595054626e-02,5.573473498225212097e-02,-1.748436689376831055e-02,1.795069873332977295e-01,1.416932046413421631e-02,3.582752496004104614e-02,9.020081907510757446e-02,-3.270916044712066650e-01,-2.652528584003448486e-01,-2.494134604930877686e-01,-1.440411806106567383e-01,1.133472248911857605e-01,1.160309556871652603e-02,-1.367565691471099854e-01,2.910891175270080566e-01,-2.633012235164642334e-01,1.299277991056442261e-01,-2.750869095325469971e-02,-7.627218216657638550e-02
8.443806320428848267e-03,-3.073683474212884903e-03,1.067497372627258301e+00,-6.324047595262527466e-02,-2.892332524061203003e-02,-7.227758765220642090e-01,6.875748038291931152e-01,1.907133497297763824e-02,5.810451507568359375e-02,1.528388708829879761e-01,1.019613593816757202e-01,-9.773717075586318970e-02,6.176071986556053162e-02,-4.375355318188667297e-02,-1.292977780103683472e-01,-2.014176100492477417e-01,1.897331625223159790e-01,3.098421171307563782e-02,5.570096150040626526e-02,-1.446026470512151718e-02,1.777428835630416870e-01,1.395665295422077179e-02,4.906341806054115295e-02,8.762100338935852051e-02,-3.361184298992156982e-01,-2.706898152828216553e-01,-2.485228776931762695e-01,-1.400301158428192139e-01,1.169301718473434448e-01,2.493520453572273254e-02,-1.382603496313095093e-01,3.002285659313201904e-01,-2.699978053569793701e-01,1.239365860819816589e-01,-2.144449017941951752e-02,-7.730962336063385010e-02
8.372199721634387970e-03,-3.317432012408971786e-03,1.067214250564575195e+00,-6.453584134578704834e-02,-3.105209022760391235e-02,-7.234541177749633789e-01,6.866477131843566895e-01,2.247538790106773376e-02,5.746593698859214783e-02,1.563985943794250488e-01,1.079323291778564453e-01,-1.023953855037689209e-01,6.183978542685508728e-02,-4.654103890061378479e-02,-1.318871080875396729e-01,-1.981076747179031372e-01,2.055483162403106689e-01,2.395609952509403229e-02,5.590338259935379028e-02,-1.185873989015817642e-02,1.769115477800369263e-01,1.356107089668512344e-02,6.082966178655624390e-02,8.599454909563064575e-02,-3.419443368911743164e-01,-2.762944400310516357e-01,-2.467742264270782471e-01,-1.368296444416046143e-01,1.205824390053749084e-01,3.662839159369468689e-02,-1.399741470813751221e-01,3.064322471618652344e-01,-2.770237028598785400e-01,1.181808039546012878e-01,-1.682302542030811310e-02,-7.851257920265197754e-02
8.269008249044418335e-03,-3.501921426504850388e-03,1.066934585571289062e+00,-6.548629701137542725e-02,-3.285034745931625366e-02,-7.240100502967834473e-01,6.858876347541809082e-01,2.474369853734970093e-02,5.684158205986022949e-02,1.590580344200134277e-01,1.136502549052238464e-01,-1.065132766962051392e-01,6.180351600050926208e-02,-4.991631209850311279e-02,-1.343078911304473877e-01,-1.950286328792572021e-01,2.205304652452468872e-01,1.664482057094573975e-02,5.619340389966964722e-02,-9.765908122062683105e-03,1.764628291130065918e-01,1.301153376698493958e-02,7.113869488239288330e-02,8.506897836923599243e-02,-3.462790846824645996e-01,-2.820339500904083252e-01,-2.450196146965026855e-01,-1.343725174665451050e-01,1.239148005843162537e-01,4.694302380084991455e-02,-1.418233215808868408e-01,3.110061287879943848e-01,-2.841921746730804443e-01,1.130759119987487793e-01,-1.330266799777746201e-02,-7.969380915164947510e-02
8.161336183547973633e-03,-3.628551261499524117e-03,1.066632509231567383e+00,-6.618148833513259888e-02,-3.440250828862190247e-02,-7.245187759399414062e-01,6.852072477340698242e-01,2.616550773382186890e-02,5.619989335536956787e-02,1.611350476741790771e-01,1.192090436816215515e-01,-1.102723032236099243e-01,6.170522794127464294e-02,-5.370893701910972595e-02,-1.366432607173919678e-01,-1.922271251678466797e-01,2.347580790519714355e-01,9.167523123323917389e-03,5.657632648944854736e-02,-8.198483847081661224e-03,1.762314438819885254e-01,1.238128449767827988e-02,8.031434565782546997e-02,8.461423218250274658e-02,-3.495535850524902344e-01,-2.876684963703155518e-01,-2.434001713991165161e-01,-1.323715597391128540e-01,1.267358213663101196e-01,5.606665462255477905e-02,-1.437619477510452271e-01,3.145264983177185059e-01,-2.911424636840820312e-01,1.088275387883186340e-01,-1.042488683015108109e-02,-8.062563836574554443e-02
8.048778399825096130e-03,-3.716895356774330139e-03,1.066334724426269531e+00,-6.662204861640930176e-02,-3.574614599347114563e-02,-7.248682975769042969e-01,6.847259998321533203e-01,2.682323940098285675e-02,5.549575015902519226e-02,1.627710461616516113e-01,1.245788857340812683e-01,-1.138024777173995972e-01,6.159710139036178589e-02,-5.778838321566581726e-02,-1.389658451080322266e-01,-1.897227466106414795e-01,2.484089881181716919e-01,1.783584128133952618e-03,5.682557076215744019e-02,-6.945191882550716400e-03,1.761144697666168213e-01,1.173899415880441666e-02,8.835645765066146851e-02,8.472770452499389648e-02,-3.521088063716888428e-01,-2.930480539798736572e-01,-2.420658916234970093e-01,-1.306599378585815430e-01,1.291862875223159790e-01,6.425671279430389404e-02,-1.458313465118408203e-01,3.173171579837799072e-01,-2.977764010429382324e-01,1.052952185273170471e-01,-8.061894215643405914e-03,-8.145776391029357910e-02
7.925711572170257568e-03,-3.771035000681877136e-03,1.066035270690917969e+00,-6.687187403440475464e-02,-3.691467270255088806e-02,-7.251426577568054199e-01,6.843490600585937500e-01,2.687634713947772980e-02,5.477522313594818115e-02,1.641212254762649536e-01,1.298139989376068115e-01,-1.171223893761634827e-01,6.144872680306434631e-02,-6.206071004271507263e-02,-1.412439197301864624e-01,-1.875205934047698975e-01,2.614280581474304199e-01,-5.463816225528717041e-03,5.705920234322547913e-02,-6.010383367538452148e-03,1.760403066873550415e-01,1.096102409064769745e-02,9.546994417905807495e-02,8.516664057970046997e-02,-3.542109429836273193e-01,-2.981385588645935059e-01,-2.409601658582687378e-01,-1.291785389184951782e-01,1.312239617109298706e-01,7.161809504032135010e-02,-1.479519903659820557e-01,3.195464611053466797e-01,-3.039539456367492676e-01,1.023663356900215149e-01,-6.007143296301364899e-03,-8.218122273683547974e-02
7.788534741848707199e-03,-3.799129510298371315e-03,1.065740346908569336e+00,-6.699822098016738892e-02,-3.796407952904701233e-02,-7.253626585006713867e-01,6.840460300445556641e-01,2.648926340043544769e-02,5.407329648733139038e-02,1.653214097023010254e-01,1.350007057189941406e-01,-1.202531233429908752e-01,6.127454712986946106e-02,-6.640212982892990112e-02,-1.434782445430755615e-01,-1.856608688831329346e-01,2.738727331161499023e-01,-1.247451733797788620e-02,5.734567344188690186e-02,-5.347330123186111450e-03,1.758330911397933960e-01,1.007887069135904312e-02,1.017969027161598206e-01,8.579286187887191772e-02,-3.558727204799652100e-01,-3.029100000858306885e-01,-2.400259375572204590e-01,-1.279106587171554565e-01,1.328681409358978271e-01,7.821130752563476562e-02,-1.500022560358047485e-01,3.212515711784362793e-01,-3.096784353256225586e-01,9.992211312055587769e-02,-4.220929928123950958e-03,-8.276756852865219116e-02
7.646873593330383301e-03,-3.815051168203353882e-03,1.065450429916381836e+00,-6.700246036052703857e-02,-3.885508328676223755e-02,-7.256360650062561035e-01,6.837055683135986328e-01,2.573014050722122192e-02,5.338925495743751526e-02,1.661209464073181152e-01,1.401191800832748413e-01,-1.232133358716964722e-01,6.123404204845428467e-02,-7.086504250764846802e-02,-1.455917358398437500e-01,-1.839025914669036865e-01,2.856437563896179199e-01,-1.919538155198097229e-02,5.758287385106086731e-02,-4.897457547485828400e-03,1.756629496812820435e-01,9.118473157286643982e-03,1.075751334428787231e-01,8.645255863666534424e-02,-3.572075664997100830e-01,-3.073246479034423828e-01,-2.390082329511642456e-01,-1.268037259578704834e-01,1.341198086738586426e-01,8.403677493333816528e-02,-1.518292129039764404e-01,3.225755095481872559e-01,-3.151004910469055176e-01,9.778694808483123779e-02,-2.716430695727467537e-03,-8.311571925878524780e-02
7.508243899792432785e-03,-3.803374711424112320e-03,1.065145850181579590e+00,-6.690055131912231445e-02,-3.965700045228004456e-02,-7.257618904113769531e-01,6.835359334945678711e-01,2.458090521395206451e-02,5.269810184836387634e-02,1.668497025966644287e-01,1.451531499624252319e-01,-1.260999739170074463e-01,6.108510494232177734e-02,-7.526742666959762573e-02,-1.476864218711853027e-01,-1.823858171701431274e-01,2.968453168869018555e-01,-2.573519572615623474e-02,5.782588943839073181e-02,-4.504401702433824539e-03,1.753666102886199951e-01,8.130325935781002045e-03,1.126294210553169250e-01,8.731077611446380615e-02,-3.581237792968750000e-01,-3.113653957843780518e-01,-2.380716204643249512e-01,-1.257744729518890381e-01,1.351939141750335693e-01,8.941306173801422119e-02,-1.535744518041610718e-01,3.235460519790649414e-01,-3.199461400508880615e-01,9.600292891263961792e-02,-1.309756655246019363e-03,-8.341680467128753662e-02
7.366977166384458542e-03,-3.780827857553958893e-03,1.064846873283386230e+00,-6.676185876131057739e-02,-4.039120301604270935e-02,-7.259330153465270996e-01,6.833246946334838867e-01,2.323832362890243530e-02,5.202445760369300842e-02,1.673081815242767334e-01,1.502096801996231079e-01,-1.288306713104248047e-01,6.090828031301498413e-02,-7.961568236351013184e-02,-1.496993750333786011e-01,-1.809827685356140137e-01,3.074819445610046387e-01,-3.201185166835784912e-02,5.802231281995773315e-02,-4.258409608155488968e-03,1.748543530702590942e-01,7.132553029805421829e-03,1.172251924872398376e-01,8.812816441059112549e-02,-3.587257564067840576e-01,-3.150903284549713135e-01,-2.370837181806564331e-01,-1.249002069234848022e-01,1.359827518463134766e-01,9.418643265962600708e-02,-1.550721526145935059e-01,3.241069614887237549e-01,-3.244550526142120361e-01,9.433461725711822510e-02,-1.106527270167134702e-04,-8.357779681682586670e-02
7.220352999866008759e-03,-3.749419003725051880e-03,1.064548611640930176e+00,-6.653369218111038208e-02,-4.100558906793594360e-02,-7.260410785675048828e-01,6.831955313682556152e-01,2.158647030591964722e-02,5.137120187282562256e-02,1.673884987831115723e-01,1.552026867866516113e-01,-1.315033286809921265e-01,6.081065535545349121e-02,-8.391427248716354370e-02,-1.515691876411437988e-01,-1.795039027929306030e-01,3.175123631954193115e-01,-3.805351629853248596e-02,5.814484134316444397e-02,-4.112526308745145798e-03,1.744160950183868408e-01,6.101056933403015137e-03,1.213661432266235352e-01,8.892279118299484253e-02,-3.590474724769592285e-01,-3.184591531753540039e-01,-2.359708994626998901e-01,-1.240932270884513855e-01,1.365267336368560791e-01,9.856481850147247314e-02,-1.562901884317398071e-01,3.242692649364471436e-01,-3.285391628742218018e-01,9.265530854463577271e-02,9.918999858200550079e-04,-8.353465050458908081e-02
7.067409344017505646e-03,-3.702297108247876167e-03,1.064260244369506836e+00,-6.628065556287765503e-02,-4.156460613012313843e-02,-7.261490821838378906e-01,6.830716133117675781e-01,1.977418921887874603e-02,5.078577995300292969e-02,1.675149351358413696e-01,1.601834446191787720e-01,-1.341494917869567871e-01,6.078937277197837830e-02,-8.812854439020156860e-02,-1.533447802066802979e-01,-1.781407743692398071e-01,3.270460963249206543e-01,-4.376732558012008667e-02,5.827121436595916748e-02,-4.156024660915136337e-03,1.738472282886505127e-01,5.040009040385484695e-03,1.251020729541778564e-01,8.982050418853759766e-02,-3.593030869960784912e-01,-3.215486407279968262e-01,-2.349971830844879150e-01,-1.233815178275108337e-01,1.369343847036361694e-01,1.024079993367195129e-01,-1.574542820453643799e-01,3.242990970611572266e-01,-3.323031365871429443e-01,9.124752879142761230e-02,1.959803747013211250e-03,-8.347825706005096436e-02
6.922889035195112228e-03,-3.646416589617729187e-03,1.063968777656555176e+00,-6.603139638900756836e-02,-4.208471626043319702e-02,-7.263165712356567383e-01,6.828857660293579102e-01,1.788938976824283600e-02,5.023035407066345215e-02,1.674695760011672974e-01,1.652089357376098633e-01,-1.366948783397674561e-01,6.077495217323303223e-02,-9.224756062030792236e-02,-1.550471782684326172e-01,-1.769142001867294312e-01,3.360941708087921143e-01,-4.921721294522285461e-02,5.843354016542434692e-02,-4.151276778429746628e-03,1.731268167495727539e-01,4.045059438794851303e-03,1.284779161214828491e-01,9.067559987306594849e-02,-3.594434559345245361e-01,-3.244478702545166016e-01,-2.341090738773345947e-01,-1.228235885500907898e-01,1.371767967939376831e-01,1.058258488774299622e-01,-1.584649384021759033e-01,3.241006731986999512e-01,-3.358528912067413330e-01,8.993516862392425537e-02,2.745898440480232239e-03,-8.343036472797393799e-02
6.780240219086408615e-03,-3.588018706068396568e-03,1.063686609268188477e+00,-6.573902070522308350e-02,-4.252867400646209717e-02,-7.264425158500671387e-01,6.827524900436401367e-01,1.583615876734256744e-02,4.972663149237632751e-02,1.674359589815139771e-01,1.702197641134262085e-01,-1.392075568437576294e-01,6.080021709203720093e-02,-9.626653045415878296e-02,-1.566464602947235107e-01,-1.757262200117111206e-01,3.446697890758514404e-01,-5.441446974873542786e-02,5.857875198125839233e-02,-4.119801335036754608e-03,1.724470108747482300e-01,3.078932175412774086e-03,1.315157562494277954e-01,9.154985100030899048e-02,-3.595096170902252197e-01,-3.271476924419403076e-01,-2.332390993833541870e-01,-1.223414465785026550e-01,1.373880207538604736e-01,1.089648604393005371e-01,-1.594172716140747070e-01,3.239611685276031494e-01,-3.391390144824981689e-01,8.883165568113327026e-02,3.446174552664160728e-03,-8.339972794055938721e-02
6.639480590820312500e-03,-3.530452260747551918e-03,1.063419103622436523e+00,-6.539571285247802734e-02,-4.287166893482208252e-02,-7.265929579734802246e-01,6.826038956642150879e-01,1.361668761819601059e-02,4.928350076079368591e-02,1.673930138349533081e-01,1.751781702041625977e-01,-1.416995525360107422e-01,6.087141111493110657e-02,-1.002488732337951660e-01,-1.581316292285919189e-01,-1.746501326560974121e-01,3.527233898639678955e-01,-5.937351658940315247e-02,5.875424668192863464e-02,-4.070271272212266922e-03,1.719420701265335083e-01,2.144401660189032555e-03,1.342754513025283813e-01,9.239421784877777100e-02,-3.596799671649932861e-01,-3.297509253025054932e-01,-2.324530333280563354e-01,-1.219623237848281860e-01,1.375624984502792358e-01,1.117949187755584717e-01,-1.602860689163208008e-01,3.240303397178649902e-01,-3.423148095607757568e-01,8.796118944883346558e-02,4.024080932140350342e-03,-8.337566256523132324e-02
6.498843431472778320e-03,-3.471764968708157539e-03,1.063161134719848633e+00,-6.509432196617126465e-02,-4.319572448730468750e-02,-7.267934083938598633e-01,6.823988556861877441e-01,1.140874437987804413e-02,4.892484843730926514e-02,1.673527657985687256e-01,1.801612228155136108e-01,-1.440824717283248901e-01,6.108394637703895569e-02,-1.040729880332946777e-01,-1.594926118850708008e-01,-1.735983490943908691e-01,3.603212833404541016e-01,-6.404345482587814331e-02,5.892337486147880554e-02,-4.112792201340198517e-03,1.712714880704879761e-01,1.297131762839853764e-03,1.368779689073562622e-01,9.309884905815124512e-02,-3.597838878631591797e-01,-3.321893215179443359e-01,-2.315721362829208374e-01,-1.216802224516868591e-01,1.376048326492309570e-01,1.142357289791107178e-01,-1.610390692949295044e-01,3.239915668964385986e-01,-3.454096019268035889e-01,8.712287247180938721e-02,4.461012780666351318e-03,-8.333263546228408813e-02
6.367919500917196274e-03,-3.406454809010028839e-03,1.062892675399780273e+00,-6.475673615932464600e-02,-4.346465691924095154e-02,-7.269070744514465332e-01,6.822928190231323242e-01,9.051289409399032593e-03,4.859402775764465332e-02,1.673159897327423096e-01,1.850958466529846191e-01,-1.464198529720306396e-01,6.121818721294403076e-02,-1.077478528022766113e-01,-1.608008444309234619e-01,-1.726543307304382324e-01,3.674890697002410889e-01,-6.852649897336959839e-02,5.907597020268440247e-02,-4.054364748299121857e-03,1.705860793590545654e-01,5.443595582619309425e-04,1.391676515340805054e-01,9.395831823348999023e-02,-3.599835038185119629e-01,-3.343945443630218506e-01,-2.309144884347915649e-01,-1.213442459702491760e-01,1.377159506082534790e-01,1.165876463055610657e-01,-1.618592590093612671e-01,3.240879476070404053e-01,-3.482119441032409668e-01,8.647811412811279297e-02,4.889041651040315628e-03,-8.345042914152145386e-02
6.237343419343233109e-03,-3.336433321237564087e-03,1.062633752822875977e+00,-6.441725790500640869e-02,-4.367363080382347107e-02,-7.270541191101074219e-01,6.821548938751220703e-01,6.633361801505088806e-03,4.833310097455978394e-02,1.672716438770294189e-01,1.899789571762084961e-01,-1.487599462270736694e-01,6.135886535048484802e-02,-1.113052070140838623e-01,-1.619866490364074707e-01,-1.717546880245208740e-01,3.741573095321655273e-01,-7.283390313386917114e-02,5.924970656633377075e-02,-4.052187781780958176e-03,1.698759794235229492e-01,-1.633064239285886288e-04,1.412701904773712158e-01,9.480769932270050049e-02,-3.603452742099761963e-01,-3.364759385585784912e-01,-2.304187119007110596e-01,-1.210380941629409790e-01,1.378253102302551270e-01,1.187160909175872803e-01,-1.626076251268386841e-01,3.241763710975646973e-01,-3.508708477020263672e-01,8.585974574089050293e-02,5.267892964184284210e-03,-8.364672958850860596e-02
6.112819537520408630e-03,-3.262051846832036972e-03,1.062383413314819336e+00,-6.408023089170455933e-02,-4.383720085024833679e-02,-7.271952033042907715e-01,6.820257902145385742e-01,4.165562335401773453e-03,4.812727868556976318e-02,1.671837419271469116e-01,1.948093175888061523e-01,-1.510708183050155640e-01,6.153464317321777344e-02,-1.147240698337554932e-01,-1.630701571702957153e-01,-1.708924770355224609e-01,3.803914189338684082e-01,-7.692025601863861084e-02,5.937757715582847595e-02,-4.075727891176939011e-03,1.691276580095291138e-01,-7.854182622395455837e-04,1.432287842035293579e-01,9.562801569700241089e-02,-3.607755899429321289e-01,-3.383906185626983643e-01,-2.300046831369400024e-01,-1.207119747996330261e-01,1.378986090421676636e-01,1.206553727388381958e-01,-1.633104532957077026e-01,3.243035674095153809e-01,-3.533740639686584473e-01,8.532274514436721802e-02,5.625438876450061798e-03,-8.390861749649047852e-02
5.993856117129325867e-03,-3.180293133482336998e-03,1.062143921852111816e+00,-6.375433504581451416e-02,-4.395302757620811462e-02,-7.273554205894470215e-01,6.818779706954956055e-01,1.665676361881196499e-03,4.800536856055259705e-02,1.671719998121261597e-01,1.996069550514221191e-01,-1.533389985561370850e-01,6.173964962363243103e-02,-1.180166080594062805e-01,-1.640492528676986694e-01,-1.701310575008392334e-01,3.862049281597137451e-01,-8.075530081987380981e-02,5.951192602515220642e-02,-4.133628215640783310e-03,1.683702319860458374e-01,-1.367337536066770554e-03,1.450670212507247925e-01,9.638870507478713989e-02,-3.613300025463104248e-01,-3.402162194252014160e-01,-2.297207415103912354e-01,-1.204199120402336121e-01,1.379014402627944946e-01,1.223977953195571899e-01,-1.639620512723922729e-01,3.245680034160614014e-01,-3.557792007923126221e-01,8.494713902473449707e-02,5.931132938712835312e-03,-8.417219668626785278e-02
5.888740066438913345e-03,-3.089034231379628181e-03,1.061900973320007324e+00,-6.348376721143722534e-02,-4.407576471567153931e-02,-7.275405526161193848e-01,6.816977858543395996e-01,-7.911053835414350033e-04,4.794776439666748047e-02,1.672043353319168091e-01,2.044615894556045532e-01,-1.555365025997161865e-01,6.189756467938423157e-02,-1.211362332105636597e-01,-1.649624854326248169e-01,-1.694511622190475464e-01,3.917031288146972656e-01,-8.432257175445556641e-02,5.968522280454635620e-02,-4.172441083937883377e-03,1.674878448247909546e-01,-1.878141309134662151e-03,1.467906832695007324e-01,9.709852188825607300e-02,-3.619652688503265381e-01,-3.419821560382843018e-01,-2.295244336128234863e-01,-1.201667860150337219e-01,1.378742903470993042e-01,1.239570379257202148e-01,-1.646146178245544434e-01,3.250165581703186035e-01,-3.580941855907440186e-01,8.477430045604705811e-02,6.212841253727674484e-03,-8.446798473596572876e-02
5.798581056296825409e-03,-2.999436575919389725e-03,1.061680912971496582e+00,-6.321373581886291504e-02,-4.413805156946182251e-02,-7.277759313583374023e-01,6.814675927162170410e-01,-3.246322739869356155e-03,4.794218391180038452e-02,1.672002524137496948e-01,2.092699706554412842e-01,-1.577276885509490967e-01,6.211947277188301086e-02,-1.241735592484474182e-01,-1.657499969005584717e-01,-1.687564849853515625e-01,3.968274593353271484e-01,-8.758248388767242432e-02,5.983364209532737732e-02,-4.181142896413803101e-03,1.666634976863861084e-01,-2.309768227860331535e-03,1.485076099634170532e-01,9.762743860483169556e-02,-3.624313175678253174e-01,-3.437083959579467773e-01,-2.292251884937286377e-01,-1.200260221958160400e-01,1.377305239439010620e-01,1.253752410411834717e-01,-1.651560515165328979e-01,3.254198133945465088e-01,-3.603742718696594238e-01,8.465398102998733521e-02,6.378035061061382294e-03,-8.470881730318069458e-02
5.732529330998659134e-03,-2.909596078097820282e-03,1.061478018760681152e+00,-6.300120055675506592e-02,-4.418047517538070679e-02,-7.280832529067993164e-01,6.811561584472656250e-01,-5.646897014230489731e-03,4.803235828876495361e-02,1.673425287008285522e-01,2.141696810722351074e-01,-1.599026471376419067e-01,6.236113607883453369e-02,-1.270529478788375854e-01,-1.664396226406097412e-01,-1.681836545467376709e-01,4.015613198280334473e-01,-9.052272886037826538e-02,6.001744791865348816e-02,-4.080416169017553329e-03,1.658113002777099609e-01,-2.735033398494124413e-03,1.501719206571578979e-01,9.807761758565902710e-02,-3.626951575279235840e-01,-3.452837765216827393e-01,-2.289157062768936157e-01,-1.198924109339714050e-01,1.375227272510528564e-01,1.266947239637374878e-01,-1.656038910150527954e-01,3.256410658359527588e-01,-3.624698221683502197e-01,8.450637757778167725e-02,6.558045279234647751e-03,-8.495216816663742065e-02
5.704320035874843597e-03,-2.814700827002525330e-03,1.061254143714904785e+00,-6.279697269201278687e-02,-4.422410577535629272e-02,-7.283090949058532715e-01,6.809306740760803223e-01,-8.118073455989360809e-03,4.810659587383270264e-02,1.674136221408843994e-01,2.191327214241027832e-01,-1.620374172925949097e-01,6.256709992885589600e-02,-1.297616064548492432e-01,-1.671142876148223877e-01,-1.675319969654083252e-01,4.060426652431488037e-01,-9.337044507265090942e-02,6.006342545151710510e-02,-3.940530586987733841e-03,1.649567186832427979e-01,-2.917191712185740471e-03,1.516900509595870972e-01,9.855128824710845947e-02,-3.628160655498504639e-01,-3.467714190483093262e-01,-2.284940928220748901e-01,-1.197850331664085388e-01,1.373845636844635010e-01,1.279798448085784912e-01,-1.659677177667617798e-01,3.258123099803924561e-01,-3.644701242446899414e-01,8.429852873086929321e-02,6.670471280813217163e-03,-8.513984829187393188e-02
5.686576478183269501e-03,-2.716549672186374664e-03,1.061031579971313477e+00,-6.258963793516159058e-02,-4.426691681146621704e-02,-7.284414172172546387e-01,6.808054447174072266e-01,-1.062323804944753647e-02,4.820503666996955872e-02,1.676337867975234985e-01,2.240249067544937134e-01,-1.643832325935363770e-01,6.273842602968215942e-02,-1.322979778051376343e-01,-1.677429229021072388e-01,-1.667585074901580811e-01,4.102849960327148438e-01,-9.597931057214736938e-02,6.009912490844726562e-02,-3.653956577181816101e-03,1.642051190137863159e-01,-3.225669730454683304e-03,1.529235243797302246e-01,9.914798289537429810e-02,-3.630748391151428223e-01,-3.483492732048034668e-01,-2.281150072813034058e-01,-1.197426989674568176e-01,1.374568790197372437e-01,1.293450146913528442e-01,-1.665447801351547241e-01,3.263683617115020752e-01,-3.662724196910858154e-01,8.442476391792297363e-02,6.882891990244388580e-03,-8.548662066459655762e-02
5.695810075849294662e-03,-2.622958039864897728e-03,1.060819745063781738e+00,-6.242304667830467224e-02,-4.427350685000419617e-02,-7.287679314613342285e-01,6.804707646369934082e-01,-1.303145103156566620e-02,4.831495881080627441e-02,1.676250696182250977e-01,2.289553433656692505e-01,-1.666952371597290039e-01,6.296464055776596069e-02,-1.348558962345123291e-01,-1.683087646961212158e-01,-1.661196202039718628e-01,4.142977297306060791e-01,-9.835928678512573242e-02,6.027160212397575378e-02,-3.552970942109823227e-03,1.634605079889297485e-01,-3.519337624311447144e-03,1.543664187192916870e-01,9.961087256669998169e-02,-3.637925684452056885e-01,-3.498275578022003174e-01,-2.277993410825729370e-01,-1.197206750512123108e-01,1.372593641281127930e-01,1.304224282503128052e-01,-1.670030057430267334e-01,3.266782760620117188e-01,-3.680795431137084961e-01,8.419900387525558472e-02,6.986129563301801682e-03,-8.581221848726272583e-02
5.754282232373952866e-03,-2.533741295337677002e-03,1.060624718666076660e+00,-6.231749057769775391e-02,-4.421194642782211304e-02,-7.292553186416625977e-01,6.799621582031250000e-01,-1.544169615954160690e-02,4.855588451027870178e-02,1.677840799093246460e-01,2.341565489768981934e-01,-1.687454134225845337e-01,6.310855597257614136e-02,-1.373788565397262573e-01,-1.687593460083007812e-01,-1.656539440155029297e-01,4.179265201091766357e-01,-1.006466448307037354e-01,6.044489517807960510e-02,-3.255255054682493210e-03,1.628306955099105835e-01,-3.851462621241807938e-03,1.559172868728637695e-01,9.977558255195617676e-02,-3.644262254238128662e-01,-3.513227105140686035e-01,-2.274052202701568604e-01,-1.198539212346076965e-01,1.367098689079284668e-01,1.313068866729736328e-01,-1.671737730503082275e-01,3.268018960952758789e-01,-3.701249957084655762e-01,8.380252867937088013e-02,6.790061481297016144e-03,-8.597648143768310547e-02
5.792052485048770905e-03,-2.434154041111469269e-03,1.060443282127380371e+00,-6.219798699021339417e-02,-4.415636137127876282e-02,-7.294765114784240723e-01,6.797394156455993652e-01,-1.790311001241207123e-02,4.878998920321464539e-02,1.676475852727890015e-01,2.391089946031570435e-01,-1.708613485097885132e-01,6.335551291704177856e-02,-1.395805478096008301e-01,-1.689742952585220337e-01,-1.645196676254272461e-01,4.212280511856079102e-01,-1.026134341955184937e-01,6.061566248536109924e-02,-3.189891111105680466e-03,1.620718091726303101e-01,-3.879799973219633102e-03,1.573268324136734009e-01,1.000216826796531677e-01,-3.651804327964782715e-01,-3.528130948543548584e-01,-2.266978621482849121e-01,-1.200372129678726196e-01,1.361835151910781860e-01,1.321956664323806763e-01,-1.674084812402725220e-01,3.269170224666595459e-01,-3.721698820590972900e-01,8.326508104801177979e-02,6.492536980658769608e-03,-8.600847423076629639e-02
5.834258161485195160e-03,-2.326226793229579926e-03,1.060268163681030273e+00,-6.201341003179550171e-02,-4.395967721939086914e-02,-7.297008037567138672e-01,6.795282363891601562e-01,-2.055864967405796051e-02,4.908311739563941956e-02,1.672693341970443726e-01,2.438610792160034180e-01,-1.730299741029739380e-01,6.366851925849914551e-02,-1.417767703533172607e-01,-1.689983904361724854e-01,-1.633009016513824463e-01,4.240582883358001709e-01,-1.042982563376426697e-01,6.104992702603340149e-02,-3.251758869737386703e-03,1.617566794157028198e-01,-3.902081632986664772e-03,1.587427705526351929e-01,1.002710461616516113e-01,-3.662778735160827637e-01,-3.543126881122589111e-01,-2.258579879999160767e-01,-1.201942563056945801e-01,1.355392485857009888e-01,1.330597698688507080e-01,-1.677075624465942383e-01,3.270380496978759766e-01,-3.742078542709350586e-01,8.249013870954513550e-02,6.128909997642040253e-03,-8.592011034488677979e-02
5.894838832318782806e-03,-2.185586141422390938e-03,1.060108780860900879e+00,-6.197255104780197144e-02,-4.388540238142013550e-02,-7.299865484237670898e-01,6.792297959327697754e-01,-2.290304750204086304e-02,4.943802207708358765e-02,1.673017442226409912e-01,2.485787719488143921e-01,-1.752061098814010620e-01,6.389428675174713135e-02,-1.437029838562011719e-01,-1.691327244043350220e-01,-1.626114249229431152e-01,4.267327487468719482e-01,-1.057352125644683838e-01,6.147207319736480713e-02,-3.234666772186756134e-03,1.610010415315628052e-01,-3.833691123872995377e-03,1.600757837295532227e-01,1.004074960947036743e-01,-3.671615719795227051e-01,-3.557753860950469971e-01,-2.250139266252517700e-01,-1.203866899013519287e-01,1.347718387842178345e-01,1.338158249855041504e-01,-1.681371331214904785e-01,3.270816802978515625e-01,-3.760249018669128418e-01,8.197432756423950195e-02,5.914923269301652908e-03,-8.589054644107818604e-02
5.989535246044397354e-03,-2.039685379713773727e-03,1.059949755668640137e+00,-6.188365444540977478e-02,-4.372015967965126038e-02,-7.302479147911071777e-01,6.789675951004028320e-01,-2.530060708522796631e-02,4.977707937359809875e-02,1.672848910093307495e-01,2.530882060527801514e-01,-1.773015558719635010e-01,6.398610025644302368e-02,-1.455512642860412598e-01,-1.692795902490615845e-01,-1.621699631214141846e-01,4.290473461151123047e-01,-1.071798279881477356e-01,6.176773458719253540e-02,-3.159163054078817368e-03,1.605970263481140137e-01,-3.483593231067061424e-03,1.614076495170593262e-01,1.004876568913459778e-01,-3.676557838916778564e-01,-3.569261133670806885e-01,-2.240011841058731079e-01,-1.203681305050849915e-01,1.337745934724807739e-01,1.346249580383300781e-01,-1.685006320476531982e-01,3.266352117061614990e-01,-3.775844871997833252e-01,8.124727755784988403e-02,5.833204369992017746e-03,-8.582956343889236450e-02
6.036459468305110931e-03,-1.870798645541071892e-03,1.059815168380737305e+00,-6.185473129153251648e-02,-4.359390959143638611e-02,-7.306460738182067871e-01,6.785498261451721191e-01,-2.744124643504619598e-02,5.023157969117164612e-02,1.675490736961364746e-01,2.574443817138671875e-01,-1.793423891067504883e-01,6.405994296073913574e-02,-1.473954468965530396e-01,-1.692840009927749634e-01,-1.615754514932632446e-01,4.312424659729003906e-01,-1.080554053187370300e-01,6.223099678754806519e-02,-3.280009143054485321e-03,1.601438522338867188e-01,-3.339052433148026466e-03,1.626619100570678711e-01,1.006610617041587830e-01,-3.688181042671203613e-01,-3.582500517368316650e-01,-2.231714725494384766e-01,-1.206370294094085693e-01,1.326225697994232178e-01,1.351278275251388550e-01,-1.690589934587478638e-01,3.265410661697387695e-01,-3.790157437324523926e-01,8.064212650060653687e-02,5.645350087434053421e-03,-8.561112731695175171e-02
6.111200898885726929e-03,-1.640939619392156601e-03,1.059676051139831543e+00,-6.180739775300025940e-02,-4.344455897808074951e-02,-7.309054732322692871e-01,6.782843470573425293e-01,-2.945061214268207550e-02,5.065635964274406433e-02,1.680105924606323242e-01,2.610976696014404297e-01,-1.819888502359390259e-01,6.417071074247360229e-02,-1.490164846181869507e-01,-1.692070066928863525e-01,-1.608079075813293457e-01,4.329398274421691895e-01,-1.090795844793319702e-01,6.237116083502769470e-02,-3.772453637793660164e-03,1.599023044109344482e-01,-3.135389182716608047e-03,1.640197485685348511e-01,1.006081104278564453e-01,-3.704017996788024902e-01,-3.593462109565734863e-01,-2.224006205797195435e-01,-1.206063479185104370e-01,1.310265064239501953e-01,1.354983747005462646e-01,-1.696159243583679199e-01,3.262383639812469482e-01,-3.802350163459777832e-01,8.007810264825820923e-02,5.843535065650939941e-03,-8.545081317424774170e-02
6.180540192872285843e-03,-1.409822143614292145e-03,1.059554338455200195e+00,-6.176314502954483032e-02,-4.339016228914260864e-02,-7.309692502021789551e-01,6.782230734825134277e-01,-3.138355910778045654e-02,5.089687556028366089e-02,1.680266112089157104e-01,2.645759284496307373e-01,-1.846628487110137939e-01,6.420005857944488525e-02,-1.504023224115371704e-01,-1.692007333040237427e-01,-1.598366051912307739e-01,4.347667992115020752e-01,-1.097000464797019958e-01,6.198323518037796021e-02,-3.806052496656775475e-03,1.592671722173690796e-01,-2.736603841185569763e-03,1.650106757879257202e-01,1.004730165004730225e-01,-3.711163997650146484e-01,-3.601780831813812256e-01,-2.213079631328582764e-01,-1.203484088182449341e-01,1.293943375349044800e-01,1.361406892538070679e-01,-1.698584705591201782e-01,3.254102170467376709e-01,-3.809838294982910156e-01,7.932126522064208984e-02,6.194284185767173767e-03,-8.511665463447570801e-02
6.194750312715768814e-03,-1.149237970821559429e-03,1.059471607208251953e+00,-6.180420517921447754e-02,-4.337756335735321045e-02,-7.309386134147644043e-01,6.782531738281250000e-01,-3.319244086742401123e-02,5.130844935774803162e-02,1.682821959257125854e-01,2.679718136787414551e-01,-1.871298402547836304e-01,6.463820487260818481e-02,-1.514696329832077026e-01,-1.691111326217651367e-01,-1.590777039527893066e-01,4.364873766899108887e-01,-1.099848523736000061e-01,6.171678379178047180e-02,-3.978408873081207275e-03,1.583813726902008057e-01,-2.391356509178876877e-03,1.657155156135559082e-01,1.004441529512405396e-01,-3.719500899314880371e-01,-3.610509932041168213e-01,-2.202391773462295532e-01,-1.201521605253219604e-01,1.279180347919464111e-01,1.366071105003356934e-01,-1.703215986490249634e-01,3.247905373573303223e-01,-3.814450800418853760e-01,7.898770272731781006e-02,6.623812485486268997e-03,-8.480420708656311035e-02
6.239120848476886749e-03,-8.746610837988555431e-04,1.059342980384826660e+00,-6.184704974293708801e-02,-4.340082779526710510e-02,-7.308838963508605957e-01,6.783067584037780762e-01,-3.483762964606285095e-02,5.158567056059837341e-02,1.682591289281845093e-01,2.709725201129913330e-01,-1.899223774671554565e-01,6.516146659851074219e-02,-1.524870991706848145e-01,-1.691435426473617554e-01,-1.584189385175704956e-01,4.382689297199249268e-01,-1.102327480912208557e-01,6.082421541213989258e-02,-4.136515781283378601e-03,1.575707048177719116e-01,-1.988596282899379730e-03,1.663687229156494141e-01,1.005493253469467163e-01,-3.721483051776885986e-01,-3.613335192203521729e-01,-2.187744230031967163e-01,-1.194267943501472473e-01,1.265258044004440308e-01,1.371270269155502319e-01,-1.708240061998367310e-01,3.237987160682678223e-01,-3.810355067253112793e-01,7.861306518316268921e-02,7.689177524298429489e-03,-8.443215489387512207e-02
6.264906376600265503e-03,-5.993006052449345589e-04,1.059202671051025391e+00,-6.201319023966789246e-02,-4.355511441826820374e-02,-7.309739589691162109e-01,6.781846284866333008e-01,-3.616217151284217834e-02,5.185475200414657593e-02,1.682659387588500977e-01,2.741357088088989258e-01,-1.924589872360229492e-01,6.569420546293258667e-02,-1.534060388803482056e-01,-1.692671477794647217e-01,-1.579744517803192139e-01,4.401694536209106445e-01,-1.103545501828193665e-01,6.010010093450546265e-02,-4.311620257794857025e-03,1.564948409795761108e-01,-1.552846981212496758e-03,1.667534708976745605e-01,1.008154228329658508e-01,-3.727699518203735352e-01,-3.621135056018829346e-01,-2.177634239196777344e-01,-1.191196516156196594e-01,1.256624609231948853e-01,1.371321231126785278e-01,-1.713649928569793701e-01,3.228270113468170166e-01,-3.810764849185943604e-01,7.840006053447723389e-02,8.291400037705898285e-03,-8.440732210874557495e-02
6.276049185544252396e-03,-3.470028168521821499e-04,1.059075236320495605e+00,-6.213777139782905579e-02,-4.365535452961921692e-02,-7.309687733650207520e-01,6.781723499298095703e-01,-3.753344342112541199e-02,5.213592201471328735e-02,1.682076454162597656e-01,2.772381007671356201e-01,-1.948688477277755737e-01,6.611670553684234619e-02,-1.542200893163681030e-01,-1.693090647459030151e-01,-1.574704498052597046e-01,4.419127106666564941e-01,-1.105695366859436035e-01,5.961765721440315247e-02,-4.585090558975934982e-03,1.556130945682525635e-01,-1.235449919477105141e-03,1.671742200851440430e-01,1.010536924004554749e-01,-3.734394311904907227e-01,-3.628210723400115967e-01,-2.169975042343139648e-01,-1.187564060091972351e-01,1.248359009623527527e-01,1.370812058448791504e-01,-1.718664467334747314e-01,3.217310309410095215e-01,-3.809420168399810791e-01,7.844453305006027222e-02,8.931619115173816681e-03,-8.454842865467071533e-02
6.282756105065345764e-03,-1.288227940676733851e-04,1.058973312377929688e+00,-6.226759031414985657e-02,-4.369675368070602417e-02,-7.309840321540832520e-01,6.781413555145263672e-01,-3.889062255620956421e-02,5.250980332493782043e-02,1.682342886924743652e-01,2.802524566650390625e-01,-1.971449106931686401e-01,6.660409271717071533e-02,-1.549341827630996704e-01,-1.692390888929367065e-01,-1.570322811603546143e-01,4.433856308460235596e-01,-1.108264997601509094e-01,5.926488339900970459e-02,-4.782652948051691055e-03,1.548675447702407837e-01,-9.528686641715466976e-04,1.675795614719390869e-01,1.013587936758995056e-01,-3.742166757583618164e-01,-3.635171949863433838e-01,-2.164979428052902222e-01,-1.183800324797630310e-01,1.242623254656791687e-01,1.369376629590988159e-01,-1.723531037569046021e-01,3.208364546298980713e-01,-3.808186948299407959e-01,7.878842949867248535e-02,9.469764307141304016e-03,-8.493220061063766479e-02
6.287287920713424683e-03,5.601313387160189450e-05,1.058879733085632324e+00,-6.234772130846977234e-02,-4.365495219826698303e-02,-7.309820652008056641e-01,6.781387925148010254e-01,-4.030849412083625793e-02,5.282949283719062805e-02,1.677728593349456787e-01,2.830674946308135986e-01,-1.993711590766906738e-01,6.697476655244827271e-02,-1.555987894535064697e-01,-1.689773648977279663e-01,-1.562507748603820801e-01,4.444939792156219482e-01,-1.111806407570838928e-01,5.895953252911567688e-02,-5.005356390029191971e-03,1.542554199695587158e-01,-6.832692888565361500e-04,1.679184138774871826e-01,1.016253530979156494e-01,-3.759590983390808105e-01,-3.644209504127502441e-01,-2.164692729711532593e-01,-1.181115806102752686e-01,1.234204396605491638e-01,1.366453468799591064e-01,-1.725905686616897583e-01,3.207679390907287598e-01,-3.812161386013031006e-01,7.936700433492660522e-02,9.652239270508289337e-03,-8.508300036191940308e-02
6.294784136116504669e-03,2.113991940859705210e-04,1.058772444725036621e+00,-6.250556558370590210e-02,-4.368167370557785034e-02,-7.309597730636596680e-01,6.781465411186218262e-01,-4.152853786945343018e-02,5.319590866565704346e-02,1.675217002630233765e-01,2.857855260372161865e-01,-2.014365047216415405e-01,6.722064316272735596e-02,-1.560170650482177734e-01,-1.687856465578079224e-01,-1.557523757219314575e-01,4.454847276210784912e-01,-1.116442456841468811e-01,5.873840302228927612e-02,-5.240220110863447189e-03,1.532287299633026123e-01,-1.826253719627857208e-04,1.682889610528945923e-01,1.018610596656799316e-01,-3.772989809513092041e-01,-3.651701807975769043e-01,-2.163770794868469238e-01,-1.179774627089500427e-01,1.227127015590667725e-01,1.363434493541717529e-01,-1.728451102972030640e-01,3.204955458641052246e-01,-3.815761804580688477e-01,7.988586276769638062e-02,9.628144092857837677e-03,-8.535657078027725220e-02
6.122274324297904968e-03,3.376715467311441898e-04,1.058913111686706543e+00,-6.214865297079086304e-02,-4.267680644989013672e-02,-7.311106920242309570e-01,6.780806779861450195e-01,-4.308994859457015991e-02,5.417669564485549927e-02,1.667525470256805420e-01,2.856125533580780029e-01,-2.029392719268798828e-01,6.710719317197799683e-02,-1.564222872257232666e-01,-1.673523634672164917e-01,-1.559438854455947876e-01,4.426173269748687744e-01,-1.113783344626426697e-01,5.877194181084632874e-02,-3.496514633297920227e-03,1.525697410106658936e-01,1.190184382721781731e-03,1.678132563829421997e-01,1.044934988021850586e-01,-3.791911900043487549e-01,-3.679883182048797607e-01,-2.162701189517974854e-01,-1.185715943574905396e-01,1.215346306562423706e-01,1.348659843206405640e-01,-1.741018146276473999e-01,3.178600668907165527e-01,-3.825005590915679932e-01,7.932535558938980103e-02,9.221817366778850555e-03,-8.439831435680389404e-02
6.283718161284923553e-03,4.245267773512750864e-04,1.058729052543640137e+00,-6.250909715890884399e-02,-4.307009652256965637e-02,-7.310283780097961426e-01,6.781113743782043457e-01,-4.403536394238471985e-02,5.425797030329704285e-02,1.664583384990692139e-01,2.887333631515502930e-01,-2.044192105531692505e-01,6.716765463352203369e-02,-1.564607620239257812e-01,-1.674933731555938721e-01,-1.553496867418289185e-01,4.438623487949371338e-01,-1.115089133381843567e-01,5.838218703866004944e-02,-4.112998954951763153e-03,1.513199508190155029e-01,1.263183541595935822e-03,1.687072366476058960e-01,1.037656813859939575e-01,-3.795414268970489502e-01,-3.683046400547027588e-01,-2.154951095581054688e-01,-1.182410344481468201e-01,1.207355707883834839e-01,1.352870911359786987e-01,-1.737109720706939697e-01,3.183476924896240234e-01,-3.824321627616882324e-01,7.998996973037719727e-02,9.327462874352931976e-03,-8.438146859407424927e-02
6.312548648566007614e-03,4.958822974003851414e-04,1.058621644973754883e+00,-6.275217235088348389e-02,-4.314221441745758057e-02,-7.310611009597778320e-01,6.780491471290588379e-01,-4.495688527822494507e-02,5.455159768462181091e-02,1.660154610872268677e-01,2.916154265403747559e-01,-2.058610469102859497e-01,6.709711998701095581e-02,-1.565659046173095703e-01,-1.674015820026397705e-01,-1.551426649093627930e-01,4.448660612106323242e-01,-1.119528114795684814e-01,5.830856040120124817e-02,-4.466608166694641113e-03,1.505479067564010620e-01,1.347687211818993092e-03,1.695768833160400391e-01,1.032101586461067200e-01,-3.798618614673614502e-01,-3.686734735965728760e-01,-2.150396108627319336e-01,-1.180206239223480225e-01,1.198219656944274902e-01,1.357082873582839966e-01,-1.732987463474273682e-01,3.185941874980926514e-01,-3.826377093791961670e-01,8.040978014469146729e-02,9.246432222425937653e-03,-8.423456549644470215e-02
6.327372509986162186e-03,5.665242788381874561e-04,1.058499455451965332e+00,-6.302992254495620728e-02,-4.326461255550384521e-02,-7.310121655464172363e-01,6.780682802200317383e-01,-4.583707079291343689e-02,5.485799536108970642e-02,1.653537303209304810e-01,2.944504916667938232e-01,-2.072589993476867676e-01,6.683124601840972900e-02,-1.565669924020767212e-01,-1.672740429639816284e-01,-1.549256145954132080e-01,4.459054768085479736e-01,-1.124323457479476929e-01,5.841812491416931152e-02,-4.600001499056816101e-03,1.495353281497955322e-01,1.472662552259862423e-03,1.699676066637039185e-01,1.033540144562721252e-01,-3.805798590183258057e-01,-3.694735169410705566e-01,-2.148448824882507324e-01,-1.181037947535514832e-01,1.195508390665054321e-01,1.361044645309448242e-01,-1.732441186904907227e-01,3.191150128841400146e-01,-3.831824660301208496e-01,8.080218732357025146e-02,8.925869129598140717e-03,-8.438307046890258789e-02
6.167823914438486099e-03,6.343817221932113171e-04,1.058641314506530762e+00,-6.283862888813018799e-02,-4.239592701196670532e-02,-7.312297224998474121e-01,6.779063344001770020e-01,-4.692515358328819275e-02,5.581058561801910400e-02,1.643227487802505493e-01,2.943685948848724365e-01,-2.079169750213623047e-01,6.621330231428146362e-02,-1.565640717744827271e-01,-1.659175455570220947e-01,-1.554733812808990479e-01,4.430740177631378174e-01,-1.121356934309005737e-01,5.906654521822929382e-02,-2.894710982218384743e-03,1.487938016653060913e-01,2.351084025576710701e-03,1.697492152452468872e-01,1.060807108879089355e-01,-3.823952078819274902e-01,-3.725062906742095947e-01,-2.149493247270584106e-01,-1.192049458622932434e-01,1.187566071748733521e-01,1.352673918008804321e-01,-1.742175370454788208e-01,3.175860643386840820e-01,-3.846795260906219482e-01,7.999772578477859497e-02,7.999517023563385010e-03,-8.308855444192886353e-02
6.326727569103240967e-03,6.609169067814946175e-04,1.058476567268371582e+00,-6.327532231807708740e-02,-4.280016198754310608e-02,-7.312183380126953125e-01,6.778526306152343750e-01,-4.760343953967094421e-02,5.595919489860534668e-02,1.639112383127212524e-01,2.975435853004455566e-01,-2.088935971260070801e-01,6.623655557632446289e-02,-1.564173549413681030e-01,-1.659604460000991821e-01,-1.549408286809921265e-01,4.443102180957794189e-01,-1.120812147855758667e-01,5.907402187585830688e-02,-3.492579795420169830e-03,1.475038975477218628e-01,1.902732648886740208e-03,1.709121465682983398e-01,1.054935604333877563e-01,-3.827415704727172852e-01,-3.729038238525390625e-01,-2.143934965133666992e-01,-1.192704960703849792e-01,1.181571856141090393e-01,1.361485868692398071e-01,-1.736957579851150513e-01,3.187061846256256104e-01,-3.848690688610076904e-01,8.044700324535369873e-02,7.777658291161060333e-03,-8.288023620843887329e-02
6.363281980156898499e-03,6.674087489955127239e-04,1.058380484580993652e+00,-6.357660144567489624e-02,-4.291222617030143738e-02,-7.312762141227722168e-01,6.777548193931579590e-01,-4.828329011797904968e-02,5.621953308582305908e-02,1.631793379783630371e-01,3.004067242145538330e-01,-2.100297361612319946e-01,6.641934812068939209e-02,-1.563646942377090454e-01,-1.657058596611022949e-01,-1.541858315467834473e-01,4.453254640102386475e-01,-1.121957525610923767e-01,5.902949720621109009e-02,-3.935758024454116821e-03,1.466164588928222656e-01,1.630345941521227360e-03,1.720315963029861450e-01,1.055102944374084473e-01,-3.832934200763702393e-01,-3.732833862304687500e-01,-2.139486372470855713e-01,-1.192996650934219360e-01,1.178564280271530151e-01,1.369530707597732544e-01,-1.735316067934036255e-01,3.198732137680053711e-01,-3.851512372493743896e-01,8.076608180999755859e-02,7.613090798258781433e-03,-8.279284089803695679e-02
6.208470091223716736e-03,6.751649780198931694e-04,1.058512330055236816e+00,-6.349335610866546631e-02,-4.215999692678451538e-02,-7.316305041313171387e-01,6.774274706840515137e-01,-4.885982722043991089e-02,5.708784982562065125e-02,1.620950102806091309e-01,3.001293838024139404e-01,-2.106409221887588501e-01,6.640285998582839966e-02,-1.562033593654632568e-01,-1.642773449420928955e-01,-1.541907787322998047e-01,4.425135254859924316e-01,-1.117457374930381775e-01,5.929634720087051392e-02,-2.276429673656821251e-03,1.457240730524063110e-01,2.451856154948472977e-03,1.723587661981582642e-01,1.084128171205520630e-01,-3.848964869976043701e-01,-3.759044110774993896e-01,-2.141626775264739990e-01,-1.203580647706985474e-01,1.173908039927482605e-01,1.363287270069122314e-01,-1.749043613672256470e-01,3.190492093563079834e-01,-3.863315880298614502e-01,8.033779263496398926e-02,7.001705002039670944e-03,-8.194935321807861328e-02
6.323835346847772598e-03,6.342956912703812122e-04,1.058331251144409180e+00,-6.390310078859329224e-02,-4.259992763400077820e-02,-7.315961718559265137e-01,6.773985028266906738e-01,-4.929961636662483215e-02,5.711919814348220825e-02,1.615135371685028076e-01,3.030517995357513428e-01,-2.118008583784103394e-01,6.674138456583023071e-02,-1.560121178627014160e-01,-1.642708480358123779e-01,-1.531786173582077026e-01,4.438449740409851074e-01,-1.118639856576919556e-01,5.904838815331459045e-02,-2.981405472382903099e-03,1.446030288934707642e-01,2.048132941126823425e-03,1.737243831157684326e-01,1.081369370222091675e-01,-3.853062987327575684e-01,-3.760640323162078857e-01,-2.138028591871261597e-01,-1.202572137117385864e-01,1.172250434756278992e-01,1.374047994613647461e-01,-1.746650040149688721e-01,3.208481669425964355e-01,-3.862807452678680420e-01,8.110247552394866943e-02,7.134340703487396240e-03,-8.210296928882598877e-02
6.287641823291778564e-03,5.625408957712352276e-04,1.058218836784362793e+00,-6.412800401449203491e-02,-4.272190481424331665e-02,-7.315589785575866699e-01,6.774097084999084473e-01,-4.983859509229660034e-02,5.727919191122055054e-02,1.606785356998443604e-01,3.054984211921691895e-01,-2.133584469556808472e-01,6.715094298124313354e-02,-1.559306979179382324e-01,-1.639706194400787354e-01,-1.519601643085479736e-01,4.449187815189361572e-01,-1.122505739331245422e-01,5.875325947999954224e-02,-3.599377116188406944e-03,1.439812779426574707e-01,1.630841987207531929e-03,1.748902201652526855e-01,1.084957942366600037e-01,-3.858205676078796387e-01,-3.761153817176818848e-01,-2.136972248554229736e-01,-1.200212538242340088e-01,1.173457726836204529e-01,1.383590102195739746e-01,-1.746619790792465210e-01,3.221580982208251953e-01,-3.861898183822631836e-01,8.165962994098663330e-02,7.367867976427078247e-03,-8.261585235595703125e-02
6.007543299347162247e-03,4.897639737464487553e-04,1.058383345603942871e+00,-6.388987600803375244e-02,-4.194397851824760437e-02,-7.316555976867675781e-01,6.773764491081237793e-01,-5.045452341437339783e-02,5.811814218759536743e-02,1.596959680318832397e-01,3.047245740890502930e-01,-2.144856601953506470e-01,6.761403381824493408e-02,-1.557285934686660767e-01,-1.624209284782409668e-01,-1.512993276119232178e-01,4.422132968902587891e-01,-1.118540912866592407e-01,5.896951630711555481e-02,-2.681601792573928833e-03,1.435239613056182861e-01,2.062288112938404083e-03,1.752118766307830811e-01,1.117990761995315552e-01,-3.879361450672149658e-01,-3.782061934471130371e-01,-2.146502733230590820e-01,-1.205760911107063293e-01,1.171685904264450073e-01,1.377191245555877686e-01,-1.758599281311035156e-01,3.213821649551391602e-01,-3.867839574813842773e-01,8.155400305986404419e-02,7.287873420864343643e-03,-8.224435150623321533e-02
6.057092454284429550e-03,4.049911512993276119e-04,1.058159828186035156e+00,-6.424480676651000977e-02,-4.238202422857284546e-02,-7.315160036087036133e-01,6.774663925170898438e-01,-5.099425837397575378e-02,5.820423364639282227e-02,1.594412922859191895e-01,3.075239658355712891e-01,-2.159462720155715942e-01,6.827238947153091431e-02,-1.555546224117279053e-01,-1.624332964420318604e-01,-1.500782072544097900e-01,4.436544477939605713e-01,-1.121543496847152710e-01,5.850102752447128296e-02,-4.426353611052036285e-03,1.425751000642776489e-01,1.538168289698660374e-03,1.769105345010757446e-01,1.117642298340797424e-01,-3.886088728904724121e-01,-3.772367835044860840e-01,-2.149906605482101440e-01,-1.197509691119194031e-01,1.168719232082366943e-01,1.385955512523651123e-01,-1.754588931798934937e-01,3.223052024841308594e-01,-3.858326375484466553e-01,8.218763023614883423e-02,8.015777915716171265e-03,-8.294443786144256592e-02
5.953169893473386765e-03,3.202090447302907705e-04,1.058015823364257812e+00,-6.444702297449111938e-02,-4.252919927239418030e-02,-7.314184308052062988e-01,6.775432825088500977e-01,-5.156192556023597717e-02,5.847198516130447388e-02,1.591504514217376709e-01,3.099379837512969971e-01,-2.176703065633773804e-01,6.886166334152221680e-02,-1.555210649967193604e-01,-1.623416990041732788e-01,-1.494781374931335449e-01,4.450295269489288330e-01,-1.129362806677818298e-01,5.824070796370506287e-02,-5.850783549249172211e-03,1.419682055711746216e-01,1.182202016934752464e-03,1.786517798900604248e-01,1.115173622965812683e-01,-3.877795934677124023e-01,-3.754490911960601807e-01,-2.147347033023834229e-01,-1.186219751834869385e-01,1.161453276872634888e-01,1.392384916543960571e-01,-1.748647093772888184e-01,3.220739364624023438e-01,-3.846177160739898682e-01,8.273811638355255127e-02,8.877531625330448151e-03,-8.362214267253875732e-02
5.647367332130670547e-03,2.630361123010516167e-04,1.058156609535217285e+00,-6.405422836542129517e-02,-4.173440113663673401e-02,-7.312146425247192383e-01,6.778498888015747070e-01,-5.248152837157249451e-02,5.923584848642349243e-02,1.584488004446029663e-01,3.089561760425567627e-01,-2.194222360849380493e-01,6.973918527364730835e-02,-1.554293632507324219e-01,-1.610431373119354248e-01,-1.490650475025177002e-01,4.427565038204193115e-01,-1.131918057799339294e-01,5.812113732099533081e-02,-5.870362278074026108e-03,1.417103558778762817e-01,1.612605992704629898e-03,1.789067387580871582e-01,1.135701090097427368e-01,-3.869726359844207764e-01,-3.751127719879150391e-01,-2.150422781705856323e-01,-1.181549280881881714e-01,1.146074905991554260e-01,1.381607204675674438e-01,-1.750537306070327759e-01,3.183276355266571045e-01,-3.833130002021789551e-01,8.228705823421478271e-02,9.580872952938079834e-03,-8.330425620079040527e-02
5.693008657544851303e-03,2.521532878745347261e-04,1.057975411415100098e+00,-6.429448723793029785e-02,-4.208626225590705872e-02,-7.310628890991210938e-01,6.779690384864807129e-01,-5.337017029523849487e-02,5.930849909782409668e-02,1.582531332969665527e-01,3.118123710155487061e-01,-2.213268131017684937e-01,7.101926207542419434e-02,-1.556658446788787842e-01,-1.611787229776382446e-01,-1.482302993535995483e-01,4.446988701820373535e-01,-1.135198026895523071e-01,5.757996439933776855e-02,-7.658694405108690262e-03,1.413779109716415405e-01,9.566881926730275154e-04,1.802859604358673096e-01,1.126228198409080505e-01,-3.839492499828338623e-01,-3.721387982368469238e-01,-2.138507366180419922e-01,-1.160671114921569824e-01,1.136687174439430237e-01,1.386225968599319458e-01,-1.739696413278579712e-01,3.172873556613922119e-01,-3.812571167945861816e-01,8.284865319728851318e-02,1.085036154836416245e-02,-8.395296335220336914e-02
5.694400053471326828e-03,3.252961032558232546e-04,1.057824611663818359e+00,-6.452038884162902832e-02,-4.220216721296310425e-02,-7.311604022979736328e-01,6.778351664543151855e-01,-5.434997379779815674e-02,5.951148271560668945e-02,1.575751900672912598e-01,3.149257302284240723e-01,-2.227791696786880493e-01,7.206212729215621948e-02,-1.561898589134216309e-01,-1.610846072435379028e-01,-1.474250853061676025e-01,4.465561211109161377e-01,-1.140516847372055054e-01,5.718079954385757446e-02,-8.958826772868633270e-03,1.408607959747314453e-01,7.436659070663154125e-04,1.813088655471801758e-01,1.107394322752952576e-01,-3.801298439502716064e-01,-3.695158362388610840e-01,-2.113431394100189209e-01,-1.146556064486503601e-01,1.121592000126838684e-01,1.386689543724060059e-01,-1.718519181013107300e-01,3.147234022617340088e-01,-3.798570036888122559e-01,8.171371370553970337e-02,1.112068723887205124e-02,-8.394164592027664185e-02
5.582039710134267807e-03,5.107754259370267391e-04,1.057934165000915527e+00,-6.428342312574386597e-02,-4.140838235616683960e-02,-7.314571738243103027e-01,6.775864362716674805e-01,-5.560190603137016296e-02,6.024118140339851379e-02,1.564407795667648315e-01,3.151377141475677490e-01,-2.232437282800674438e-01,7.259936630725860596e-02,-1.568013429641723633e-01,-1.597989201545715332e-01,-1.469363421201705933e-01,4.446212649345397949e-01,-1.138360351324081421e-01,5.698906630277633667e-02,-8.135285228490829468e-03,1.399760693311691284e-01,1.369209145195782185e-03,1.805504858493804932e-01,1.107502132654190063e-01,-3.775727450847625732e-01,-3.686950206756591797e-01,-2.091278731822967529e-01,-1.146633699536323547e-01,1.088944002985954285e-01,1.370352655649185181e-01,-1.701991856098175049e-01,3.093202412128448486e-01,-3.788662850856781006e-01,7.893592864274978638e-02,1.040500588715076447e-02,-8.207812160253524780e-02
5.818855017423629761e-03,7.739064167253673077e-04,1.057760834693908691e+00,-6.460973620414733887e-02,-4.173179343342781067e-02,-7.314571738243103027e-01,6.775355935096740723e-01,-5.681170523166656494e-02,6.026132404804229736e-02,1.558949351310729980e-01,3.184902071952819824e-01,-2.237510532140731812e-01,7.311226427555084229e-02,-1.573757529258728027e-01,-1.597992330789566040e-01,-1.456865668296813965e-01,4.463773965835571289e-01,-1.136900559067726135e-01,5.682644993066787720e-02,-9.406048804521560669e-03,1.392243802547454834e-01,9.973758133128285408e-04,1.807138919830322266e-01,1.082226559519767761e-01,-3.752485215663909912e-01,-3.673225939273834229e-01,-2.065905034542083740e-01,-1.145324259996414185e-01,1.065946072340011597e-01,1.371554732322692871e-01,-1.677661091089248657e-01,3.075748383998870850e-01,-3.778834640979766846e-01,7.745971530675888062e-02,9.834781289100646973e-03,-8.099731802940368652e-02
5.876065697520971298e-03,1.134406658820807934e-03,1.057887434959411621e+00,-6.438954919576644897e-02,-4.097932949662208557e-02,-7.317613959312438965e-01,6.772739291191101074e-01,-5.811905488371849060e-02,6.085909157991409302e-02,1.552112847566604614e-01,3.185746073722839355e-01,-2.231667488813400269e-01,7.318546622991561890e-02,-1.580469757318496704e-01,-1.586960405111312866e-01,-1.451498866081237793e-01,4.443116188049316406e-01,-1.126397624611854553e-01,5.704504251480102539e-02,-8.455127477645874023e-03,1.384191662073135376e-01,1.774197327904403210e-03,1.793284863233566284e-01,1.086578965187072754e-01,-3.744217455387115479e-01,-3.679521977901458740e-01,-2.038845568895339966e-01,-1.156562343239784241e-01,1.038266941905021667e-01,1.354077160358428955e-01,-1.667615175247192383e-01,3.029981553554534912e-01,-3.772868812084197998e-01,7.421611994504928589e-02,8.487449958920478821e-03,-7.848781347274780273e-02
6.111168768256902695e-03,1.552230911329388618e-03,1.057973027229309082e+00,-6.434631347656250000e-02,-4.046645388007164001e-02,-7.323932647705078125e-01,6.766255497932434082e-01,-5.904477834701538086e-02,6.128782406449317932e-02,1.548697501420974731e-01,3.186733722686767578e-01,-2.220894694328308105e-01,7.306987047195434570e-02,-1.588070690631866455e-01,-1.575642526149749756e-01,-1.438332498073577881e-01,4.419755041599273682e-01,-1.109843999147415161e-01,5.752597004175186157e-02,-7.853450253605842590e-03,1.376024931669235229e-01,2.319389022886753082e-03,1.784786731004714966e-01,1.087353006005287170e-01,-3.756164312362670898e-01,-3.701369166374206543e-01,-2.012303024530410767e-01,-1.177824512124061584e-01,1.012424826622009277e-01,1.333077102899551392e-01,-1.660132259130477905e-01,3.003099560737609863e-01,-3.776621818542480469e-01,7.140116393566131592e-02,6.561276968568563461e-03,-7.583106309175491333e-02
6.353802513331174850e-03,1.980283297598361969e-03,1.058099865913391113e+00,-6.439172476530075073e-02,-4.015669599175453186e-02,-7.326136827468872070e-01,6.764010190963745117e-01,-5.977005511522293091e-02,6.158332526683807373e-02,1.545957773923873901e-01,3.187025189399719238e-01,-2.204396724700927734e-01,7.281459122896194458e-02,-1.590086519718170166e-01,-1.564668715000152588e-01,-1.418634802103042603e-01,4.398214817047119141e-01,-1.084911599755287170e-01,5.785913392901420593e-02,-7.321919780224561691e-03,1.363850533962249756e-01,2.846585353836417198e-03,1.777206808328628540e-01,1.088031455874443054e-01,-3.781005144119262695e-01,-3.736300468444824219e-01,-1.989973783493041992e-01,-1.208070218563079834e-01,9.898796677589416504e-02,1.317418515682220459e-01,-1.654578000307083130e-01,2.981601059436798096e-01,-3.783071041107177734e-01,6.859599798917770386e-02,4.362127278000116348e-03,-7.320266216993331909e-02
6.634534802287817001e-03,2.390739973634481430e-03,1.058187246322631836e+00,-6.450536847114562988e-02,-3.982598334550857544e-02,-7.331070899963378906e-01,6.758749485015869141e-01,-6.037488207221031189e-02,6.189347803592681885e-02,1.543034911155700684e-01,3.190292418003082275e-01,-2.185558974742889404e-01,7.249847799539566040e-02,-1.592244207859039307e-01,-1.554714590311050415e-01,-1.404190957546234131e-01,4.375805556774139404e-01,-1.061463356018066406e-01,5.844942107796669006e-02,-6.554855499416589737e-03,1.354710608720779419e-01,3.359989495947957039e-03,1.779364645481109619e-01,1.088261678814888000e-01,-3.798402249813079834e-01,-3.771359920501708984e-01,-1.958743035793304443e-01,-1.237114593386650085e-01,9.718075394630432129e-02,1.305343657732009888e-01,-1.647018343210220337e-01,2.951525151729583740e-01,-3.788695633411407471e-01,6.482744216918945312e-02,2.033833181485533714e-03,-7.039031386375427246e-02
6.924467626959085464e-03,2.755117369815707207e-03,1.058271169662475586e+00,-6.441500037908554077e-02,-3.938304632902145386e-02,-7.333614230155944824e-01,6.756336092948913574e-01,-6.109914556145668030e-02,6.199562922120094299e-02,1.538128852844238281e-01,3.186080753803253174e-01,-2.169445157051086426e-01,7.194677740335464478e-02,-1.593785285949707031e-01,-1.544997394084930420e-01,-1.386775970458984375e-01,4.349187612533569336e-01,-1.043441593647003174e-01,5.846818909049034119e-02,-5.635143257677555084e-03,1.347787976264953613e-01,4.103748127818107605e-03,1.783826947212219238e-01,1.090961694717407227e-01,-3.815469443798065186e-01,-3.805285692214965820e-01,-1.925376355648040771e-01,-1.263536363840103149e-01,9.550847113132476807e-02,1.297081857919692993e-01,-1.643434166908264160e-01,2.928425073623657227e-01,-3.792228400707244873e-01,6.127949431538581848e-02,-2.488927566446363926e-04,-6.748179346323013306e-02
7.123822346329689026e-03,3.054537344723939896e-03,1.058364629745483398e+00,-6.432043761014938354e-02,-3.896692767739295959e-02,-7.335423827171325684e-01,6.754702329635620117e-01,-6.175917387008666992e-02,6.208975613117218018e-02,1.530655622482299805e-01,3.179849386215209961e-01,-2.152352631092071533e-01,7.131803780794143677e-02,-1.594314277172088623e-01,-1.535370200872421265e-01,-1.370973289012908936e-01,4.323354959487915039e-01,-1.026412472128868103e-01,5.875561013817787170e-02,-4.788308404386043549e-03,1.340487152338027954e-01,4.733755718916654587e-03,1.789303123950958252e-01,1.097041741013526917e-01,-3.832970857620239258e-01,-3.840914666652679443e-01,-1.892751902341842651e-01,-1.289338618516921997e-01,9.423354268074035645e-02,1.290590912103652954e-01,-1.640959829092025757e-01,2.903545796871185303e-01,-3.799940347671508789e-01,5.745698139071464539e-02,-2.804671181365847588e-03,-6.496810168027877808e-02
7.266497239470481873e-03,3.283403348177671432e-03,1.058467268943786621e+00,-6.431361287832260132e-02,-3.857327625155448914e-02,-7.339248657226562500e-01,6.750779151916503906e-01,-6.216249987483024597e-02,6.233021989464759827e-02,1.524156033992767334e-01,3.175118267536163330e-01,-2.133261114358901978e-01,7.104146480560302734e-02,-1.595010310411453247e-01,-1.524046808481216431e-01,-1.352669000625610352e-01,4.298787713050842285e-01,-1.009729653596878052e-01,5.913249403238296509e-02,-4.473134409636259079e-03,1.333081573247909546e-01,5.372810643166303635e-03,1.801464706659317017e-01,1.106182262301445007e-01,-3.856119513511657715e-01,-3.875851035118103027e-01,-1.859420984983444214e-01,-1.312728375196456909e-01,9.336236119270324707e-02,1.283094435930252075e-01,-1.641506850719451904e-01,2.883746325969696045e-01,-3.811766803264617920e-01,5.357320606708526611e-02,-5.361049901694059372e-03,-6.277020275592803955e-02
7.381046656519174576e-03,3.427454968914389610e-03,1.058534860610961914e+00,-6.417984515428543091e-02,-3.812806680798530579e-02,-7.340637445449829102e-01,6.749649047851562500e-01,-6.275905668735504150e-02,6.251303106546401978e-02,1.517380625009536743e-01,3.169114589691162109e-01,-2.115654945373535156e-01,7.078188657760620117e-02,-1.594921201467514038e-01,-1.513444185256958008e-01,-1.333734095096588135e-01,4.274187088012695312e-01,-9.988544136285781860e-02,5.924942344427108765e-02,-3.874928224831819534e-03,1.331454068422317505e-01,6.193494889885187149e-03,1.813880503177642822e-01,1.113827005028724670e-01,-3.871383965015411377e-01,-3.910099267959594727e-01,-1.821116209030151367e-01,-1.333069205284118652e-01,9.271951764822006226e-02,1.280547678470611572e-01,-1.645596623420715332e-01,2.867341935634613037e-01,-3.826297819614410400e-01,5.031626671552658081e-02,-7.828861474990844727e-03,-6.112768873572349548e-02
7.423834875226020813e-03,3.477274207398295403e-03,1.058593630790710449e+00,-6.412631273269653320e-02,-3.770942613482475281e-02,-7.344146370887756348e-01,6.746116876602172852e-01,-6.319841742515563965e-02,6.282816827297210693e-02,1.510993391275405884e-01,3.166727721691131592e-01,-2.095316797494888306e-01,7.060569524765014648e-02,-1.595639437437057495e-01,-1.502247005701065063e-01,-1.316112279891967773e-01,4.252405464649200439e-01,-9.905105084180831909e-02,5.954594165086746216e-02,-3.581184428185224533e-03,1.329250782728195190e-01,6.804211530834436417e-03,1.829818487167358398e-01,1.124076247215270996e-01,-3.883155286312103271e-01,-3.942413330078125000e-01,-1.781440675258636475e-01,-1.349491477012634277e-01,9.270481020212173462e-02,1.278686076402664185e-01,-1.651071161031723022e-01,2.848213016986846924e-01,-3.842271864414215088e-01,4.699923098087310791e-02,-1.023887004703283310e-02,-6.044023111462593079e-02
7.424686104059219360e-03,3.416284685954451561e-03,1.058639883995056152e+00,-6.386003643274307251e-02,-3.721398115158081055e-02,-7.343835234642028809e-01,6.746983528137207031e-01,-6.402605772018432617e-02,6.290102005004882812e-02,1.496584266424179077e-01,3.163081407546997070e-01,-2.074494957923889160e-01,7.030504196882247925e-02,-1.595958769321441650e-01,-1.491335630416870117e-01,-1.293817758560180664e-01,4.231454432010650635e-01,-9.861987084150314331e-02,5.952990800142288208e-02,-3.021678421646356583e-03,1.333540230989456177e-01,7.281805854290723801e-03,1.840936839580535889e-01,1.137592568993568420e-01,-3.899176418781280518e-01,-3.976068794727325439e-01,-1.747198402881622314e-01,-1.363544464111328125e-01,9.303730726242065430e-02,1.283528804779052734e-01,-1.657063364982604980e-01,2.841981053352355957e-01,-3.864941000938415527e-01,4.404093697667121887e-02,-1.279825437813997269e-02,-5.999112129211425781e-02
7.538559846580028534e-03,3.225556341931223869e-03,1.058425426483154297e+00,-6.408873945474624634e-02,-3.752186521887779236e-02,-7.341769337654113770e-01,6.748843789100646973e-01,-6.493958085775375366e-02,6.267447024583816528e-02,1.485601961612701416e-01,3.192890584468841553e-01,-2.063946574926376343e-01,7.051119208335876465e-02,-1.596957594156265259e-01,-1.490294486284255981e-01,-1.268932074308395386e-01,4.248518049716949463e-01,-9.914888441562652588e-02,5.912620574235916138e-02,-4.514329601079225540e-03,1.335630863904953003e-01,7.236601319164037704e-03,1.856086403131484985e-01,1.127886101603507996e-01,-3.905707001686096191e-01,-3.987412750720977783e-01,-1.720051020383834839e-01,-1.366433203220367432e-01,9.394037723541259766e-02,1.300450116395950317e-01,-1.651339679956436157e-01,2.860168516635894775e-01,-3.883331418037414551e-01,4.265543818473815918e-02,-1.474836841225624084e-02,-6.077270582318305969e-02
7.348792627453804016e-03,2.944119507446885109e-03,1.058504819869995117e+00,-6.360693275928497314e-02,-3.667538985610008240e-02,-7.341590523719787598e-01,6.749960184097290039e-01,-6.599077582359313965e-02,6.289741396903991699e-02,1.462163031101226807e-01,3.186228871345520020e-01,-2.043550461530685425e-01,7.025439292192459106e-02,-1.598581671714782715e-01,-1.476841419935226440e-01,-1.248685941100120544e-01,4.226181209087371826e-01,-9.998207539319992065e-02,5.931583046913146973e-02,-3.871836932376027107e-03,1.344131529331207275e-01,7.874402217566967010e-03,1.863787174224853516e-01,1.151286661624908447e-01,-3.929723799228668213e-01,-4.029816091060638428e-01,-1.697679460048675537e-01,-1.380435228347778320e-01,9.506236016750335693e-02,1.310594677925109863e-01,-1.658989340066909790e-01,2.855910658836364746e-01,-3.922554254531860352e-01,3.937894478440284729e-02,-1.768623292446136475e-02,-6.101512908935546875e-02
7.286238949745893478e-03,2.498435089364647865e-03,1.058523297309875488e+00,-6.311758607625961304e-02,-3.603266552090644836e-02,-7.339085936546325684e-01,6.753487586975097656e-01,-6.718935072422027588e-02,6.278503686189651489e-02,1.435976177453994751e-01,3.181397914886474609e-01,-2.022842764854431152e-01,7.015982270240783691e-02,-1.599861532449722290e-01,-1.467032432556152344e-01,-1.227725669741630554e-01,4.208880066871643066e-01,-1.008294448256492615e-01,5.903518944978713989e-02,-3.409546334296464920e-03,1.354281753301620483e-01,8.388338610529899597e-03,1.872917860746383667e-01,1.169527769088745117e-01,-3.955652117729187012e-01,-4.075590968132019043e-01,-1.677365005016326904e-01,-1.391424983739852905e-01,9.595873951911926270e-02,1.329970061779022217e-01,-1.661722660064697266e-01,2.867855429649353027e-01,-3.966667354106903076e-01,3.646428883075714111e-02,-2.033078484237194061e-02,-6.093252822756767273e-02
7.288101594895124435e-03,1.908336416818201542e-03,1.058506608009338379e+00,-6.263858824968338013e-02,-3.541285544633865356e-02,-7.337381839752197266e-01,6.756112575531005859e-01,-6.828499585390090942e-02,6.249492987990379333e-02,1.407396942377090454e-01,3.178021907806396484e-01,-2.001415044069290161e-01,6.991451233625411987e-02,-1.601188331842422485e-01,-1.459340751171112061e-01,-1.208112165331840515e-01,4.194200336933135986e-01,-1.020437106490135193e-01,5.864750221371650696e-02,-2.984765218570828438e-03,1.366239190101623535e-01,8.883247151970863342e-03,1.883936673402786255e-01,1.183219552040100098e-01,-3.993831872940063477e-01,-4.130261242389678955e-01,-1.664295047521591187e-01,-1.405234038829803467e-01,9.655128419399261475e-02,1.356796324253082275e-01,-1.660851836204528809e-01,2.901131212711334229e-01,-4.022451639175415039e-01,3.410964831709861755e-02,-2.322260476648807526e-02,-6.021811440587043762e-02
7.361206226050853729e-03,1.166839385405182838e-03,1.058492660522460938e+00,-6.224212795495986938e-02,-3.481701016426086426e-02,-7.337375879287719727e-01,6.756795644760131836e-01,-6.920886039733886719e-02,6.221072003245353699e-02,1.379444301128387451e-01,3.179382383823394775e-01,-1.978963613510131836e-01,6.988250464200973511e-02,-1.602984964847564697e-01,-1.452284902334213257e-01,-1.188976168632507324e-01,4.183841347694396973e-01,-1.034273654222488403e-01,5.832822248339653015e-02,-2.519424073398113251e-03,1.381393671035766602e-01,9.345334954559803009e-03,1.900762170553207397e-01,1.191949620842933655e-01,-4.040117561817169189e-01,-4.196029007434844971e-01,-1.650887876749038696e-01,-1.419597268104553223e-01,9.676346182823181152e-02,1.393323093652725220e-01,-1.657971739768981934e-01,2.959900796413421631e-01,-4.096945226192474365e-01,3.221190348267555237e-02,-2.647319063544273376e-02,-5.891752615571022034e-02
7.556172087788581848e-03,3.206722030881792307e-04,1.058426618576049805e+00,-6.165007874369621277e-02,-3.409849852323532104e-02,-7.334392666816711426e-01,6.760942339897155762e-01,-7.070479542016983032e-02,6.179201230406761169e-02,1.352970302104949951e-01,3.183596432209014893e-01,-1.956004500389099121e-01,6.933830678462982178e-02,-1.606467217206954956e-01,-1.447468250989913940e-01,-1.169969365000724792e-01,4.177027940750122070e-01,-1.052752584218978882e-01,5.807717144489288330e-02,-1.992606325075030327e-03,1.408269554376602173e-01,9.874294511973857880e-03,1.916817277669906616e-01,1.196042448282241821e-01,-4.106779396533966064e-01,-4.286811947822570801e-01,-1.639782935380935669e-01,-1.439665853977203369e-01,9.651117026805877686e-02,1.449929177761077881e-01,-1.648950576782226562e-01,3.072148263454437256e-01,-4.199445843696594238e-01,3.112478926777839661e-02,-3.035259991884231567e-02,-5.543211475014686584e-02
7.859347388148307800e-03,-5.587059422396123409e-04,1.058411717414855957e+00,-6.095076352357864380e-02,-3.321753069758415222e-02,-7.331124544143676758e-01,6.765558123588562012e-01,-7.285964488983154297e-02,6.119795143604278564e-02,1.318408399820327759e-01,3.193694353103637695e-01,-1.930510550737380981e-01,6.830143928527832031e-02,-1.613492071628570557e-01,-1.443539261817932129e-01,-1.154192015528678894e-01,4.173473715782165527e-01,-1.071295291185379028e-01,5.800419673323631287e-02,-9.291046299040317535e-04,1.445829421281814575e-01,1.026757434010505676e-02,1.926732957363128662e-01,1.201879084110260010e-01,-4.210245609283447266e-01,-4.420808255672454834e-01,-1.634753495454788208e-01,-1.472680866718292236e-01,9.614045172929763794e-02,1.530303657054901123e-01,-1.630731374025344849e-01,3.269264400005340576e-01,-4.358819127082824707e-01,3.150596097111701965e-02,-3.612244874238967896e-02,-4.940159991383552551e-02
8.268086239695549011e-03,-1.257581287063658237e-03,1.058277130126953125e+00,-6.051236018538475037e-02,-3.277655318379402161e-02,-7.326499819755554199e-01,6.771174073219299316e-01,-7.521768659353256226e-02,6.045285239815711975e-02,1.288659274578094482e-01,3.218192458152770996e-01,-1.896726936101913452e-01,6.554035842418670654e-02,-1.621406674385070801e-01,-1.446500271558761597e-01,-1.146988272666931152e-01,4.184763133525848389e-01,-1.091640219092369080e-01,5.900101736187934875e-02,-1.626266339371795766e-07,1.472012996673583984e-01,1.125303655862808228e-02,1.927181035280227661e-01,1.237284690141677856e-01,-4.421255588531494141e-01,-4.629741013050079346e-01,-1.676646620035171509e-01,-1.531757265329360962e-01,9.640970081090927124e-02,1.634286493062973022e-01,-1.610038876533508301e-01,3.627545833587646484e-01,-4.641993045806884766e-01,3.446933627128601074e-02,-4.668191075325012207e-02,-4.139452055096626282e-02
8.296663872897624969e-03,-1.606825506314635277e-03,1.058518767356872559e+00,-5.925652012228965759e-02,-3.092544153332710266e-02,-7.323178052902221680e-01,6.776745915412902832e-01,-7.973621785640716553e-02,6.074917688965797424e-02,1.247288435697555542e-01,3.228197693824768066e-01,-1.819145679473876953e-01,5.965970456600189209e-02,-1.643001437187194824e-01,-1.429073065519332886e-01,-1.129249483346939087e-01,4.163891971111297607e-01,-1.098637580871582031e-01,6.400686502456665039e-02,3.023622790351510048e-03,1.529711335897445679e-01,9.738682769238948822e-03,1.944169998168945312e-01,1.412451118230819702e-01,-4.824649691581726074e-01,-5.110111832618713379e-01,-1.770041286945343018e-01,-1.670928448438644409e-01,9.898530691862106323e-02,1.870447099208831787e-01,-1.663696318864822388e-01,4.322298765182495117e-01,-5.347094535827636719e-01,3.619440644979476929e-02,-7.070910185575485229e-02,-2.832305990159511566e-02
8.465502411127090454e-03,-1.661844318732619286e-03,1.058550953865051270e+00,-5.757148936390876770e-02,-2.904001250863075256e-02,-7.322694659233093262e-01,6.779555082321166992e-01,-8.537188172340393066e-02,6.108126416802406311e-02,1.232831925153732300e-01,3.237498104572296143e-01,-1.743128299713134766e-01,5.159829556941986084e-02,-1.684908270835876465e-01,-1.412785202264785767e-01,-1.090447530150413513e-01,4.150674939155578613e-01,-1.121841892600059509e-01,6.847029179334640503e-02,2.595401136204600334e-03,1.615228503942489624e-01,4.934249911457300186e-03,2.027925997972488403e-01,1.758599132299423218e-01,-5.380169749259948730e-01,-5.836992859840393066e-01,-1.917608082294464111e-01,-1.861526966094970703e-01,1.046594604849815369e-01,2.253146022558212280e-01,-1.880734562873840332e-01,5.291772484779357910e-01,-6.367094516754150391e-01,3.561180830001831055e-02,-1.027619689702987671e-01,-1.761598512530326843e-02
8.614276535809040070e-03,-1.712746103294193745e-03,1.058547377586364746e+00,-5.607112869620323181e-02,-2.772335708141326904e-02,-7.320973277091979980e-01,6.783221960067749023e-01,-9.008517116308212280e-02,6.150618568062782288e-02,1.255645900964736938e-01,3.246563076972961426e-01,-1.676723808050155640e-01,4.412052407860755920e-02,-1.726228296756744385e-01,-1.408398300409317017e-01,-1.065644919872283936e-01,4.155582487583160400e-01,-1.134391576051712036e-01,7.166391611099243164e-02,-1.768362009897828102e-03,1.680976897478103638e-01,-2.584563801065087318e-03,2.209465801715850830e-01,2.259318977594375610e-01,-5.926709175109863281e-01,-6.703602075576782227e-01,-1.989295631647109985e-01,-2.062530368566513062e-01,1.098977699875831604e-01,2.709118723869323730e-01,-2.339103370904922485e-01,6.175724864006042480e-01,-7.387094497680664062e-01,2.566940896213054657e-02,-1.310645341873168945e-01,-1.538678724318742752e-02
8.612415753304958344e-03,-1.565326121635735035e-03,1.058252334594726562e+00,-5.516917631030082703e-02,-2.720578946173191071e-02,-7.321707606315612793e-01,6.783378124237060547e-01,-9.443928301334381104e-02,6.188451498746871948e-02,1.277997493743896484e-01,3.286758363246917725e-01,-1.618896871805191040e-01,3.806196153163909912e-02,-1.773801892995834351e-01,-1.416832804679870605e-01,-1.065918207168579102e-01,4.203667044639587402e-01,-1.155418604612350464e-01,7.537940144538879395e-02,-6.141165271401405334e-03,1.709866076707839966e-01,-8.142279461026191711e-03,2.402271181344985962e-01,2.731227576732635498e-01,-6.391519904136657715e-01,-7.515090107917785645e-01,-2.031272649765014648e-01,-2.278335541486740112e-01,1.106198132038116455e-01,3.045148849487304688e-01,-2.782014608383178711e-01,6.781779527664184570e-01,-8.407094478607177734e-01,1.439097151160240173e-02,-1.570061445236206055e-01,-1.470232382416725159e-02
8.524638600647449493e-03,-1.105943578295409679e-03,1.057869076728820801e+00,-5.394588410854339600e-02,-2.641020901501178741e-02,-7.326012253761291504e-01,6.780027747154235840e-01,-1.000569611787796021e-01,6.197813525795936584e-02,1.284486204385757446e-01,3.343015909194946289e-01,-1.555712968111038208e-01,3.220365568995475769e-02,-1.840808093547821045e-01,-1.421627551317214966e-01,-1.044317856431007385e-01,4.269653856754302979e-01,-1.192305013537406921e-01,7.759313285350799561e-02,-8.795199915766716003e-03,1.735632419586181641e-01,-1.141668576747179031e-02,2.615022957324981689e-01,3.255864083766937256e-01,-6.738319993019104004e-01,-8.324324488639831543e-01,-2.024413198232650757e-01,-2.467398196458816528e-01,1.105347201228141785e-01,3.334130942821502686e-01,-3.353297114372253418e-01,7.255079746246337891e-01,-9.427094459533691406e-01,6.458324380218982697e-03,-1.751320511102676392e-01,-1.297590695321559906e-02
8.165513165295124054e-03,-3.555880684871226549e-04,1.057193398475646973e+00,-5.300369858741760254e-02,-2.583708800375461578e-02,-7.331966161727905273e-01,6.774553656578063965e-01,-1.068439111113548279e-01,6.247984990477561951e-02,1.281509101390838623e-01,3.430690169334411621e-01,-1.511766016483306885e-01,2.885497175157070160e-02,-1.921330690383911133e-01,-1.423310041427612305e-01,-1.014961898326873779e-01,4.362764060497283936e-01,-1.228772625327110291e-01,8.099967241287231445e-02,-1.152242068201303482e-02,1.769478470087051392e-01,-1.195301022380590439e-02,2.794665396213531494e-01,3.717829883098602295e-01,-7.002797126770019531e-01,-9.035137295722961426e-01,-1.995456814765930176e-01,-2.633735835552215576e-01,1.114123761653900146e-01,3.535973131656646729e-01,-3.892577290534973145e-01,7.568250894546508789e-01,-1.033239722251892090e+00,1.216224518429953605e-05,-1.862702816724777222e-01,-1.083422824740409851e-02
7.711478509008884430e-03,5.529757472686469555e-04,1.056598067283630371e+00,-5.243141949176788330e-02,-2.567107416689395905e-02,-7.334541082382202148e-01,6.772274374961853027e-01,-1.135024726390838623e-01,6.288727372884750366e-02,1.270267218351364136e-01,3.531982898712158203e-01,-1.490174680948257446e-01,2.774193696677684784e-02,-1.995018422603607178e-01,-1.418960839509963989e-01,-9.615408629179000854e-02,4.464419782161712646e-01,-1.268136650323867798e-01,8.178688585758209229e-02,-1.287935301661491394e-02,1.800139695405960083e-01,-1.151992194354534149e-02,2.933228909969329834e-01,4.102630615234375000e-01,-7.160786390304565430e-01,-9.582116007804870605e-01,-1.945426762104034424e-01,-2.742606401443481445e-01,1.125858128070831299e-01,3.689900338649749756e-01,-4.375997185707092285e-01,7.747938632965087891e-01,-1.098023414611816406e+00,-4.355951212346553802e-03,-1.914162188768386841e-01,-1.073058042675256729e-02
7.192424964159727097e-03,1.578302355483174324e-03,1.055951476097106934e+00,-5.223313719034194946e-02,-2.585237286984920502e-02,-7.337791919708251953e-01,6.768836379051208496e-01,-1.193604841828346252e-01,6.338755786418914795e-02,1.262522488832473755e-01,3.636158108711242676e-01,-1.487391889095306396e-01,2.677363902330398560e-02,-2.061341702938079834e-01,-1.414563804864883423e-01,-9.112239629030227661e-02,4.568682610988616943e-01,-1.316751986742019653e-01,8.123250305652618408e-02,-1.347352191805839539e-02,1.824286580085754395e-01,-1.061201933771371841e-02,3.022009134292602539e-01,4.405495822429656982e-01,-7.293596863746643066e-01,-9.991515278816223145e-01,-1.918516159057617188e-01,-2.822080552577972412e-01,1.132485941052436829e-01,3.784964382648468018e-01,-4.756648838520050049e-01,7.881394028663635254e-01,-1.144525051116943359e+00,-6.344333756715059280e-03,-1.943732351064682007e-01,-1.072951313108205795e-02
6.449107546359300613e-03,2.683242317289113998e-03,1.055244922637939453e+00,-5.160753056406974792e-02,-2.561812289059162140e-02,-7.340193390846252441e-01,6.766801476478576660e-01,-1.263074427843093872e-01,6.417318433523178101e-02,1.251208633184432983e-01,3.740841150283813477e-01,-1.486184746026992798e-01,2.591047808527946472e-02,-2.138796895742416382e-01,-1.407813131809234619e-01,-8.643583208322525024e-02,4.677982926368713379e-01,-1.368154138326644897e-01,8.052157610654830933e-02,-1.385325286537408829e-02,1.859901100397109985e-01,-9.214889258146286011e-03,3.103088736534118652e-01,4.715729951858520508e-01,-7.388718724250793457e-01,-1.040184736251831055e+00,-1.888312399387359619e-01,-2.899723052978515625e-01,1.161563768982887268e-01,3.877765238285064697e-01,-5.126431584358215332e-01,7.968776822090148926e-01,-1.188976287841796875e+00,-8.909182623028755188e-03,-1.971635818481445312e-01,-1.168811414390802383e-02
5.680287722498178482e-03,3.811766626313328743e-03,1.054554700851440430e+00,-5.088722705841064453e-02,-2.519702352583408356e-02,-7.338893413543701172e-01,6.768914461135864258e-01,-1.338600367307662964e-01,6.527005136013031006e-02,1.245002374053001404e-01,3.842284679412841797e-01,-1.494418531656265259e-01,2.579267695546150208e-02,-2.213819175958633423e-01,-1.397405862808227539e-01,-8.144757151603698730e-02,4.778167307376861572e-01,-1.427540630102157593e-01,7.941412925720214844e-02,-1.493075210601091385e-02,1.889729052782058716e-01,-7.130526937544345856e-03,3.174353837966918945e-01,5.049047470092773438e-01,-7.472116351127624512e-01,-1.079446554183959961e+00,-1.880548745393753052e-01,-2.964939475059509277e-01,1.198244094848632812e-01,3.957214653491973877e-01,-5.493742823600769043e-01,8.026511073112487793e-01,-1.231251358985900879e+00,-1.025409623980522156e-02,-1.995173394680023193e-01,-1.391774509102106094e-02
4.902618005871772766e-03,4.888140596449375153e-03,1.053957343101501465e+00,-5.001872405409812927e-02,-2.454773336648941040e-02,-7.337878346443176270e-01,6.770901083946228027e-01,-1.415141820907592773e-01,6.636151671409606934e-02,1.234715133905410767e-01,3.935565948486328125e-01,-1.506314873695373535e-01,2.642722986638545990e-02,-2.287165522575378418e-01,-1.383402943611145020e-01,-7.621802389621734619e-02,4.866137504577636719e-01,-1.485327184200286865e-01,7.815036177635192871e-02,-1.569610089063644409e-02,1.915775835514068604e-01,-5.143053364008665085e-03,3.248745799064636230e-01,5.376154184341430664e-01,-7.534736394882202148e-01,-1.116637468338012695e+00,-1.880898922681808472e-01,-3.015467226505279541e-01,1.228590533137321472e-01,4.034778475761413574e-01,-5.846763253211975098e-01,8.057339787483215332e-01,-1.271186232566833496e+00,-1.077615004032850266e-02,-2.008506208658218384e-01,-1.690015941858291626e-02
4.131361376494169235e-03,5.915641319006681442e-03,1.053287744522094727e+00,-4.914076998829841614e-02,-2.383412793278694153e-02,-7.339446544647216797e-01,6.770098805427551270e-01,-1.491907536983489990e-01,6.749460846185684204e-02,1.222641542553901672e-01,4.029832184314727783e-01,-1.522972285747528076e-01,2.792915701866149902e-02,-2.363407462835311890e-01,-1.367176622152328491e-01,-7.071260362863540649e-02,4.952961802482604980e-01,-1.545385718345642090e-01,7.648344337940216064e-02,-1.606151461601257324e-02,1.943152099847793579e-01,-3.700542496517300606e-03,3.333553075790405273e-01,5.673583149909973145e-01,-7.575744390487670898e-01,-1.151160359382629395e+00,-1.854745000600814819e-01,-3.056116104125976562e-01,1.241366341710090637e-01,4.114321768283843994e-01,-6.170331239700317383e-01,8.074898719787597656e-01,-1.308881998062133789e+00,-1.319019123911857605e-02,-2.014582455158233643e-01,-1.870183646678924561e-02
3.358488203957676888e-03,6.878047715872526169e-03,1.052619338035583496e+00,-4.817963764071464539e-02,-2.301138266921043396e-02,-7.344753742218017578e-01,6.765316724777221680e-01,-1.567515134811401367e-01,6.866431981325149536e-02,1.210501119494438171e-01,4.123015999794006348e-01,-1.541144698858261108e-01,3.015608340501785278e-02,-2.444832623004913330e-01,-1.348431259393692017e-01,-6.483194231986999512e-02,5.039324760437011719e-01,-1.601926684379577637e-01,7.481519877910614014e-02,-1.579106785356998444e-02,1.967354565858840942e-01,-2.594190882518887520e-03,3.420015871524810791e-01,5.951150655746459961e-01,-7.605416178703308105e-01,-1.183717727661132812e+00,-1.820974200963973999e-01,-3.093271851539611816e-01,1.236487850546836853e-01,4.194541573524475098e-01,-6.469300985336303711e-01,8.083968758583068848e-01,-1.344453811645507812e+00,-1.628351770341396332e-02,-2.020518928766250610e-01,-1.923219673335552216e-02
2.711939392611384392e-03,7.698905654251575470e-03,1.051788091659545898e+00,-4.795648157596588135e-02,-2.304510399699211121e-02,-7.346624732017517090e-01,6.763432025909423828e-01,-1.631793379783630371e-01,6.945939362049102783e-02,1.195507496595382690e-01,4.231650829315185547e-01,-1.561093628406524658e-01,3.231862187385559082e-02,-2.511868178844451904e-01,-1.336521953344345093e-01,-5.959029495716094971e-02,5.142418146133422852e-01,-1.655126810073852539e-01,7.339000701904296875e-02,-1.556644868105649948e-02,1.989691853523254395e-01,-1.850336324423551559e-03,3.471069037914276123e-01,6.119812726974487305e-01,-7.653064131736755371e-01,-1.204585790634155273e+00,-1.793126016855239868e-01,-3.116008937358856201e-01,1.224426031112670898e-01,4.236929118633270264e-01,-6.657513380050659180e-01,8.116649389266967773e-01,-1.366810321807861328e+00,-1.834223605692386627e-02,-2.018456310033798218e-01,-1.900137960910797119e-02
1.969561912119388580e-03,8.485360071063041687e-03,1.051056504249572754e+00,-4.729604348540306091e-02,-2.258146740496158600e-02,-7.347325086593627930e-01,6.763293147087097168e-01,-1.702952384948730469e-01,7.033267617225646973e-02,1.177411898970603943e-01,4.336182177066802979e-01,-1.576955020427703857e-01,3.410450369119644165e-02,-2.582783401012420654e-01,-1.320976316928863525e-01,-5.405444651842117310e-02,5.240982770919799805e-01,-1.709439754486083984e-01,7.171095162630081177e-02,-1.497564837336540222e-02,2.021554708480834961e-01,-1.036060624755918980e-03,3.513621091842651367e-01,6.284466385841369629e-01,-7.681871056556701660e-01,-1.224461793899536133e+00,-1.754733771085739136e-01,-3.137315213680267334e-01,1.208646520972251892e-01,4.283585846424102783e-01,-6.833317279815673828e-01,8.137737512588500977e-01,-1.387543797492980957e+00,-2.097809128463268280e-02,-2.010869681835174561e-01,-1.807664521038532257e-02
1.097624306567013264e-03,9.261624887585639954e-03,1.050565123558044434e+00,-4.522259905934333801e-02,-2.068841457366943359e-02,-7.349483966827392578e-01,6.762971282005310059e-01,-1.794135421514511108e-01,7.133077830076217651e-02,1.158252730965614319e-01,4.408025741577148438e-01,-1.587097346782684326e-01,3.503548353910446167e-02,-2.675397396087646484e-01,-1.294068694114685059e-01,-4.678792878985404968e-02,5.309500098228454590e-01,-1.765561401844024658e-01,6.934911012649536133e-02,-1.360710524022579193e-02,2.050404846668243408e-01,2.911180199589580297e-04,3.581985831260681152e-01,6.520109176635742188e-01,-7.649011611938476562e-01,-1.252358078956604004e+00,-1.684571057558059692e-01,-3.172422349452972412e-01,1.177786141633987427e-01,4.372549355030059814e-01,-7.064637541770935059e-01,8.100837469100952148e-01,-1.416070818901062012e+00,-2.716134116053581238e-02,-2.009276747703552246e-01,-1.656037382781505585e-02
3.819226403720676899e-04,9.778894484043121338e-03,1.049834012985229492e+00,-4.448355361819267273e-02,-2.035642229020595551e-02,-7.349823713302612305e-01,6.763192415237426758e-01,-1.863280683755874634e-01,7.166117429733276367e-02,1.133339330554008484e-01,4.499834179878234863e-01,-1.600669622421264648e-01,3.668070584535598755e-02,-2.746376693248748779e-01,-1.278478801250457764e-01,-4.076875373721122742e-02,5.401505231857299805e-01,-1.817190051078796387e-01,6.696082651615142822e-02,-1.171167194843292236e-02,2.071967571973800659e-01,4.123167309444397688e-04,3.629753887653350830e-01,6.641548275947570801e-01,-7.644799947738647461e-01,-1.268395662307739258e+00,-1.606979072093963623e-01,-3.184063434600830078e-01,1.136011183261871338e-01,4.435641467571258545e-01,-7.187982201576232910e-01,8.105710744857788086e-01,-1.431950211524963379e+00,-3.266257420182228088e-02,-1.991400420665740967e-01,-1.330282445996999741e-02
-4.949183203279972076e-04,1.027771178632974625e-02,1.049479722976684570e+00,-4.200866445899009705e-02,-1.828136295080184937e-02,-7.355464100837707520e-01,6.759234666824340820e-01,-1.946448385715484619e-01,7.204994559288024902e-02,1.110740154981613159e-01,4.548940658569335938e-01,-1.601406186819076538e-01,3.739469125866889954e-02,-2.840950787067413330e-01,-1.253722906112670898e-01,-3.381692990660667419e-02,5.458576083183288574e-01,-1.874989420175552368e-01,6.393769383430480957e-02,-9.289359673857688904e-03,2.093580663204193115e-01,1.692317193374037743e-03,3.702384233474731445e-01,6.821991801261901855e-01,-7.583202719688415527e-01,-1.292103052139282227e+00,-1.491417288780212402e-01,-3.218149542808532715e-01,1.071153357625007629e-01,4.525547325611114502e-01,-7.365021109580993652e-01,8.052542805671691895e-01,-1.454111933708190918e+00,-3.962533548474311829e-02,-1.981090903282165527e-01,-8.822022005915641785e-03
-1.241578022018074989e-03,1.055212318897247314e-02,1.048897385597229004e+00,-4.094603285193443298e-02,-1.775050163269042969e-02,-7.358676195144653320e-01,6.756531596183776855e-01,-2.008969038724899292e-01,7.205902785062789917e-02,1.087948381900787354e-01,4.621832966804504395e-01,-1.606063991785049438e-01,3.803606331348419189e-02,-2.913861870765686035e-01,-1.238119527697563171e-01,-2.795735374093055725e-02,5.540107488632202148e-01,-1.926650851964950562e-01,6.128627806901931763e-02,-6.998087279498577118e-03,2.105593085289001465e-01,2.049276139587163925e-03,3.745022714138031006e-01,6.926614642143249512e-01,-7.567852735519409180e-01,-1.305673480033874512e+00,-1.409709453582763672e-01,-3.233068287372589111e-01,1.001520082354545593e-01,4.586929082870483398e-01,-7.454369664192199707e-01,8.055192828178405762e-01,-1.466045856475830078e+00,-4.474461078643798828e-02,-1.963523477315902710e-01,-3.081126138567924500e-03
-2.212750492617487907e-03,1.083120238035917282e-02,1.048624873161315918e+00,-3.838211670517921448e-02,-1.571641303598880768e-02,-7.366617321968078613e-01,6.749883890151977539e-01,-2.081612646579742432e-01,7.218138128519058228e-02,1.062816008925437927e-01,4.654023647308349609e-01,-1.585423946380615234e-01,3.801114857196807861e-02,-3.006758987903594971e-01,-1.213180124759674072e-01,-2.128224261105060577e-02,5.590940713882446289e-01,-1.974995583295822144e-01,5.947624519467353821e-02,-4.333222284913063049e-03,2.110630422830581665e-01,2.906773239374160767e-03,3.810218572616577148e-01,7.091259360313415527e-01,-7.498726248741149902e-01,-1.326781034469604492e+00,-1.286239176988601685e-01,-3.270637691020965576e-01,9.068997204303741455e-02,4.665975570678710938e-01,-7.602906227111816406e-01,8.018520474433898926e-01,-1.483448266983032227e+00,-5.185613781213760376e-02,-1.951377242803573608e-01,6.341772619634866714e-03
-3.132795682176947594e-03,1.101691834628582001e-02,1.048325777053833008e+00,-3.621262311935424805e-02,-1.423823274672031403e-02,-7.373588681221008301e-01,6.743795871734619141e-01,-2.145926505327224731e-01,7.200102508068084717e-02,1.037387102842330933e-01,4.684877395629882812e-01,-1.552939862012863159e-01,3.754943236708641052e-02,-3.093667030334472656e-01,-1.189137101173400879e-01,-1.412848383188247681e-02,5.645645260810852051e-01,-2.014318257570266724e-01,5.834236741065979004e-02,-1.799320103600621223e-03,2.098260074853897095e-01,3.166688606142997742e-03,3.874842226505279541e-01,7.247464060783386230e-01,-7.428031563758850098e-01,-1.346126079559326172e+00,-1.168854609131813049e-01,-3.309080600738525391e-01,8.081936836242675781e-02,4.740470945835113525e-01,-7.733435630798339844e-01,7.990151047706604004e-01,-1.499243974685668945e+00,-5.933896452188491821e-02,-1.947487443685531616e-01,1.642340235412120819e-02
-3.977116663008928299e-03,1.115265022963285446e-02,1.047742486000061035e+00,-3.511089831590652466e-02,-1.386927627027034760e-02,-7.374368309974670410e-01,6.743603348731994629e-01,-2.200259417295455933e-01,7.182990759611129761e-02,1.018763780593872070e-01,4.746557772159576416e-01,-1.537169963121414185e-01,3.682382777333259583e-02,-3.160298168659210205e-01,-1.172248497605323792e-01,-7.748244795948266983e-03,5.726278424263000488e-01,-2.054838091135025024e-01,5.776971951127052307e-02,-7.009938126429915428e-04,2.089857459068298340e-01,2.085356973111629486e-03,3.901467621326446533e-01,7.350729107856750488e-01,-7.383407354354858398e-01,-1.357383131980895996e+00,-1.109320595860481262e-01,-3.335854113101959229e-01,7.544783502817153931e-02,4.784441590309143066e-01,-7.803269028663635254e-01,7.987901568412780762e-01,-1.507752299308776855e+00,-6.363533437252044678e-02,-1.947285234928131104e-01,2.298054471611976624e-02
-5.003347061574459076e-03,1.140420604497194290e-02,1.047690272331237793e+00,-3.249185159802436829e-02,-1.197417080402374268e-02,-7.380273938179016113e-01,6.738816499710083008e-01,-2.259684205055236816e-01,7.191249728202819824e-02,1.005357801914215088e-01,4.752548336982727051e-01,-1.500630676746368408e-01,3.591009229421615601e-02,-3.242807984352111816e-01,-1.148073077201843262e-01,-1.265419297851622105e-03,5.764875411987304688e-01,-2.090046405792236328e-01,5.739176273345947266e-02,-1.984900154639035463e-04,2.072547972202301025e-01,1.709439675323665142e-03,3.960331976413726807e-01,7.507279515266418457e-01,-7.281031608581542969e-01,-1.374702453613281250e+00,-1.019030660390853882e-01,-3.381765484809875488e-01,6.998866051435470581e-02,4.845037758350372314e-01,-7.925123572349548340e-01,7.924240231513977051e-01,-1.520891189575195312e+00,-7.012749463319778442e-02,-1.960290521383285522e-01,2.833587117493152618e-02
-5.998870823532342911e-03,1.167264115065336227e-02,1.047525525093078613e+00,-3.042420744895935059e-02,-1.076060812920331955e-02,-7.383438944816589355e-01,6.736519336700439453e-01,-2.310793697834014893e-01,7.193663716316223145e-02,9.971623867750167847e-02,4.758488535881042480e-01,-1.468844860792160034e-01,3.540503978729248047e-02,-3.316620886325836182e-01,-1.129226088523864746e-01,4.316295031458139420e-03,5.808655619621276855e-01,-2.117011994123458862e-01,5.689834803342819214e-02,-4.752498934976756573e-04,2.050727754831314087e-01,1.932275190483778715e-04,4.020349979400634766e-01,7.646937370300292969e-01,-7.184096574783325195e-01,-1.390178799629211426e+00,-9.268368035554885864e-02,-3.421406447887420654e-01,6.537313759326934814e-02,4.910862743854522705e-01,-8.026970028877258301e-01,7.860454916954040527e-01,-1.532003760337829590e+00,-7.797915488481521606e-02,-1.969850063323974609e-01,3.239820152521133423e-02
-6.961760111153125763e-03,1.198219787329435349e-02,1.047432661056518555e+00,-2.854204922914505005e-02,-9.865339845418930054e-03,-7.386252284049987793e-01,6.734395623207092285e-01,-2.351420372724533081e-01,7.163332402706146240e-02,9.885185211896896362e-02,4.756043851375579834e-01,-1.431383937597274780e-01,3.535677492618560791e-02,-3.382757902145385742e-01,-1.115807667374610901e-01,9.061775170266628265e-03,5.852115154266357422e-01,-2.139989882707595825e-01,5.570360273122787476e-02,-1.708565978333353996e-04,2.033231556415557861e-01,-1.267143990844488144e-03,4.073685705661773682e-01,7.784326076507568359e-01,-7.100588083267211914e-01,-1.404314041137695312e+00,-8.406694233417510986e-02,-3.462376594543457031e-01,6.106527894735336304e-02,4.974402785301208496e-01,-8.135344982147216797e-01,7.798700332641601562e-01,-1.541992783546447754e+00,-8.452323079109191895e-02,-1.984405368566513062e-01,3.448601067066192627e-02
-7.945857010781764984e-03,1.232767570763826370e-02,1.047389388084411621e+00,-2.679852768778800964e-02,-9.108288213610649109e-03,-7.391191124916076660e-01,6.729797720909118652e-01,-2.384153008460998535e-01,7.125142961740493774e-02,9.789074212312698364e-02,4.748560786247253418e-01,-1.387599408626556396e-01,3.550485521554946899e-02,-3.445074260234832764e-01,-1.105354577302932739e-01,1.274261716753244400e-02,5.892841815948486328e-01,-2.159720361232757568e-01,5.518563836812973022e-02,-5.418472574092447758e-04,2.025822401046752930e-01,-2.791660837829113007e-03,4.127432107925415039e-01,7.909276485443115234e-01,-7.030334472656250000e-01,-1.417540073394775391e+00,-7.472089678049087524e-02,-3.499599993228912354e-01,5.665821209549903870e-02,5.038300752639770508e-01,-8.228545188903808594e-01,7.729020118713378906e-01,-1.550595641136169434e+00,-9.227665513753890991e-02,-1.995235979557037354e-01,3.604424744844436646e-02
-8.930833078920841217e-03,1.269142515957355499e-02,1.047502994537353516e+00,-2.495994791388511658e-02,-8.316271938383579254e-03,-7.391384840011596680e-01,6.730394959449768066e-01,-2.414497435092926025e-01,7.073871791362762451e-02,9.712353348731994629e-02,4.728593230247497559e-01,-1.337034702301025391e-01,3.529349714517593384e-02,-3.499787747859954834e-01,-1.097795218229293823e-01,1.577794179320335388e-02,5.923995375633239746e-01,-2.173408120870590210e-01,5.441164225339889526e-02,-6.584601942449808121e-04,2.027775198221206665e-01,-4.430257249623537064e-03,4.170621335506439209e-01,8.028545975685119629e-01,-6.960590481758117676e-01,-1.429254293441772461e+00,-6.577374786138534546e-02,-3.533951342105865479e-01,5.203350633382797241e-02,5.102671384811401367e-01,-8.321163654327392578e-01,7.647395133972167969e-01,-1.557647228240966797e+00,-9.932093322277069092e-02,-2.007758021354675293e-01,3.655447065830230713e-02
-9.904869832098484039e-03,1.309261750429868698e-02,1.047618389129638672e+00,-2.320252545177936554e-02,-7.489585783332586288e-03,-7.397308945655822754e-01,6.724609732627868652e-01,-2.437652796506881714e-01,7.017804682254791260e-02,9.575632959604263306e-02,4.699202179908752441e-01,-1.288903504610061646e-01,3.493677824735641479e-02,-3.553451001644134521e-01,-1.087595969438552856e-01,1.883242838084697723e-02,5.943170189857482910e-01,-2.188089042901992798e-01,5.463434383273124695e-02,-1.265254337340593338e-03,2.032632678747177124e-01,-6.095495540648698807e-03,4.219761490821838379e-01,8.134560585021972656e-01,-6.898195743560791016e-01,-1.440289497375488281e+00,-5.652527511119842529e-02,-3.570180237293243408e-01,4.749617353081703186e-02,5.156095027923583984e-01,-8.402188420295715332e-01,7.569631338119506836e-01,-1.564077615737915039e+00,-1.068863719701766968e-01,-2.023538202047348022e-01,3.832385316491127014e-02
-1.085047144442796707e-02,1.349277421832084656e-02,1.047863125801086426e+00,-2.118502184748649597e-02,-6.516074296087026596e-03,-7.402475476264953613e-01,6.719689369201660156e-01,-2.458025515079498291e-01,6.936062127351760864e-02,9.425320476293563843e-02,4.653772115707397461e-01,-1.241929158568382263e-01,3.469115495681762695e-02,-3.606555461883544922e-01,-1.076474711298942566e-01,2.241608500480651855e-02,5.951286554336547852e-01,-2.198659330606460571e-01,5.461064353585243225e-02,-1.662351191043853760e-03,2.039467245340347290e-01,-8.103517815470695496e-03,4.269848167896270752e-01,8.227674365043640137e-01,-6.840203404426574707e-01,-1.450224518775939941e+00,-4.674402624368667603e-02,-3.606735467910766602e-01,4.197587072849273682e-02,5.210824608802795410e-01,-8.468084931373596191e-01,7.491053938865661621e-01,-1.568962931632995605e+00,-1.160776093602180481e-01,-2.040449976921081543e-01,4.082189127802848816e-02
-1.172999385744333267e-02,1.389916334301233292e-02,1.048139095306396484e+00,-1.925174891948699951e-02,-5.578094627708196640e-03,-7.407615780830383301e-01,6.714689731597900391e-01,-2.476094365119934082e-01,6.875408440828323364e-02,9.369464218616485596e-02,4.605188965797424316e-01,-1.191205084323883057e-01,3.408146277070045471e-02,-3.656528592109680176e-01,-1.066355481743812561e-01,2.579274773597717285e-02,5.953618884086608887e-01,-2.201904803514480591e-01,5.427641049027442932e-02,-1.895933761261403561e-03,2.047432661056518555e-01,-9.915908798575401306e-03,4.314149022102355957e-01,8.325483202934265137e-01,-6.779535412788391113e-01,-1.458552479743957520e+00,-3.807788714766502380e-02,-3.640351295471191406e-01,3.649412468075752258e-02,5.253711342811584473e-01,-8.539497256278991699e-01,7.410623431205749512e-01,-1.571923136711120605e+00,-1.240669339895248413e-01,-2.054598480463027954e-01,4.396058991551399231e-02
-1.254002377390861511e-02,1.434428710490465164e-02,1.048399686813354492e+00,-1.731832884252071381e-02,-4.700743127614259720e-03,-7.412027716636657715e-01,6.710413098335266113e-01,-2.490638345479965210e-01,6.822881847620010376e-02,9.409686923027038574e-02,4.548517465591430664e-01,-1.143057346343994141e-01,3.329569846391677856e-02,-3.704691231250762939e-01,-1.058963686227798462e-01,2.882929332554340363e-02,5.953906178474426270e-01,-2.205881625413894653e-01,5.309971794486045837e-02,-1.878315932117402554e-03,2.050353586673736572e-01,-1.183985546231269836e-02,4.354340136051177979e-01,8.419975638389587402e-01,-6.718101501464843750e-01,-1.465882420539855957e+00,-3.033994510769844055e-02,-3.666248023509979248e-01,3.144096955657005310e-02,5.291885733604431152e-01,-8.604547977447509766e-01,7.328985333442687988e-01,-1.572712779045104980e+00,-1.313439011573791504e-01,-2.062007188796997070e-01,4.707441106438636780e-02
-1.334776915609836578e-02,1.482644490897655487e-02,1.049035072326660156e+00,-1.470055896788835526e-02,-2.939634257927536964e-03,-7.414165139198303223e-01,6.708776354789733887e-01,-2.504217326641082764e-01,6.775799393653869629e-02,9.434594959020614624e-02,4.445656239986419678e-01,-1.070510521531105042e-01,3.269794583320617676e-02,-3.748920857906341553e-01,-1.050037443637847900e-01,3.103419952094554901e-02,5.911273360252380371e-01,-2.195241004228591919e-01,5.317066237330436707e-02,-1.805119565688073635e-03,2.046288251876831055e-01,-1.328252535313367844e-02,4.410293400287628174e-01,8.539909124374389648e-01,-6.635622978210449219e-01,-1.475778937339782715e+00,-2.034103870391845703e-02,-3.701342642307281494e-01,2.690151333808898926e-02,5.338158011436462402e-01,-8.692283034324645996e-01,7.218925356864929199e-01,-1.572897672653198242e+00,-1.406894475221633911e-01,-2.070050388574600220e-01,5.094193667173385620e-02
-1.396095938980579376e-02,1.529298722743988037e-02,1.049168348312377930e+00,-1.317910104990005493e-02,-2.134899841621518135e-03,-7.414238452911376953e-01,6.709041595458984375e-01,-2.528372108936309814e-01,6.731173396110534668e-02,9.401878714561462402e-02,4.409175217151641846e-01,-1.026131585240364075e-01,3.261765092611312866e-02,-3.789738416671752930e-01,-1.043184027075767517e-01,3.352956846356391907e-02,5.911697149276733398e-01,-2.195873558521270752e-01,5.253294482827186584e-02,-1.642116345465183258e-03,2.056526392698287964e-01,-1.520449668169021606e-02,4.451391696929931641e-01,8.614507317543029785e-01,-6.594821810722351074e-01,-1.480006098747253418e+00,-1.360436342656612396e-02,-3.713015019893646240e-01,2.239803224802017212e-02,5.359117388725280762e-01,-8.733435869216918945e-01,7.155031561851501465e-01,-1.570134401321411133e+00,-1.471232771873474121e-01,-2.062205672264099121e-01,5.515379458665847778e-02
-1.459226012229919434e-02,1.578661985695362091e-02,1.049259185791015625e+00,-1.177795697003602982e-02,-1.155153382569551468e-03,-7.414586544036865234e-01,6.708942055702209473e-01,-2.555647790431976318e-01,6.761797517538070679e-02,9.465096890926361084e-02,4.383471012115478516e-01,-9.896963089704513550e-02,3.295547887682914734e-02,-3.827817440032958984e-01,-1.035331040620803833e-01,3.521227836608886719e-02,5.910328030586242676e-01,-2.195938378572463989e-01,5.221493542194366455e-02,-2.747883088886737823e-03,2.067473083734512329e-01,-1.648388057947158813e-02,4.492222070693969727e-01,8.692807555198669434e-01,-6.576636433601379395e-01,-1.484092354774475098e+00,-7.380370050668716431e-03,-3.736338317394256592e-01,1.742284186184406281e-02,5.364565253257751465e-01,-8.763203620910644531e-01,7.074677348136901855e-01,-1.566898941993713379e+00,-1.536101102828979492e-01,-2.062937915325164795e-01,5.770685151219367981e-02
-1.524078473448753357e-02,1.624144613742828369e-02,1.049362540245056152e+00,-1.031471323221921921e-02,4.521236041910015047e-05,-7.414424419403076172e-01,6.709371805191040039e-01,-2.590032517910003662e-01,6.829675287008285522e-02,9.545293450355529785e-02,4.367119967937469482e-01,-9.564977884292602539e-02,3.379186615347862244e-02,-3.868026733398437500e-01,-1.026405319571495056e-01,3.630016371607780457e-02,5.910148024559020996e-01,-2.191103249788284302e-01,5.184529349207878113e-02,-4.337553866207599640e-03,2.086613178253173828e-01,-1.709864847362041473e-02,4.531144797801971436e-01,8.773093819618225098e-01,-6.578968167304992676e-01,-1.487449407577514648e+00,-1.226870343089103699e-03,-3.756498694419860840e-01,1.084319781512022018e-02,5.360050201416015625e-01,-8.784886598587036133e-01,6.997354030609130859e-01,-1.563866257667541504e+00,-1.601617187261581421e-01,-2.067924886941909790e-01,6.121778115630149841e-02
-1.592138968408107758e-02,1.663551852107048035e-02,1.049424052238464355e+00,-8.854116313159465790e-03,1.406287425197660923e-03,-7.409000992774963379e-01,6.715553998947143555e-01,-2.635054886341094971e-01,6.893263012170791626e-02,9.493852406740188599e-02,4.361472725868225098e-01,-9.258172661066055298e-02,3.466208651661872864e-02,-3.905076384544372559e-01,-1.015729084610939026e-01,3.752675279974937439e-02,5.908836722373962402e-01,-2.183562368154525757e-01,5.162924155592918396e-02,-6.853126455098390579e-03,2.119541466236114502e-01,-1.697881147265434265e-02,4.565805792808532715e-01,8.850395083427429199e-01,-6.592045426368713379e-01,-1.490247488021850586e+00,6.485044490545988083e-03,-3.774641454219818115e-01,1.500290120020508766e-03,5.345094799995422363e-01,-8.809694051742553711e-01,6.931685805320739746e-01,-1.560125231742858887e+00,-1.675838679075241089e-01,-2.063443511724472046e-01,6.795565038919448853e-02
-1.671872474253177643e-02,1.696490868926048279e-02,1.049862504005432129e+00,-6.617625709623098373e-03,3.641682211309671402e-03,-7.403547763824462891e-01,6.721738576889038086e-01,-2.679826617240905762e-01,6.944455206394195557e-02,9.340491890907287598e-02,4.312319755554199219e-01,-8.755728602409362793e-02,3.529351204633712769e-02,-3.943315744400024414e-01,-1.001847684383392334e-01,3.833460062742233276e-02,5.872880816459655762e-01,-2.162185162305831909e-01,5.147380754351615906e-02,-9.071981534361839294e-03,2.138725966215133667e-01,-1.547149941325187683e-02,4.607659578323364258e-01,8.929417729377746582e-01,-6.572607755661010742e-01,-1.493682980537414551e+00,2.010215073823928833e-02,-3.802845776081085205e-01,-1.240037288516759872e-02,5.329781770706176758e-01,-8.851078748703002930e-01,6.838817596435546875e-01,-1.555750608444213867e+00,-1.776348650455474854e-01,-2.057470679283142090e-01,7.916776090860366821e-02
-1.744924858212471008e-02,1.718309894204139709e-02,1.050042033195495605e+00,-4.851588048040866852e-03,5.272422451525926590e-03,-7.397063374519348145e-01,6.728916764259338379e-01,-2.734814286231994629e-01,6.962142884731292725e-02,9.120142459869384766e-02,4.307278394699096680e-01,-8.421800285577774048e-02,3.404770791530609131e-02,-3.985058367252349854e-01,-9.913028776645660400e-02,3.935180231928825378e-02,5.869961380958557129e-01,-2.157768160104751587e-01,5.106480047106742859e-02,-1.112887263298034668e-02,2.176460623741149902e-01,-1.386172603815793991e-02,4.637073278427124023e-01,8.991943001747131348e-01,-6.552565693855285645e-01,-1.493725299835205078e+00,2.891209907829761505e-02,-3.821640312671661377e-01,-2.365220710635185242e-02,5.311818718910217285e-01,-8.869145512580871582e-01,6.770720481872558594e-01,-1.548855543136596680e+00,-1.847586780786514282e-01,-2.049050480127334595e-01,8.854987472295761108e-02
-1.832598075270652771e-02,1.734235882759094238e-02,1.050650835037231445e+00,-2.342680236324667931e-03,7.938481867313385010e-03,-7.384062409400939941e-01,6.743053197860717773e-01,-2.796760201454162598e-01,6.995700299739837646e-02,8.844693005084991455e-02,4.267696142196655273e-01,-7.767331600189208984e-02,3.183512017130851746e-02,-4.022456705570220947e-01,-9.833444654941558838e-02,3.799764066934585571e-02,5.832126736640930176e-01,-2.132759988307952881e-01,5.113047733902931213e-02,-1.343473698943853378e-02,2.190965712070465088e-01,-1.086368691176176071e-02,4.675132334232330322e-01,9.061811566352844238e-01,-6.503568291664123535e-01,-1.494032263755798340e+00,4.175296425819396973e-02,-3.850205242633819580e-01,-3.749038651585578918e-02,5.305590033531188965e-01,-8.892374634742736816e-01,6.672986149787902832e-01,-1.538248062133789062e+00,-1.948260515928268433e-01,-2.035636603832244873e-01,1.001002714037895203e-01
-1.918348111212253571e-02,1.746943593025207520e-02,1.051025986671447754e+00,-1.174606441054493189e-04,1.049993652850389481e-02,-7.367743849754333496e-01,6.760571002960205078e-01,-2.865234315395355225e-01,7.046992331743240356e-02,8.527636528015136719e-02,4.237450361251831055e-01,-7.220423966646194458e-02,2.943710982799530029e-02,-4.055524766445159912e-01,-9.815364331007003784e-02,3.442869707942008972e-02,5.795444250106811523e-01,-2.117704451084136963e-01,5.266866087913513184e-02,-1.575145684182643890e-02,2.203976362943649292e-01,-7.859786041080951691e-03,4.710787534713745117e-01,9.133996963500976562e-01,-6.439838409423828125e-01,-1.494535923004150391e+00,5.154030025005340576e-02,-3.882343769073486328e-01,-4.969398677349090576e-02,5.304721593856811523e-01,-8.908168673515319824e-01,6.592573523521423340e-01,-1.524342536926269531e+00,-2.038180977106094360e-01,-2.015791237354278564e-01,1.117326915264129639e-01
-1.994287222623825073e-02,1.750080101191997528e-02,1.051618814468383789e+00,2.327062189579010010e-03,1.302907988429069519e-02,-7.346007227897644043e-01,6.783705353736877441e-01,-2.940734922885894775e-01,6.997738778591156006e-02,8.020620048046112061e-02,4.212571084499359131e-01,-6.473954766988754272e-02,2.588884718716144562e-02,-4.087821841239929199e-01,-9.813999384641647339e-02,3.203895315527915955e-02,5.768403410911560059e-01,-2.085353285074234009e-01,5.236799269914627075e-02,-1.730770431458950043e-02,2.207931280136108398e-01,-3.409806406125426292e-03,4.748922586441040039e-01,9.168491363525390625e-01,-6.369536519050598145e-01,-1.491686105728149414e+00,6.311558932065963745e-02,-3.888658285140991211e-01,-6.628071516752243042e-02,5.315914750099182129e-01,-8.887220621109008789e-01,6.524263620376586914e-01,-1.505838751792907715e+00,-2.124823629856109619e-01,-1.976264119148254395e-01,1.267065107822418213e-01
-2.060429006814956665e-02,1.754133775830268860e-02,1.051923990249633789e+00,4.380444996058940887e-03,1.544336695224046707e-02,-7.328960895538330078e-01,6.801511645317077637e-01,-3.018778860569000244e-01,6.953249871730804443e-02,7.376397401094436646e-02,4.207281768321990967e-01,-5.945358797907829285e-02,2.401679009199142456e-02,-4.121497571468353271e-01,-9.749551862478256226e-02,3.082455694675445557e-02,5.750277638435363770e-01,-2.064013928174972534e-01,5.335881933569908142e-02,-1.962015777826309204e-02,2.229932993650436401e-01,3.226411645300686359e-04,4.787888526916503906e-01,9.189665317535400391e-01,-6.302471160888671875e-01,-1.488460898399353027e+00,7.819153368473052979e-02,-3.870655298233032227e-01,-8.638345450162887573e-02,5.309048295021057129e-01,-8.857355713844299316e-01,6.440649628639221191e-01,-1.480214238166809082e+00,-2.198503017425537109e-01,-1.905925720930099487e-01,1.438981443643569946e-01
-2.110693976283073425e-02,1.765034161508083344e-02,1.051999807357788086e+00,6.263530813157558441e-03,1.777994446456432343e-02,-7.313361763954162598e-01,6.817566156387329102e-01,-3.099942207336425781e-01,6.975084543228149414e-02,6.946155428886413574e-02,4.214965701103210449e-01,-5.754908919334411621e-02,2.419563196599483490e-02,-4.156363010406494141e-01,-9.663379937410354614e-02,3.033622726798057556e-02,5.734878182411193848e-01,-2.051283270120620728e-01,5.541102960705757141e-02,-2.061481028795242310e-02,2.253392189741134644e-01,3.039120230823755264e-03,4.813860356807708740e-01,9.225611090660095215e-01,-6.231513619422912598e-01,-1.484986066818237305e+00,8.907748758792877197e-02,-3.875646591186523438e-01,-9.987258166074752808e-02,5.290486812591552734e-01,-8.821018934249877930e-01,6.340103745460510254e-01,-1.454866886138916016e+00,-2.242463827133178711e-01,-1.869135946035385132e-01,1.534577161073684692e-01
-2.120328694581985474e-02,1.776010915637016296e-02,1.052034139633178711e+00,8.265151642262935638e-03,2.000463567674160004e-02,-7.303617000579833984e-01,6.827176213264465332e-01,-3.183344602584838867e-01,6.972668319940567017e-02,6.672462075948715210e-02,4.235060513019561768e-01,-5.700033903121948242e-02,2.282536216080188751e-02,-4.199864268302917480e-01,-9.654399007558822632e-02,2.946269884705543518e-02,5.726636648178100586e-01,-2.045857906341552734e-01,5.780898034572601318e-02,-2.107395045459270477e-02,2.290366739034652710e-01,6.608478259295225143e-03,4.837280809879302979e-01,9.252655506134033203e-01,-6.187846064567565918e-01,-1.480663776397705078e+00,9.939317405223846436e-02,-3.885432183742523193e-01,-1.131583526730537415e-01,5.257037878036499023e-01,-8.777898550033569336e-01,6.236792206764221191e-01,-1.427582263946533203e+00,-2.258697897195816040e-01,-1.837730109691619873e-01,1.616507619619369507e-01
-2.101411484181880951e-02,1.787379570305347443e-02,1.051717758178710938e+00,9.786397218704223633e-03,2.189910784363746643e-02,-7.291694283485412598e-01,6.839127540588378906e-01,-3.282592892646789551e-01,6.954826414585113525e-02,6.334600597620010376e-02,4.303702116012573242e-01,-5.945976451039314270e-02,2.340367808938026428e-02,-4.246898889541625977e-01,-9.683541208505630493e-02,2.832570858299732208e-02,5.749796628952026367e-01,-2.055691182613372803e-01,6.038639321923255920e-02,-2.045226842164993286e-02,2.346247434616088867e-01,9.642421267926692963e-03,4.820601344108581543e-01,9.300861954689025879e-01,-6.155633330345153809e-01,-1.472649693489074707e+00,1.031933501362800598e-01,-3.876609802246093750e-01,-1.220866143703460693e-01,5.210360884666442871e-01,-8.747289776802062988e-01,6.131229400634765625e-01,-1.401056051254272461e+00,-2.259692996740341187e-01,-1.807523965835571289e-01,1.666523069143295288e-01
-2.046832256019115448e-02,1.798110641539096832e-02,1.051625251770019531e+00,1.181230507791042328e-02,2.553485706448554993e-02,-7.280370593070983887e-01,6.849601864814758301e-01,-3.413353562355041504e-01,7.049594074487686157e-02,5.917098745703697205e-02,4.382004737854003906e-01,-6.378633528947830200e-02,2.582291513681411743e-02,-4.295257329940795898e-01,-9.557040780782699585e-02,2.789059653878211975e-02,5.724760890007019043e-01,-2.038688063621520996e-01,6.390161067247390747e-02,-1.928219757974147797e-02,2.379698604345321655e-01,1.469145715236663818e-02,4.775989651679992676e-01,9.342271685600280762e-01,-6.119071841239929199e-01,-1.461407661437988281e+00,1.116330921649932861e-01,-3.845283091068267822e-01,-1.394984722137451172e-01,5.128771662712097168e-01,-8.693379163742065430e-01,6.027796268463134766e-01,-1.366141319274902344e+00,-2.292172759771347046e-01,-1.755766421556472778e-01,1.816649436950683594e-01
-1.954067312180995941e-02,1.808446832001209259e-02,1.050970315933227539e+00,1.296465843915939331e-02,2.822477184236049652e-02,-7.261371612548828125e-01,6.868479251861572266e-01,-3.558611571788787842e-01,7.082061469554901123e-02,5.349107086658477783e-02,4.510572552680969238e-01,-7.121119648218154907e-02,3.023426048457622528e-02,-4.338036775588989258e-01,-9.479042142629623413e-02,2.808814495801925659e-02,5.739465355873107910e-01,-2.031821012496948242e-01,6.720451265573501587e-02,-1.906567625701427460e-02,2.439305931329727173e-01,1.938278600573539734e-02,4.704468846321105957e-01,9.387475848197937012e-01,-6.101673841476440430e-01,-1.447363138198852539e+00,1.200034469366073608e-01,-3.787553012371063232e-01,-1.557086855173110962e-01,5.028153657913208008e-01,-8.659009337425231934e-01,5.921495556831359863e-01,-1.334806323051452637e+00,-2.328704893589019775e-01,-1.687554717063903809e-01,1.948398053646087646e-01
-1.806172169744968414e-02,1.816827431321144104e-02,1.050448656082153320e+00,1.447071135044097900e-02,3.224192187190055847e-02,-7.242591977119445801e-01,6.886215806007385254e-01,-3.741974532604217529e-01,7.088552415370941162e-02,4.463322088122367859e-02,4.680644273757934570e-01,-7.962371408939361572e-02,3.580800443887710571e-02,-4.388366639614105225e-01,-9.396129846572875977e-02,2.639848738908767700e-02,5.740857720375061035e-01,-1.999780833721160889e-01,7.223099470138549805e-02,-1.842489466071128845e-02,2.515081167221069336e-01,2.526056952774524689e-02,4.602366685867309570e-01,9.415458440780639648e-01,-6.069285273551940918e-01,-1.431802392005920410e+00,1.319087445735931396e-01,-3.729287087917327881e-01,-1.753934472799301147e-01,4.904460012912750244e-01,-8.624800443649291992e-01,5.802373290061950684e-01,-1.299003720283508301e+00,-2.389882653951644897e-01,-1.600836664438247681e-01,2.124504297971725464e-01
-1.602588593959808350e-02,1.829120144248008728e-02,1.049613237380981445e+00,1.553932018578052521e-02,3.646207973361015320e-02,-7.219904661178588867e-01,6.907668113708496094e-01,-3.946899175643920898e-01,7.180691510438919067e-02,3.802067413926124573e-02,4.883538186550140381e-01,-9.224603325128555298e-02,4.082596674561500549e-02,-4.432821273803710938e-01,-9.338444471359252930e-02,2.347185462713241577e-02,5.738547444343566895e-01,-1.968051344156265259e-01,7.865443080663681030e-02,-1.567810028791427612e-02,2.559527158737182617e-01,3.102514334022998810e-02,4.464565813541412354e-01,9.428637623786926270e-01,-5.996035933494567871e-01,-1.414537310600280762e+00,1.446087509393692017e-01,-3.677222430706024170e-01,-1.937641650438308716e-01,4.765615463256835938e-01,-8.574880957603454590e-01,5.655862092971801758e-01,-1.257360935211181641e+00,-2.456563115119934082e-01,-1.494391113519668579e-01,2.289207726716995239e-01
-1.325161755084991455e-02,1.840605400502681732e-02,1.049071073532104492e+00,1.733417250216007233e-02,4.314441606402397156e-02,-7.184846997261047363e-01,6.939868927001953125e-01,-4.217964410781860352e-01,7.243765145540237427e-02,2.641098573803901672e-02,5.119988322257995605e-01,-1.046238765120506287e-01,4.552482068538665771e-02,-4.482474327087402344e-01,-9.162698686122894287e-02,2.028966508805751801e-02,5.697449445724487305e-01,-1.867564171552658081e-01,8.460484445095062256e-02,-1.127193029969930649e-02,2.620476484298706055e-01,4.149267822504043579e-02,4.275434315204620361e-01,9.429583549499511719e-01,-5.895187258720397949e-01,-1.393136024475097656e+00,1.649144142866134644e-01,-3.603623211383819580e-01,-2.244066148996353149e-01,4.566316008567810059e-01,-8.525092601776123047e-01,5.478840470314025879e-01,-1.209086775779724121e+00,-2.535120844841003418e-01,-1.384959816932678223e-01,2.561201453208923340e-01
-9.886879473924636841e-03,1.851007901132106781e-02,1.048069000244140625e+00,1.832111179828643799e-02,4.781816154718399048e-02,-7.146369218826293945e-01,6.976186633110046387e-01,-4.469502270221710205e-01,7.117638736963272095e-02,1.566896401345729828e-02,5.355192422866821289e-01,-1.193287745118141174e-01,4.901855438947677612e-02,-4.521251022815704346e-01,-9.265980869531631470e-02,1.491015683859586716e-02,5.706130266189575195e-01,-1.803827732801437378e-01,9.010260552167892456e-02,-9.568680077791213989e-03,2.682335078716278076e-01,5.063736811280250549e-02,4.125176370143890381e-01,9.494915008544921875e-01,-5.841053128242492676e-01,-1.377297639846801758e+00,1.709435135126113892e-01,-3.527213633060455322e-01,-2.450259327888488770e-01,4.403727650642395020e-01,-8.490661978721618652e-01,5.257199406623840332e-01,-1.164990425109863281e+00,-2.571880817413330078e-01,-1.277986466884613037e-01,2.707704305648803711e-01
-5.658178124576807022e-03,1.849013566970825195e-02,1.047067523002624512e+00,1.922623068094253540e-02,5.490610376000404358e-02,-7.090188860893249512e-01,7.027857899665832520e-01,-4.780204892158508301e-01,6.864098459482192993e-02,-3.687524702399969101e-03,5.618695616722106934e-01,-1.394770741462707520e-01,5.733489245176315308e-02,-4.535557925701141357e-01,-9.182687848806381226e-02,1.035778503865003586e-02,5.663148164749145508e-01,-1.693801283836364746e-01,9.746710211038589478e-02,-6.848799064755439758e-03,2.736299037933349609e-01,6.270463764667510986e-02,3.936215639114379883e-01,9.526621103286743164e-01,-5.766450762748718262e-01,-1.356845974922180176e+00,1.895220875740051270e-01,-3.389755487442016602e-01,-2.861278057098388672e-01,4.204635024070739746e-01,-8.408008217811584473e-01,4.977098107337951660e-01,-1.107252597808837891e+00,-2.663121521472930908e-01,-1.137692481279373169e-01,3.013970255851745605e-01
-6.680523511022329330e-04,1.824541203677654266e-02,1.045227050781250000e+00,1.892470195889472961e-02,5.982267111539840698e-02,-7.019367218017578125e-01,7.094701528549194336e-01,-5.081833600997924805e-01,6.358132511377334595e-02,-2.232576161623001099e-02,5.910671353340148926e-01,-1.629394441843032837e-01,6.548127532005310059e-02,-4.520171582698822021e-01,-9.323342889547348022e-02,6.140284705907106400e-03,5.677995085716247559e-01,-1.608183830976486206e-01,1.059819459915161133e-01,-4.811401013284921646e-03,2.790237963199615479e-01,7.298630475997924805e-02,3.795379996299743652e-01,9.576550722122192383e-01,-5.758051276206970215e-01,-1.342252016067504883e+00,2.064832597970962524e-01,-3.254681527614593506e-01,-3.264757990837097168e-01,4.046231806278228760e-01,-8.323639631271362305e-01,4.696491658687591553e-01,-1.051441907882690430e+00,-2.778446972370147705e-01,-9.440759569406509399e-02,3.285389840602874756e-01
5.456570070236921310e-03,1.768514327704906464e-02,1.042551517486572266e+00,1.782861724495887756e-02,6.627761572599411011e-02,-6.936396956443786621e-01,7.170448899269104004e-01,-5.437024235725402832e-01,5.609441921114921570e-02,-4.765016213059425354e-02,6.287490129470825195e-01,-1.963578909635543823e-01,7.792087644338607788e-02,-4.480169415473937988e-01,-9.423870593309402466e-02,3.404816088732331991e-04,5.681811571121215820e-01,-1.511449068784713745e-01,1.175434291362762451e-01,-3.502102568745613098e-03,2.830889523029327393e-01,8.407133072614669800e-02,3.642083704471588135e-01,9.669407010078430176e-01,-5.771201848983764648e-01,-1.330308437347412109e+00,2.257291227579116821e-01,-3.092563152313232422e-01,-3.719266355037689209e-01,3.859314322471618652e-01,-8.261539936065673828e-01,4.376992881298065186e-01,-9.920651316642761230e-01,-2.896368503570556641e-01,-7.305872440338134766e-02,3.606791496276855469e-01
1.267088670283555984e-02,1.654253900051116943e-02,1.039342403411865234e+00,1.671469211578369141e-02,7.427429407835006714e-02,-6.817749142646789551e-01,7.275897860527038574e-01,-5.848724842071533203e-01,4.405482858419418335e-02,-7.957395166158676147e-02,6.711352467536926270e-01,-2.325677126646041870e-01,9.002873301506042480e-02,-4.402887821197509766e-01,-9.666843712329864502e-02,-1.040656119585037231e-02,5.673443675041198730e-01,-1.365505307912826538e-01,1.281709522008895874e-01,-6.165498634800314903e-04,2.832795083522796631e-01,9.709838032722473145e-02,3.420873284339904785e-01,9.833433628082275391e-01,-5.795273184776306152e-01,-1.321094155311584473e+00,2.406093627214431763e-01,-2.925290763378143311e-01,-4.224544763565063477e-01,3.654728829860687256e-01,-8.230826258659362793e-01,4.003687798976898193e-01,-9.236665964126586914e-01,-3.013111352920532227e-01,-4.896026477217674255e-02,3.939551711082458496e-01
2.066953107714653015e-02,1.470661628991365433e-02,1.035256743431091309e+00,1.332894433289766312e-02,8.303236961364746094e-02,-6.680065393447875977e-01,7.393884658813476562e-01,-6.286709904670715332e-01,2.943974547088146210e-02,-1.171562448143959045e-01,7.215285301208496094e-01,-2.690724432468414307e-01,1.035230085253715515e-01,-4.260702431201934814e-01,-9.760577231645584106e-02,-2.502069994807243347e-02,5.627264380455017090e-01,-1.106427088379859924e-01,1.431500911712646484e-01,2.792746992781758308e-03,2.806379497051239014e-01,1.129909753799438477e-01,3.152814209461212158e-01,1.006587147712707520e+00,-5.834932327270507812e-01,-1.310181260108947754e+00,2.532035112380981445e-01,-2.700020968914031982e-01,-4.791074693202972412e-01,3.409982323646545410e-01,-8.191497921943664551e-01,3.559256196022033691e-01,-8.413642048835754395e-01,-3.117142915725708008e-01,-1.917726360261440277e-02,4.285421967506408691e-01
2.970721013844013214e-02,1.223994232714176178e-02,1.030814766883850098e+00,9.279672987759113312e-03,9.629014134407043457e-02,-6.522868275642395020e-01,7.517738938331604004e-01,-6.779074072837829590e-01,1.270262245088815689e-02,-1.621133983135223389e-01,7.769021391868591309e-01,-3.047131001949310303e-01,1.136655211448669434e-01,-4.063093066215515137e-01,-9.651714563369750977e-02,-5.123228952288627625e-02,5.432779788970947266e-01,-7.103130221366882324e-02,1.607487052679061890e-01,1.311735436320304871e-02,2.764131724834442139e-01,1.368803977966308594e-01,2.714334428310394287e-01,1.048032522201538086e+00,-5.978795886039733887e-01,-1.305749058723449707e+00,2.492380589246749878e-01,-2.550307214260101318e-01,-5.233051180839538574e-01,3.019890785217285156e-01,-8.297770023345947266e-01,3.144566118717193604e-01,-7.560899257659912109e-01,-3.066904842853546143e-01,9.481485467404127121e-04,4.529518783092498779e-01
3.884063661098480225e-02,8.928121067583560944e-03,1.026662945747375488e+00,3.861553501337766647e-03,1.114256754517555237e-01,-6.360662579536437988e-01,7.635372281074523926e-01,-7.251140475273132324e-01,-5.667655263096094131e-03,-2.122073769569396973e-01,8.314870595932006836e-01,-3.354709446430206299e-01,1.230131313204765320e-01,-3.784917891025543213e-01,-9.091107547283172607e-02,-8.047784119844436646e-02,5.105743408203125000e-01,-2.012967132031917572e-02,1.778019517660140991e-01,3.122811205685138702e-02,2.683719098567962646e-01,1.609773337841033936e-01,2.178572118282318115e-01,1.092743992805480957e+00,-6.134800910949707031e-01,-1.300074815750122070e+00,2.313777655363082886e-01,-2.394235730171203613e-01,-5.609924793243408203e-01,2.471330463886260986e-01,-8.411266207695007324e-01,2.663990855216979980e-01,-6.590715646743774414e-01,-2.899960577487945557e-01,2.351663075387477875e-02,4.686523079872131348e-01
4.753053188323974609e-02,5.048334598541259766e-03,1.022884368896484375e+00,-1.603844226337969303e-03,1.249797493219375610e-01,-6.189805865287780762e-01,7.753970026969909668e-01,-7.634335160255432129e-01,-2.636922895908355713e-02,-2.598838508129119873e-01,8.762088418006896973e-01,-3.568427264690399170e-01,1.272212713956832886e-01,-3.453911840915679932e-01,-8.650504797697067261e-02,-1.218456774950027466e-01,4.719990491867065430e-01,2.572135999798774719e-02,1.866188496351242065e-01,5.391139164566993713e-02,2.588728368282318115e-01,1.844816952943801880e-01,1.544902026653289795e-01,1.144692659378051758e+00,-6.409537792205810547e-01,-1.291174888610839844e+00,1.973475515842437744e-01,-2.320040315389633179e-01,-5.727150440216064453e-01,1.804386228322982788e-01,-8.596467971801757812e-01,2.197777628898620605e-01,-5.618645548820495605e-01,-2.621446549892425537e-01,4.078589007258415222e-02,4.631522595882415771e-01
5.511661991477012634e-02,5.959405680187046528e-04,1.019860863685607910e+00,-7.259179372340440750e-03,1.377604156732559204e-01,-6.027397513389587402e-01,7.859225273132324219e-01,-7.930788993835449219e-01,-4.698826372623443604e-02,-3.065716028213500977e-01,9.125025272369384766e-01,-3.730070590972900391e-01,1.305686533451080322e-01,-3.104611337184906006e-01,-7.967911660671234131e-02,-1.660721898078918457e-01,4.333620667457580566e-01,5.523663759231567383e-02,1.900946348905563354e-01,8.376370370388031006e-02,2.447867542505264282e-01,2.011802941560745239e-01,8.710499852895736694e-02,1.191052079200744629e+00,-6.673486828804016113e-01,-1.282608389854431152e+00,1.542779654264450073e-01,-2.265627831220626831e-01,-5.720199942588806152e-01,1.063668131828308105e-01,-8.788058757781982422e-01,1.640715301036834717e-01,-4.655996859073638916e-01,-2.327243536710739136e-01,5.496177449822425842e-02,4.444547295570373535e-01
6.058795377612113953e-02,-4.328362643718719482e-03,1.016860723495483398e+00,-1.110427174717187881e-02,1.477725207805633545e-01,-5.852733254432678223e-01,7.971794605255126953e-01,-8.149725794792175293e-01,-7.232239097356796265e-02,-3.536682426929473877e-01,9.411183595657348633e-01,-3.843276500701904297e-01,1.347001194953918457e-01,-2.827344536781311035e-01,-7.279836386442184448e-02,-1.988235861063003540e-01,4.189180731773376465e-01,5.391621962189674377e-02,1.870369017124176025e-01,1.125521808862686157e-01,2.303911894559860229e-01,2.062978148460388184e-01,2.952138334512710571e-02,1.233025312423706055e+00,-6.795663833618164062e-01,-1.276245236396789551e+00,1.154135912656784058e-01,-2.200340628623962402e-01,-5.534868836402893066e-01,4.095512256026268005e-02,-8.926292061805725098e-01,9.701310098171234131e-02,-3.936962783336639404e-01,-2.155044376850128174e-01,6.607729196548461914e-02,4.130891561508178711e-01
6.376008689403533936e-02,-9.227145463228225708e-03,1.014101624488830566e+00,-1.455236040055751801e-02,1.571881771087646484e-01,-5.662704706192016602e-01,8.089609742164611816e-01,-8.330723047256469727e-01,-9.861356019973754883e-02,-4.017427563667297363e-01,9.645942449569702148e-01,-3.872680366039276123e-01,1.366668641567230225e-01,-2.557328045368194580e-01,-6.200324371457099915e-02,-2.241923660039901733e-01,4.086618721485137939e-01,3.798748552799224854e-02,1.788798272609710693e-01,1.497382521629333496e-01,2.231339216232299805e-01,2.048401236534118652e-01,-4.403165355324745178e-02,1.264162182807922363e+00,-6.813348531723022461e-01,-1.268846750259399414e+00,8.325520157814025879e-02,-2.137779742479324341e-01,-5.224907994270324707e-01,-3.215332329273223877e-02,-8.941276669502258301e-01,1.906952261924743652e-02,-3.289083540439605713e-01,-2.122281193733215332e-01,7.166585326194763184e-02,3.706078231334686279e-01
6.365619599819183350e-02,-1.389887370169162750e-02,1.011541962623596191e+00,-1.579653471708297729e-02,1.626191735267639160e-01,-5.434287786483764648e-01,8.234018683433532715e-01,-8.461052775382995605e-01,-1.265615969896316528e-01,-4.431439042091369629e-01,9.780967831611633301e-01,-3.842540681362152100e-01,1.307011842727661133e-01,-2.302513420581817627e-01,-5.525090545415878296e-02,-2.528236210346221924e-01,4.119039475917816162e-01,1.613646559417247772e-02,1.726714223623275757e-01,1.919178068637847900e-01,2.224199026823043823e-01,1.868522912263870239e-01,-1.297764331102371216e-01,1.292474031448364258e+00,-6.713711023330688477e-01,-1.272474050521850586e+00,4.307176917791366577e-02,-2.072229832410812378e-01,-4.862323105335235596e-01,-9.229579567909240723e-02,-8.931797146797180176e-01,-2.926721423864364624e-02,-2.953993380069732666e-01,-2.129472345113754272e-01,7.371518760919570923e-02,3.399318456649780273e-01
6.070846691727638245e-02,-1.850415393710136414e-02,1.008640050888061523e+00,-1.481783576309680939e-02,1.633959710597991943e-01,-5.251780748367309570e-01,8.350270390510559082e-01,-8.499459624290466309e-01,-1.556768864393234253e-01,-4.826173782348632812e-01,9.856693744659423828e-01,-3.742092251777648926e-01,1.233204826712608337e-01,-2.072470337152481079e-01,-5.129174143075942993e-02,-2.741204202175140381e-01,4.250867068767547607e-01,-1.128476392477750778e-02,1.614511609077453613e-01,2.514892518520355225e-01,2.243490219116210938e-01,1.557683497667312622e-01,-2.207719236612319946e-01,1.294717669486999512e+00,-6.402270197868347168e-01,-1.275042772293090820e+00,1.472161989659070969e-02,-1.997973173856735229e-01,-4.320428669452667236e-01,-1.422903239727020264e-01,-8.807805180549621582e-01,-5.946331471204757690e-02,-2.899642288684844971e-01,-2.156654894351959229e-01,6.592997908592224121e-02,3.014015853404998779e-01
5.470972880721092224e-02,-2.257964946329593658e-02,1.004315376281738281e+00,-1.431012619286775589e-02,1.556508243083953857e-01,-5.072431564331054688e-01,8.475095629692077637e-01,-8.426323533058166504e-01,-1.843953877687454224e-01,-5.124632120132446289e-01,9.907040596008300781e-01,-3.619970381259918213e-01,1.095381230115890503e-01,-1.845093965530395508e-01,-5.222656577825546265e-02,-2.951567471027374268e-01,4.518778026103973389e-01,-3.956343233585357666e-02,1.408270746469497681e-01,3.223500847816467285e-01,2.322587221860885620e-01,1.114418804645538330e-01,-3.216555416584014893e-01,1.252426862716674805e+00,-5.908567905426025391e-01,-1.259310483932495117e+00,6.770916748791933060e-03,-1.874130666255950928e-01,-3.653326332569122314e-01,-1.871690899133682251e-01,-8.451200723648071289e-01,-7.643634825944900513e-02,-3.068819344043731689e-01,-2.439096570014953613e-01,5.828020349144935608e-02,2.586877346038818359e-01
4.689963534474372864e-02,-2.698667347431182861e-02,1.001682877540588379e+00,-6.971888709813356400e-03,1.545442491769790649e-01,-4.918507933616638184e-01,8.568257093429565430e-01,-8.421357274055480957e-01,-2.132227122783660889e-01,-5.468121170997619629e-01,9.853693246841430664e-01,-3.347978889942169189e-01,8.631749451160430908e-02,-1.726697087287902832e-01,-5.164095386862754822e-02,-3.241353929042816162e-01,4.681078493595123291e-01,-7.011692970991134644e-02,1.137321665883064270e-01,4.055335521697998047e-01,2.335458099842071533e-01,5.214311927556991577e-02,-4.208817780017852783e-01,1.182419657707214355e+00,-5.111197829246520996e-01,-1.236053586006164551e+00,-4.603106062859296799e-03,-1.693274825811386108e-01,-2.989236116409301758e-01,-2.102141678333282471e-01,-8.168607354164123535e-01,-2.936221659183502197e-02,-3.625351190567016602e-01,-2.675053179264068604e-01,4.932076111435890198e-02,2.520434260368347168e-01
3.721141815185546875e-02,-3.080563992261886597e-02,1.002080917358398438e+00,1.143730594776570797e-03,1.582689285278320312e-01,-4.794542491436004639e-01,8.631762862205505371e-01,-8.532432317733764648e-01,-2.241195291280746460e-01,-5.621514320373535156e-01,9.713510870933532715e-01,-3.103763461112976074e-01,6.964317709207534790e-02,-1.682974398136138916e-01,-4.654955491423606873e-02,-3.389727175235748291e-01,4.693881273269653320e-01,-7.930477708578109741e-02,1.088363975286483765e-01,4.801627993583679199e-01,2.292490154504776001e-01,-1.006372272968292236e-02,-4.950107634067535400e-01,1.080419659614562988e+00,-4.360481202602386475e-01,-1.196069240570068359e+00,9.379706345498561859e-03,-1.459359228610992432e-01,-2.457061260938644409e-01,-2.355461865663528442e-01,-7.853546142578125000e-01,3.850814327597618103e-02,-4.361812770366668701e-01,-2.777259051799774170e-01,5.399550125002861023e-02,2.479713857173919678e-01
2.667631767690181732e-02,-3.433124721050262451e-02,1.003298163414001465e+00,8.156581781804561615e-03,1.605542898178100586e-01,-4.699638187885284424e-01,8.679226636886596680e-01,-8.610891103744506836e-01,-2.287390381097793579e-01,-5.749486684799194336e-01,9.527987837791442871e-01,-2.880119979381561279e-01,5.258496478199958801e-02,-1.651425808668136597e-01,-4.392326995730400085e-02,-3.624540865421295166e-01,4.684966802597045898e-01,-9.087646752595901489e-02,1.035985723137855530e-01,5.620705485343933105e-01,2.256729304790496826e-01,-7.366726547479629517e-02,-5.446865558624267578e-01,9.784197211265563965e-01,-3.673266172409057617e-01,-1.159175038337707520e+00,3.956563025712966919e-02,-1.308198720216751099e-01,-1.920260041952133179e-01,-2.703513801097869873e-01,-7.528864741325378418e-01,1.260283887386322021e-01,-5.353481769561767578e-01,-2.757451236248016357e-01,5.056640505790710449e-02,2.424572110176086426e-01
1.521793194115161896e-02,-3.707443177700042725e-02,1.001290917396545410e+00,1.139996666461229324e-02,1.570513099431991577e-01,-4.611064195632934570e-01,8.732615709304809570e-01,-8.640187382698059082e-01,-2.330125123262405396e-01,-5.843729376792907715e-01,9.438239932060241699e-01,-2.833022773265838623e-01,4.163567349314689636e-02,-1.642414480447769165e-01,-5.074608325958251953e-02,-3.959606289863586426e-01,4.832228422164916992e-01,-1.059020832180976868e-01,9.454926848411560059e-02,6.389527320861816406e-01,2.261186987161636353e-01,-1.329807043075561523e-01,-5.639446973800659180e-01,8.764197230339050293e-01,-3.145898282527923584e-01,-1.137848377227783203e+00,7.944783568382263184e-02,-1.253655850887298584e-01,-1.529880464076995850e-01,-2.989927828311920166e-01,-7.176796793937683105e-01,2.145017087459564209e-01,-6.373481750488281250e-01,-2.720882892608642578e-01,3.983756527304649353e-02,2.594094574451446533e-01
3.403985640034079552e-03,-3.994671627879142761e-02,1.003113150596618652e+00,1.597361080348491669e-02,1.610443443059921265e-01,-4.448912739753723145e-01,8.808412551879882812e-01,-8.778556585311889648e-01,-2.318615019321441650e-01,-5.872413516044616699e-01,9.256384372711181641e-01,-2.592980861663818359e-01,2.767997607588768005e-02,-1.663763672113418579e-01,-4.886193573474884033e-02,-4.162605702877044678e-01,4.843821227550506592e-01,-1.120097935199737549e-01,9.844954311847686768e-02,6.923027038574218750e-01,2.241393774747848511e-01,-1.953637599945068359e-01,-5.513027906417846680e-01,7.744197249412536621e-01,-2.696628272533416748e-01,-1.094264984130859375e+00,1.144333332777023315e-01,-1.221152842044830322e-01,-1.244429200887680054e-01,-3.407796323299407959e-01,-6.926416754722595215e-01,2.988876998424530029e-01,-7.373849749565124512e-01,-2.786827087402343750e-01,3.546848893165588379e-02,2.605548202991485596e-01
-9.240714833140373230e-03,-4.262428730726242065e-02,1.003152608871459961e+00,1.845890097320079803e-02,1.656481474637985229e-01,-4.293842911720275879e-01,8.876086473464965820e-01,-8.951645493507385254e-01,-2.305794954299926758e-01,-5.943474173545837402e-01,9.143934845924377441e-01,-2.352864146232604980e-01,1.437387429177761078e-02,-1.717208921909332275e-01,-4.653805866837501526e-02,-4.457530975341796875e-01,4.849080443382263184e-01,-1.291370689868927002e-01,1.003067418932914734e-01,7.355567216873168945e-01,2.220663726329803467e-01,-2.598443925380706787e-01,-5.089383721351623535e-01,6.869815587997436523e-01,-2.278712093830108643e-01,-1.057494521141052246e+00,1.501917541027069092e-01,-1.322178989648818970e-01,-1.000307276844978333e-01,-3.802125751972198486e-01,-6.617967486381530762e-01,3.760176897048950195e-01,-8.258922100067138672e-01,-2.885704934597015381e-01,2.490065246820449829e-02,2.535775005817413330e-01
-2.289643697440624237e-02,-4.477756470441818237e-02,1.000132918357849121e+00,1.649387925863265991e-02,1.617869585752487183e-01,-4.187213182449340820e-01,8.934345841407775879e-01,-9.018071293830871582e-01,-2.263376265764236450e-01,-5.976279377937316895e-01,9.117423892021179199e-01,-2.248327136039733887e-01,3.481386229395866394e-03,-1.724622249603271484e-01,-5.239031836390495300e-02,-4.794726371765136719e-01,4.987536072731018066e-01,-1.631489098072052002e-01,8.923244476318359375e-02,7.781410813331604004e-01,2.216327637434005737e-01,-3.122212886810302734e-01,-4.433892965316772461e-01,6.174086332321166992e-01,-1.912295520305633545e-01,-1.005804777145385742e+00,2.049220651388168335e-01,-1.373877525329589844e-01,-7.159444689750671387e-02,-4.217508435249328613e-01,-6.152001023292541504e-01,4.259107112884521484e-01,-8.884158134460449219e-01,-3.128466010093688965e-01,1.042977254837751389e-02,2.346170246601104736e-01
-3.742541745305061340e-02,-4.661783576011657715e-02,9.974300861358642578e-01,1.380084455013275146e-02,1.545671075582504272e-01,-4.098570048809051514e-01,8.988524675369262695e-01,-8.981554508209228516e-01,-2.236115038394927979e-01,-6.077681183815002441e-01,9.079198837280273438e-01,-2.142077386379241943e-01,-8.735018782317638397e-03,-1.728182733058929443e-01,-5.812271311879158020e-02,-4.970323443412780762e-01,5.178646445274353027e-01,-2.045780122280120850e-01,7.297001034021377563e-02,8.113517761230468750e-01,2.199427187442779541e-01,-3.503119647502899170e-01,-3.633721768856048584e-01,5.877701640129089355e-01,-1.678964048624038696e-01,-9.477036595344543457e-01,2.443689405918121338e-01,-1.359100490808486938e-01,-5.403473600745201111e-02,-4.459028840065002441e-01,-5.880955457687377930e-01,4.573786258697509766e-01,-9.242674112319946289e-01,-3.310769796371459961e-01,4.692016635090112686e-03,2.156031578779220581e-01
-5.313915759325027466e-02,-4.803473502397537231e-02,9.947240352630615234e-01,1.158157736063003540e-02,1.456934362649917603e-01,-4.021849334239959717e-01,9.038177728652954102e-01,-8.922370076179504395e-01,-2.182229906320571899e-01,-6.127288341522216797e-01,9.016469120979309082e-01,-2.014961838722229004e-01,-2.339239604771137238e-02,-1.741172075271606445e-01,-6.292772293090820312e-02,-5.098382830619812012e-01,5.424597859382629395e-01,-2.514736354351043701e-01,5.558116734027862549e-02,8.436752557754516602e-01,2.174243479967117310e-01,-3.790045678615570068e-01,-2.670840024948120117e-01,5.680589675903320312e-01,-1.631690710783004761e-01,-8.843343257904052734e-01,2.734561562538146973e-01,-1.316753178834915161e-01,-3.952330723404884338e-02,-4.720568954944610596e-01,-5.612258315086364746e-01,4.875462055206298828e-01,-9.613275527954101562e-01,-3.501241505146026611e-01,-3.503433661535382271e-03,1.947355419397354126e-01
-7.120443880558013916e-02,-4.602765291929244995e-02,9.826883077621459961e-01,8.469507098197937012e-03,1.083029732108116150e-01,-3.956272900104522705e-01,9.119637012481689453e-01,-8.606454730033874512e-01,-2.318782359361648560e-01,-5.985878109931945801e-01,9.166744351387023926e-01,-2.038004100322723389e-01,-4.457911103963851929e-02,-1.769002676010131836e-01,-1.109278202056884766e-01,-5.158008933067321777e-01,6.444597840309143066e-01,-3.534736335277557373e-01,2.474073320627212524e-02,8.038695454597473145e-01,1.683185398578643799e-01,-3.515767753124237061e-01,-1.650840044021606445e-01,4.923446476459503174e-01,-1.017302498221397400e-01,-7.823343276977539062e-01,3.166553378105163574e-01,-1.304735094308853149e-01,-4.180721007287502289e-03,-5.144366025924682617e-01,-4.951756894588470459e-01,5.895462036132812500e-01,-1.005238890647888184e+00,-3.563105762004852295e-01,2.218386158347129822e-03,1.563472002744674683e-01
-8.697775006294250488e-02,-4.602396488189697266e-02,9.791408777236938477e-01,7.455817889422178268e-03,8.750062435865402222e-02,-3.996872603893280029e-01,9.124352931976318359e-01,-8.334641456604003906e-01,-2.233024090528488159e-01,-5.793018937110900879e-01,9.130244255065917969e-01,-1.926786452531814575e-01,-6.391411274671554565e-02,-1.803535521030426025e-01,-1.313592940568923950e-01,-4.984735846519470215e-01,7.436442375183105469e-01,-4.554736316204071045e-01,6.867082323879003525e-03,7.974854707717895508e-01,1.594003140926361084e-01,-3.365514278411865234e-01,-6.308399885892868042e-02,4.349312782287597656e-01,-7.593803852796554565e-02,-6.803343296051025391e-01,3.544252216815948486e-01,-1.261769384145736694e-01,1.823872094973921776e-03,-5.402437448501586914e-01,-4.607045054435729980e-01,6.915462017059326172e-01,-1.042319416999816895e+00,-3.695772290229797363e-01,-7.568316505057737231e-05,1.353948563337326050e-01
-1.018294021487236023e-01,-4.499138519167900085e-02,9.777705669403076172e-01,7.545609492808580399e-03,6.276232004165649414e-02,-4.063326120376586914e-01,9.115359187126159668e-01,-7.980931401252746582e-01,-2.091239839792251587e-01,-5.495735406875610352e-01,8.969187736511230469e-01,-1.687052547931671143e-01,-7.976961135864257812e-02,-1.796401292085647583e-01,-1.492025703191757202e-01,-4.710507690906524658e-01,8.043658137321472168e-01,-5.451875329017639160e-01,5.462456028908491135e-03,7.693335413932800293e-01,1.529532521963119507e-01,-3.141189813613891602e-01,3.891600295901298523e-02,3.603655397891998291e-01,-4.961914569139480591e-02,-5.783343315124511719e-01,3.753503262996673584e-01,-1.304819136857986450e-01,1.670425059273838997e-03,-5.780474543571472168e-01,-4.093219041824340820e-01,7.935461997985839844e-01,-1.056205272674560547e+00,-3.930084407329559326e-01,-1.484640291891992092e-03,1.053884625434875488e-01
-1.150109171867370605e-01,-4.328465834259986877e-02,9.788272380828857422e-01,5.402327515184879303e-03,4.098980873823165894e-02,-4.221906960010528564e-01,9.055637121200561523e-01,-7.581722140312194824e-01,-1.811852753162384033e-01,-5.125726461410522461e-01,8.751591444015502930e-01,-1.413171589374542236e-01,-9.151655435562133789e-02,-1.761716008186340332e-01,-1.648067235946655273e-01,-4.487751722335815430e-01,8.402100205421447754e-01,-5.892523527145385742e-01,9.862898848950862885e-03,7.516879439353942871e-01,1.360194087028503418e-01,-2.887306809425354004e-01,1.409160047769546509e-01,3.012230098247528076e-01,-6.871579587459564209e-02,-5.129376053810119629e-01,3.862854540348052979e-01,-1.262997239828109741e-01,-8.642416447401046753e-03,-5.981643795967102051e-01,-3.737532496452331543e-01,8.862356543540954590e-01,-1.093923687934875488e+00,-4.132468402385711670e-01,-7.158519700169563293e-03,9.477921575307846069e-02
-1.260810047388076782e-01,-4.057436063885688782e-02,9.807964563369750977e-01,1.742027350701391697e-03,1.218493189662694931e-02,-4.404486715793609619e-01,8.976933956146240234e-01,-6.990604400634765625e-01,-1.582589149475097656e-01,-4.822680056095123291e-01,8.485273718833923340e-01,-9.941059350967407227e-02,-1.102327257394790649e-01,-1.614407896995544434e-01,-1.865351200103759766e-01,-4.257881939411163330e-01,8.732482790946960449e-01,-6.124755740165710449e-01,1.378705352544784546e-02,7.096062302589416504e-01,1.148784831166267395e-01,-2.457086294889450073e-01,2.429160028696060181e-01,2.228528112173080444e-01,-9.264656156301498413e-02,-4.744991064071655273e-01,3.856132328510284424e-01,-1.409987658262252808e-01,-2.472621947526931763e-02,-6.340815424919128418e-01,-3.215016424655914307e-01,9.822996854782104492e-01,-1.140583276748657227e+00,-4.359660148620605469e-01,-2.353444881737232208e-02,6.759272515773773193e-02
-1.354049593210220337e-01,-3.744206950068473816e-02,9.860315322875976562e-01,-3.574306145310401917e-03,-1.665203273296356201e-02,-4.704694151878356934e-01,8.822519183158874512e-01,-6.258247494697570801e-01,-1.178574711084365845e-01,-4.304614067077636719e-01,8.047255277633666992e-01,-3.301129117608070374e-02,-1.245801821351051331e-01,-1.493293792009353638e-01,-1.987990885972976685e-01,-3.747546374797821045e-01,8.910821676254272461e-01,-6.008955240249633789e-01,2.194179221987724304e-02,6.459801197052001953e-01,8.315391093492507935e-02,-2.039901316165924072e-01,3.449160158634185791e-01,1.466573625802993774e-01,-1.400884985923767090e-01,-4.726817905902862549e-01,4.025321602821350098e-01,-1.672156304121017456e-01,-3.728599101305007935e-02,-6.677955985069274902e-01,-2.502623200416564941e-01,1.084299683570861816e+00,-1.190879106521606445e+00,-4.497863948345184326e-01,-5.144000425934791565e-02,1.848310045897960663e-02
-1.430994272232055664e-01,-3.376647457480430603e-02,9.930590391159057617e-01,-6.117031443864107132e-03,-4.358493164181709290e-02,-4.991366267204284668e-01,8.654048442840576172e-01,-5.461040139198303223e-01,-7.194621860980987549e-02,-3.603277504444122314e-01,7.321414947509765625e-01,4.805228114128112793e-02,-1.406998336315155029e-01,-1.426948606967926025e-01,-1.995591819286346436e-01,-2.942452132701873779e-01,8.967798948287963867e-01,-5.704017281532287598e-01,2.405535802245140076e-02,5.640022754669189453e-01,3.824256733059883118e-02,-1.655450314283370972e-01,4.469160139560699463e-01,7.789674401283264160e-02,-2.185128331184387207e-01,-5.033898353576660156e-01,4.298742115497589111e-01,-1.867979764938354492e-01,-6.998675316572189331e-02,-6.711960434913635254e-01,-1.953732222318649292e-01,1.186299681663513184e+00,-1.259639143943786621e+00,-4.477448761463165283e-01,-7.665633410215377808e-02,8.990186615847051144e-04
-1.490437537431716919e-01,-2.965420670807361603e-02,9.967154264450073242e-01,-5.506920162588357925e-03,-5.832459032535552979e-02,-5.240465998649597168e-01,8.496723175048828125e-01,-4.922913014888763428e-01,-2.342980727553367615e-02,-2.781740128993988037e-01,6.603373885154724121e-01,1.099761649966239929e-01,-1.268850415945053101e-01,-1.555936932563781738e-01,-1.948830187320709229e-01,-2.136794924736022949e-01,9.031322002410888672e-01,-5.595543384552001953e-01,2.582454681396484375e-02,4.781729280948638916e-01,-9.957733564078807831e-03,-1.359805613756179810e-01,5.489159822463989258e-01,2.821645885705947876e-02,-3.103128075599670410e-01,-5.774449110031127930e-01,4.828518629074096680e-01,-2.031179964542388916e-01,-1.080525815486907959e-01,-6.289393901824951172e-01,-1.358554214239120483e-01,1.277407407760620117e+00,-1.327459216117858887e+00,-4.837954342365264893e-01,-9.275049716234207153e-02,-1.716614351607859135e-03
-1.531317085027694702e-01,-2.552190050482749939e-02,9.998599290847778320e-01,-1.508053625002503395e-03,-6.429341435432434082e-02,-5.443202257156372070e-01,8.364087343215942383e-01,-4.560604989528656006e-01,1.260810438543558121e-02,-2.090314775705337524e-01,5.975653529167175293e-01,1.463543921709060669e-01,-1.098978295922279358e-01,-1.805266886949539185e-01,-1.820641458034515381e-01,-1.298249959945678711e-01,9.042785763740539551e-01,-5.544386506080627441e-01,2.619164809584617615e-02,4.109268486499786377e-01,-4.811653867363929749e-02,-1.077106669545173645e-01,6.310968995094299316e-01,2.813933789730072021e-02,-4.123128056526184082e-01,-6.794449090957641602e-01,5.459317564964294434e-01,-2.156200408935546875e-01,-1.442514657974243164e-01,-5.641746520996093750e-01,-1.045279726386070251e-01,1.315723299980163574e+00,-1.390917658805847168e+00,-5.354427099227905273e-01,-1.000497192144393921e-01,2.143820188939571381e-02
-1.552143394947052002e-01,-2.167788334190845490e-02,1.002934217453002930e+00,3.517935751006007195e-03,-6.588785350322723389e-02,-5.675599575042724609e-01,8.206838965415954590e-01,-4.269202649593353271e-01,3.680175542831420898e-02,-1.590124815702438354e-01,5.534248948097229004e-01,1.600696593523025513e-01,-9.596399962902069092e-02,-2.119916379451751709e-01,-1.739450395107269287e-01,-5.757721886038780212e-02,9.023966193199157715e-01,-5.418807864189147949e-01,2.953417785465717316e-02,3.626717925071716309e-01,-7.763649523258209229e-02,-8.198129385709762573e-02,6.780496835708618164e-01,4.768400266766548157e-02,-5.143128037452697754e-01,-7.814449071884155273e-01,5.844647884368896484e-01,-2.315190881490707397e-01,-1.676117032766342163e-01,-5.185563564300537109e-01,-9.586756676435470581e-02,1.349701642990112305e+00,-1.429516553878784180e+00,-5.547990202903747559e-01,-9.840133041143417358e-02,3.881280124187469482e-02
-1.562572717666625977e-01,-1.838869042694568634e-02,1.005355477333068848e+00,1.015101093798875809e-02,-6.771498173475265503e-02,-5.818694233894348145e-01,8.103947043418884277e-01,-4.042393863201141357e-01,4.754140973091125488e-02,-1.293549239635467529e-01,5.165266990661621094e-01,1.698457449674606323e-01,-9.567563980817794800e-02,-2.378771752119064331e-01,-1.741425096988677979e-01,-6.025258451700210571e-03,9.016951918601989746e-01,-5.234632492065429688e-01,3.263851627707481384e-02,3.279119729995727539e-01,-1.000478938221931458e-01,-6.227990984916687012e-02,6.989081501960754395e-01,7.689453661441802979e-02,-6.128998398780822754e-01,-8.834449052810668945e-01,6.120170354843139648e-01,-2.439696788787841797e-01,-1.780709475278854370e-01,-4.768418371677398682e-01,-9.294625371694564819e-02,1.375331163406372070e+00,-1.455920219421386719e+00,-5.688413381576538086e-01,-9.764615446329116821e-02,4.848763346672058105e-02
-1.566617339849472046e-01,-1.576563715934753418e-02,1.006321310997009277e+00,1.635543815791606903e-02,-6.867949664592742920e-02,-5.935991406440734863e-01,8.016580939292907715e-01,-3.871042728424072266e-01,5.389483645558357239e-02,-1.059642508625984192e-01,4.890569448471069336e-01,1.687641292810440063e-01,-9.802101552486419678e-02,-2.617821097373962402e-01,-1.735817641019821167e-01,3.955762833356857300e-02,9.048610329627990723e-01,-5.173068642616271973e-01,3.482595458626747131e-02,3.047007918357849121e-01,-1.142774745821952820e-01,-4.492216557264328003e-02,7.028448581695556641e-01,1.201316416263580322e-01,-6.903576850891113281e-01,-9.854449033737182617e-01,6.242640018463134766e-01,-2.582395076751708984e-01,-1.783196181058883667e-01,-4.469068348407745361e-01,-1.018597483634948730e-01,1.400536656379699707e+00,-1.473215103149414062e+00,-5.663512945175170898e-01,-1.008206382393836975e-01,5.340809375047683716e-02
-1.567188054323196411e-01,-1.374297309666872025e-02,1.006966710090637207e+00,1.961391046643257141e-02,-7.059554010629653931e-02,-6.059477329254150391e-01,7.921230196952819824e-01,-3.709983229637145996e-01,6.071605160832405090e-02,-8.358429372310638428e-02,4.719003438949584961e-01,1.695695817470550537e-01,-9.712726622819900513e-02,-2.802430093288421631e-01,-1.695442050695419312e-01,8.260084688663482666e-02,9.085677266120910645e-01,-5.042311549186706543e-01,3.954015299677848816e-02,2.850639224052429199e-01,-1.230707094073295593e-01,-3.200661018490791321e-02,6.974216699600219727e-01,1.665989309549331665e-01,-7.516323924064636230e-01,-1.087444901466369629e+00,6.364660859107971191e-01,-2.722642123699188232e-01,-1.723325848579406738e-01,-4.268259406089782715e-01,-1.113616600632667542e-01,1.418958544731140137e+00,-1.487337589263916016e+00,-5.676160454750061035e-01,-1.021770238876342773e-01,5.325673520565032959e-02
-1.565124690532684326e-01,-1.225475128740072250e-02,1.007606029510498047e+00,2.328096888959407806e-02,-7.274492830038070679e-02,-6.149027943611145020e-01,7.848953604698181152e-01,-3.571095466613769531e-01,6.285645812749862671e-02,-6.927762925624847412e-02,4.566762745380401611e-01,1.711491793394088745e-01,-1.015426442027091980e-01,-2.948031425476074219e-01,-1.692941933870315552e-01,1.151193529367446899e-01,9.118838906288146973e-01,-4.890676438808441162e-01,4.715089499950408936e-02,2.729744315147399902e-01,-1.275752037763595581e-01,-2.245688997209072113e-02,6.835108995437622070e-01,2.200626432895660400e-01,-8.081699013710021973e-01,-1.180973410606384277e+00,6.402395367622375488e-01,-2.830969393253326416e-01,-1.642912328243255615e-01,-4.158881008625030518e-01,-1.233166381716728210e-01,1.436209440231323242e+00,-1.497354745864868164e+00,-5.663149356842041016e-01,-1.053908765316009521e-01,5.052623152732849121e-02
-1.561992317438125610e-01,-1.127224229276180267e-02,1.007951736450195312e+00,2.619132027029991150e-02,-7.494772970676422119e-02,-6.211025118827819824e-01,7.796977162361145020e-01,-3.453269302845001221e-01,6.291834264993667603e-02,-5.818472802639007568e-02,4.442521631717681885e-01,1.675689816474914551e-01,-1.036522537469863892e-01,-3.045822381973266602e-01,-1.674655526876449585e-01,1.445542424917221069e-01,9.152372479438781738e-01,-4.785406589508056641e-01,5.338278785347938538e-02,2.623979449272155762e-01,-1.293896138668060303e-01,-1.630201935768127441e-02,6.702709197998046875e-01,2.770228087902069092e-01,-8.504198193550109863e-01,-1.263533115386962891e+00,6.358284950256347656e-01,-2.934409379959106445e-01,-1.546623408794403076e-01,-4.134704470634460449e-01,-1.375494301319122314e-01,1.455511093139648438e+00,-1.507038354873657227e+00,-5.641623735427856445e-01,-1.109764352440834045e-01,4.724048078060150146e-02
-1.555523574352264404e-01,-1.070693880319595337e-02,1.008160233497619629e+00,2.918239124119281769e-02,-7.591500133275985718e-02,-6.255018711090087891e-01,7.759721279144287109e-01,-3.380624651908874512e-01,6.208308413624763489e-02,-4.975536465644836426e-02,4.360904097557067871e-01,1.617711931467056274e-01,-1.089866310358047485e-01,-3.136346042156219482e-01,-1.698978245258331299e-01,1.608540862798690796e-01,9.181178808212280273e-01,-4.718748033046722412e-01,5.863368511199951172e-02,2.534689605236053467e-01,-1.293107867240905762e-01,-8.249361068010330200e-03,6.605355143547058105e-01,3.285214006900787354e-01,-8.822602033615112305e-01,-1.335872173309326172e+00,6.349233984947204590e-01,-2.984436750411987305e-01,-1.445138901472091675e-01,-4.114596545696258545e-01,-1.525218635797500610e-01,1.470411300659179688e+00,-1.514367461204528809e+00,-5.633955597877502441e-01,-1.174992397427558899e-01,4.216267168521881104e-02
-1.546638309955596924e-01,-1.038620062172412872e-02,1.007882356643676758e+00,3.176956623792648315e-02,-7.661078870296478271e-02,-6.286504864692687988e-01,7.732529044151306152e-01,-3.342269062995910645e-01,6.062476709485054016e-02,-4.411145672202110291e-02,4.322489202022552490e-01,1.545125991106033325e-01,-1.138937175273895264e-01,-3.218955993652343750e-01,-1.737354695796966553e-01,1.710409820079803467e-01,9.219398498535156250e-01,-4.684326648712158203e-01,6.378974020481109619e-02,2.448833584785461426e-01,-1.269694864749908447e-01,-3.397726686671376228e-03,6.499623060226440430e-01,3.749649226665496826e-01,-9.044138789176940918e-01,-1.401909351348876953e+00,6.369799971580505371e-01,-3.033773899078369141e-01,-1.322873979806900024e-01,-4.062201082706451416e-01,-1.648546010255813599e-01,1.477216362953186035e+00,-1.524100542068481445e+00,-5.716528892517089844e-01,-1.224363967776298523e-01,3.457136824727058411e-02
-1.535465270280838013e-01,-1.027700677514076233e-02,1.007395148277282715e+00,3.378773480653762817e-02,-7.624176144599914551e-02,-6.317703723907470703e-01,7.706567049026489258e-01,-3.336895406246185303e-01,6.092374399304389954e-02,-3.718160837888717651e-02,4.334376156330108643e-01,1.406828612089157104e-01,-1.168003380298614502e-01,-3.297827839851379395e-01,-1.753532886505126953e-01,1.806017160415649414e-01,9.248449206352233887e-01,-4.683329761028289795e-01,6.956408917903900146e-02,2.389546781778335571e-01,-1.240524724125862122e-01,-1.744657056406140327e-03,6.400302648544311523e-01,4.185197651386260986e-01,-9.178103208541870117e-01,-1.462653875350952148e+00,6.369843482971191406e-01,-3.081871271133422852e-01,-1.227015554904937744e-01,-4.008341133594512939e-01,-1.773886978626251221e-01,1.479949235916137695e+00,-1.535653114318847656e+00,-5.806427597999572754e-01,-1.262454837560653687e-01,2.941627427935600281e-02
-1.521832346916198730e-01,-1.031822524964809418e-02,1.006499052047729492e+00,3.553220629692077637e-02,-7.575296610593795776e-02,-6.343266367912292480e-01,7.685236930847167969e-01,-3.349164724349975586e-01,6.071009114384651184e-02,-3.369548171758651733e-02,4.372417032718658447e-01,1.265261322259902954e-01,-1.209049448370933533e-01,-3.376087248325347900e-01,-1.776252686977386475e-01,1.870422810316085815e-01,9.290098547935485840e-01,-4.723401665687561035e-01,7.335745543241500854e-02,2.332518398761749268e-01,-1.236327812075614929e-01,7.811056566424667835e-04,6.360687017440795898e-01,4.592697918415069580e-01,-9.244858622550964355e-01,-1.515769124031066895e+00,6.334023475646972656e-01,-3.124761581420898438e-01,-1.117906942963600159e-01,-3.856236040592193604e-01,-1.933492869138717651e-01,1.475937962532043457e+00,-1.546699285507202148e+00,-5.943875908851623535e-01,-1.298951655626296997e-01,2.496382035315036774e-02
-1.506935060024261475e-01,-1.048507355153560638e-02,1.005526423454284668e+00,3.651395812630653381e-02,-7.478185743093490601e-02,-6.359174847602844238e-01,7.672570347785949707e-01,-3.384635746479034424e-01,6.119101867079734802e-02,-3.248070925474166870e-02,4.448895156383514404e-01,1.083183437585830688e-01,-1.219511702656745911e-01,-3.434172868728637695e-01,-1.788199543952941895e-01,1.914335489273071289e-01,9.315063357353210449e-01,-4.758698046207427979e-01,7.875420898199081421e-02,2.281283736228942871e-01,-1.217575147747993469e-01,1.298098359256982803e-03,6.310518980026245117e-01,4.999855756759643555e-01,-9.280545115470886230e-01,-1.563971996307373047e+00,6.286232471466064453e-01,-3.172025680541992188e-01,-1.022982150316238403e-01,-3.732250630855560303e-01,-2.142677307128906250e-01,1.468210339546203613e+00,-1.561210870742797852e+00,-6.041251420974731445e-01,-1.350330412387847900e-01,2.150954864919185638e-02
-1.491941362619400024e-01,-1.076586171984672546e-02,1.005348920822143555e+00,3.691976144909858704e-02,-7.444162666797637939e-02,-6.367338895797729492e-01,7.665933370590209961e-01,-3.397076129913330078e-01,6.158398836851119995e-02,-3.056007996201515198e-02,4.504385888576507568e-01,9.086596965789794922e-02,-1.228546947240829468e-01,-3.454089164733886719e-01,-1.819687634706497192e-01,1.910800784826278687e-01,9.301834106445312500e-01,-4.730414450168609619e-01,8.384864032268524170e-02,2.227921932935714722e-01,-1.195680722594261169e-01,-4.093665920663625002e-04,6.301712989807128906e-01,5.388516187667846680e-01,-9.251620173454284668e-01,-1.605353832244873047e+00,6.245766878128051758e-01,-3.259642422199249268e-01,-9.077058732509613037e-02,-3.670246899127960205e-01,-2.419084757566452026e-01,1.457413077354431152e+00,-1.585163950920104980e+00,-6.086065173149108887e-01,-1.449606418609619141e-01,1.526178233325481415e-02
-1.477334201335906982e-01,-1.128453481942415237e-02,1.006389260292053223e+00,3.647148609161376953e-02,-7.409779727458953857e-02,-6.380547881126403809e-01,7.655491232872009277e-01,-3.369306623935699463e-01,6.299991160631179810e-02,-2.795505896210670471e-02,4.525806307792663574e-01,7.574386149644851685e-02,-1.207253262400627136e-01,-3.429234325885772705e-01,-1.835928261280059814e-01,1.912066787481307983e-01,9.222901463508605957e-01,-4.636014103889465332e-01,8.901752531528472900e-02,2.141149491071701050e-01,-1.216352358460426331e-01,1.066398108378052711e-03,6.285992860794067383e-01,5.798684358596801758e-01,-9.246073961257934570e-01,-1.647384166717529297e+00,6.149663329124450684e-01,-3.373709321022033691e-01,-7.745333015918731689e-02,-3.705141246318817139e-01,-2.746004760265350342e-01,1.448125123977661133e+00,-1.617373108863830566e+00,-6.036720871925354004e-01,-1.568119674921035767e-01,4.567774944007396698e-03
-1.465178728103637695e-01,-1.189857628196477890e-02,1.007781267166137695e+00,3.720603510737419128e-02,-7.313559204339981079e-02,-6.392259001731872559e-01,7.646287679672241211e-01,-3.311299979686737061e-01,6.406547129154205322e-02,-2.356696873903274536e-02,4.444252550601959229e-01,6.478048115968704224e-02,-1.199451163411140442e-01,-3.407094776630401611e-01,-1.847061067819595337e-01,1.932136714458465576e-01,9.110665917396545410e-01,-4.562853872776031494e-01,9.177657216787338257e-02,2.058123946189880371e-01,-1.231206580996513367e-01,1.684595947153866291e-03,6.307917833328247070e-01,6.157257556915283203e-01,-9.223541617393493652e-01,-1.686132550239562988e+00,6.180559992790222168e-01,-3.481136560440063477e-01,-6.724244356155395508e-02,-3.742154836654663086e-01,-3.085318803787231445e-01,1.433275699615478516e+00,-1.664425730705261230e+00,-6.120572090148925781e-01,-1.698098629713058472e-01,-7.305443286895751953e-03
-1.454275250434875488e-01,-1.261561084538698196e-02,1.009121894836425781e+00,3.805073723196983337e-02,-7.254216074943542480e-02,-6.402363777160644531e-01,7.637978196144104004e-01,-3.244525492191314697e-01,6.480281800031661987e-02,-1.755354367196559906e-02,4.342010021209716797e-01,5.831911042332649231e-02,-1.190226078033447266e-01,-3.385617434978485107e-01,-1.866628527641296387e-01,1.947012245655059814e-01,9.004708528518676758e-01,-4.468567073345184326e-01,9.345071017742156982e-02,1.971172690391540527e-01,-1.260576695203781128e-01,2.442775992676615715e-03,6.340325474739074707e-01,6.484180092811584473e-01,-9.184456467628479004e-01,-1.720537304878234863e+00,6.202198266983032227e-01,-3.552521765232086182e-01,-6.168385595083236694e-02,-3.740570545196533203e-01,-3.457146883010864258e-01,1.415449857711791992e+00,-1.716507315635681152e+00,-6.226289272308349609e-01,-1.770102232694625854e-01,-1.151320710778236389e-02
-1.445834338665008545e-01,-1.343768276274204254e-02,1.010832309722900391e+00,4.106817394495010376e-02,-7.184008508920669556e-02,-6.416777968406677246e-01,7.624972462654113770e-01,-3.153752982616424561e-01,6.331910192966461182e-02,-8.508114144206047058e-03,4.154747128486633301e-01,5.275378376245498657e-02,-1.163244694471359253e-01,-3.397976458072662354e-01,-1.907489150762557983e-01,1.980227828025817871e-01,8.908185958862304688e-01,-4.399605989456176758e-01,9.279576689004898071e-02,1.862881034612655640e-01,-1.306243389844894409e-01,6.430738721974194050e-04,6.375849843025207520e-01,6.769976615905761719e-01,-9.099844098091125488e-01,-1.750892758369445801e+00,6.301392316818237305e-01,-3.640114068984985352e-01,-5.840410664677619934e-02,-3.734010159969329834e-01,-3.845516145229339600e-01,1.389993429183959961e+00,-1.779031276702880859e+00,-6.387007236480712891e-01,-1.859300285577774048e-01,-1.805104129016399384e-02
-1.437678784132003784e-01,-1.427604164928197861e-02,1.012784838676452637e+00,4.218020290136337280e-02,-7.144235819578170776e-02,-6.427099704742431641e-01,7.616040110588073730e-01,-3.050955832004547119e-01,6.359166651964187622e-02,2.107019536197185516e-03,3.969378769397735596e-01,5.409232527017593384e-02,-1.145102381706237793e-01,-3.375521302223205566e-01,-1.949165463447570801e-01,1.969306170940399170e-01,8.787326216697692871e-01,-4.273512661457061768e-01,9.205336123704910278e-02,1.782492399215698242e-01,-1.351134330034255981e-01,1.565570244565606117e-03,6.361558437347412109e-01,7.096285223960876465e-01,-9.039340019226074219e-01,-1.778559684753417969e+00,6.295475363731384277e-01,-3.687968850135803223e-01,-5.734122917056083679e-02,-3.656252622604370117e-01,-4.318572282791137695e-01,1.365735650062561035e+00,-1.838711500167846680e+00,-6.473414301872253418e-01,-1.886980384588241577e-01,-1.880703866481781006e-02
-1.430916041135787964e-01,-1.507259253412485123e-02,1.014375209808349609e+00,4.305173829197883606e-02,-7.061800360679626465e-02,-6.443962454795837402e-01,7.602059841156005859e-01,-2.952510118484497070e-01,6.488805264234542847e-02,1.184693165123462677e-02,3.793119788169860840e-01,5.698436871170997620e-02,-1.142986267805099487e-01,-3.360173404216766357e-01,-1.979717910289764404e-01,1.954448372125625610e-01,8.669795393943786621e-01,-4.179745912551879883e-01,9.242757409811019897e-02,1.728511303663253784e-01,-1.370520144701004028e-01,2.709691645577549934e-03,6.340525746345520020e-01,7.408320903778076172e-01,-8.968542814254760742e-01,-1.805032849311828613e+00,6.202039718627929688e-01,-3.767555654048919678e-01,-5.151459202170372009e-02,-3.489607870578765869e-01,-4.830559492111206055e-01,1.340021610260009766e+00,-1.894974350929260254e+00,-6.545056700706481934e-01,-1.913900375366210938e-01,-2.085610479116439819e-02
-1.425044685602188110e-01,-1.590126007795333862e-02,1.015897631645202637e+00,4.339659586548805237e-02,-6.983262300491333008e-02,-6.466064453125000000e-01,7.583799958229064941e-01,-2.857884764671325684e-01,6.711319833993911743e-02,2.158038318157196045e-02,3.645268976688385010e-01,6.107668578624725342e-02,-1.128828376531600952e-01,-3.342268764972686768e-01,-1.997187137603759766e-01,1.947235465049743652e-01,8.551200032234191895e-01,-4.071105420589447021e-01,9.619372338056564331e-02,1.690901964902877808e-01,-1.375550180673599243e-01,4.611723124980926514e-03,6.311632394790649414e-01,7.681550383567810059e-01,-8.884169459342956543e-01,-1.829363465309143066e+00,6.144450306892395020e-01,-3.841574192047119141e-01,-4.258219897747039795e-02,-3.288524150848388672e-01,-5.358500480651855469e-01,1.314157366752624512e+00,-1.950736522674560547e+00,-6.610036492347717285e-01,-1.953100413084030151e-01,-2.367565967142581940e-02
-1.420020610094070435e-01,-1.678062789142131805e-02,1.017461180686950684e+00,4.393904656171798706e-02,-6.866613030433654785e-02,-6.482290625572204590e-01,7.570689320564270020e-01,-2.772971689701080322e-01,6.926808506250381470e-02,3.074644878506660461e-02,3.497874140739440918e-01,6.774646043777465820e-02,-1.112676709890365601e-01,-3.325306773185729980e-01,-2.017885148525238037e-01,1.921066194772720337e-01,8.433470129966735840e-01,-3.952194750308990479e-01,9.895899146795272827e-02,1.657135337591171265e-01,-1.384802907705307007e-01,7.443068083375692368e-03,6.295074224472045898e-01,7.893499732017517090e-01,-8.770303726196289062e-01,-1.848638057708740234e+00,6.078670024871826172e-01,-3.918074369430541992e-01,-3.312546759843826294e-02,-3.032300472259521484e-01,-5.864774584770202637e-01,1.289141297340393066e+00,-2.001003265380859375e+00,-6.702976226806640625e-01,-1.979898661375045776e-01,-2.784776873886585236e-02
-1.419243216514587402e-01,-1.762307994067668915e-02,1.020192623138427734e+00,4.379023984074592590e-02,-6.553554534912109375e-02,-6.528011560440063477e-01,7.534176707267761230e-01,-2.626065313816070557e-01,7.648133486509323120e-02,4.759275168180465698e-02,3.223472535610198975e-01,8.344259858131408691e-02,-1.136237308382987976e-01,-3.304404020309448242e-01,-1.995415836572647095e-01,1.913077086210250854e-01,8.212965130805969238e-01,-3.736087381839752197e-01,1.006436422467231750e-01,1.803009510040283203e-01,-1.357015818357467651e-01,9.896732866764068604e-03,6.199293732643127441e-01,8.366660475730895996e-01,-8.723336458206176758e-01,-1.885160088539123535e+00,6.015506386756896973e-01,-3.990770280361175537e-01,-2.742286771535873413e-02,-2.494490295648574829e-01,-6.426274776458740234e-01,1.230097651481628418e+00,-2.047473907470703125e+00,-6.730990409851074219e-01,-2.031029611825942993e-01,-3.052149340510368347e-02
-1.417524665594100952e-01,-1.864515244960784912e-02,1.022025823593139648e+00,4.554422199726104736e-02,-6.474684178829193115e-02,-6.572694778442382812e-01,7.494868040084838867e-01,-2.457894682884216309e-01,7.840373367071151733e-02,6.298318505287170410e-02,2.932704985141754150e-01,1.026751920580863953e-01,-1.157836019992828369e-01,-3.326051533222198486e-01,-2.005774676799774170e-01,1.946152746677398682e-01,8.092924356460571289e-01,-3.565730750560760498e-01,1.044864431023597717e-01,1.855452805757522583e-01,-1.309621781110763550e-01,1.207219250500202179e-02,6.226842403411865234e-01,8.584386706352233887e-01,-8.517043590545654297e-01,-1.909324765205383301e+00,5.954731106758117676e-01,-4.076722264289855957e-01,-1.040075346827507019e-02,-2.029826641082763672e-01,-6.947308778762817383e-01,1.190048933029174805e+00,-2.088089466094970703e+00,-6.773295402526855469e-01,-2.053613215684890747e-01,-3.984265774488449097e-02
-1.442421376705169678e-01,-1.870227605104446411e-02,1.028327941894531250e+00,4.577558487653732300e-02,-4.411559924483299255e-02,-6.662099957466125488e-01,7.430495619773864746e-01,-2.348932623863220215e-01,1.039351746439933777e-01,6.109789386391639709e-02,2.311639487743377686e-01,1.314599215984344482e-01,-1.203648298978805542e-01,-3.377195894718170166e-01,-1.858936250209808350e-01,1.655372083187103271e-01,7.389335632324218750e-01,-3.346009254455566406e-01,1.139493659138679504e-01,2.875452935695648193e-01,-7.569648325443267822e-02,2.684191334992647171e-03,5.431842803955078125e-01,9.604386687278747559e-01,-8.305789828300476074e-01,-2.008131027221679688e+00,5.371769666671752930e-01,-4.190147221088409424e-01,-5.916158854961395264e-02,-1.266522705554962158e-01,-7.392554283142089844e-01,1.088048934936523438e+00,-2.090357542037963867e+00,-6.818188428878784180e-01,-2.434827685356140137e-01,-1.070931404829025269e-01
-1.439143866300582886e-01,-2.011584676802158356e-02,1.029748082160949707e+00,4.579026624560356140e-02,-4.297289252281188965e-02,-6.686342358589172363e-01,7.409351468086242676e-01,-2.192668318748474121e-01,1.102272644639015198e-01,7.443901151418685913e-02,1.978081017732620239e-01,1.519519388675689697e-01,-1.214233636856079102e-01,-3.356575667858123779e-01,-1.833594143390655518e-01,1.607012897729873657e-01,7.172321677207946777e-01,-3.179652392864227295e-01,1.167107746005058289e-01,3.307670056819915771e-01,-6.764072924852371216e-02,1.002634596079587936e-02,5.334614515304565430e-01,1.038096070289611816e+00,-8.150336146354675293e-01,-2.043410301208496094e+00,5.329512357711791992e-01,-4.220992028713226318e-01,-5.421171709895133972e-02,-1.013984158635139465e-01,-7.657625675201416016e-01,9.860488772392272949e-01,-2.096097469329833984e+00,-6.852872967720031738e-01,-2.552839219570159912e-01,-1.312830746173858643e-01
-1.433579921722412109e-01,-2.177691087126731873e-02,1.030894637107849121e+00,4.680930450558662415e-02,-4.189968854188919067e-02,-6.711674332618713379e-01,7.386390566825866699e-01,-2.060519456863403320e-01,1.117633134126663208e-01,8.819638937711715698e-02,1.745238006114959717e-01,1.660028100013732910e-01,-1.221403405070304871e-01,-3.354097902774810791e-01,-1.843247115612030029e-01,1.595547944307327271e-01,7.070935964584350586e-01,-3.069653809070587158e-01,1.180431395769119263e-01,3.346199393272399902e-01,-6.714237481355667114e-02,1.704874262213706970e-02,5.357493162155151367e-01,1.069978237152099609e+00,-8.023980855941772461e-01,-2.067892551422119141e+00,5.349112153053283691e-01,-4.281881451606750488e-01,-4.244484007358551025e-02,-7.932073622941970825e-02,-7.848352193832397461e-01,9.413864612579345703e-01,-2.103155851364135742e+00,-6.927379965782165527e-01,-2.559155821800231934e-01,-1.367016434669494629e-01
-1.428046226501464844e-01,-2.344151772558689117e-02,1.031216740608215332e+00,4.725195094943046570e-02,-4.105019569396972656e-02,-6.730757355690002441e-01,7.369200587272644043e-01,-1.952456235885620117e-01,1.130727604031562805e-01,9.978977590799331665e-02,1.561504602432250977e-01,1.777905821800231934e-01,-1.200731545686721802e-01,-3.356168270111083984e-01,-1.858602762222290039e-01,1.570047736167907715e-01,7.016201019287109375e-01,-3.002718687057495117e-01,1.211323663592338562e-01,3.284325599670410156e-01,-6.790462881326675415e-02,2.412699908018112183e-02,5.403507351875305176e-01,1.085428714752197266e+00,-7.930410504341125488e-01,-2.085019111633300781e+00,5.383372902870178223e-01,-4.352833628654479980e-01,-3.051217272877693176e-02,-5.527295172214508057e-02,-7.969970703125000000e-01,9.271296262741088867e-01,-2.110324859619140625e+00,-7.068560123443603516e-01,-2.559082508087158203e-01,-1.414885818958282471e-01
-1.421675235033035278e-01,-2.508030086755752563e-02,1.031364798545837402e+00,4.751088842749595642e-02,-3.952196240425109863e-02,-6.751000285148620605e-01,7.351331114768981934e-01,-1.845787465572357178e-01,1.150316745042800903e-01,1.100835651159286499e-01,1.361127197742462158e-01,1.886716187000274658e-01,-1.166579350829124451e-01,-3.361547589302062988e-01,-1.876392960548400879e-01,1.511667221784591675e-01,6.953929662704467773e-01,-2.968138456344604492e-01,1.249856576323509216e-01,3.236578404903411865e-01,-6.744832545518875122e-02,2.984355948865413666e-02,5.452347993850708008e-01,1.102010011672973633e+00,-7.870523333549499512e-01,-2.101297378540039062e+00,5.395557880401611328e-01,-4.419066309928894043e-01,-2.327182888984680176e-02,-3.644754737615585327e-02,-8.100373148918151855e-01,9.220067262649536133e-01,-2.120761394500732422e+00,-7.232077121734619141e-01,-2.569773197174072266e-01,-1.420539170503616333e-01
-1.412894278764724731e-01,-2.674189954996109009e-02,1.031758666038513184e+00,4.799633473157882690e-02,-3.806539997458457947e-02,-6.766045689582824707e-01,7.337939739227294922e-01,-1.745016425848007202e-01,1.162151694297790527e-01,1.215789392590522766e-01,1.161109730601310730e-01,2.000521123409271240e-01,-1.142385303974151611e-01,-3.361353874206542969e-01,-1.897722184658050537e-01,1.457495987415313721e-01,6.888765096664428711e-01,-2.930403351783752441e-01,1.277645528316497803e-01,3.194938302040100098e-01,-6.753978133201599121e-02,3.599531948566436768e-02,5.499175190925598145e-01,1.118028640747070312e+00,-7.822644114494323730e-01,-2.115693092346191406e+00,5.400040745735168457e-01,-4.480363428592681885e-01,-1.817174628376960754e-02,-2.193918824195861816e-02,-8.241505622863769531e-01,9.189907908439636230e-01,-2.132636547088623047e+00,-7.371733784675598145e-01,-2.589531242847442627e-01,-1.425517797470092773e-01
-1.403535157442092896e-01,-2.831734158098697662e-02,1.032076239585876465e+00,4.841022193431854248e-02,-3.657134622335433960e-02,-6.783453822135925293e-01,7.322338819503784180e-01,-1.644211709499359131e-01,1.171711608767509460e-01,1.320645213127136230e-01,9.605097770690917969e-02,2.127535641193389893e-01,-1.122964248061180115e-01,-3.365819752216339111e-01,-1.925864219665527344e-01,1.384352594614028931e-01,6.828672885894775391e-01,-2.880584895610809326e-01,1.306253373622894287e-01,3.152631819248199463e-01,-6.708392500877380371e-02,4.193916171789169312e-02,5.525081157684326172e-01,1.136380195617675781e+00,-7.779886126518249512e-01,-2.128717422485351562e+00,5.360721945762634277e-01,-4.552080929279327393e-01,-1.445135660469532013e-02,-1.044661924242973328e-02,-8.394888043403625488e-01,9.189272522926330566e-01,-2.145583152770996094e+00,-7.499224543571472168e-01,-2.617201507091522217e-01,-1.425848007202148438e-01
-1.391797810792922974e-01,-2.976572513580322266e-02,1.032332181930541992e+00,4.879388958215713501e-02,-3.568733483552932739e-02,-6.802169680595397949e-01,7.305138111114501953e-01,-1.540723890066146851e-01,1.172543093562126160e-01,1.435071229934692383e-01,7.680378109216690063e-02,2.273098528385162354e-01,-1.116340979933738708e-01,-3.374101519584655762e-01,-1.960458308458328247e-01,1.322889775037765503e-01,6.788958907127380371e-01,-2.824038565158843994e-01,1.316065341234207153e-01,3.112510442733764648e-01,-6.695213168859481812e-02,4.882755503058433533e-02,5.557756423950195312e-01,1.152531147003173828e+00,-7.747191786766052246e-01,-2.139254331588745117e+00,5.320824384689331055e-01,-4.612942337989807129e-01,-1.153726503252983093e-02,-1.760398037731647491e-03,-8.555893301963806152e-01,9.173655509948730469e-01,-2.158602952957153320e+00,-7.580695748329162598e-01,-2.643575966358184814e-01,-1.422051787376403809e-01
-1.378833949565887451e-01,-3.109461441636085510e-02,1.031991004943847656e+00,4.941955953836441040e-02,-3.530043363571166992e-02,-6.820953488349914551e-01,7.287369370460510254e-01,-1.462629735469818115e-01,1.165298968553543091e-01,1.537279188632965088e-01,6.326387822628021240e-02,2.385667413473129272e-01,-1.111976429820060730e-01,-3.401139378547668457e-01,-2.003479897975921631e-01,1.272307187318801880e-01,6.793434619903564453e-01,-2.791970670223236084e-01,1.330950707197189331e-01,3.012088239192962646e-01,-6.704096496105194092e-02,5.666454881429672241e-02,5.582008361816406250e-01,1.161970973014831543e+00,-7.743409276008605957e-01,-2.143944978713989258e+00,5.276766419410705566e-01,-4.659327864646911621e-01,-9.299492463469505310e-03,7.208263035863637924e-03,-8.680582642555236816e-01,9.209287166595458984e-01,-2.172023534774780273e+00,-7.629231214523315430e-01,-2.659887671470642090e-01,-1.397873014211654663e-01
-1.365861743688583374e-01,-3.216492384672164917e-02,1.031685471534729004e+00,4.980575665831565857e-02,-3.459708020091056824e-02,-6.832625269889831543e-01,7.276501655578613281e-01,-1.397224366664886475e-01,1.162403002381324768e-01,1.650882959365844727e-01,4.996016249060630798e-02,2.502363324165344238e-01,-1.117078587412834167e-01,-3.424693644046783447e-01,-2.040283679962158203e-01,1.220016703009605408e-01,6.800737977027893066e-01,-2.766003310680389404e-01,1.338921785354614258e-01,2.906702160835266113e-01,-6.549677997827529907e-02,6.558106094598770142e-02,5.603258609771728516e-01,1.169323921203613281e+00,-7.738463282585144043e-01,-2.148308992385864258e+00,5.243461132049560547e-01,-4.703698456287384033e-01,-8.409014903008937836e-03,1.566209644079208374e-02,-8.805016279220581055e-01,9.199131131172180176e-01,-2.183585166931152344e+00,-7.679877281188964844e-01,-2.677761018276214600e-01,-1.383183896541595459e-01
-1.351773887872695923e-01,-3.302189707756042480e-02,1.031455278396606445e+00,5.050126090645790100e-02,-3.389541804790496826e-02,-6.844466328620910645e-01,7.265215516090393066e-01,-1.342045664787292480e-01,1.153452545404434204e-01,1.744189113378524780e-01,3.755449876189231873e-02,2.628475427627563477e-01,-1.121088415384292603e-01,-3.456083238124847412e-01,-2.085585743188858032e-01,1.158363521099090576e-01,6.813344359397888184e-01,-2.731762826442718506e-01,1.337553262710571289e-01,2.834364771842956543e-01,-6.248809024691581726e-02,7.540668547153472900e-02,5.604200363159179688e-01,1.176728963851928711e+00,-7.725440859794616699e-01,-2.150055170059204102e+00,5.203276872634887695e-01,-4.732634425163269043e-01,-9.763407520949840546e-03,2.250942401587963104e-02,-8.958330154418945312e-01,9.168094396591186523e-01,-2.195024490356445312e+00,-7.697461843490600586e-01,-2.669456303119659424e-01,-1.327661275863647461e-01
-1.337162852287292480e-01,-3.351810202002525330e-02,1.031062006950378418e+00,5.090553313493728638e-02,-3.317817300558090210e-02,-6.855319142341613770e-01,7.255024909973144531e-01,-1.296011060476303101e-01,1.148603931069374084e-01,1.847518235445022583e-01,2.628952078521251678e-02,2.746585607528686523e-01,-1.106682196259498596e-01,-3.488430082798004150e-01,-2.113630622625350952e-01,1.132266521453857422e-01,6.833014488220214844e-01,-2.695204615592956543e-01,1.324656754732131958e-01,2.744986116886138916e-01,-5.882833898067474365e-02,8.534809947013854980e-02,5.587550401687622070e-01,1.184143066406250000e+00,-7.683348655700683594e-01,-2.150141477584838867e+00,5.121495127677917480e-01,-4.760550260543823242e-01,-1.221062429249286652e-02,2.857155352830886841e-02,-9.134164452552795410e-01,9.096834063529968262e-01,-2.205700397491455078e+00,-7.675557732582092285e-01,-2.645307481288909912e-01,-1.229984909296035767e-01
-1.321086138486862183e-01,-3.373241052031517029e-02,1.030568599700927734e+00,5.146030709147453308e-02,-3.211491182446479797e-02,-6.857960224151611328e-01,7.252615094184875488e-01,-1.268767416477203369e-01,1.141751632094383240e-01,1.915725171566009521e-01,1.540779136121273041e-02,2.863187789916992188e-01,-1.085580587387084961e-01,-3.520689010620117188e-01,-2.148485034704208374e-01,1.085235178470611572e-01,6.848610043525695801e-01,-2.655618786811828613e-01,1.325348764657974243e-01,2.667644321918487549e-01,-5.389150977134704590e-02,9.727131575345993042e-02,5.578498840332031250e-01,1.188251852989196777e+00,-7.630280852317810059e-01,-2.145365953445434570e+00,5.089035630226135254e-01,-4.785190820693969727e-01,-1.174484565854072571e-02,3.493327274918556213e-02,-9.314301013946533203e-01,8.990196585655212402e-01,-2.213650941848754883e+00,-7.678745985031127930e-01,-2.629823982715606689e-01,-1.154415830969810486e-01
-1.302180588245391846e-01,-3.358223661780357361e-02,1.029705166816711426e+00,5.165400728583335876e-02,-3.108425065875053406e-02,-6.855571866035461426e-01,7.255184054374694824e-01,-1.271614432334899902e-01,1.141699254512786865e-01,1.979001462459564209e-01,8.934730663895606995e-03,2.977226972579956055e-01,-1.070048660039901733e-01,-3.553873002529144287e-01,-2.194965630769729614e-01,1.009584143757820129e-01,6.874325275421142578e-01,-2.623918950557708740e-01,1.317881643772125244e-01,2.560546696186065674e-01,-4.746096581220626831e-02,1.124874055385589600e-01,5.565539598464965820e-01,1.192230463027954102e+00,-7.581675648689270020e-01,-2.137117385864257812e+00,5.062938928604125977e-01,-4.779367148876190186e-01,-1.578851044178009033e-02,4.013643041253089905e-02,-9.505741596221923828e-01,8.855725526809692383e-01,-2.219310283660888672e+00,-7.677296400070190430e-01,-2.585912048816680908e-01,-1.037295758724212646e-01
-1.283170878887176514e-01,-3.311640396714210510e-02,1.028600215911865234e+00,5.171183124184608459e-02,-2.938072010874748230e-02,-6.854746937751770020e-01,7.256632447242736816e-01,-1.310942023992538452e-01,1.155635491013526917e-01,1.991551816463470459e-01,7.886515930294990540e-03,3.081507086753845215e-01,-1.036376580595970154e-01,-3.597095906734466553e-01,-2.237805426120758057e-01,9.202457964420318604e-02,6.898900270462036133e-01,-2.599140703678131104e-01,1.312142908573150635e-01,2.451713979244232178e-01,-3.813818842172622681e-02,1.295224726200103760e-01,5.552366971969604492e-01,1.194454550743103027e+00,-7.529960870742797852e-01,-2.125337362289428711e+00,5.051200389862060547e-01,-4.768771827220916748e-01,-2.085049264132976532e-02,4.669332131743431091e-02,-9.675324559211730957e-01,8.690973520278930664e-01,-2.221665620803833008e+00,-7.698094248771667480e-01,-2.551245987415313721e-01,-9.424621611833572388e-02
-1.263400018215179443e-01,-3.233700245618820190e-02,1.027583479881286621e+00,5.142970383167266846e-02,-2.805750630795955658e-02,-6.846541762351989746e-01,7.265097498893737793e-01,-1.358654797077178955e-01,1.169031113386154175e-01,2.016765624284744263e-01,7.932327687740325928e-03,3.191408812999725342e-01,-1.019137725234031677e-01,-3.628225624561309814e-01,-2.282881140708923340e-01,8.300221711397171021e-02,6.923099160194396973e-01,-2.573014199733734131e-01,1.297329813241958618e-01,2.340104132890701294e-01,-2.914029732346534729e-02,1.464414149522781372e-01,5.520759224891662598e-01,1.197536706924438477e+00,-7.480429410934448242e-01,-2.111450910568237305e+00,5.021600723266601562e-01,-4.756308197975158691e-01,-2.599357068538665771e-02,5.190521851181983948e-02,-9.839343428611755371e-01,8.524072170257568359e-01,-2.224449396133422852e+00,-7.698153257369995117e-01,-2.523559629917144775e-01,-8.488761633634567261e-02
-1.244934201240539551e-01,-3.128619864583015442e-02,1.026291370391845703e+00,5.103047564625740051e-02,-2.640475332736968994e-02,-6.840556263923645020e-01,7.271633744239807129e-01,-1.416370868682861328e-01,1.188142150640487671e-01,2.054602801799774170e-01,8.180406875908374786e-03,3.293549716472625732e-01,-1.000687330961227417e-01,-3.666743040084838867e-01,-2.329323142766952515e-01,7.264617830514907837e-02,6.946963071823120117e-01,-2.557436525821685791e-01,1.282093375921249390e-01,2.213767915964126587e-01,-1.724697835743427277e-02,1.642034053802490234e-01,5.479879975318908691e-01,1.200379490852355957e+00,-7.448018193244934082e-01,-2.096801042556762695e+00,4.986501038074493408e-01,-4.736756980419158936e-01,-3.225591778755187988e-02,5.778201669454574585e-02,-9.972622990608215332e-01,8.370076417922973633e-01,-2.226768493652343750e+00,-7.706742882728576660e-01,-2.494550943374633789e-01,-7.805506139993667603e-02
-1.228157579898834229e-01,-3.006419166922569275e-02,1.025233507156372070e+00,5.122874677181243896e-02,-2.458236552774906158e-02,-6.838232278823852539e-01,7.274318337440490723e-01,-1.477716267108917236e-01,1.198184788227081299e-01,2.060227543115615845e-01,8.348624221980571747e-03,3.380203545093536377e-01,-9.956627339124679565e-02,-3.718344569206237793e-01,-2.382996380329132080e-01,6.222505867481231689e-02,6.966587305068969727e-01,-2.550256550312042236e-01,1.255269348621368408e-01,2.093555033206939697e-01,-4.273514263331890106e-03,1.811752915382385254e-01,5.410775542259216309e-01,1.206504583358764648e+00,-7.418847084045410156e-01,-2.083556652069091797e+00,4.893514215946197510e-01,-4.734617769718170166e-01,-4.078031703829765320e-02,6.321567296981811523e-02,-1.011134982109069824e+00,8.238124251365661621e-01,-2.230483293533325195e+00,-7.694992423057556152e-01,-2.476857155561447144e-01,-7.072719931602478027e-02
-1.214584857225418091e-01,-2.876312099397182465e-02,1.023980259895324707e+00,5.162306502461433411e-02,-2.302876859903335571e-02,-6.842370033264160156e-01,7.270656228065490723e-01,-1.532707512378692627e-01,1.203062683343887329e-01,2.039236873388290405e-01,8.977771736681461334e-03,3.447211682796478271e-01,-9.874574095010757446e-02,-3.786861300468444824e-01,-2.434890270233154297e-01,5.411048233509063721e-02,7.005874514579772949e-01,-2.549996674060821533e-01,1.210445985198020935e-01,1.980089843273162842e-01,8.567540906369686127e-03,1.994076967239379883e-01,5.331852436065673828e-01,1.210644602775573730e+00,-7.399037480354309082e-01,-2.069180965423583984e+00,4.787827730178833008e-01,-4.714024960994720459e-01,-5.040539428591728210e-02,6.817271560430526733e-02,-1.026222586631774902e+00,8.107362389564514160e-01,-2.231621503829956055e+00,-7.644959688186645508e-01,-2.451985627412796021e-01,-6.237869337201118469e-02
-1.205794513225555420e-01,-2.724678814411163330e-02,1.023565769195556641e+00,5.254933983087539673e-02,-2.187655493617057800e-02,-6.847956180572509766e-01,7.265087366104125977e-01,-1.588870584964752197e-01,1.194054037332534790e-01,2.047018557786941528e-01,1.104940194636583328e-02,3.491059243679046631e-01,-9.915360063314437866e-02,-3.857190907001495361e-01,-2.487016469240188599e-01,4.767988994717597961e-02,7.040339112281799316e-01,-2.538892328739166260e-01,1.147704571485519409e-01,1.903321593999862671e-01,2.121196500957012177e-02,2.163941115140914917e-01,5.228705406188964844e-01,1.213735342025756836e+00,-7.363381981849670410e-01,-2.053136348724365234e+00,4.637114107608795166e-01,-4.712221622467041016e-01,-6.191032379865646362e-02,7.339429855346679688e-02,-1.046635150909423828e+00,7.969803214073181152e-01,-2.231628179550170898e+00,-7.500005364418029785e-01,-2.427331209182739258e-01,-5.087957903742790222e-02
-1.201111972332000732e-01,-2.553462609648704529e-02,1.023104548454284668e+00,5.352164432406425476e-02,-2.083839662373065948e-02,-6.843715906143188477e-01,7.268677353858947754e-01,-1.655787825584411621e-01,1.179264932870864868e-01,2.072670459747314453e-01,1.392633095383644104e-02,3.511830270290374756e-01,-9.938154369592666626e-02,-3.919250965118408203e-01,-2.534722685813903809e-01,4.196271672844886780e-02,7.075977921485900879e-01,-2.526628375053405762e-01,1.093552932143211365e-01,1.824197322130203247e-01,3.198228776454925537e-02,2.329820543527603149e-01,5.135585665702819824e-01,1.211011648178100586e+00,-7.329149842262268066e-01,-2.034863233566284180e+00,4.530977606773376465e-01,-4.712126851081848145e-01,-6.863582134246826172e-02,7.958477735519409180e-02,-1.061996698379516602e+00,7.842811346054077148e-01,-2.229426145553588867e+00,-7.386708259582519531e-01,-2.415527850389480591e-01,-4.384797811508178711e-02
-1.196876168251037598e-01,-2.359012514352798462e-02,1.022702574729919434e+00,5.433743819594383240e-02,-2.041164599359035492e-02,-6.853238344192504883e-01,7.259215116500854492e-01,-1.728570312261581421e-01,1.173102185130119324e-01,2.120509594678878784e-01,1.990578509867191315e-02,3.590501844882965088e-01,-1.028934717178344727e-01,-3.995995223522186279e-01,-2.585065960884094238e-01,3.747309371829032898e-02,7.130681276321411133e-01,-2.506302893161773682e-01,1.022456362843513489e-01,1.761070489883422852e-01,4.203150421380996704e-02,2.523232102394104004e-01,5.031136274337768555e-01,1.207034945487976074e+00,-7.273670434951782227e-01,-2.012497425079345703e+00,4.365554153919219971e-01,-4.687215387821197510e-01,-7.744182646274566650e-02,8.457279950380325317e-02,-1.078754901885986328e+00,7.675322890281677246e-01,-2.226755380630493164e+00,-7.151738405227661133e-01,-2.391544133424758911e-01,-3.419609740376472473e-02
-1.198837831616401672e-01,-2.129508554935455322e-02,1.022597908973693848e+00,5.508670583367347717e-02,-2.025551535189151764e-02,-6.857864260673522949e-01,7.254323959350585938e-01,-1.809555143117904663e-01,1.166624873876571655e-01,2.173759639263153076e-01,2.671252563595771790e-02,3.642556071281433105e-01,-1.063630282878875732e-01,-4.061290323734283447e-01,-2.620004117488861084e-01,3.511719405651092529e-02,7.171813249588012695e-01,-2.485648393630981445e-01,9.599680453538894653e-02,1.716609448194503784e-01,5.173622816801071167e-02,2.687232494354248047e-01,4.899270832538604736e-01,1.199061155319213867e+00,-7.199645042419433594e-01,-1.987496614456176758e+00,4.209080338478088379e-01,-4.661088883876800537e-01,-8.484198898077011108e-02,9.261886030435562134e-02,-1.094190359115600586e+00,7.524072527885437012e-01,-2.223226547241210938e+00,-6.910461187362670898e-01,-2.374875843524932861e-01,-2.779879234731197357e-02
-1.202413886785507202e-01,-1.875834912061691284e-02,1.022760033607482910e+00,5.586310848593711853e-02,-2.000122331082820892e-02,-6.857827901840209961e-01,7.253834605216979980e-01,-1.893130540847778320e-01,1.163261830806732178e-01,2.212037593126296997e-01,3.340633586049079895e-02,3.658768236637115479e-01,-1.111961305141448975e-01,-4.112429916858673096e-01,-2.648025751113891602e-01,3.301137685775756836e-02,7.187643647193908691e-01,-2.479017227888107300e-01,9.095121175050735474e-02,1.677318960428237915e-01,5.966864898800849915e-02,2.855835556983947754e-01,4.758013486862182617e-01,1.188843488693237305e+00,-7.101745009422302246e-01,-1.957834243774414062e+00,4.015440642833709717e-01,-4.634797573089599609e-01,-8.850114047527313232e-02,1.031661257147789001e-01,-1.110415101051330566e+00,7.397726178169250488e-01,-2.218566179275512695e+00,-6.647186279296875000e-01,-2.372170239686965942e-01,-2.169645391404628754e-02
-1.208059787750244141e-01,-1.605556346476078033e-02,1.023141145706176758e+00,5.587460473179817200e-02,-2.112061530351638794e-02,-6.856368184089660645e-01,7.254888415336608887e-01,-1.974475830793380737e-01,1.159204095602035522e-01,2.250612527132034302e-01,4.323666542768478394e-02,3.681476116180419922e-01,-1.156275868415832520e-01,-4.144658148288726807e-01,-2.682254910469055176e-01,2.996822819113731384e-02,7.211742997169494629e-01,-2.418644130229949951e-01,8.631031215190887451e-02,1.621216982603073120e-01,6.594566255807876587e-02,3.018586933612823486e-01,4.615167677402496338e-01,1.175994873046875000e+00,-7.017970681190490723e-01,-1.920527100563049316e+00,3.835510313510894775e-01,-4.570309221744537354e-01,-9.426780045032501221e-02,1.157700270414352417e-01,-1.125802040100097656e+00,7.277832627296447754e-01,-2.211136341094970703e+00,-6.379744410514831543e-01,-2.354187518358230591e-01,-1.689432002604007721e-02
-1.215114593505859375e-01,-1.312919612973928452e-02,1.023382186889648438e+00,5.618487671017646790e-02,-2.030980214476585388e-02,-6.854421496391296387e-01,7.256720066070556641e-01,-2.079934328794479370e-01,1.173332110047340393e-01,2.244725376367568970e-01,5.396152660250663757e-02,3.636158406734466553e-01,-1.186192557215690613e-01,-4.182534217834472656e-01,-2.698985636234283447e-01,2.466602623462677002e-02,7.196808457374572754e-01,-2.380237579345703125e-01,8.276609331369400024e-02,1.577192693948745728e-01,7.542917877435684204e-02,3.194958865642547607e-01,4.436456859111785889e-01,1.160018324851989746e+00,-6.970927119255065918e-01,-1.880517244338989258e+00,3.625754415988922119e-01,-4.529994130134582520e-01,-1.066410243511199951e-01,1.272075027227401733e-01,-1.139363884925842285e+00,7.175492048263549805e-01,-2.202546358108520508e+00,-6.166556477546691895e-01,-2.348194569349288940e-01,-1.085212454199790955e-02
-1.217747256159782410e-01,-1.025886461138725281e-02,1.023941159248352051e+00,5.657093226909637451e-02,-2.071916870772838593e-02,-6.843414902687072754e-01,7.266685366630554199e-01,-2.200098633766174316e-01,1.185209080576896667e-01,2.267053723335266113e-01,6.943811476230621338e-02,3.583319187164306641e-01,-1.242499798536300659e-01,-4.205675125122070312e-01,-2.745105326175689697e-01,1.629709266126155853e-02,7.193273305892944336e-01,-2.334459125995635986e-01,7.974220812320709229e-02,1.478778123855590820e-01,8.373615890741348267e-02,3.388622701168060303e-01,4.256289005279541016e-01,1.143201947212219238e+00,-6.911854743957519531e-01,-1.828624129295349121e+00,3.419857025146484375e-01,-4.434699118137359619e-01,-1.188703775405883789e-01,1.402454972267150879e-01,-1.150949954986572266e+00,7.114085555076599121e-01,-2.189144134521484375e+00,-6.026386022567749023e-01,-2.326086610555648804e-01,-3.334806242492049932e-04
-1.218426078557968140e-01,-7.285009138286113739e-03,1.024082422256469727e+00,5.629548430442810059e-02,-2.125011011958122253e-02,-6.829213500022888184e-01,7.280094027519226074e-01,-2.335284650325775146e-01,1.201860383152961731e-01,2.259957194328308105e-01,8.738192915916442871e-02,3.479181528091430664e-01,-1.255088001489639282e-01,-4.215263426303863525e-01,-2.778024375438690186e-01,1.025438960641622543e-02,7.189598083496093750e-01,-2.314499169588088989e-01,7.736073434352874756e-02,1.357190459966659546e-01,9.077730774879455566e-02,3.552755415439605713e-01,4.078006148338317871e-01,1.125366687774658203e+00,-6.884124279022216797e-01,-1.776863336563110352e+00,3.223161995410919189e-01,-4.346444308757781982e-01,-1.348324567079544067e-01,1.521891653537750244e-01,-1.157299757003784180e+00,7.051858901977539062e-01,-2.174560546875000000e+00,-5.963262915611267090e-01,-2.298102825880050659e-01,1.134520210325717926e-02
-1.214287281036376953e-01,-4.442123230546712875e-03,1.024363398551940918e+00,5.695185810327529907e-02,-2.073693275451660156e-02,-6.798664927482604980e-01,7.308269739151000977e-01,-2.514685392379760742e-01,1.217207238078117371e-01,2.221234887838363647e-01,1.082526072859764099e-01,3.341160714626312256e-01,-1.268899738788604736e-01,-4.221305847167968750e-01,-2.814886868000030518e-01,3.733200253918766975e-03,7.176539897918701172e-01,-2.286396324634552002e-01,7.600778341293334961e-02,1.187427192926406860e-01,9.747721254825592041e-02,3.752218782901763916e-01,3.925383388996124268e-01,1.102578043937683105e+00,-6.858794689178466797e-01,-1.717513561248779297e+00,3.138161003589630127e-01,-4.238201379776000977e-01,-1.531619131565093994e-01,1.627701073884963989e-01,-1.159640908241271973e+00,6.967296600341796875e-01,-2.155946493148803711e+00,-5.984578132629394531e-01,-2.268519550561904907e-01,2.586233057081699371e-02
-1.203416734933853149e-01,-1.546764979138970375e-03,1.024726510047912598e+00,5.698724836111068726e-02,-2.012945525348186493e-02,-6.769934296607971191e-01,7.335033416748046875e-01,-2.728313207626342773e-01,1.240584403276443481e-01,2.148825377225875854e-01,1.354262828826904297e-01,3.156462609767913818e-01,-1.263183057308197021e-01,-4.210686385631561279e-01,-2.849599719047546387e-01,-3.368822392076253891e-03,7.140601873397827148e-01,-2.254689335823059082e-01,7.525607943534851074e-02,1.007052883505821228e-01,1.045476645231246948e-01,3.942779302597045898e-01,3.759365975856781006e-01,1.081456422805786133e+00,-6.815195083618164062e-01,-1.657004356384277344e+00,3.049861788749694824e-01,-4.146175980567932129e-01,-1.746589690446853638e-01,1.714949905872344971e-01,-1.163641452789306641e+00,6.846277117729187012e-01,-2.136736392974853516e+00,-5.976642370223999023e-01,-2.247636169195175171e-01,4.389642551541328430e-02
-1.186083108186721802e-01,1.368742901831865311e-03,1.024917960166931152e+00,5.668127909302711487e-02,-1.954079046845436096e-02,-6.741853356361389160e-01,7.361246943473815918e-01,-2.968893051147460938e-01,1.277213245630264282e-01,2.055385261774063110e-01,1.683695614337921143e-01,2.919947803020477295e-01,-1.252429932355880737e-01,-4.189440608024597168e-01,-2.886181473731994629e-01,-1.050873380154371262e-02,7.093015313148498535e-01,-2.191195040941238403e-01,7.745720446109771729e-02,8.165280520915985107e-02,1.115022152662277222e-01,4.131613969802856445e-01,3.572683334350585938e-01,1.063743948936462402e+00,-6.782631278038024902e-01,-1.593874812126159668e+00,2.992479205131530762e-01,-4.022421240806579590e-01,-1.993554681539535522e-01,1.789711564779281616e-01,-1.169518709182739258e+00,6.678787469863891602e-01,-2.116949558258056641e+00,-5.937286615371704102e-01,-2.221772223711013794e-01,6.276359409093856812e-02
-1.160149276256561279e-01,4.364137072116136551e-03,1.025311946868896484e+00,5.643954128026962280e-02,-1.901743933558464050e-02,-6.708204150199890137e-01,7.392244935035705566e-01,-3.247659802436828613e-01,1.317518204450607300e-01,1.963979750871658325e-01,2.068350315093994141e-01,2.636884748935699463e-01,-1.235934197902679443e-01,-4.157710969448089600e-01,-2.938523590564727783e-01,-1.953214779496192932e-02,7.038033604621887207e-01,-2.105809748172760010e-01,7.945111393928527832e-02,6.436531245708465576e-02,1.192017346620559692e-01,4.310006499290466309e-01,3.326562345027923584e-01,1.049985289573669434e+00,-6.697661280632019043e-01,-1.523071289062500000e+00,2.843728661537170410e-01,-3.886056542396545410e-01,-2.230854630470275879e-01,1.900394856929779053e-01,-1.178597450256347656e+00,6.477254033088684082e-01,-2.096317052841186523e+00,-5.845755338668823242e-01,-2.216026335954666138e-01,7.961702346801757812e-02
-1.123613268136978149e-01,7.186251226812601089e-03,1.024680972099304199e+00,5.594790354371070862e-02,-1.730680838227272034e-02,-6.673148870468139648e-01,7.424696683883666992e-01,-3.494028449058532715e-01,1.347525268793106079e-01,1.890148222446441650e-01,2.428886592388153076e-01,2.350884675979614258e-01,-1.186643466353416443e-01,-4.138698577880859375e-01,-2.991193830966949463e-01,-2.983549237251281738e-02,6.999489665031433105e-01,-2.044643461704254150e-01,8.228246122598648071e-02,5.035545304417610168e-02,1.286666840314865112e-01,4.440259039402008057e-01,3.134923279285430908e-01,1.042827486991882324e+00,-6.629407405853271484e-01,-1.462774753570556641e+00,2.737037837505340576e-01,-3.808232843875885010e-01,-2.378067672252655029e-01,2.005935758352279663e-01,-1.190690875053405762e+00,6.374703645706176758e-01,-2.079155921936035156e+00,-5.798367857933044434e-01,-2.226681113243103027e-01,9.411124885082244873e-02
-1.074636206030845642e-01,9.893963113427162170e-03,1.024504661560058594e+00,5.645396187901496887e-02,-1.337484922260046005e-02,-6.618041992187500000e-01,7.474284172058105469e-01,-3.833564817905426025e-01,1.410448700189590454e-01,1.796240061521530151e-01,2.894946038722991943e-01,1.960464715957641602e-01,-1.149749532341957092e-01,-4.115542769432067871e-01,-3.072963654994964600e-01,-5.052848532795906067e-02,6.925091147422790527e-01,-1.920336037874221802e-01,8.887282758951187134e-02,3.228418529033660889e-02,1.387550681829452515e-01,4.645820260047912598e-01,2.869086265563964844e-01,1.030135989189147949e+00,-6.583002209663391113e-01,-1.381847858428955078e+00,2.634636759757995605e-01,-3.672854304313659668e-01,-2.613169848918914795e-01,2.107400000095367432e-01,-1.202872514724731445e+00,6.184630990028381348e-01,-2.048030853271484375e+00,-5.768101215362548828e-01,-2.219531238079071045e-01,1.136167868971824646e-01
-1.008537933230400085e-01,1.242990791797637939e-02,1.022689938545227051e+00,5.706595629453659058e-02,-1.090595498681068420e-02,-6.584892272949218750e-01,7.503442168235778809e-01,-4.119810461997985840e-01,1.445985585451126099e-01,1.691028475761413574e-01,3.280490040779113770e-01,1.611134260892868042e-01,-1.087756380438804626e-01,-4.134933650493621826e-01,-3.177739381790161133e-01,-6.501620262861251831e-02,6.914292573928833008e-01,-1.848070025444030762e-01,9.626845270395278931e-02,1.599171757698059082e-02,1.491082310676574707e-01,4.781313836574554443e-01,2.660588324069976807e-01,1.028096437454223633e+00,-6.531374454498291016e-01,-1.305280923843383789e+00,2.569013833999633789e-01,-3.522109985351562500e-01,-2.796222567558288574e-01,2.211205214262008667e-01,-1.215288281440734863e+00,6.061531901359558105e-01,-2.010037660598754883e+00,-5.781293511390686035e-01,-2.176403850317001343e-01,1.317662447690963745e-01
-9.257993102073669434e-02,1.483382191509008408e-02,1.020666956901550293e+00,5.890228599309921265e-02,-8.617855608463287354e-03,-6.549593210220336914e-01,7.533156871795654297e-01,-4.410502314567565918e-01,1.461726576089859009e-01,1.583755910396575928e-01,3.646777570247650146e-01,1.222702562808990479e-01,-1.009544879198074341e-01,-4.180828034877777100e-01,-3.321478068828582764e-01,-7.830661535263061523e-02,6.935815215110778809e-01,-1.783679872751235962e-01,1.047956794500350952e-01,2.733517671003937721e-03,1.590771526098251343e-01,4.862546026706695557e-01,2.400671392679214478e-01,1.028440237045288086e+00,-6.446337699890136719e-01,-1.227276921272277832e+00,2.517322599887847900e-01,-3.409696519374847412e-01,-2.988152205944061279e-01,2.300107777118682861e-01,-1.223349928855895996e+00,5.936280488967895508e-01,-1.962596297264099121e+00,-5.836209654808044434e-01,-2.113021165132522583e-01,1.525312960147857666e-01
-8.210010081529617310e-02,1.693725213408470154e-02,1.018290877342224121e+00,6.179466098546981812e-02,-6.969740148633718491e-03,-6.526358723640441895e-01,7.551153898239135742e-01,-4.730951189994812012e-01,1.443946510553359985e-01,1.463347971439361572e-01,4.036588072776794434e-01,8.123885840177536011e-02,-9.288115054368972778e-02,-4.264394044876098633e-01,-3.497008681297302246e-01,-8.696509152650833130e-02,7.010603547096252441e-01,-1.729679852724075317e-01,1.124201640486717224e-01,-1.068346574902534485e-02,1.722696423530578613e-01,4.877381920814514160e-01,2.140693217515945435e-01,1.031857967376708984e+00,-6.348344683647155762e-01,-1.143217921257019043e+00,2.458305209875106812e-01,-3.283668160438537598e-01,-3.255611062049865723e-01,2.334026247262954712e-01,-1.233927130699157715e+00,5.747100710868835449e-01,-1.897111296653747559e+00,-5.809519886970520020e-01,-1.999893635511398315e-01,1.804111748933792114e-01
-6.983124464750289917e-02,1.889799349009990692e-02,1.012880325317382812e+00,6.256256252527236938e-02,-3.827009117230772972e-03,-6.495500802993774414e-01,7.577308416366577148e-01,-5.095193386077880859e-01,1.426787823438644409e-01,1.312089115381240845e-01,4.507797360420227051e-01,3.410835191607475281e-02,-7.948381453752517700e-02,-4.369082152843475342e-01,-3.639165461063385010e-01,-8.897768706083297729e-02,7.145178914070129395e-01,-1.703958213329315186e-01,1.205313578248023987e-01,-2.306438796222209930e-02,1.853354573249816895e-01,4.879607260227203369e-01,1.859440505504608154e-01,1.039092779159545898e+00,-6.230082511901855469e-01,-1.051324605941772461e+00,2.426944971084594727e-01,-3.116599917411804199e-01,-3.575472831726074219e-01,2.300024032592773438e-01,-1.245097160339355469e+00,5.465996861457824707e-01,-1.815926194190979004e+00,-5.720819234848022461e-01,-1.845653802156448364e-01,2.096987217664718628e-01
-5.531990528106689453e-02,2.062436193227767944e-02,1.004088878631591797e+00,6.098526343703269958e-02,1.453559380024671555e-03,-6.442849636077880859e-01,7.623487114906311035e-01,-5.541791915893554688e-01,1.419288814067840576e-01,1.114106625318527222e-01,5.169104933738708496e-01,-2.001076750457286835e-02,-6.617271900177001953e-02,-4.466129541397094727e-01,-3.791311085224151611e-01,-9.605628252029418945e-02,7.341464757919311523e-01,-1.749462187290191650e-01,1.310725808143615723e-01,-3.856571018695831299e-02,1.999679356813430786e-01,4.879941046237945557e-01,1.603370308876037598e-01,1.045542240142822266e+00,-6.065824031829833984e-01,-9.503272175788879395e-01,2.463421523571014404e-01,-2.897962629795074463e-01,-3.854936957359313965e-01,2.221921980381011963e-01,-1.245944142341613770e+00,5.026836395263671875e-01,-1.713926196098327637e+00,-5.676709413528442383e-01,-1.634301841259002686e-01,2.371163070201873779e-01
-3.905616700649261475e-02,2.210212498903274536e-02,9.912916421890258789e-01,5.461985245347023010e-02,9.576059877872467041e-03,-6.391141414642333984e-01,7.671102285385131836e-01,-6.078447699546813965e-01,1.447506248950958252e-01,8.351409435272216797e-02,6.091367602348327637e-01,-8.463288098573684692e-02,-5.046106129884719849e-02,-4.538582861423492432e-01,-3.903541862964630127e-01,-1.059742048382759094e-01,7.596784234046936035e-01,-1.841557025909423828e-01,1.455422639846801758e-01,-4.740511626005172729e-02,2.171278744935989380e-01,4.879991114139556885e-01,1.326006352901458740e-01,1.049314141273498535e+00,-5.837357640266418457e-01,-8.492696881294250488e-01,2.619345784187316895e-01,-2.666436433792114258e-01,-4.071947336196899414e-01,2.069651633501052856e-01,-1.239508509635925293e+00,4.507658779621124268e-01,-1.611926198005676270e+00,-5.649732947349548340e-01,-1.321011632680892944e-01,2.622770965099334717e-01
-2.178274095058441162e-02,2.353633567690849304e-02,9.750148057937622070e-01,4.695025086402893066e-02,2.251407876610755920e-02,-6.301283836364746094e-01,7.747431993484497070e-01,-6.726319193840026855e-01,1.539996713399887085e-01,6.418510526418685913e-02,7.111367583274841309e-01,-1.552387624979019165e-01,-3.715867921710014343e-02,-4.570284783840179443e-01,-4.030292928218841553e-01,-1.297555118799209595e-01,7.904700040817260742e-01,-2.011459767818450928e-01,1.637413799762725830e-01,-5.151875689625740051e-02,2.321181744337081909e-01,4.879998564720153809e-01,1.027085930109024048e-01,1.060249924659729004e+00,-5.566334724426269531e-01,-7.472696900367736816e-01,2.735350728034973145e-01,-2.427157312631607056e-01,-4.156723618507385254e-01,1.878359317779541016e-01,-1.223785042762756348e+00,3.859840035438537598e-01,-1.509926199913024902e+00,-5.593284368515014648e-01,-9.066777676343917847e-02,2.749260365962982178e-01
-4.780949559062719345e-03,2.535267360508441925e-02,9.542566537857055664e-01,3.240797668695449829e-02,4.035887122154235840e-02,-6.187095642089843750e-01,7.839128971099853516e-01,-7.511322498321533203e-01,1.683650314807891846e-01,4.808102920651435852e-02,8.131367564201354980e-01,-2.350984662771224976e-01,-1.542499940842390060e-02,-4.505213797092437744e-01,-4.114093780517578125e-01,-1.585044115781784058e-01,8.284230232238769531e-01,-2.212303578853607178e-01,1.800724714994430542e-01,-5.335427448153495789e-02,2.484933733940124512e-01,4.879999756813049316e-01,5.803388357162475586e-02,1.090955734252929688e+00,-5.136819481849670410e-01,-6.452696919441223145e-01,2.736663222312927246e-01,-2.230507582426071167e-01,-3.976097702980041504e-01,1.641859114170074463e-01,-1.198756456375122070e+00,2.953347265720367432e-01,-1.407926201820373535e+00,-5.475848913192749023e-01,-4.024782776832580566e-02,2.668427824974060059e-01
1.135126687586307526e-02,2.725057117640972137e-02,9.285908937454223633e-01,1.555929798632860184e-02,6.898055970668792725e-02,-5.978286862373352051e-01,7.984988689422607422e-01,-8.531322479248046875e-01,1.887260079383850098e-01,2.389514073729515076e-02,9.151367545127868652e-01,-3.370984792709350586e-01,2.277033403515815735e-02,-4.354707002639770508e-01,-4.291515052318572998e-01,-2.133856564760208130e-01,8.834673166275024414e-01,-2.512203156948089600e-01,1.963115334510803223e-01,-4.904976859688758850e-02,2.692151665687561035e-01,4.880000054836273193e-01,-3.157931938767433167e-02,1.177034854888916016e+00,-4.429177045822143555e-01,-5.432696938514709473e-01,2.653336822986602783e-01,-2.043509930372238159e-01,-3.080150783061981201e-01,1.133044660091400146e-01,-1.157026529312133789e+00,1.933347135782241821e-01,-1.305926203727722168e+00,-5.325145721435546875e-01,1.888975687325000763e-02,2.082776576280593872e-01
2.500869892537593842e-02,2.961248159408569336e-02,9.006973505020141602e-01,-1.981644425541162491e-03,1.026616469025611877e-01,-5.763892531394958496e-01,8.106985688209533691e-01,-9.551322460174560547e-01,1.959311664104461670e-01,-1.355326827615499496e-02,1.017136812210083008e+00,-4.390984773635864258e-01,7.518715411424636841e-02,-4.191979765892028809e-01,-4.575481116771697998e-01,-2.943831086158752441e-01,9.472168087959289551e-01,-2.969113886356353760e-01,2.028451114892959595e-01,-8.342316374182701111e-03,2.863545715808868408e-01,4.739741683006286621e-01,-1.335793137550354004e-01,1.279034852981567383e+00,-3.895936012268066406e-01,-4.991086721420288086e-01,2.136403918266296387e-01,-1.998910307884216309e-01,-2.060150802135467529e-01,4.528787359595298767e-02,-1.143835425376892090e+00,9.133471548557281494e-02,-1.203926205635070801e+00,-4.570998847484588623e-01,5.233725905418395996e-02,1.592059284448623657e-01
3.496723249554634094e-02,3.187847137451171875e-02,8.767477273941040039e-01,-1.625094935297966003e-02,1.412933766841888428e-01,-5.477415323257446289e-01,8.244703412055969238e-01,-1.057132244110107422e+00,1.884087622165679932e-01,-6.247995048761367798e-02,1.119136810302734375e+00,-5.281566381454467773e-01,1.090363115072250366e-01,-4.046444892883300781e-01,-4.655172228813171387e-01,-3.516628444194793701e-01,9.838541746139526367e-01,-3.221895694732666016e-01,2.057388722896575928e-01,3.860806673765182495e-02,3.043257892131805420e-01,4.499473869800567627e-01,-2.355793267488479614e-01,1.381034851074218750e+00,-2.988714575767517090e-01,-4.984455406665802002e-01,1.500246226787567139e-01,-2.008975446224212646e-01,-1.040150821208953857e-01,-1.188147254288196564e-02,-1.155093193054199219e+00,-1.066528819501399994e-02,-1.101926207542419434e+00,-3.811868429183959961e-01,5.252024158835411072e-02,6.560524553060531616e-02
3.868450596928596497e-02,3.163065388798713684e-02,8.454101085662841797e-01,-2.930136770009994507e-02,1.924522370100021362e-01,-5.146875977516174316e-01,8.349851369857788086e-01,-1.159132242202758789e+00,1.655202060937881470e-01,-1.433445960283279419e-01,1.221136808395385742e+00,-5.763765573501586914e-01,1.240440309047698975e-01,-4.072971940040588379e-01,-4.521097838878631592e-01,-4.295752942562103271e-01,1.026858925819396973e+00,-3.682192862033843994e-01,1.840699315071105957e-01,1.163417547941207886e-01,3.125127851963043213e-01,3.837349414825439453e-01,-3.375793099403381348e-01,1.483034849166870117e+00,-1.968714594841003418e-01,-5.924236774444580078e-01,5.387799814343452454e-02,-1.962106227874755859e-01,-2.015080535784363747e-03,-5.766990035772323608e-02,-1.081332206726074219e+00,-1.126652881503105164e-01,-9.999262094497680664e-01,-3.119411170482635498e-01,3.176393732428550720e-02,-5.003318190574645996e-03
4.126974567770957947e-02,3.012656420469284058e-02,8.219392299652099609e-01,-2.755069360136985779e-02,2.416703402996063232e-01,-4.855923950672149658e-01,8.396644592285156250e-01,-1.261132240295410156e+00,1.346991062164306641e-01,-1.875659227371215820e-01,1.323136806488037109e+00,-5.900563597679138184e-01,1.348027288913726807e-01,-4.497084319591522217e-01,-4.369928538799285889e-01,-4.682467579841613770e-01,1.046204924583435059e+00,-3.825111389160156250e-01,1.640422791242599487e-01,1.702428013086318970e-01,3.137769103050231934e-01,3.069051802158355713e-01,-4.395793080329895020e-01,1.506294608116149902e+00,-9.487146139144897461e-02,-6.944236755371093750e-01,2.931316150352358818e-03,-1.877343505620956421e-01,9.998492151498794556e-02,-6.720327585935592651e-02,-1.020423650741577148e+00,-1.786267012357711792e-01,-8.979262113571166992e-01,-2.710138559341430664e-01,1.752244308590888977e-02,-6.707685440778732300e-02
4.173024743795394897e-02,2.692976593971252441e-02,7.976992130279541016e-01,5.402293521910905838e-03,3.115762174129486084e-01,-4.541155993938446045e-01,8.346676826477050781e-01,-1.363132238388061523e+00,8.066432923078536987e-02,-2.082481682300567627e-01,1.425136804580688477e+00,-5.956457853317260742e-01,1.264341920614242554e-01,-5.517084598541259766e-01,-4.349623620510101318e-01,-4.725508093833923340e-01,1.087259054183959961e+00,-3.976693153381347656e-01,1.449452340602874756e-01,2.178623825311660767e-01,3.139665424823760986e-01,2.342056781053543091e-01,-5.415793061256408691e-01,1.404294610023498535e+00,7.128536701202392578e-03,-7.768750786781311035e-01,-2.587064635008573532e-03,-1.745161563158035278e-01,2.019849121570587158e-01,-7.230766117572784424e-02,-1.013121962547302246e+00,-2.356268465518951416e-01,-7.959262132644653320e-01,-2.523574829101562500e-01,2.035236544907093048e-02,-9.614784270524978638e-02
4.029510542750358582e-02,2.147794514894485474e-02,7.839424610137939453e-01,2.532655186951160431e-02,3.642050027847290039e-01,-4.303919970989227295e-01,8.255155682563781738e-01,-1.465132236480712891e+00,3.739375621080398560e-02,-2.281999886035919189e-01,1.527136802673339844e+00,-5.755974054336547852e-01,1.147399544715881348e-01,-6.537084579467773438e-01,-4.292762577533721924e-01,-4.761499762535095215e-01,1.104226469993591309e+00,-3.901681602001190186e-01,1.248977035284042358e-01,2.485080212354660034e-01,3.139949738979339600e-01,1.513633430004119873e-01,-6.435793042182922363e-01,1.302294611930847168e+00,7.137136161327362061e-02,-8.659471869468688965e-01,6.485218182206153870e-03,-1.564261615276336670e-01,2.960597872734069824e-01,-9.249068051576614380e-02,-9.595517516136169434e-01,-2.413275539875030518e-01,-6.939262151718139648e-01,-2.392856329679489136e-01,1.976356096565723419e-02,-1.244238317012786865e-01
3.821419551968574524e-02,1.455084420740604401e-02,7.808693647384643555e-01,4.185651242733001709e-02,4.159525632858276367e-01,-4.054084420204162598e-01,8.129425048828125000e-01,-1.567132234573364258e+00,-1.839187368750572205e-02,-2.641369402408599854e-01,1.623273134231567383e+00,-5.220423936843872070e-01,9.980020672082901001e-02,-7.557084560394287109e-01,-4.044430255889892578e-01,-4.614169597625732422e-01,1.090744376182556152e+00,-3.443899452686309814e-01,1.074891611933708191e-01,2.650668621063232422e-01,3.139992356300354004e-01,8.802683651447296143e-02,-7.455793023109436035e-01,1.200294613838195801e+00,9.507497400045394897e-02,-9.175071120262145996e-01,3.419153764843940735e-02,-1.450644135475158691e-01,2.925397753715515137e-01,-1.269776225090026855e-01,-9.949365258216857910e-01,-1.707967519760131836e-01,-6.027632355690002441e-01,-2.173350453376770020e-01,2.038596570491790771e-02,-1.267209500074386597e-01
3.533684089779853821e-02,7.359844166785478592e-03,7.891495227813720703e-01,5.969529598951339722e-02,4.348315298557281494e-01,-3.942083120346069336e-01,8.074390888214111328e-01,-1.669132232666015625e+00,-4.694822430610656738e-02,-2.775252163410186768e-01,1.604954242706298828e+00,-4.871357381343841553e-01,9.339892864227294922e-02,-8.523476123809814453e-01,-3.875337243080139160e-01,-4.369100928306579590e-01,1.060531139373779297e+00,-3.200609982013702393e-01,9.155797213315963745e-02,2.910657525062561035e-01,3.139998912811279297e-01,4.721083492040634155e-02,-7.806798815727233887e-01,1.098294615745544434e+00,8.863549679517745972e-02,-9.457642436027526855e-01,1.213342994451522827e-01,-1.231374964118003845e-01,2.647894918918609619e-01,-1.802501529455184937e-01,-1.034898042678833008e+00,-8.867864310741424561e-02,-7.047632336616516113e-01,-1.903213858604431152e-01,2.908757189288735390e-03,-1.248140707612037659e-01
3.000452555716037750e-02,1.017952919937670231e-03,7.967071533203125000e-01,8.157790452241897583e-02,4.768097400665283203e-01,-3.728202879428863525e-01,7.918348908424377441e-01,-1.771132230758666992e+00,-9.177865087985992432e-02,-3.056585788726806641e-01,1.572562932968139648e+00,-4.658472537994384766e-01,6.548660248517990112e-02,-9.305057525634765625e-01,-3.660367429256439209e-01,-4.386152625083923340e-01,1.014229416847229004e+00,-2.942700982093811035e-01,8.747875690460205078e-02,2.901444435119628906e-01,3.139999806880950928e-01,-5.478916689753532410e-02,-7.574986815452575684e-01,9.962946772575378418e-01,4.142722859978675842e-02,-1.014348983764648438e+00,1.816846877336502075e-01,-1.170482784509658813e-01,2.282680720090866089e-01,-2.822501659393310547e-01,-9.979168176651000977e-01,-1.713536493480205536e-02,-8.067632317543029785e-01,-1.623245626688003540e-01,-1.408926583826541901e-02,-8.972581475973129272e-02
2.234514243900775909e-02,-3.334165783599019051e-03,8.083679676055908203e-01,1.025146991014480591e-01,5.119435787200927734e-01,-3.594383597373962402e-01,7.734394073486328125e-01,-1.873132228851318359e+00,-1.239399537444114685e-01,-3.375897407531738281e-01,1.533171653747558594e+00,-4.448184669017791748e-01,3.115350939333438873e-02,-9.948499202728271484e-01,-3.616014420986175537e-01,-4.590309262275695801e-01,9.560589790344238281e-01,-2.228220403194427490e-01,1.080454885959625244e-01,2.734484374523162842e-01,3.140000104904174805e-01,-1.567891687154769897e-01,-6.720150709152221680e-01,8.942946791648864746e-01,-1.888319151476025581e-03,-1.112552762031555176e+00,2.758901715278625488e-01,-1.347015947103500366e-01,2.090726792812347412e-01,-3.842501640319824219e-01,-9.694040417671203613e-01,8.083502948284149170e-02,-9.087632298469543457e-01,-1.248107254505157471e-01,-4.022950306534767151e-02,-3.625434264540672302e-02
1.174494717270135880e-02,-5.318677052855491638e-03,8.169169425964355469e-01,1.153470575809478760e-01,5.239220261573791504e-01,-3.624993264675140381e-01,7.620990872383117676e-01,-1.975132226943969727e+00,-1.143105849623680115e-01,-3.493390977382659912e-01,1.507196545600891113e+00,-4.205890297889709473e-01,6.548410281538963318e-03,-1.034695744514465332e+00,-3.731378018856048584e-01,-4.736886620521545410e-01,9.279072284698486328e-01,-1.643874347209930420e-01,1.244928687810897827e-01,2.508950829505920410e-01,3.140000104904174805e-01,-2.587891519069671631e-01,-5.700150728225708008e-01,7.922946810722351074e-01,-5.531831458210945129e-02,-1.213737845420837402e+00,3.331010639667510986e-01,-1.440025418996810913e-01,1.917533129453659058e-01,-4.862501621246337891e-01,-9.257887601852416992e-01,1.640797406435012817e-01,-1.010763168334960938e+00,-9.447795897722244263e-02,-6.013401225209236145e-02,1.075238033081404865e-04
-1.951829879544675350e-03,-3.974331542849540710e-03,8.224197626113891602e-01,1.194253489375114441e-01,5.168918371200561523e-01,-3.684675395488739014e-01,7.634081840515136719e-01,-2.077132225036621094e+00,-1.144553199410438538e-01,-3.772681653499603271e-01,1.481608033180236816e+00,-4.126072227954864502e-01,-8.641215041279792786e-03,-1.026234865188598633e+00,-3.838587999343872070e-01,-4.940720796585083008e-01,9.147487282752990723e-01,-1.514822542667388916e-01,1.303538531064987183e-01,2.706799805164337158e-01,3.140000104904174805e-01,-3.607891798019409180e-01,-4.680150747299194336e-01,7.433568835258483887e-01,-1.525887995958328247e-01,-1.315737843513488770e+00,3.390140533447265625e-01,-1.655570566654205322e-01,1.475003808736801147e-01,-5.882501602172851562e-01,-9.251847863197326660e-01,2.637791633605957031e-01,-1.112763166427612305e+00,-5.002196133136749268e-02,-7.887320965528488159e-02,5.608168616890907288e-02
-1.962077245116233826e-02,4.740325384773313999e-04,8.247822523117065430e-01,1.072896420955657959e-01,4.946847259998321533e-01,-3.832309842109680176e-01,7.725994586944580078e-01,-2.103459119796752930e+00,-9.311929345130920410e-02,-4.038021564483642578e-01,1.471073985099792480e+00,-4.050272703170776367e-01,-2.152235247194766998e-02,-9.723135232925415039e-01,-3.788395226001739502e-01,-5.335353016853332520e-01,9.003462195396423340e-01,-1.516015082597732544e-01,1.389130502939224243e-01,3.436435759067535400e-01,3.140000104904174805e-01,-3.823166191577911377e-01,-3.660150766372680664e-01,7.863001823425292969e-01,-2.545888125896453857e-01,-1.417737841606140137e+00,2.948013246059417725e-01,-2.034311145544052124e-01,6.635279208421707153e-02,-6.902501583099365234e-01,-9.558317661285400391e-01,3.657791614532470703e-01,-1.214763164520263672e+00,8.769411593675613403e-03,-9.174821525812149048e-02,1.301070004701614380e-01
-3.962953388690948486e-02,8.628834038972854614e-03,8.196192979812622070e-01,1.270322650671005249e-01,4.634734392166137695e-01,-4.155249297618865967e-01,7.722656130790710449e-01,-2.075476169586181641e+00,-4.201612249016761780e-02,-3.775999248027801514e-01,1.469873666763305664e+00,-4.413324594497680664e-01,-1.303794234991073608e-02,-9.837020635604858398e-01,-4.151780903339385986e-01,-5.116408467292785645e-01,9.524544477462768555e-01,-1.857388317584991455e-01,1.251319646835327148e-01,3.983439207077026367e-01,3.140000104904174805e-01,-3.048126101493835449e-01,-2.640150785446166992e-01,7.502775192260742188e-01,-3.565888106822967529e-01,-1.519737839698791504e+00,2.490222603082656860e-01,-2.265861332416534424e-01,-5.951670464128255844e-03,-7.922501564025878906e-01,-1.057831764221191406e+00,4.677791595458984375e-01,-1.316763281822204590e+00,1.059394553303718567e-01,-7.154698669910430908e-02,2.308361977338790894e-01
-6.044370681047439575e-02,1.658914424479007721e-02,8.197455406188964844e-01,1.454074680805206299e-01,3.867181241512298584e-01,-4.622587561607360840e-01,7.846162319183349609e-01,-1.973476171493530273e+00,2.911911718547344208e-02,-3.175514042377471924e-01,1.438063383102416992e+00,-4.451447427272796631e-01,-2.412971295416355133e-02,-9.523213505744934082e-01,-4.671756625175476074e-01,-4.419423937797546387e-01,1.029641151428222656e+00,-2.548967003822326660e-01,1.279316097497940063e-01,4.054886400699615479e-01,3.140000104904174805e-01,-2.704137563705444336e-01,-1.620150655508041382e-01,8.190001249313354492e-01,-4.559210240840911865e-01,-1.621737837791442871e+00,1.927789747714996338e-01,-2.424080222845077515e-01,-7.498653233051300049e-02,-8.942501544952392578e-01,-1.141753673553466797e+00,5.697791576385498047e-01,-1.418763279914855957e+00,1.267486214637756348e-01,-6.656812876462936401e-02,2.807668149471282959e-01
-8.068452775478363037e-02,2.525869570672512054e-02,8.187849521636962891e-01,1.436298787593841553e-01,2.932944893836975098e-01,-5.122576951980590820e-01,7.943178415298461914e-01,-1.871476173400878906e+00,1.026436090469360352e-01,-2.488250881433486938e-01,1.403298139572143555e+00,-4.357091784477233887e-01,-3.054126724600791931e-02,-8.737362623214721680e-01,-5.228040814399719238e-01,-3.624106645584106445e-01,1.106839895248413086e+00,-3.198555707931518555e-01,1.514078080654144287e-01,3.764890730381011963e-01,3.140000104904174805e-01,-2.174276858568191528e-01,-6.001506373286247253e-02,8.586242198944091797e-01,-4.835180342197418213e-01,-1.723737835884094238e+00,2.160492539405822754e-01,-2.429914623498916626e-01,-1.242830082774162292e-01,-9.516633749008178711e-01,-1.149994611740112305e+00,6.717791557312011719e-01,-1.520763278007507324e+00,8.240540325641632080e-02,-6.454472243785858154e-02,2.604880928993225098e-01
-9.970373660326004028e-02,3.492174297571182251e-02,8.120785951614379883e-01,7.563938200473785400e-02,1.848773211240768433e-01,-5.457174777984619141e-01,8.138129115104675293e-01,-1.769476175308227539e+00,1.657453775405883789e-01,-2.254421412944793701e-01,1.392716884613037109e+00,-4.094247221946716309e-01,-7.168418169021606445e-02,-7.717362642288208008e-01,-5.629968643188476562e-01,-3.955255746841430664e-01,1.118295073509216309e+00,-3.503886759281158447e-01,1.352292150259017944e-01,3.436770737171173096e-01,3.140000104904174805e-01,-1.815029978752136230e-01,4.198493808507919312e-02,7.566242218017578125e-01,-3.815180361270904541e-01,-1.648034095764160156e+00,2.303228527307510376e-01,-2.194718718528747559e-01,-2.228301018476486206e-02,-1.053663372993469238e+00,-1.195788025856018066e+00,6.078423857688903809e-01,-1.622763276100158691e+00,3.622031956911087036e-02,-1.451428830623626709e-01,1.822678148746490479e-01
-1.190452873706817627e-01,4.531247168779373169e-02,8.104488849639892578e-01,6.371057778596878052e-02,1.170286238193511963e-01,-5.650701522827148438e-01,8.142118453979492188e-01,-1.667476177215576172e+00,2.378070056438446045e-01,-1.418749392032623291e-01,1.365705490112304688e+00,-3.989845216274261475e-01,-5.720477178692817688e-02,-6.697362661361694336e-01,-6.013634800910949707e-01,-3.559264242649078369e-01,1.170997142791748047e+00,-4.281412363052368164e-01,1.484292447566986084e-01,2.842941284179687500e-01,3.140000104904174805e-01,-9.919279813766479492e-02,1.404101997613906860e-01,6.842368841171264648e-01,-4.032973945140838623e-01,-1.647256255149841309e+00,1.959014236927032471e-01,-1.965376883745193481e-01,2.229465730488300323e-02,-9.516633749008178711e-01,-1.093788027763366699e+00,6.824626326560974121e-01,-1.724763274192810059e+00,-3.476465120911598206e-02,-8.167054504156112671e-02,8.026780933141708374e-02
-1.359046548604965210e-01,5.724389106035232544e-02,8.031952381134033203e-01,4.125783219933509827e-02,3.404480218887329102e-02,-5.843249559402465820e-01,8.097549676895141602e-01,-1.565476179122924805e+00,3.069835007190704346e-01,-4.926861077547073364e-02,1.333938717842102051e+00,-4.101024568080902100e-01,-2.049708925187587738e-02,-5.677362680435180664e-01,-6.418110728263854980e-01,-3.094626963138580322e-01,1.224580407142639160e+00,-5.287382006645202637e-01,1.123610213398933411e-01,2.074833363294601440e-01,3.137444257736206055e-01,-1.212412863969802856e-02,1.402607113122940063e-01,7.862368822097778320e-01,-5.052974224090576172e-01,-1.749256253242492676e+00,2.136495858430862427e-01,-2.404950112104415894e-01,-6.008528918027877808e-02,-8.496633768081665039e-01,-9.917880892753601074e-01,7.809470891952514648e-01,-1.826763272285461426e+00,-1.367646455764770508e-01,-8.873550593852996826e-02,9.133144468069076538e-02
-1.500726938247680664e-01,7.230165600776672363e-02,8.146702051162719727e-01,4.771566763520240784e-02,2.751200087368488312e-02,-5.887635946273803711e-01,8.064265251159667969e-01,-1.463476181030273438e+00,3.545283079147338867e-01,1.251108385622501373e-02,1.274111509323120117e+00,-3.659318089485168457e-01,-2.779119089245796204e-02,-5.152575373649597168e-01,-6.277053952217102051e-01,-2.673191726207733154e-01,1.211463809013366699e+00,-5.505110621452331543e-01,7.709242403507232666e-02,1.730930656194686890e-01,2.717973589897155762e-01,7.114631682634353638e-02,1.077181100845336914e-01,8.882368803024291992e-01,-6.072974205017089844e-01,-1.851256251335144043e+00,2.549797296524047852e-01,-3.036258220672607422e-01,-1.620852947235107422e-01,-7.476633787155151367e-01,-9.612536430358886719e-01,7.115317583084106445e-01,-1.928763270378112793e+00,-2.354757785797119141e-01,-1.431843489408493042e-01,1.482404917478561401e-01
-1.615875512361526489e-01,8.612702786922454834e-02,8.178101778030395508e-01,2.343926765024662018e-02,-1.289614476263523102e-02,-5.890419483184814453e-01,8.076595067977905273e-01,-1.361476063728332520e+00,3.522078394889831543e-01,1.752148754894733429e-02,1.231644988059997559e+00,-3.117926716804504395e-01,-4.284854978322982788e-02,-4.569592177867889404e-01,-6.150220632553100586e-01,-2.315262556076049805e-01,1.212896585464477539e+00,-5.652419924736022949e-01,4.729888960719108582e-02,8.807758986949920654e-02,2.761638462543487549e-01,1.731463074684143066e-01,1.393187344074249268e-01,9.902368783950805664e-01,-7.092974185943603516e-01,-1.953256249427795410e+00,3.083756566047668457e-01,-3.364044129848480225e-01,-2.640852928161621094e-01,-6.456633806228637695e-01,-1.045758008956909180e+00,6.990745663642883301e-01,-2.021721124649047852e+00,-3.088636398315429688e-01,-1.467793732881546021e-01,2.361748218536376953e-01
-1.715695112943649292e-01,9.999666363000869751e-02,8.259105682373046875e-01,1.132702268660068512e-02,-3.982824087142944336e-02,-5.826602578163146973e-01,8.116602897644042969e-01,-1.259476065635681152e+00,3.256352245807647705e-01,5.580313969403505325e-03,1.170224308967590332e+00,-2.276296317577362061e-01,-7.893436402082443237e-02,-4.088188707828521729e-01,-6.112711429595947266e-01,-2.177292257547378540e-01,1.199128389358520508e+00,-5.502451658248901367e-01,3.384172171354293823e-02,3.820974961854517460e-04,2.886492311954498291e-01,2.751463055610656738e-01,1.899922192096710205e-01,1.092236876487731934e+00,-7.609462141990661621e-01,-1.923992395401000977e+00,3.016265630722045898e-01,-3.633334636688232422e-01,-3.549611270427703857e-01,-5.436633825302124023e-01,-1.147758007049560547e+00,6.683497428894042969e-01,-1.932281136512756348e+00,-3.355943560600280762e-01,-1.648734360933303833e-01,3.086153864860534668e-01
-1.805718839168548584e-01,1.131508946418762207e-01,8.394151926040649414e-01,8.682372979819774628e-03,-5.800468474626541138e-02,-5.782784819602966309e-01,8.137285113334655762e-01,-1.157476067543029785e+00,2.957864105701446533e-01,-6.391281262040138245e-03,1.108054757118225098e+00,-1.548641324043273926e-01,-1.153057515621185303e-01,-3.814310133457183838e-01,-6.051748394966125488e-01,-1.997413486242294312e-01,1.169858694076538086e+00,-4.980695545673370361e-01,3.292685374617576599e-02,-6.882116198539733887e-02,2.974366247653961182e-01,3.752379715442657471e-01,2.269966453313827515e-01,1.191347122192382812e+00,-7.676627635955810547e-01,-1.821992397308349609e+00,2.794460356235504150e-01,-3.741073906421661377e-01,-4.283804893493652344e-01,-4.416633844375610352e-01,-1.209872007369995117e+00,6.380508542060852051e-01,-1.830281138420104980e+00,-3.326914608478546143e-01,-1.842312216758728027e-01,3.758028745651245117e-01
-1.895110905170440674e-01,1.252062171697616577e-01,8.522528409957885742e-01,1.310772541910409927e-02,-6.667260825634002686e-02,-5.762400031089782715e-01,8.144509792327880859e-01,-1.055476069450378418e+00,2.720488905906677246e-01,-1.738457195460796356e-02,1.040527224540710449e+00,-9.000651538372039795e-02,-1.479528248310089111e-01,-3.798215091228485107e-01,-5.993035435676574707e-01,-1.807322949171066284e-01,1.142872452735900879e+00,-4.427344799041748047e-01,3.120552189648151398e-02,-1.088050007820129395e-01,2.906432449817657471e-01,4.427914917469024658e-01,2.400976419448852539e-01,1.211240887641906738e+00,-7.571192383766174316e-01,-1.719992399215698242e+00,2.305129766464233398e-01,-3.817879259586334229e-01,-4.625899195671081543e-01,-3.396633863449096680e-01,-1.232149720191955566e+00,6.056830883026123047e-01,-1.728281140327453613e+00,-3.094739913940429688e-01,-1.994548290967941284e-01,4.102816283702850342e-01
-1.982562243938446045e-01,1.354011148214340210e-01,8.664902448654174805e-01,2.240603789687156677e-02,-7.469306886196136475e-02,-5.758382081985473633e-01,8.138361573219299316e-01,-9.534761309623718262e-01,2.528255879878997803e-01,-1.521147880703210831e-02,9.587116837501525879e-01,-2.093649655580520630e-02,-1.756904423236846924e-01,-3.876655995845794678e-01,-6.009199619293212891e-01,-1.643913090229034424e-01,1.117498874664306641e+00,-3.976462185382843018e-01,2.998534776270389557e-02,-1.379957795143127441e-01,2.784698903560638428e-01,4.812187254428863525e-01,2.381010353565216064e-01,1.207672834396362305e+00,-7.456661462783813477e-01,-1.617992401123046875e+00,1.842693239450454712e-01,-3.830557167530059814e-01,-4.841079115867614746e-01,-2.376633733510971069e-01,-1.234640717506408691e+00,5.794698596000671387e-01,-1.626281142234802246e+00,-2.852070033550262451e-01,-2.108165472745895386e-01,4.281101226806640625e-01
-2.058347016572952271e-01,1.436798870563507080e-01,8.758794069290161133e-01,2.984580770134925842e-02,-8.990862220525741577e-02,-5.752232670783996582e-01,8.124923706054687500e-01,-8.514761328697204590e-01,2.299187481403350830e-01,-3.262430429458618164e-03,8.807114362716674805e-01,4.529334977269172668e-02,-1.958066821098327637e-01,-3.918480873107910156e-01,-6.138947606086730957e-01,-1.435063034296035767e-01,1.108578920364379883e+00,-3.720842897891998291e-01,3.036089055240154266e-02,-1.708379983901977539e-01,2.706142365932464600e-01,4.869828224182128906e-01,2.315170913934707642e-01,1.212659239768981934e+00,-7.322466969490051270e-01,-1.515992403030395508e+00,1.384905874729156494e-01,-3.817721009254455566e-01,-4.947034716606140137e-01,-1.356633752584457397e-01,-1.227159261703491211e+00,5.536444783210754395e-01,-1.524281144142150879e+00,-2.585582137107849121e-01,-2.178163230419158936e-01,4.307449460029602051e-01
-2.125649452209472656e-01,1.501832604408264160e-01,8.828290700912475586e-01,3.551184386014938354e-02,-1.028503477573394775e-01,-5.732804536819458008e-01,8.121023774147033691e-01,-7.494761347770690918e-01,2.100859880447387695e-01,1.332394964993000031e-02,8.061010837554931641e-01,1.007468104362487793e-01,-2.116888463497161865e-01,-3.908030390739440918e-01,-6.275030374526977539e-01,-1.289574801921844482e-01,1.102515697479248047e+00,-3.671648204326629639e-01,2.924698218703269958e-02,-1.971448659896850586e-01,2.641145288944244385e-01,4.878474175930023193e-01,2.188225686550140381e-01,1.229553341865539551e+00,-7.129872441291809082e-01,-1.413992404937744141e+00,9.780836105346679688e-02,-3.796996176242828369e-01,-5.061388611793518066e-01,-3.366337716579437256e-02,-1.226039052009582520e+00,5.352781414985656738e-01,-1.422281146049499512e+00,-2.334852516651153564e-01,-2.250191122293472290e-01,4.352322518825531006e-01
-2.179366052150726318e-01,1.552105993032455444e-01,8.877439498901367188e-01,3.982134163379669189e-02,-1.140763312578201294e-01,-5.720509290695190430e-01,8.112697601318359375e-01,-6.474761366844177246e-01,1.922760456800460815e-01,2.528645470738410950e-02,7.519645690917968750e-01,1.389476805925369263e-01,-2.228076159954071045e-01,-3.899018168449401855e-01,-6.397293210029602051e-01,-1.155205294489860535e-01,1.101711153984069824e+00,-3.699716329574584961e-01,2.499979548156261444e-02,-2.160353958606719971e-01,2.586944997310638428e-01,4.879771173000335693e-01,2.055516839027404785e-01,1.248644709587097168e+00,-6.957004666328430176e-01,-1.311992406845092773e+00,7.058680802583694458e-02,-3.790167868137359619e-01,-5.089964270591735840e-01,6.833662092685699463e-02,-1.220448851585388184e+00,5.207306146621704102e-01,-1.369884848594665527e+00,-2.195876091718673706e-01,-2.291502356529235840e-01,4.333229064941406250e-01
-2.224760800600051880e-01,1.593344658613204956e-01,8.908097743988037109e-01,4.066387191414833069e-02,-1.245725154876708984e-01,-5.707901716232299805e-01,8.105718493461608887e-01,-5.465002059936523438e-01,1.801648437976837158e-01,3.643922507762908936e-02,7.078230977058410645e-01,1.773414909839630127e-01,-2.324846982955932617e-01,-3.836132884025573730e-01,-6.493070721626281738e-01,-1.079404056072235107e-01,1.102178454399108887e+00,-3.720181882381439209e-01,2.263609133660793304e-02,-2.293366044759750366e-01,2.553217709064483643e-01,4.879965782165527344e-01,1.920955479145050049e-01,1.272088646888732910e+00,-6.783018708229064941e-01,-1.211337924003601074e+00,4.610916599631309509e-02,-3.791737854480743408e-01,-5.079612135887145996e-01,1.703366190195083618e-01,-1.223781347274780273e+00,5.069584250450134277e-01,-1.344661235809326172e+00,-2.054001539945602417e-01,-2.296722680330276489e-01,4.302360713481903076e-01
-2.258547991514205933e-01,1.626294404268264771e-01,8.936358690261840820e-01,3.988896310329437256e-02,-1.332143843173980713e-01,-5.697772502899169922e-01,8.099485635757446289e-01,-5.053491592407226562e-01,1.697613447904586792e-01,4.394033923745155334e-02,6.723932623863220215e-01,2.084055095911026001e-01,-2.388974875211715698e-01,-3.732759058475494385e-01,-6.524562835693359375e-01,-9.975437819957733154e-02,1.099065184593200684e+00,-3.731563687324523926e-01,2.037813514471054077e-02,-2.431187927722930908e-01,2.545242905616760254e-01,4.879994988441467285e-01,1.819556653499603271e-01,1.287292599678039551e+00,-6.618430614471435547e-01,-1.162566781044006348e+00,2.018468827009201050e-02,-3.807038664817810059e-01,-5.066946744918823242e-01,2.723366320133209229e-01,-1.230247855186462402e+00,4.932605922222137451e-01,-1.323716759681701660e+00,-1.957751512527465820e-01,-2.310852706432342529e-01,4.347057938575744629e-01
-2.282541245222091675e-01,1.653683930635452271e-01,8.967447280883789062e-01,4.041630402207374573e-02,-1.403722316026687622e-01,-5.683038830757141113e-01,8.097486495971679688e-01,-4.801532030105590820e-01,1.592657119035720825e-01,4.827589541673660278e-02,6.431974768638610840e-01,2.337010055780410767e-01,-2.450212687253952026e-01,-3.635591268539428711e-01,-6.560541391372680664e-01,-9.272308647632598877e-02,1.094932317733764648e+00,-3.695372939109802246e-01,1.841335557401180267e-02,-2.551489770412445068e-01,2.527766823768615723e-01,4.879999160766601562e-01,1.741559207439422607e-01,1.302688956260681152e+00,-6.469824910163879395e-01,-1.132183194160461426e+00,-2.113363705575466156e-03,-3.805788457393646240e-01,-5.089932680130004883e-01,3.050645589828491211e-01,-1.237269163131713867e+00,4.773274958133697510e-01,-1.308431744575500488e+00,-1.839782893657684326e-01,-2.334554046392440796e-01,4.389418959617614746e-01
-2.301232665777206421e-01,1.677315235137939453e-01,8.988200426101684570e-01,4.014046862721443176e-02,-1.460513472557067871e-01,-5.668308734893798828e-01,8.097904324531555176e-01,-4.594518840312957764e-01,1.509619802236557007e-01,5.158662796020507812e-02,6.177260279655456543e-01,2.527706623077392578e-01,-2.474075853824615479e-01,-3.541149199008941650e-01,-6.580432653427124023e-01,-8.747431635856628418e-02,1.090711355209350586e+00,-3.654407560825347900e-01,1.760750450193881989e-02,-2.661297619342803955e-01,2.537604570388793945e-01,4.879999756813049316e-01,1.668153554201126099e-01,1.312903046607971191e+00,-6.333044767379760742e-01,-1.108343362808227539e+00,-1.603686250746250153e-02,-3.793170452117919922e-01,-5.112582445144653320e-01,3.103559017181396484e-01,-1.241924047470092773e+00,4.617175459861755371e-01,-1.291175246238708496e+00,-1.771397292613983154e-01,-2.354479581117630005e-01,4.446374177932739258e-01
-2.311617136001586914e-01,1.697568446397781372e-01,9.004186391830444336e-01,3.958399966359138489e-02,-1.518323272466659546e-01,-5.657762885093688965e-01,8.094919919967651367e-01,-4.425512254238128662e-01,1.407296210527420044e-01,5.118057504296302795e-02,5.979888439178466797e-01,2.620829045772552490e-01,-2.485063672065734863e-01,-3.455201089382171631e-01,-6.617109775543212891e-01,-8.341259509325027466e-02,1.087799549102783203e+00,-3.598915934562683105e-01,1.814002171158790588e-02,-2.718485891819000244e-01,2.539653778076171875e-01,4.880000054836273193e-01,1.550477743148803711e-01,1.327963352203369141e+00,-6.243714094161987305e-01,-1.089939713478088379e+00,-3.264530003070831299e-02,-3.802759647369384766e-01,-5.155468583106994629e-01,3.086732327938079834e-01,-1.250689506530761719e+00,4.501392245292663574e-01,-1.275442481040954590e+00,-1.636541783809661865e-01,-2.391401380300521851e-01,4.470992386341094971e-01
-2.317408621311187744e-01,1.713567823171615601e-01,9.019168615341186523e-01,3.912363573908805847e-02,-1.557577997446060181e-01,-5.670118927955627441e-01,8.079024553298950195e-01,-4.260015487670898438e-01,1.336711347103118896e-01,5.277224630117416382e-02,5.790477395057678223e-01,2.688977420330047607e-01,-2.472016513347625732e-01,-3.423978686332702637e-01,-6.625596880912780762e-01,-7.669660449028015137e-02,1.085201740264892578e+00,-3.540624678134918213e-01,1.821330189704895020e-02,-2.734992504119873047e-01,2.558191418647766113e-01,4.880000054836273193e-01,1.447337269783020020e-01,1.344574213027954102e+00,-6.145600676536560059e-01,-1.081147551536560059e+00,-4.910684749484062195e-02,-3.845479190349578857e-01,-5.150364637374877930e-01,3.050307929515838623e-01,-1.258574485778808594e+00,4.442505538463592529e-01,-1.257189750671386719e+00,-1.543564349412918091e-01,-2.434819042682647705e-01,4.488640725612640381e-01
-2.316156923770904541e-01,1.723987460136413574e-01,9.026273488998413086e-01,4.052913933992385864e-02,-1.577567160129547119e-01,-5.685160756111145020e-01,8.063867688179016113e-01,-4.117873013019561768e-01,1.277318894863128662e-01,5.297904089093208313e-02,5.649607181549072266e-01,2.693485319614410400e-01,-2.422237843275070190e-01,-3.454455435276031494e-01,-6.644219160079956055e-01,-6.795115768909454346e-02,1.084377646446228027e+00,-3.539381623268127441e-01,1.957832463085651398e-02,-2.756658494472503662e-01,2.617304921150207520e-01,4.880000054836273193e-01,1.374110877513885498e-01,1.359648585319519043e+00,-6.098580360412597656e-01,-1.066790223121643066e+00,-6.577666103839874268e-02,-3.816567957401275635e-01,-5.257065892219543457e-01,2.935398817062377930e-01,-1.267630577087402344e+00,4.358820915222167969e-01,-1.234972596168518066e+00,-1.405128389596939087e-01,-2.457009851932525635e-01,4.570076167583465576e-01
-2.310207486152648926e-01,1.731336861848831177e-01,9.023458957672119141e-01,4.088972508907318115e-02,-1.584355235099792480e-01,-5.682141780853271484e-01,8.064482808113098145e-01,-4.052917063236236572e-01,1.226363182067871094e-01,5.212103575468063354e-02,5.605034828186035156e-01,2.602568268775939941e-01,-2.370884120464324951e-01,-3.460755944252014160e-01,-6.654447913169860840e-01,-6.311029195785522461e-02,1.083231687545776367e+00,-3.545857965946197510e-01,2.308245748281478882e-02,-2.770086526870727539e-01,2.660535275936126709e-01,4.880000054836273193e-01,1.302769780158996582e-01,1.372819781303405762e+00,-6.096957921981811523e-01,-1.050083637237548828e+00,-7.980007678270339966e-02,-3.789900243282318115e-01,-5.304315090179443359e-01,2.819222211837768555e-01,-1.276723504066467285e+00,4.296397268772125244e-01,-1.211830377578735352e+00,-1.281706839799880981e-01,-2.484571784734725952e-01,4.604283571243286133e-01
-2.298002243041992188e-01,1.734691560268402100e-01,9.022423028945922852e-01,4.165700450539588928e-02,-1.585592031478881836e-01,-5.683119893074035645e-01,8.063157796859741211e-01,-3.994818627834320068e-01,1.184641495347023010e-01,4.931972175836563110e-02,5.566318035125732422e-01,2.554671764373779297e-01,-2.363859862089157104e-01,-3.473842442035675049e-01,-6.662552356719970703e-01,-5.788422003388404846e-02,1.082104802131652832e+00,-3.564775586128234863e-01,2.415916696190834045e-02,-2.790917158126831055e-01,2.688707411289215088e-01,4.880000054836273193e-01,1.237883418798446655e-01,1.382651925086975098e+00,-6.065059900283813477e-01,-1.035185694694519043e+00,-9.183108061552047729e-02,-3.789795041084289551e-01,-5.304310917854309082e-01,2.737812399864196777e-01,-1.282822608947753906e+00,4.242785871028900146e-01,-1.183915615081787109e+00,-1.182544380426406860e-01,-2.533827424049377441e-01,4.613011777400970459e-01
-2.284453511238098145e-01,1.736009716987609863e-01,9.015382528305053711e-01,4.096769168972969055e-02,-1.587159931659698486e-01,-5.682602524757385254e-01,8.063567280769348145e-01,-3.919889330863952637e-01,1.171364933252334595e-01,4.972086846828460693e-02,5.513210892677307129e-01,2.582729458808898926e-01,-2.379301935434341431e-01,-3.466420471668243408e-01,-6.656495332717895508e-01,-5.401358753442764282e-02,1.081386089324951172e+00,-3.560608625411987305e-01,2.602601051330566406e-02,-2.849698364734649658e-01,2.700351178646087646e-01,4.880000054836273193e-01,1.177364736795425415e-01,1.393411040306091309e+00,-6.038513183593750000e-01,-1.015914320945739746e+00,-1.047453880310058594e-01,-3.802448213100433350e-01,-5.233675241470336914e-01,2.709282636642456055e-01,-1.283565640449523926e+00,4.148126542568206787e-01,-1.150861859321594238e+00,-1.145085319876670837e-01,-2.569670379161834717e-01,4.559946060180664062e-01
-2.267276644706726074e-01,1.733691841363906860e-01,9.005277156829833984e-01,4.087378084659576416e-02,-1.589890867471694946e-01,-5.691726207733154297e-01,8.056638836860656738e-01,-3.831642568111419678e-01,1.160652339458465576e-01,5.348304286599159241e-02,5.479111671447753906e-01,2.516619563102722168e-01,-2.347498983144760132e-01,-3.475761413574218750e-01,-6.656382083892822266e-01,-4.786957800388336182e-02,1.081606268882751465e+00,-3.603653907775878906e-01,2.747155539691448212e-02,-2.957724928855895996e-01,2.748145759105682373e-01,4.880000054836273193e-01,1.134624555706977844e-01,1.405020952224731445e+00,-6.007450222969055176e-01,-9.928783178329467773e-01,-1.206279695034027100e-01,-3.784838616847991943e-01,-5.201287269592285156e-01,2.682890594005584717e-01,-1.288162231445312500e+00,4.056474268436431885e-01,-1.121117591857910156e+00,-1.043036580085754395e-01,-2.609399259090423584e-01,4.548444747924804688e-01
-2.249274253845214844e-01,1.731002479791641235e-01,9.004274606704711914e-01,4.013315960764884949e-02,-1.615126281976699829e-01,-5.699040293693542480e-01,8.046815395355224609e-01,-3.737881481647491455e-01,1.133129000663757324e-01,5.176896601915359497e-02,5.441906452178955078e-01,2.470875680446624756e-01,-2.325516194105148315e-01,-3.444170355796813965e-01,-6.691923141479492188e-01,-4.531427100300788879e-02,1.081502437591552734e+00,-3.607012629508972168e-01,2.844031713902950287e-02,-3.029277622699737549e-01,2.755970656871795654e-01,4.880000054836273193e-01,1.065326929092407227e-01,1.413961648941040039e+00,-5.918035507202148438e-01,-9.704301953315734863e-01,-1.320819407701492310e-01,-3.791383504867553711e-01,-5.187693834304809570e-01,2.713806927204132080e-01,-1.285246610641479492e+00,3.940618634223937988e-01,-1.093451976776123047e+00,-1.015396788716316223e-01,-2.639787495136260986e-01,4.533728659152984619e-01
-2.229588329792022705e-01,1.726606190204620361e-01,9.001064300537109375e-01,3.945204615592956543e-02,-1.640219539403915405e-01,-5.722311735153198242e-01,8.025532960891723633e-01,-3.618226051330566406e-01,1.106483191251754761e-01,5.023090913891792297e-02,5.396786928176879883e-01,2.450120449066162109e-01,-2.321037501096725464e-01,-3.438885807991027832e-01,-6.725662946701049805e-01,-4.009199514985084534e-02,1.083140134811401367e+00,-3.604633212089538574e-01,3.027346543967723846e-02,-3.090979158878326416e-01,2.775523364543914795e-01,4.880000054836273193e-01,1.003797799348831177e-01,1.423315644264221191e+00,-5.823583602905273438e-01,-9.450484514236450195e-01,-1.401094049215316772e-01,-3.781407177448272705e-01,-5.209098458290100098e-01,2.742157876491546631e-01,-1.284551620483398438e+00,3.837663233280181885e-01,-1.068332314491271973e+00,-9.827429056167602539e-02,-2.659905552864074707e-01,4.574108123779296875e-01
-2.210796922445297241e-01,1.722876131534576416e-01,8.989154100418090820e-01,3.931525349617004395e-02,-1.644527465105056763e-01,-5.734859704971313477e-01,8.015756011009216309e-01,-3.540506064891815186e-01,1.098905429244041443e-01,5.082736536860466003e-02,5.365697741508483887e-01,2.407066076993942261e-01,-2.314254343509674072e-01,-3.451980650424957275e-01,-6.770898103713989258e-01,-3.931261971592903137e-02,1.084503293037414551e+00,-3.651726543903350830e-01,3.113631345331668854e-02,-3.126113116741180420e-01,2.786456346511840820e-01,4.880000054836273193e-01,9.465295821428298950e-02,1.427136421203613281e+00,-5.765628218650817871e-01,-9.174060225486755371e-01,-1.468326151371002197e-01,-3.774487078189849854e-01,-5.268300175666809082e-01,2.758204340934753418e-01,-1.280976295471191406e+00,3.756943643093109131e-01,-1.044002771377563477e+00,-9.621594101190567017e-02,-2.658956348896026611e-01,4.632315635681152344e-01
-2.192198932170867920e-01,1.719726622104644775e-01,8.981238603591918945e-01,4.001862183213233948e-02,-1.653608530759811401e-01,-5.740085840225219727e-01,8.009796738624572754e-01,-3.470689654350280762e-01,1.080542802810668945e-01,5.336558446288108826e-02,5.316536426544189453e-01,2.355245351791381836e-01,-2.317472696304321289e-01,-3.465633690357208252e-01,-6.856335997581481934e-01,-4.247100278735160828e-02,1.086608171463012695e+00,-3.689884245395660400e-01,3.173420205712318420e-02,-3.162966072559356689e-01,2.783021330833435059e-01,4.880000054836273193e-01,8.773501962423324585e-02,1.431766271591186523e+00,-5.702040195465087891e-01,-8.820708990097045898e-01,-1.528633385896682739e-01,-3.762753307819366455e-01,-5.280835032463073730e-01,2.781827449798583984e-01,-1.277872800827026367e+00,3.677296340465545654e-01,-1.021094560623168945e+00,-9.379846602678298950e-02,-2.680120468139648438e-01,4.642567336559295654e-01
-2.174416035413742065e-01,1.717286854982376099e-01,8.977909088134765625e-01,3.968925029039382935e-02,-1.668552905321121216e-01,-5.749627947807312012e-01,8.000011444091796875e-01,-3.368424177169799805e-01,1.061278656125068665e-01,5.316197127103805542e-02,5.215482115745544434e-01,2.363210469484329224e-01,-2.304619103670120239e-01,-3.457411527633666992e-01,-6.914524435997009277e-01,-4.355862364172935486e-02,1.086403846740722656e+00,-3.683309555053710938e-01,3.062393516302108765e-02,-3.215300142765045166e-01,2.750337123870849609e-01,4.880000054836273193e-01,8.232524245977401733e-02,1.432918071746826172e+00,-5.658991932868957520e-01,-8.472025990486145020e-01,-1.615186333656311035e-01,-3.754005730152130127e-01,-5.290048718452453613e-01,2.793334424495697021e-01,-1.270755767822265625e+00,3.589558601379394531e-01,-9.945159554481506348e-01,-9.470162540674209595e-02,-2.667392194271087646e-01,4.687941968441009521e-01
-2.158519774675369263e-01,1.715541034936904907e-01,8.966859579086303711e-01,3.913357481360435486e-02,-1.678770333528518677e-01,-5.755069255828857422e-01,7.994232773780822754e-01,-3.307470679283142090e-01,1.057301461696624756e-01,5.676992982625961304e-02,5.175836086273193359e-01,2.278539836406707764e-01,-2.266176342964172363e-01,-3.450510799884796143e-01,-6.982693076133728027e-01,-4.774252325296401978e-02,1.087250828742980957e+00,-3.732255101203918457e-01,3.148656338453292847e-02,-3.258125185966491699e-01,2.741668522357940674e-01,4.880000054836273193e-01,7.714595645666122437e-02,1.432805538177490234e+00,-5.621664524078369141e-01,-8.147566914558410645e-01,-1.658508926630020142e-01,-3.710238933563232422e-01,-5.314183235168457031e-01,2.789952456951141357e-01,-1.265158176422119141e+00,3.489204943180084229e-01,-9.720722436904907227e-01,-9.481389075517654419e-02,-2.645425200462341309e-01,4.710376262664794922e-01
-2.143627256155014038e-01,1.712870448827743530e-01,8.956437110900878906e-01,3.834846988320350647e-02,-1.687468886375427246e-01,-5.773903131484985352e-01,7.979187369346618652e-01,-3.230207860469818115e-01,1.064220964908599854e-01,5.886733531951904297e-02,5.124778151512145996e-01,2.194597423076629639e-01,-2.210408747196197510e-01,-3.463219106197357178e-01,-7.028940320014953613e-01,-4.855142533779144287e-02,1.088275194168090820e+00,-3.784983158111572266e-01,3.206872940063476562e-02,-3.298261165618896484e-01,2.731846570968627930e-01,4.880000054836273193e-01,7.327712327241897583e-02,1.435241818428039551e+00,-5.625361800193786621e-01,-7.806479930877685547e-01,-1.726082712411880493e-01,-3.651085197925567627e-01,-5.367996096611022949e-01,2.756541967391967773e-01,-1.264917254447937012e+00,3.409692943096160889e-01,-9.539886116981506348e-01,-9.125550836324691772e-02,-2.622041404247283936e-01,4.751500189304351807e-01
-2.130904644727706909e-01,1.709721982479095459e-01,8.945020437240600586e-01,3.836069628596305847e-02,-1.710111200809478760e-01,-5.780153274536132812e-01,7.969830632209777832e-01,-3.178268373012542725e-01,1.061583161354064941e-01,6.110275164246559143e-02,5.116189718246459961e-01,2.091796547174453735e-01,-2.146348804235458374e-01,-3.473986387252807617e-01,-7.109256386756896973e-01,-4.965272918343544006e-02,1.093155145645141602e+00,-3.842571973800659180e-01,3.091301955282688141e-02,-3.328218460083007812e-01,2.762496471405029297e-01,4.880000054836273193e-01,6.998336315155029297e-02,1.436697483062744141e+00,-5.628390312194824219e-01,-7.477235794067382812e-01,-1.826954483985900879e-01,-3.615624606609344482e-01,-5.392009019851684570e-01,2.733927667140960693e-01,-1.265233159065246582e+00,3.340367376804351807e-01,-9.390801191329956055e-01,-8.545625954866409302e-02,-2.622893750667572021e-01,4.748700261116027832e-01
-2.119675725698471069e-01,1.706257015466690063e-01,8.923029899597167969e-01,3.596315905451774597e-02,-1.727062463760375977e-01,-5.788229703903198242e-01,7.961426973342895508e-01,-3.123552203178405762e-01,1.048832237720489502e-01,5.844751000404357910e-02,5.087197422981262207e-01,2.000132650136947632e-01,-2.077289819717407227e-01,-3.469737768173217773e-01,-7.129748463630676270e-01,-4.724473506212234497e-02,1.097961425781250000e+00,-3.909247219562530518e-01,2.835560776293277740e-02,-3.371539115905761719e-01,2.754955291748046875e-01,4.880000054836273193e-01,6.557406485080718994e-02,1.434087514877319336e+00,-5.597989559173583984e-01,-7.107117772102355957e-01,-1.873534321784973145e-01,-3.543417155742645264e-01,-5.457450747489929199e-01,2.702875435352325439e-01,-1.260331273078918457e+00,3.225328922271728516e-01,-9.196128249168395996e-01,-8.778686076402664185e-02,-2.578222155570983887e-01,4.805141985416412354e-01
-2.109601795673370361e-01,1.700576394796371460e-01,8.909531831741333008e-01,3.531283140182495117e-02,-1.748773306608200073e-01,-5.801652669906616211e-01,7.947195768356323242e-01,-3.096120059490203857e-01,1.038516759872436523e-01,5.789364129304885864e-02,5.106040239334106445e-01,1.887724399566650391e-01,-2.011654227972030640e-01,-3.495280146598815918e-01,-7.159161567687988281e-01,-4.189931601285934448e-02,1.105564951896667480e+00,-3.982846438884735107e-01,2.598846144974231720e-02,-3.414844870567321777e-01,2.815708816051483154e-01,4.880000054836273193e-01,6.140417233109474182e-02,1.434472203254699707e+00,-5.587559938430786133e-01,-6.770526170730590820e-01,-1.950886100530624390e-01,-3.465214073657989502e-01,-5.507959127426147461e-01,2.667317688465118408e-01,-1.257568001747131348e+00,3.107738196849822998e-01,-9.020574092864990234e-01,-8.898437768220901489e-02,-2.544362545013427734e-01,4.806524217128753662e-01
-2.098837494850158691e-01,1.693190336227416992e-01,8.892807960510253906e-01,3.471949324011802673e-02,-1.762777417898178101e-01,-5.809869170188903809e-01,7.938355803489685059e-01,-3.073444366455078125e-01,1.037400513887405396e-01,5.904196575284004211e-02,5.132305622100830078e-01,1.755388081073760986e-01,-1.931406557559967041e-01,-3.520469367504119873e-01,-7.170708775520324707e-01,-3.539339825510978699e-02,1.113670587539672852e+00,-4.084919095039367676e-01,2.251165919005870819e-02,-3.472585678100585938e-01,2.887186408042907715e-01,4.880000054836273193e-01,5.799636989831924438e-02,1.434625267982482910e+00,-5.585944652557373047e-01,-6.421462297439575195e-01,-2.035536915063858032e-01,-3.380637764930725098e-01,-5.565227270126342773e-01,2.607253789901733398e-01,-1.256365895271301270e+00,2.991715073585510254e-01,-8.805620670318603516e-01,-8.814902603626251221e-02,-2.492674887180328369e-01,4.830422103404998779e-01
-2.087786793708801270e-01,1.686256229877471924e-01,8.866705894470214844e-01,3.367750346660614014e-02,-1.779945492744445801e-01,-5.791939496994018555e-01,7.948070168495178223e-01,-3.070994317531585693e-01,1.041905432939529419e-01,6.336323171854019165e-02,5.162885189056396484e-01,1.621192842721939087e-01,-1.854352504014968872e-01,-3.502644002437591553e-01,-7.189263701438903809e-01,-3.168175369501113892e-02,1.123507261276245117e+00,-4.207915663719177246e-01,1.902290247380733490e-02,-3.529168069362640381e-01,2.961896359920501709e-01,4.880000054836273193e-01,4.949899390339851379e-02,1.440908312797546387e+00,-5.547251105308532715e-01,-6.070669889450073242e-01,-2.144040763378143311e-01,-3.287105858325958252e-01,-5.567587614059448242e-01,2.545458376407623291e-01,-1.257424473762512207e+00,2.884539961814880371e-01,-8.600387573242187500e-01,-8.473547548055648804e-02,-2.427076548337936401e-01,4.832335710525512695e-01
-2.069840729236602783e-01,1.679340302944183350e-01,8.842695951461791992e-01,3.215017914772033691e-02,-1.793497204780578613e-01,-5.768657922744750977e-01,7.962574362754821777e-01,-3.077747523784637451e-01,1.050236821174621582e-01,6.619640439748764038e-02,5.237054824829101562e-01,1.553363204002380371e-01,-1.804336160421371460e-01,-3.453862369060516357e-01,-7.199165821075439453e-01,-2.958807349205017090e-02,1.132870793342590332e+00,-4.317159652709960938e-01,1.558228768408298492e-02,-3.597993850708007812e-01,3.031948208808898926e-01,4.880000054836273193e-01,3.995055705308914185e-02,1.447294592857360840e+00,-5.485224127769470215e-01,-5.798005461692810059e-01,-2.230779677629470825e-01,-3.227519094944000244e-01,-5.494502782821655273e-01,2.467544674873352051e-01,-1.256746649742126465e+00,2.776241004467010498e-01,-8.327381610870361328e-01,-8.141054213047027588e-02,-2.343972623348236084e-01,4.795435965061187744e-01
-2.045570611953735352e-01,1.676296144723892212e-01,8.820825815200805664e-01,3.020860254764556885e-02,-1.804579943418502808e-01,-5.757377743721008301e-01,7.968991994857788086e-01,-3.107923567295074463e-01,1.050349250435829163e-01,6.651517003774642944e-02,5.350128412246704102e-01,1.389632970094680786e-01,-1.730039566755294800e-01,-3.400741815567016602e-01,-7.199646234512329102e-01,-2.746950276196002960e-02,1.138861417770385742e+00,-4.424153268337249756e-01,1.528696622699499130e-02,-3.663583695888519287e-01,3.099695742130279541e-01,4.880000054836273193e-01,2.727139741182327271e-02,1.456992268562316895e+00,-5.404917001724243164e-01,-5.532573461532592773e-01,-2.318541854619979858e-01,-3.158674240112304688e-01,-5.396907925605773926e-01,2.373448461294174194e-01,-1.257673740386962891e+00,2.641281187534332275e-01,-8.051796555519104004e-01,-7.597729563713073730e-02,-2.262321114540100098e-01,4.736676812171936035e-01
-2.007344365119934082e-01,1.674917936325073242e-01,8.793188333511352539e-01,2.937514521181583405e-02,-1.804812848567962646e-01,-5.728545784950256348e-01,7.990001440048217773e-01,-3.190207481384277344e-01,1.041174456477165222e-01,6.855946779251098633e-02,5.540587306022644043e-01,1.203096061944961548e-01,-1.652043014764785767e-01,-3.338994085788726807e-01,-7.224155664443969727e-01,-2.681889198720455170e-02,1.144838452339172363e+00,-4.517002403736114502e-01,1.590964570641517639e-02,-3.719903826713562012e-01,3.128282129764556885e-01,4.880000054836273193e-01,1.428003888577222824e-02,1.467739224433898926e+00,-5.290175080299377441e-01,-5.319723486900329590e-01,-2.353693693876266479e-01,-3.115067183971405029e-01,-5.283523201942443848e-01,2.305721342563629150e-01,-1.257347583770751953e+00,2.509461939334869385e-01,-7.776780724525451660e-01,-7.144724577665328979e-02,-2.187388688325881958e-01,4.668620824813842773e-01
-1.956383585929870605e-01,1.682605594396591187e-01,8.772755861282348633e-01,2.835240773856639862e-02,-1.814166903495788574e-01,-5.691951513290405273e-01,8.014368414878845215e-01,-3.329121172428131104e-01,9.901572763919830322e-02,7.191640883684158325e-02,5.827273130416870117e-01,9.567692875862121582e-02,-1.555670052766799927e-01,-3.248487710952758789e-01,-7.277885079383850098e-01,-2.895253151655197144e-02,1.149572610855102539e+00,-4.552013576030731201e-01,1.800123415887355804e-02,-3.755275905132293701e-01,3.134982883930206299e-01,4.880000054836273193e-01,-2.828282536938786507e-03,1.480782389640808105e+00,-5.122936964035034180e-01,-5.176103711128234863e-01,-2.349094748497009277e-01,-3.074358105659484863e-01,-5.160885453224182129e-01,2.259860336780548096e-01,-1.254748225212097168e+00,2.348148524761199951e-01,-7.497144937515258789e-01,-7.055523246526718140e-02,-2.099786847829818726e-01,4.571860134601593018e-01
-1.881484687328338623e-01,1.698235869407653809e-01,8.745031356811523438e-01,2.745183184742927551e-02,-1.804598122835159302e-01,-5.635080933570861816e-01,8.056917786598205566e-01,-3.521292507648468018e-01,9.323579818010330200e-02,8.010798692703247070e-02,6.236202120780944824e-01,6.463041156530380249e-02,-1.451103240251541138e-01,-3.128888905048370361e-01,-7.352044582366943359e-01,-3.584713861346244812e-02,1.152122855186462402e+00,-4.543256163597106934e-01,2.275422401726245880e-02,-3.778567016124725342e-01,3.138134181499481201e-01,4.880000054836273193e-01,-1.980934850871562958e-02,1.499361515045166016e+00,-4.936135709285736084e-01,-5.062735676765441895e-01,-2.354001253843307495e-01,-3.051564395427703857e-01,-5.011248588562011719e-01,2.225235700607299805e-01,-1.250269174575805664e+00,2.179634273052215576e-01,-7.209140062332153320e-01,-6.927511096000671387e-02,-2.014098316431045532e-01,4.474562406539916992e-01
-1.785205155611038208e-01,1.726473122835159302e-01,8.684216737747192383e-01,2.432881295680999756e-02,-1.779907047748565674e-01,-5.529682636260986328e-01,8.136052489280700684e-01,-3.798293471336364746e-01,8.703532069921493530e-02,9.439088404178619385e-02,6.744955778121948242e-01,1.965442858636379242e-02,-1.303028911352157593e-01,-2.919471561908721924e-01,-7.425228357315063477e-01,-5.067140609025955200e-02,1.154553413391113281e+00,-4.544047713279724121e-01,2.896434441208839417e-02,-3.810957372188568115e-01,3.139684200286865234e-01,4.880000054836273193e-01,-3.998376801609992981e-02,1.521678090095520020e+00,-4.695522487163543701e-01,-4.924688637256622314e-01,-2.293599992990493774e-01,-3.025692105293273926e-01,-4.812520742416381836e-01,2.193080782890319824e-01,-1.243790864944458008e+00,1.976209282875061035e-01,-6.877927184104919434e-01,-6.958194077014923096e-02,-1.905705481767654419e-01,4.320321679115295410e-01
-1.660226583480834961e-01,1.761925369501113892e-01,8.627138137817382812e-01,2.221127785742282867e-02,-1.755012124776840210e-01,-5.416111350059509277e-01,8.218049407005310059e-01,-4.128329157829284668e-01,8.016609400510787964e-02,1.133479252457618713e-01,7.336444854736328125e-01,-3.578718379139900208e-02,-1.125366315245628357e-01,-2.677894532680511475e-01,-7.540759444236755371e-01,-6.934687495231628418e-02,1.155557751655578613e+00,-4.468829631805419922e-01,3.831272572278976440e-02,-3.830430805683135986e-01,3.139950335025787354e-01,4.880000054836273193e-01,-5.848093703389167786e-02,1.542115092277526855e+00,-4.460020363330841064e-01,-4.785110354423522949e-01,-2.205922305583953857e-01,-3.006970882415771484e-01,-4.615570306777954102e-01,2.152637243270874023e-01,-1.232047080993652344e+00,1.717059314250946045e-01,-6.586737036705017090e-01,-7.611138373613357544e-02,-1.809277981519699097e-01,4.122782051563262939e-01
-1.502327471971511841e-01,1.806688904762268066e-01,8.523248434066772461e-01,1.683816872537136078e-02,-1.704532504081726074e-01,-5.277093648910522461e-01,8.319765329360961914e-01,-4.512501955032348633e-01,7.225435227155685425e-02,1.383453607559204102e-01,8.037140369415283203e-01,-1.016418337821960449e-01,-9.041961282491683960e-02,-2.378710657358169556e-01,-7.639578580856323242e-01,-9.327401220798492432e-02,1.157031774520874023e+00,-4.424578845500946045e-01,4.899315908551216125e-02,-3.853515386581420898e-01,3.139989674091339111e-01,4.880000054836273193e-01,-8.025582879781723022e-02,1.563993573188781738e+00,-4.145967662334442139e-01,-4.603137969970703125e-01,-2.057581990957260132e-01,-2.994256317615509033e-01,-4.335238337516784668e-01,2.103454321622848511e-01,-1.215193748474121094e+00,1.362779736518859863e-01,-6.243785619735717773e-01,-8.873748034238815308e-02,-1.698341816663742065e-01,3.822638392448425293e-01
-1.307737529277801514e-01,1.854011714458465576e-01,8.402395248413085938e-01,8.441669866442680359e-03,-1.622577309608459473e-01,-5.118011832237243652e-01,8.435998558998107910e-01,-4.945878088474273682e-01,7.144419848918914795e-02,1.730577349662780762e-01,8.870698809623718262e-01,-1.804673820734024048e-01,-5.771670863032341003e-02,-1.968602389097213745e-01,-7.720126509666442871e-01,-1.323047280311584473e-01,1.154815196990966797e+00,-4.294035732746124268e-01,6.529749184846878052e-02,-3.899710774421691895e-01,3.139998316764831543e-01,4.880000054836273193e-01,-1.017828062176704407e-01,1.588417649269104004e+00,-3.793690502643585205e-01,-4.373368024826049805e-01,-1.874742358922958374e-01,-2.966051697731018066e-01,-3.988396227359771729e-01,2.065431773662567139e-01,-1.191064834594726562e+00,9.171634912490844727e-02,-5.941112041473388672e-01,-1.084321662783622742e-01,-1.562642157077789307e-01,3.435686826705932617e-01
-1.091778799891471863e-01,1.908054500818252563e-01,8.202453851699829102e-01,-2.630572300404310226e-03,-1.485734432935714722e-01,-4.925562441349029541e-01,8.575006723403930664e-01,-5.401064753532409668e-01,7.184772938489913940e-02,2.218335866928100586e-01,9.751915335655212402e-01,-2.670882940292358398e-01,-1.740466617047786713e-02,-1.538670957088470459e-01,-7.743416428565979004e-01,-1.765940934419631958e-01,1.155127644538879395e+00,-4.328796267509460449e-01,8.006650954484939575e-02,-3.965238034725189209e-01,3.139999806880950928e-01,4.880000054836273193e-01,-1.274725496768951416e-01,1.617501974105834961e+00,-3.331744074821472168e-01,-4.111284315586090088e-01,-1.624613404273986816e-01,-2.898722887039184570e-01,-3.489382266998291016e-01,2.027659565210342407e-01,-1.165486693382263184e+00,3.638428822159767151e-02,-5.548391938209533691e-01,-1.350130885839462280e-01,-1.317012459039688110e-01,2.920318543910980225e-01
-8.588773012161254883e-02,1.961379796266555786e-01,8.006334304809570312e-01,-1.084884442389011383e-02,-1.374001055955886841e-01,-4.742423892021179199e-01,8.695387840270996094e-01,-5.828801989555358887e-01,6.512778252363204956e-02,2.533117532730102539e-01,1.058830142021179199e+00,-3.463791608810424805e-01,2.889816649258136749e-02,-1.095643565058708191e-01,-7.793646454811096191e-01,-2.140066772699356079e-01,1.154850244522094727e+00,-4.275583326816558838e-01,9.214628487825393677e-02,-4.007626771926879883e-01,3.139999806880950928e-01,4.880000054836273193e-01,-1.533790975809097290e-01,1.653865337371826172e+00,-2.876020371913909912e-01,-3.913215696811676025e-01,-1.524347066879272461e-01,-2.802563607692718506e-01,-3.015545308589935303e-01,1.983974874019622803e-01,-1.140679121017456055e+00,-2.303734607994556427e-02,-5.233068466186523438e-01,-1.606809496879577637e-01,-1.025382727384567261e-01,2.392700761556625366e-01
-6.307148933410644531e-02,2.016129493713378906e-01,7.850047349929809570e-01,-1.572720706462860107e-02,-1.252740025520324707e-01,-4.546642899513244629e-01,8.816685676574707031e-01,-6.318015456199645996e-01,5.432382225990295410e-02,2.737307846546173096e-01,1.134772181510925293e+00,-4.207463264465332031e-01,7.884311676025390625e-02,-6.266006827354431152e-02,-7.809153795242309570e-01,-2.489993572235107422e-01,1.150439977645874023e+00,-3.873413503170013428e-01,1.082044243812561035e-01,-3.954679369926452637e-01,3.140000104904174805e-01,4.880000054836273193e-01,-1.897243559360504150e-01,1.682116031646728516e+00,-2.297647744417190552e-01,-3.817972242832183838e-01,-1.370338648557662964e-01,-2.682754099369049072e-01,-2.567141950130462646e-01,1.954782307147979736e-01,-1.112475991249084473e+00,-9.515707939863204956e-02,-4.896494448184967041e-01,-1.890642046928405762e-01,-6.666479259729385376e-02,1.890637278556823730e-01
-4.457173123955726624e-02,2.047643065452575684e-01,7.723021507263183594e-01,-2.572259493172168732e-02,-8.299021422863006592e-02,-4.279208779335021973e-01,8.996303081512451172e-01,-7.338015437126159668e-01,5.030425637960433960e-02,2.334340214729309082e-01,1.234556555747985840e+00,-5.010399222373962402e-01,1.423719078302383423e-01,-2.954616770148277283e-02,-7.412927746772766113e-01,-3.085596263408660889e-01,1.149555087089538574e+00,-3.260733783245086670e-01,1.170455291867256165e-01,-2.949470281600952148e-01,3.140000104904174805e-01,4.880000054836273193e-01,-2.792425155639648438e-01,1.784116029739379883e+00,-1.277647614479064941e-01,-4.837972223758697510e-01,-1.341138929128646851e-01,-2.311640232801437378e-01,-2.109929174184799194e-01,1.670957058668136597e-01,-1.010475993156433105e+00,-1.971570849418640137e-01,-3.876494467258453369e-01,-2.335714250802993774e-01,-3.585417196154594421e-02,1.084360629320144653e-01
-2.577692270278930664e-02,2.086766660213470459e-01,7.653803825378417969e-01,-2.805308438837528229e-02,-5.783317983150482178e-02,-4.096692800521850586e-01,9.099667072296142578e-01,-8.136064410209655762e-01,4.442078992724418640e-02,2.296268790960311890e-01,1.289037466049194336e+00,-5.516386628150939941e-01,1.919991075992584229e-01,-2.426243945956230164e-02,-6.921156048774719238e-01,-2.912090420722961426e-01,1.150201916694641113e+00,-2.362191528081893921e-01,1.076196879148483276e-01,-2.435686588287353516e-01,3.140000104904174805e-01,4.880000054836273193e-01,-3.458390235900878906e-01,1.833356142044067383e+00,-2.576476708054542542e-02,-5.458337664604187012e-01,-1.285350322723388672e-01,-1.963638067245483398e-01,-1.837865263223648071e-01,1.581686884164810181e-01,-9.084759354591369629e-01,-2.991570830345153809e-01,-3.294337093830108643e-01,-2.909903824329376221e-01,-1.777574233710765839e-02,6.591437757015228271e-02
-1.111925113946199417e-02,2.112055569887161255e-01,7.558501958847045898e-01,-3.630040958523750305e-02,-3.490282595157623291e-02,-3.879798054695129395e-01,9.202911257743835449e-01,-8.773055076599121094e-01,4.588491097092628479e-02,2.268930226564407349e-01,1.341803669929504395e+00,-6.046724319458007812e-01,2.417633831501007080e-01,-7.086566090583801270e-02,-6.300369501113891602e-01,-2.300011068582534790e-01,1.185700416564941406e+00,-1.725589036941528320e-01,8.801753073930740356e-02,-1.886152625083923340e-01,3.140000104904174805e-01,4.880000054836273193e-01,-4.101955592632293701e-01,1.846004366874694824e+00,7.623523473739624023e-02,-6.012668013572692871e-01,-1.169305890798568726e-01,-1.583676785230636597e-01,-1.444418877363204956e-01,1.648318022489547729e-01,-8.064759373664855957e-01,-3.977515101432800293e-01,-2.935275137424468994e-01,-3.572034537792205811e-01,7.527329144068062305e-04,4.372236505150794983e-02
-8.461201214231550694e-04,2.105467021465301514e-01,7.511558532714843750e-01,-4.201679304242134094e-02,-8.901052176952362061e-03,-3.614243268966674805e-01,9.314117431640625000e-01,-9.401133060455322266e-01,4.085680469870567322e-02,2.154007405042648315e-01,1.375154852867126465e+00,-6.396950483322143555e-01,2.589645087718963623e-01,-1.728656589984893799e-01,-5.497515797615051270e-01,-1.280010938644409180e-01,1.264143347740173340e+00,-1.607441455125808716e-01,5.453544482588768005e-02,-1.402999311685562134e-01,3.140000104904174805e-01,4.880000054836273193e-01,-4.600432217121124268e-01,1.827306628227233887e+00,1.538135409355163574e-01,-6.565552949905395508e-01,-1.039542555809020996e-01,-1.352105289697647095e-01,-1.043395996093750000e-01,1.783078759908676147e-01,-7.044759392738342285e-01,-4.345119893550872803e-01,-2.982901632785797119e-01,-4.238599836826324463e-01,7.614077068865299225e-03,2.040588855743408203e-02
5.453202873468399048e-03,2.059682607650756836e-01,7.475023269653320312e-01,-4.520336911082267761e-02,2.379715256392955780e-02,-3.225647807121276855e-01,9.451678991317749023e-01,-1.018164396286010742e+00,1.986644417047500610e-02,1.883765459060668945e-01,1.396375179290771484e+00,-6.561527848243713379e-01,2.615446746349334717e-01,-2.748656570911407471e-01,-4.477515816688537598e-01,-2.600110135972499847e-02,1.366143345832824707e+00,-2.052512764930725098e-01,5.572948139160871506e-03,-9.820032119750976562e-02,3.140000104904174805e-01,4.880000054836273193e-01,-5.064428448677062988e-01,1.784621119499206543e+00,1.948699355125427246e-01,-7.135099768638610840e-01,-9.653846919536590576e-02,-1.345802396535873413e-01,-6.505081802606582642e-02,1.971765160560607910e-01,-6.024759411811828613e-01,-4.300436079502105713e-01,-3.212186694145202637e-01,-4.554272890090942383e-01,1.445082831196486950e-03,-1.481373608112335205e-02
9.593540802597999573e-03,1.963531821966171265e-01,7.479993104934692383e-01,-4.856448993086814880e-02,4.901824146509170532e-02,-2.730019986629486084e-01,9.595355987548828125e-01,-1.078818678855895996e+00,-1.745229028165340424e-02,1.533283442258834839e-01,1.398150801658630371e+00,-6.488867998123168945e-01,2.619316875934600830e-01,-3.768656551837921143e-01,-3.457515835762023926e-01,4.906465113162994385e-02,1.435652494430541992e+00,-2.783012986183166504e-01,-4.522066563367843628e-02,-7.730939984321594238e-02,3.140000104904174805e-01,4.879998862743377686e-01,-5.428783893585205078e-01,1.732826352119445801e+00,1.902459561824798584e-01,-7.780390381813049316e-01,-1.187077164649963379e-01,-1.401176303625106812e-01,-3.107025101780891418e-02,2.080317884683609009e-01,-5.392510890960693359e-01,-3.827019035816192627e-01,-3.409223556518554688e-01,-4.342324733734130859e-01,-1.593563333153724670e-02,-4.921045899391174316e-02
1.199929416179656982e-02,1.816803365945816040e-01,7.415139675140380859e-01,-5.089304968714714050e-02,8.862434327602386475e-02,-1.910254508256912231e-01,9.762504100799560547e-01,-1.173463940620422363e+00,-8.762031793594360352e-02,1.079638749361038208e-01,1.400871992111206055e+00,-6.248094439506530762e-01,2.619897425174713135e-01,-4.788656532764434814e-01,-2.437515705823898315e-01,1.001100540161132812e-01,1.503607749938964844e+00,-3.700116276741027832e-01,-9.066163003444671631e-02,-7.209935784339904785e-02,3.140000104904174805e-01,4.879958033561706543e-01,-5.800997018814086914e-01,1.672402262687683105e+00,1.560991257429122925e-01,-8.305877447128295898e-01,-1.314819008111953735e-01,-1.470127403736114502e-01,-1.229594461619853973e-02,2.239730507135391235e-01,-5.079854130744934082e-01,-3.087452650070190430e-01,-3.836185038089752197e-01,-3.927798569202423096e-01,-2.706071175634860992e-02,-6.099782139062881470e-02
1.481834426522254944e-02,1.625183820724487305e-01,7.434073686599731445e-01,-5.557329952716827393e-02,1.301885992288589478e-01,-1.033102720975875854e-01,9.845250248908996582e-01,-1.258986353874206543e+00,-1.546115577220916748e-01,7.343060523271560669e-02,1.380695939064025879e+00,-5.827383995056152344e-01,2.560817003250122070e-01,-5.808656811714172363e-01,-1.417515724897384644e-01,1.330334395170211792e-01,1.494580626487731934e+00,-3.732616901397705078e-01,-8.402036875486373901e-02,-8.953156322240829468e-02,3.140000104904174805e-01,4.879923760890960693e-01,-5.936860442161560059e-01,1.620565772056579590e+00,1.012258529663085938e-01,-8.783712387084960938e-01,-1.484133601188659668e-01,-1.527137905359268188e-01,-9.124524891376495361e-03,2.163953036069869995e-01,-5.088333487510681152e-01,-2.310409992933273315e-01,-4.314648211002349854e-01,-3.505335450172424316e-01,-3.395185619592666626e-02,-4.922538250684738159e-02
1.878643780946731567e-02,1.396394222974777222e-01,7.362879514694213867e-01,-6.271965056657791138e-02,1.630283296108245850e-01,-2.112620696425437927e-02,9.843991398811340332e-01,-1.343534708023071289e+00,-1.952343881130218506e-01,6.450915336608886719e-02,1.375190734863281250e+00,-5.373277664184570312e-01,2.505924105644226074e-01,-6.828656792640686035e-01,-3.975157812237739563e-02,1.526446342468261719e-01,1.439731359481811523e+00,-3.417692184448242188e-01,-4.700520634651184082e-02,-9.596506506204605103e-02,3.140000104904174805e-01,4.879948198795318604e-01,-5.949147343635559082e-01,1.580395698547363281e+00,2.623325958847999573e-02,-9.329741001129150391e-01,-1.560561805963516235e-01,-1.585510224103927612e-01,-3.766426071524620056e-02,1.869822889566421509e-01,-5.606195330619812012e-01,-1.646173298358917236e-01,-4.854407906532287598e-01,-3.233641386032104492e-01,-2.971006371080875397e-02,-1.222310215234756470e-02
2.532767876982688904e-02,1.157472431659698486e-01,7.319735288619995117e-01,-6.799155473709106445e-02,1.848099678754806519e-01,5.155269801616668701e-02,9.790632128715515137e-01,-1.407557010650634766e+00,-2.290351539850234985e-01,4.907453805208206177e-02,1.368444800376892090e+00,-4.853948056697845459e-01,2.192668914794921875e-01,-7.848656773567199707e-01,6.224842369556427002e-02,2.084538340568542480e-01,1.348044395446777344e+00,-2.435867041349411011e-01,1.396262459456920624e-02,-8.988718688488006592e-02,3.140000104904174805e-01,4.879592359066009521e-01,-5.390990972518920898e-01,1.544544339179992676e+00,-7.576674222946166992e-02,-9.896088242530822754e-01,-1.513852626085281372e-01,-1.608636528253555298e-01,-7.627817243337631226e-02,1.551178246736526489e-01,-6.188570857048034668e-01,-1.356355696916580200e-01,-5.503085255622863770e-01,-2.989407181739807129e-01,-1.970776729285717010e-02,3.011655807495117188e-02
3.222807124257087708e-02,9.411352127790451050e-02,7.326229810714721680e-01,-7.438555359840393066e-02,2.128171473741531372e-01,1.173946112394332886e-01,9.671577811241149902e-01,-1.469381332397460938e+00,-2.341052740812301636e-01,6.799738109111785889e-02,1.363779067993164062e+00,-4.737020730972290039e-01,2.171103507280349731e-01,-8.868656754493713379e-01,1.642484217882156372e-01,1.913106590509414673e-01,1.249514341354370117e+00,-1.415867060422897339e-01,3.783120214939117432e-02,-8.479678630828857422e-02,3.140000104904174805e-01,4.879938960075378418e-01,-4.527281522750854492e-01,1.504023909568786621e+00,-1.777667403221130371e-01,-9.987904429435729980e-01,-1.608365029096603394e-01,-1.545112133026123047e-01,-1.071389093995094299e-01,1.014549806714057922e-01,-6.660113930702209473e-01,-1.477858424186706543e-01,-5.791293978691101074e-01,-2.909492850303649902e-01,-5.316669587045907974e-03,7.081092894077301025e-02
4.230754449963569641e-02,7.613059878349304199e-02,7.332057952880859375e-01,-7.796137034893035889e-02,2.315521687269210815e-01,1.810463517904281616e-01,9.526425600051879883e-01,-1.508820176124572754e+00,-2.348657846450805664e-01,8.309280872344970703e-02,1.369594693183898926e+00,-4.760441184043884277e-01,2.006406038999557495e-01,-9.888656735420227051e-01,2.243872582912445068e-01,1.875059306621551514e-01,1.201985597610473633e+00,-6.832629442214965820e-02,5.759397149085998535e-02,-9.152525663375854492e-02,3.140000104904174805e-01,4.879990816116333008e-01,-3.507281541824340820e-01,1.482690930366516113e+00,-2.797667384147644043e-01,-9.907882809638977051e-01,-1.763829439878463745e-01,-1.157147288322448730e-01,-1.921093165874481201e-01,-5.450168973766267300e-04,-7.680113911628723145e-01,-1.089263185858726501e-01,-6.745752692222595215e-01,-1.889492720365524292e-01,-5.055225454270839691e-03,1.654114127159118652e-01
5.178924649953842163e-02,6.462047249078750610e-02,7.221953868865966797e-01,-7.259182631969451904e-02,2.503302693367004395e-01,2.032899409532546997e-01,9.437893629074096680e-01,-1.550018191337585449e+00,-2.349798679351806641e-01,9.236114472150802612e-02,1.437579512596130371e+00,-5.497516989707946777e-01,2.336935251951217651e-01,-1.090865612030029297e+00,2.334080934524536133e-01,2.240402400493621826e-01,1.263225197792053223e+00,-1.520729362964630127e-01,5.623761564493179321e-02,-5.097513645887374878e-02,3.140000104904174805e-01,4.879998564720153809e-01,-2.487281709909439087e-01,1.380690932273864746e+00,-3.817667365074157715e-01,-9.532564878463745117e-01,-1.272023916244506836e-01,-1.165694296360015869e-01,-1.510362774133682251e-01,-8.780463784933090210e-02,-8.518100976943969727e-01,-2.109263241291046143e-01,-5.725752711296081543e-01,-2.056084871292114258e-01,1.795039139688014984e-02,1.002641469240188599e-01
5.823086202144622803e-02,5.656009912490844727e-02,7.139290571212768555e-01,-7.586549967527389526e-02,2.618994414806365967e-01,2.362424731254577637e-01,9.326535463333129883e-01,-1.582203269004821777e+00,-1.922007650136947632e-01,1.190461814403533936e-01,1.514668583869934082e+00,-5.743072032928466797e-01,2.227849215269088745e-01,-1.192865610122680664e+00,1.731090396642684937e-01,1.673285961151123047e-01,1.327570438385009766e+00,-2.396443486213684082e-01,1.344520249404013157e-03,-1.901269541122019291e-03,3.140000104904174805e-01,4.697431623935699463e-01,-1.467281728982925415e-01,1.278690934181213379e+00,-4.837667346000671387e-01,-9.014533162117004395e-01,-8.546616882085800171e-02,-1.181401386857032776e-01,-1.584538072347640991e-01,-1.898046433925628662e-01,-9.357507228851318359e-01,-3.129263222217559814e-01,-4.705753028392791748e-01,-1.493477225303649902e-01,-7.323798257857561111e-03,4.821503534913063049e-02
6.041925400495529175e-02,5.101867765188217163e-02,7.021976709365844727e-01,-9.282739460468292236e-02,2.688285112380981445e-01,2.790375947952270508e-01,9.171980619430541992e-01,-1.623935937881469727e+00,-9.199772030115127563e-02,1.437534838914871216e-01,1.616668581962585449e+00,-5.866905450820922852e-01,2.155955731868743896e-01,-1.294865608215332031e+00,9.231814742088317871e-02,1.092794239521026611e-01,1.398823142051696777e+00,-3.144930005073547363e-01,-3.979105502367019653e-02,7.512625306844711304e-02,3.140000104904174805e-01,4.781069457530975342e-01,-4.472816362977027893e-02,1.176690936088562012e+00,-5.748807787895202637e-01,-8.151051402091979980e-01,-7.593570649623870850e-02,-1.041984856128692627e-01,-1.526913046836853027e-01,-2.918046414852142334e-01,-1.024422764778137207e+00,-4.149263203144073486e-01,-3.901402652263641357e-01,-1.050695702433586121e-01,-2.986632846295833588e-02,4.447761457413434982e-03
5.989912524819374084e-02,4.932321235537528992e-02,6.829742193222045898e-01,-9.932310879230499268e-02,2.493102252483367920e-01,3.323154747486114502e-01,9.041823744773864746e-01,-1.602438926696777344e+00,6.525612436234951019e-03,1.296468824148178101e-01,1.704243779182434082e+00,-6.054431796073913574e-01,2.029030919075012207e-01,-1.396865606307983398e+00,1.342940703034400940e-02,9.358646720647811890e-02,1.481174945831298828e+00,-3.917811214923858643e-01,-6.386170536279678345e-02,1.252447366714477539e-01,3.140000104904174805e-01,4.468245804309844971e-01,5.727183446288108826e-02,1.074690937995910645e+00,-5.899159908294677734e-01,-7.752339243888854980e-01,-2.189872041344642639e-02,-8.996937423944473267e-02,-1.232463791966438293e-01,-3.938046395778656006e-01,-1.075366258621215820e+00,-5.169263482093811035e-01,-4.018446505069732666e-01,-7.626755535602569580e-02,-4.395384714007377625e-02,-3.672908991575241089e-02
5.553231760859489441e-02,5.061551928520202637e-02,6.681658029556274414e-01,-1.030537709593772888e-01,2.350904494524002075e-01,3.824421465396881104e-01,8.876093626022338867e-01,-1.567499041557312012e+00,1.085256114602088928e-01,7.954288274049758911e-02,1.771173000335693359e+00,-6.227720379829406738e-01,1.859802007675170898e-01,-1.498865604400634766e+00,-6.990868598222732544e-02,9.296214580535888672e-02,1.550479173660278320e+00,-4.571707248687744141e-01,-7.291678339242935181e-02,1.800423413515090942e-01,3.140000104904174805e-01,4.123228788375854492e-01,1.592718362808227539e-01,9.726909399032592773e-01,-5.544542670249938965e-01,-7.445551156997680664e-01,5.461480468511581421e-02,-9.882394969463348389e-02,-4.797967150807380676e-02,-4.958046376705169678e-01,-1.082289934158325195e+00,-5.460615754127502441e-01,-4.767076373100280762e-01,-5.945893004536628723e-02,-6.060180068016052246e-02,-8.890660107135772705e-02
4.788929969072341919e-02,5.501039698719978333e-02,6.601393222808837891e-01,-9.431707859039306641e-02,2.170659601688385010e-01,4.272792637348175049e-01,8.725932836532592773e-01,-1.522125363349914551e+00,2.087117731571197510e-01,-7.747065275907516479e-03,1.791771888732910156e+00,-6.375610232353210449e-01,1.739937812089920044e-01,-1.600865602493286133e+00,-1.572119742631912231e-01,1.078805252909660339e-01,1.601487755775451660e+00,-5.126695632934570312e-01,-7.312107831239700317e-02,2.667229175567626953e-01,3.140000104904174805e-01,3.773341178894042969e-01,2.612718343734741211e-01,8.706909418106079102e-01,-5.318124890327453613e-01,-7.577057480812072754e-01,1.005655974149703979e-01,-1.192772537469863892e-01,-2.276816964149475098e-02,-5.978046655654907227e-01,-1.075493216514587402e+00,-5.035720467567443848e-01,-5.630553960800170898e-01,-1.811460778117179871e-02,-9.309023618698120117e-02,-9.406878799200057983e-02
3.700973838567733765e-02,6.234566494822502136e-02,6.523400545120239258e-01,-9.972672909498214722e-02,2.093300670385360718e-01,4.667990207672119141e-01,8.534249663352966309e-01,-1.480919837951660156e+00,2.816911041736602783e-01,-8.733251690864562988e-02,1.771789312362670898e+00,-6.525444984436035156e-01,1.505891829729080200e-01,-1.642189025878906250e+00,-2.383848577737808228e-01,1.187985762953758240e-01,1.637096524238586426e+00,-5.697312951087951660e-01,-7.357621192932128906e-02,3.498010933399200439e-01,3.140000104904174805e-01,3.548195064067840576e-01,3.632718324661254883e-01,7.686909437179565430e-01,-5.055789351463317871e-01,-7.743101716041564941e-01,1.056559830904006958e-01,-1.322534382343292236e-01,-7.373515050858259201e-03,-6.998046636581420898e-01,-1.058867096900939941e+00,-4.338396489620208740e-01,-6.383860707283020020e-01,1.739797554910182953e-02,-1.154979243874549866e-01,-8.603581786155700684e-02
2.337345294654369354e-02,7.197962701320648193e-02,6.364501714706420898e-01,-1.138473898172378540e-01,1.954451948404312134e-01,5.018455386161804199e-01,8.348598480224609375e-01,-1.477477073669433594e+00,3.108941912651062012e-01,-1.762086898088455200e-01,1.739301204681396484e+00,-6.626611351966857910e-01,1.077227592468261719e-01,-1.628086328506469727e+00,-3.233806192874908447e-01,1.121772229671478271e-01,1.668164968490600586e+00,-6.212984323501586914e-01,-7.641818374395370483e-02,4.229758679866790771e-01,3.140000104904174805e-01,3.346633315086364746e-01,4.652718305587768555e-01,6.666909456253051758e-01,-4.566050171852111816e-01,-8.191308975219726562e-01,1.428308933973312378e-01,-1.450560837984085083e-01,4.732129164040088654e-03,-8.018046617507934570e-01,-1.007134914398193359e+00,-3.749420046806335449e-01,-6.733336448669433594e-01,3.037063963711261749e-02,-1.273031830787658691e-01,-8.949223905801773071e-02
7.741068489849567413e-03,8.346455544233322144e-02,6.287707090377807617e-01,-1.351201832294464111e-01,1.801713854074478149e-01,5.304073691368103027e-01,8.172813653945922852e-01,-1.508628606796264648e+00,3.067819178104400635e-01,-2.568930387496948242e-01,1.726082801818847656e+00,-6.748730540275573730e-01,7.968627661466598511e-02,-1.593733191490173340e+00,-4.087356328964233398e-01,8.943860977888107300e-02,1.676373124122619629e+00,-6.325016617774963379e-01,-8.321081101894378662e-02,4.883817434310913086e-01,3.140000104904174805e-01,3.164884448051452637e-01,4.638209640979766846e-01,5.646909475326538086e-01,-3.731425404548645020e-01,-8.708143830299377441e-01,2.088618129491806030e-01,-1.523882001638412476e-01,4.037080705165863037e-02,-8.904497623443603516e-01,-9.266518354415893555e-01,-3.074236810207366943e-01,-6.929772496223449707e-01,2.350935526192188263e-02,-1.228355765342712402e-01,-9.173072129487991333e-02
-8.618982508778572083e-03,9.650230407714843750e-02,6.204115152359008789e-01,-1.595788002014160156e-01,1.588281393051147461e-01,5.628505945205688477e-01,7.953033447265625000e-01,-1.559456467628479004e+00,2.897066175937652588e-01,-3.222548663616180420e-01,1.726110100746154785e+00,-6.854534149169921875e-01,6.425560265779495239e-02,-1.538996100425720215e+00,-5.058450698852539062e-01,4.182100296020507812e-02,1.674308061599731445e+00,-6.284092664718627930e-01,-9.468993544578552246e-02,5.447290539741516113e-01,3.140000104904174805e-01,3.021611571311950684e-01,3.829502165317535400e-01,4.626909196376800537e-01,-2.740933001041412354e-01,-9.256798624992370605e-01,3.003316819667816162e-01,-1.592357754707336426e-01,8.488234877586364746e-02,-9.290849566459655762e-01,-8.270869255065917969e-01,-2.387866228818893433e-01,-6.840810179710388184e-01,-1.812556060031056404e-03,-1.067677289247512817e-01,-9.083361923694610596e-02
-2.464259229600429535e-02,1.118225678801536560e-01,6.130907535552978516e-01,-1.860484480857849121e-01,1.354810595512390137e-01,5.983611941337585449e-01,7.674599289894104004e-01,-1.611664175987243652e+00,2.536513209342956543e-01,-3.662728965282440186e-01,1.730045914649963379e+00,-6.756310462951660156e-01,5.072809383273124695e-02,-1.451592922210693359e+00,-5.884160995483398438e-01,-2.203658781945705414e-02,1.654720544815063477e+00,-6.355674266815185547e-01,-1.080765724182128906e-01,5.975889563560485840e-01,3.140000104904174805e-01,2.910675406455993652e-01,2.809501886367797852e-01,3.655270040035247803e-01,-1.966286748647689819e-01,-1.027679800987243652e+00,3.874005973339080811e-01,-1.740925461053848267e-01,1.458125710487365723e-01,-9.394800662994384766e-01,-7.380220293998718262e-01,-1.406675279140472412e-01,-6.598512530326843262e-01,-3.251457354053854942e-03,-8.304979652166366577e-02,-9.587428718805313110e-02
-3.963248059153556824e-02,1.296004205942153931e-01,6.082601547241210938e-01,-2.281030118465423584e-01,1.225383281707763672e-01,6.313855051994323730e-01,7.309622168540954590e-01,-1.682901144027709961e+00,1.922781169414520264e-01,-4.089701473712921143e-01,1.735895991325378418e+00,-6.615557670593261719e-01,4.907527193427085876e-02,-1.349592924118041992e+00,-6.412510871887207031e-01,-1.066731959581375122e-01,1.616958498954772949e+00,-6.053636074066162109e-01,-1.098664775490760803e-01,6.248669624328613281e-01,3.140000104904174805e-01,2.672400772571563721e-01,1.789502054452896118e-01,3.886988759040832520e-01,-1.516709774732589722e-01,-1.129679799079895020e+00,4.535698294639587402e-01,-1.766815483570098877e-01,2.247182428836822510e-01,-9.424428343772888184e-01,-6.664249897003173828e-01,-3.866753354668617249e-02,-6.347506642341613770e-01,2.833717688918113708e-02,-5.592148751020431519e-02,-8.868499845266342163e-02
-5.331081524491310120e-02,1.500163525342941284e-01,6.057755947113037109e-01,-2.653442621231079102e-01,1.187496185302734375e-01,6.628459095954895020e-01,6.900190114974975586e-01,-1.756628632545471191e+00,1.249509081244468689e-01,-4.215825796127319336e-01,1.739848732948303223e+00,-6.459121108055114746e-01,4.125317186117172241e-02,-1.258959293365478516e+00,-6.883370280265808105e-01,-2.086049616336822510e-01,1.584043145179748535e+00,-5.705543756484985352e-01,-1.110687553882598877e-01,6.625686883926391602e-01,3.140000104904174805e-01,2.004458457231521606e-01,7.695019990205764771e-02,4.286758601665496826e-01,-1.259296685457229614e-01,-1.231679797172546387e+00,4.934031665325164795e-01,-1.903416514396667480e-01,3.057498931884765625e-01,-9.177722930908203125e-01,-6.249454021453857422e-01,6.333246827125549316e-02,-6.487197279930114746e-01,4.393089562654495239e-02,-3.528871014714241028e-02,-4.815466701984405518e-02
-6.421668082475662231e-02,1.726071536540985107e-01,6.151940822601318359e-01,-3.128831386566162109e-01,1.279121935367584229e-01,6.917068362236022949e-01,6.381882429122924805e-01,-1.843169569969177246e+00,5.166353657841682434e-02,-4.253903925418853760e-01,1.725700974464416504e+00,-6.318476796150207520e-01,2.214862406253814697e-02,-1.200389146804809570e+00,-6.922059655189514160e-01,-2.931207120418548584e-01,1.550031661987304688e+00,-5.508506894111633301e-01,-1.054281368851661682e-01,6.448696255683898926e-01,3.140000104904174805e-01,1.193015128374099731e-01,-2.504979632794857025e-02,4.287852346897125244e-01,-9.262557327747344971e-02,-1.333679795265197754e+00,4.955639541149139404e-01,-1.860041320323944092e-01,3.364470303058624268e-01,-8.985005617141723633e-01,-6.014530658721923828e-01,1.653324663639068604e-01,-7.169717550277709961e-01,4.434062540531158447e-02,-1.872281730175018311e-02,-1.444396376609802246e-02
-7.287315279245376587e-02,1.979839354753494263e-01,6.278470754623413086e-01,-3.549054265022277832e-01,1.332264542579650879e-01,7.087269425392150879e-01,5.949781537055969238e-01,-1.903690814971923828e+00,-4.851046949625015259e-03,-4.344308674335479736e-01,1.707963347434997559e+00,-6.131216883659362793e-01,1.104761753231287003e-02,-1.144225716590881348e+00,-6.690161824226379395e-01,-3.771200478076934814e-01,1.500813007354736328e+00,-5.280414819717407227e-01,-9.314354509115219116e-02,6.187040805816650391e-01,3.140000104904174805e-01,1.730151474475860596e-02,-1.270498037338256836e-01,4.249712824821472168e-01,-5.693310871720314026e-02,-1.435679793357849121e+00,4.922907054424285889e-01,-1.852602660655975342e-01,3.249815106391906738e-01,-8.511334657669067383e-01,-5.859981775283813477e-01,2.673324644565582275e-01,-7.931870222091674805e-01,3.663123399019241333e-02,-1.049179024994373322e-02,3.326392918825149536e-02
-7.935807108879089355e-02,2.261807322502136230e-01,6.508749723434448242e-01,-3.799974322319030762e-01,1.259480565786361694e-01,7.259023189544677734e-01,5.592895746231079102e-01,-1.896160125732421875e+00,-4.102869704365730286e-02,-4.548719525337219238e-01,1.666546463966369629e+00,-6.029864549636840820e-01,-4.407778847962617874e-03,-1.063595533370971680e+00,-6.135079860687255859e-01,-4.342345297336578369e-01,1.413152098655700684e+00,-5.055018067359924316e-01,-5.807434022426605225e-02,5.837361812591552734e-01,3.140000104904174805e-01,-8.469848334789276123e-02,-2.290498018264770508e-01,4.950761795043945312e-01,-4.705773293972015381e-02,-1.537679791450500488e+00,4.552259445190429688e-01,-1.973010450601577759e-01,2.759353816509246826e-01,-7.806085348129272461e-01,-5.433433651924133301e-01,3.193936347961425781e-01,-8.720455765724182129e-01,-3.380421083420515060e-03,-1.507633016444742680e-03,9.278273582458496094e-02
-8.345267921686172485e-02,2.529389262199401855e-01,6.756891012191772461e-01,-4.119107425212860107e-01,1.255727410316467285e-01,7.385601401329040527e-01,5.187388062477111816e-01,-1.900731921195983887e+00,-6.759114563465118408e-02,-4.731941819190979004e-01,1.610840201377868652e+00,-5.878255367279052734e-01,-2.687931992113590240e-02,-1.003216505050659180e+00,-5.600179433822631836e-01,-4.877516627311706543e-01,1.322040319442749023e+00,-4.590617120265960693e-01,-9.041616693139076233e-03,5.292527079582214355e-01,3.140000104904174805e-01,-1.866984814405441284e-01,-3.310497999191284180e-01,5.009031891822814941e-01,-9.619810618460178375e-03,-1.639679789543151855e+00,4.769968390464782715e-01,-2.006635963916778564e-01,2.423151731491088867e-01,-7.541323304176330566e-01,-5.687058568000793457e-01,3.948719501495361328e-01,-9.740455746650695801e-01,-1.871781609952449799e-02,9.239035658538341522e-03,1.357999742031097412e-01
-8.514054864645004272e-02,2.783130407333374023e-01,6.936109066009521484e-01,-4.289392530918121338e-01,1.335749179124832153e-01,7.435536384582519531e-01,4.952745437622070312e-01,-1.891579151153564453e+00,-7.678657025098800659e-02,-4.794112443923950195e-01,1.561624288558959961e+00,-5.574792027473449707e-01,-3.634920343756675720e-02,-9.636213779449462891e-01,-5.190350413322448730e-01,-5.165981054306030273e-01,1.235137939453125000e+00,-3.915399312973022461e-01,2.029067836701869965e-02,4.695499837398529053e-01,3.140000104904174805e-01,-2.886984944343566895e-01,-4.330497980117797852e-01,5.013126730918884277e-01,1.008969452232122421e-02,-1.741679787635803223e+00,4.702253937721252441e-01,-1.959189176559448242e-01,2.059054225683212280e-01,-7.563414573669433594e-01,-6.190689802169799805e-01,4.965663254261016846e-01,-1.076045632362365723e+00,-6.869135424494743347e-03,4.931215662509202957e-03,1.819852739572525024e-01
-8.346668630838394165e-02,3.010365962982177734e-01,7.128015756607055664e-01,-4.322303831577301025e-01,1.362946629524230957e-01,7.460212111473083496e-01,4.879067838191986084e-01,-1.852306962013244629e+00,-6.212275475263595581e-02,-4.854347109794616699e-01,1.512328624725341797e+00,-5.242549180984497070e-01,-3.110283799469470978e-02,-9.179148077964782715e-01,-4.848610162734985352e-01,-5.279495120048522949e-01,1.151891589164733887e+00,-3.034211993217468262e-01,6.495406478643417358e-02,4.125871360301971436e-01,3.140000104904174805e-01,-3.906984925270080566e-01,-4.806778430938720703e-01,4.899796545505523682e-01,2.882625267375260592e-04,-1.843679785728454590e+00,4.683609008789062500e-01,-1.856802105903625488e-01,1.835931539535522461e-01,-7.706134915351867676e-01,-6.553643941879272461e-01,5.747593045234680176e-01,-1.178045630455017090e+00,-1.017856970429420471e-02,-5.225819069892168045e-03,2.046458572149276733e-01
-8.008258044719696045e-02,3.200758993625640869e-01,7.267616987228393555e-01,-4.064486920833587646e-01,1.535275280475616455e-01,7.494261860847473145e-01,4.995889961719512939e-01,-1.773247838020324707e+00,-2.026752755045890808e-02,-4.230954647064208984e-01,1.456456542015075684e+00,-4.926373660564422607e-01,-2.549898345023393631e-03,-8.910936713218688965e-01,-5.100830793380737305e-01,-4.961202144622802734e-01,1.106485009193420410e+00,-2.034426629543304443e-01,1.166020855307579041e-01,3.406410813331604004e-01,3.140000104904174805e-01,-4.421087205410003662e-01,-5.217404961585998535e-01,4.161653518676757812e-01,-1.367998775094747543e-02,-1.818488478660583496e+00,4.544657170772552490e-01,-1.464309245347976685e-01,1.407035291194915771e-01,-8.726134896278381348e-01,-6.171674132347106934e-01,6.767593026161193848e-01,-1.280045628547668457e+00,-7.764619588851928711e-02,7.142336666584014893e-02,2.227460294961929321e-01
-7.276586443185806274e-02,3.375463187694549561e-01,7.357329130172729492e-01,-3.722403645515441895e-01,1.403671652078628540e-01,7.559624910354614258e-01,5.198604464530944824e-01,-1.671247839927673340e+00,3.316078707575798035e-02,-3.949212431907653809e-01,1.424472570419311523e+00,-4.722868204116821289e-01,1.512618176639080048e-02,-8.103764653205871582e-01,-5.138872265815734863e-01,-5.004184842109680176e-01,1.043247938156127930e+00,-1.177080795168876648e-01,1.662611514329910278e-01,3.144982159137725830e-01,3.140000104904174805e-01,-4.810799360275268555e-01,-5.114569067955017090e-01,4.099621772766113281e-01,-1.156799867749214172e-01,-1.760439753532409668e+00,4.290159344673156738e-01,-1.365579217672348022e-01,1.345260441303253174e-01,-9.746134877204895020e-01,-5.767817497253417969e-01,7.787593007087707520e-01,-1.382045626640319824e+00,-1.330027133226394653e-01,8.127432316541671753e-02,2.175998687744140625e-01
-6.171017885208129883e-02,3.520246744155883789e-01,7.438956499099731445e-01,-3.274601995944976807e-01,1.138945370912551880e-01,7.628201246261596680e-01,5.458051562309265137e-01,-1.569247841835021973e+00,9.297442436218261719e-02,-3.802138864994049072e-01,1.399470806121826172e+00,-4.555412530899047852e-01,4.171589761972427368e-02,-7.202015519142150879e-01,-5.001680254936218262e-01,-4.926871657371520996e-01,9.835582971572875977e-01,-3.719059377908706665e-02,2.116463631391525269e-01,2.857803106307983398e-01,3.140000104904174805e-01,-4.869619905948638916e-01,-4.500977098941802979e-01,4.028148055076599121e-01,-2.176799923181533813e-01,-1.658439755439758301e+00,4.172462821006774902e-01,-1.254186630249023438e-01,1.146150901913642883e-01,-1.049561500549316406e+00,-5.082616806030273438e-01,8.807592988014221191e-01,-1.484045624732971191e+00,-1.822645813226699829e-01,7.210689783096313477e-02,2.038303464651107788e-01
-4.758383333683013916e-02,3.633898198604583740e-01,7.462370395660400391e-01,-2.810840606689453125e-01,9.551675617694854736e-02,7.666535973548889160e-01,5.693071484565734863e-01,-1.467247843742370605e+00,1.508897691965103149e-01,-3.453758060932159424e-01,1.376825451850891113e+00,-4.376620352268218994e-01,3.457066416740417480e-02,-6.545624732971191406e-01,-5.002775788307189941e-01,-4.756350815296173096e-01,9.501382708549499512e-01,3.446194808930158615e-03,2.327659428119659424e-01,2.647913396358489990e-01,3.140000104904174805e-01,-4.878442883491516113e-01,-4.098251461982727051e-01,4.007722735404968262e-01,-3.196799755096435547e-01,-1.588765144348144531e+00,3.761236965656280518e-01,-1.294319778680801392e-01,1.038099303841590881e-01,-1.050096869468688965e+00,-4.854272603988647461e-01,9.277493953704833984e-01,-1.586045622825622559e+00,-2.235900759696960449e-01,5.483398959040641785e-02,1.779605150222778320e-01
-3.064450249075889587e-02,3.714277446269989014e-01,7.405096292495727539e-01,-2.211371213197708130e-01,8.218864351511001587e-02,7.685310840606689453e-01,5.947296619415283203e-01,-1.365247845649719238e+00,2.078732550144195557e-01,-2.816964089870452881e-01,1.347160935401916504e+00,-4.352444708347320557e-01,2.354740723967552185e-02,-5.930920243263244629e-01,-5.155319571495056152e-01,-4.657685160636901855e-01,9.376313090324401855e-01,8.574086241424083710e-03,2.470252364873886108e-01,2.525335848331451416e-01,3.139999508857727051e-01,-4.879766404628753662e-01,-4.209043085575103760e-01,3.980675339698791504e-01,-4.216799736022949219e-01,-1.566032409667968750e+00,3.662108778953552246e-01,-1.101235225796699524e-01,9.638231992721557617e-02,-1.018893361091613770e+00,-4.848364293575286865e-01,9.866279363632202148e-01,-1.662157058715820312e+00,-2.733955085277557373e-01,5.184739083051681519e-02,1.780593842267990112e-01
-1.220975909382104874e-02,3.757556974887847900e-01,7.394526004791259766e-01,-1.686683297157287598e-01,6.676468253135681152e-02,7.704990506172180176e-01,6.110848784446716309e-01,-1.263247847557067871e+00,2.502200007438659668e-01,-2.289995253086090088e-01,1.307233095169067383e+00,-4.190630018711090088e-01,1.227701082825660706e-02,-5.452109575271606445e-01,-5.300537347793579102e-01,-4.424513280391693115e-01,9.417318105697631836e-01,-2.648169733583927155e-02,2.394418716430664062e-01,2.285778522491455078e-01,2.999056279659271240e-01,-4.879964888095855713e-01,-4.598305821418762207e-01,3.891804516315460205e-01,-5.093989968299865723e-01,-1.529736995697021484e+00,3.528703749179840088e-01,-1.055506989359855652e-01,1.164553090929985046e-01,-9.480602741241455078e-01,-5.088047981262207031e-01,9.896728992462158203e-01,-1.664096355438232422e+00,-3.130072057247161865e-01,5.027556419372558594e-02,1.574454456567764282e-01
7.044883444905281067e-03,3.766377866268157959e-01,7.442110776901245117e-01,-1.146250367164611816e-01,6.029318645596504211e-02,7.654039859771728516e-01,6.303828954696655273e-01,-1.161247849464416504e+00,2.903937101364135742e-01,-1.575194299221038818e-01,1.254241228103637695e+00,-3.573329150676727295e-01,-1.513367518782615662e-02,-5.184626579284667969e-01,-5.572222471237182617e-01,-4.379922151565551758e-01,9.564225077629089355e-01,-6.532259285449981689e-02,2.298689037561416626e-01,2.170775830745697021e-01,2.506461739540100098e-01,-4.729168713092803955e-01,-5.056907534599304199e-01,3.633876740932464600e-01,-5.859421491622924805e-01,-1.488199591636657715e+00,3.700086772441864014e-01,-7.777232676744461060e-02,7.891073822975158691e-02,-8.831307888031005859e-01,-5.385763049125671387e-01,1.016898036003112793e+00,-1.677141427993774414e+00,-3.401665389537811279e-01,4.754072427749633789e-02,2.039911746978759766e-01
2.549497410655021667e-02,3.742683827877044678e-01,7.308752536773681641e-01,-7.123751193284988403e-02,4.750789329409599304e-02,7.598883509635925293e-01,6.443895101547241211e-01,-1.059247851371765137e+00,3.104287385940551758e-01,-1.326200067996978760e-01,1.249020934104919434e+00,-3.615454137325286865e-01,-1.253492850810289383e-02,-5.027989149093627930e-01,-5.833140015602111816e-01,-4.049557447433471680e-01,1.012465834617614746e+00,-1.673225909471511841e-01,2.092328369617462158e-01,1.979271918535232544e-01,2.124386727809906006e-01,-4.510505199432373047e-01,-5.398315191268920898e-01,3.654677569866180420e-01,-6.751559972763061523e-01,-1.457166910171508789e+00,3.899221122264862061e-01,-6.673666089773178101e-02,6.774141639471054077e-02,-7.835009098052978516e-01,-5.275750756263732910e-01,9.994568824768066406e-01,-1.691218733787536621e+00,-3.892260789871215820e-01,4.406102001667022705e-02,1.929531097412109375e-01
4.255574196577072144e-02,3.677363395690917969e-01,7.342252731323242188e-01,-2.708374708890914917e-02,3.859028220176696777e-02,7.517620325088500977e-01,6.577469706535339355e-01,-9.572477936744689941e-01,3.250472843647003174e-01,-9.404933452606201172e-02,1.222493767738342285e+00,-2.909335792064666748e-01,-4.066753759980201721e-02,-5.029695034027099609e-01,-6.050205230712890625e-01,-3.521851897239685059e-01,1.070392489433288574e+00,-2.195146083831787109e-01,1.720572561025619507e-01,1.673030555248260498e-01,1.992235481739044189e-01,-4.031971395015716553e-01,-5.581830143928527832e-01,3.513710498809814453e-01,-6.803081631660461426e-01,-1.538066983222961426e+00,4.124449789524078369e-01,-1.023236438632011414e-01,4.018537327647209167e-02,-7.003912925720214844e-01,-5.338835716247558594e-01,9.596160054206848145e-01,-1.738130450248718262e+00,-4.068104326725006104e-01,2.961531467735767365e-02,1.616507321596145630e-01
5.721312016248703003e-02,3.599449396133422852e-01,7.316001653671264648e-01,1.023945305496454239e-02,3.169283270835876465e-02,7.356641292572021484e-01,6.765272021293640137e-01,-8.552477955818176270e-01,3.554219305515289307e-01,-4.911747947335243225e-02,1.229652404785156250e+00,-3.012782633304595947e-01,-2.771380171179771423e-02,-5.371724367141723633e-01,-6.053428649902343750e-01,-2.660612463951110840e-01,1.145205140113830566e+00,-3.143906593322753906e-01,1.453389227390289307e-01,1.455070823431015015e-01,1.866665184497833252e-01,-3.502587676048278809e-01,-5.273370742797851562e-01,3.985651433467864990e-01,-6.973822116851806641e-01,-1.610497593879699707e+00,4.383364915847778320e-01,-1.330992728471755981e-01,4.270307347178459167e-02,-6.007488965988159180e-01,-5.782660245895385742e-01,9.634353518486022949e-01,-1.840130448341369629e+00,-4.245319068431854248e-01,8.618051186203956604e-03,1.597994267940521240e-01
6.755380332469940186e-02,3.503138422966003418e-01,7.209388017654418945e-01,2.144015394151210785e-02,3.778874874114990234e-02,7.266154885292053223e-01,6.856691837310791016e-01,-7.532477974891662598e-01,3.653670549392700195e-01,-4.156808927655220032e-02,1.251726031303405762e+00,-3.398498296737670898e-01,-1.096623390913009644e-02,-6.091841459274291992e-01,-6.000054478645324707e-01,-1.892284154891967773e-01,1.219036817550659180e+00,-3.762862086296081543e-01,1.062553450465202332e-01,9.763316065073013306e-02,1.794316023588180542e-01,-2.942450642585754395e-01,-4.253370463848114014e-01,4.732706248760223389e-01,-6.570663452148437500e-01,-1.712497591972351074e+00,4.495874941349029541e-01,-1.719746291637420654e-01,4.877672344446182251e-02,-4.987488985061645508e-01,-6.802660822868347168e-01,9.178487062454223633e-01,-1.942130446434020996e+00,-3.883630633354187012e-01,-2.008251659572124481e-02,1.956534832715988159e-01
7.382990419864654541e-02,3.381235301494598389e-01,7.071881294250488281e-01,1.875463686883449554e-02,4.118655994534492493e-02,7.206407189369201660e-01,6.918300986289978027e-01,-7.600015401840209961e-01,3.741155862808227539e-01,-4.598945006728172302e-02,1.269364953041076660e+00,-3.871097862720489502e-01,6.268989760428667068e-03,-6.767334342002868652e-01,-5.785830616950988770e-01,-1.350494921207427979e-01,1.260984659194946289e+00,-4.268554449081420898e-01,8.298468589782714844e-02,5.880378559231758118e-02,2.303683608770370483e-01,-2.571408152580261230e-01,-3.620605170726776123e-01,5.752706527709960938e-01,-6.173583269119262695e-01,-1.814497590065002441e+00,3.992497026920318604e-01,-2.135782986879348755e-01,3.299063071608543396e-02,-3.967489004135131836e-01,-7.528038024902343750e-01,8.158487081527709961e-01,-2.044130325317382812e+00,-3.476863503456115723e-01,-5.483875796198844910e-02,2.133581936359405518e-01
7.486422359943389893e-02,3.285687565803527832e-01,6.904957294464111328e-01,2.401244826614856720e-02,3.565968573093414307e-02,7.167443633079528809e-01,6.960095763206481934e-01,-7.780212163925170898e-01,3.801611661911010742e-01,-5.082886666059494019e-02,1.302179932594299316e+00,-4.275659024715423584e-01,2.021237462759017944e-02,-7.200093269348144531e-01,-5.662779808044433594e-01,-8.934229612350463867e-02,1.308578848838806152e+00,-4.774417877197265625e-01,7.014647126197814941e-02,4.063193872570991516e-02,2.445263862609863281e-01,-2.051172852516174316e-01,-2.947878837585449219e-01,6.206680536270141602e-01,-6.253624558448791504e-01,-1.864220857620239258e+00,3.726281523704528809e-01,-2.278019636869430542e-01,2.549723535776138306e-02,-3.099979460239410400e-01,-7.884500026702880859e-01,8.073502779006958008e-01,-2.070455789566040039e+00,-3.428949117660522461e-01,-5.903035029768943787e-02,2.237765938043594360e-01
7.216843217611312866e-02,3.200745880603790283e-01,6.748309135437011719e-01,2.609587647020816803e-02,3.063591010868549347e-02,7.143993973731994629e-01,6.985799670219421387e-01,-8.005689978599548340e-01,3.852078020572662354e-01,-5.649337545037269592e-02,1.336328029632568359e+00,-4.714046120643615723e-01,3.223082050681114197e-02,-7.553630471229553223e-01,-5.551485419273376465e-01,-4.972521588206291199e-02,1.350582957267761230e+00,-5.206517577171325684e-01,6.183257699012756348e-02,2.995311282575130463e-02,2.538576722145080566e-01,-1.578034162521362305e-01,-2.206232845783233643e-01,6.467094421386718750e-01,-6.441133022308349609e-01,-1.891842007637023926e+00,3.607352972030639648e-01,-2.332926839590072632e-01,2.981909736990928650e-02,-2.441502809524536133e-01,-8.204965591430664062e-01,8.159391283988952637e-01,-2.071937799453735352e+00,-3.402594625949859619e-01,-5.732874944806098938e-02,2.249142676591873169e-01
6.641223281621932983e-02,3.126960098743438721e-01,6.590389013290405273e-01,2.691586874425411224e-02,2.613293007016181946e-02,7.139461636543273926e-01,6.991949081420898438e-01,-8.287416100502014160e-01,3.905537426471710205e-01,-6.293966621160507202e-02,1.376066446304321289e+00,-5.254111886024475098e-01,4.701396822929382324e-02,-7.858052253723144531e-01,-5.488722324371337891e-01,-1.521386858075857162e-02,1.388734579086303711e+00,-5.565937757492065430e-01,5.552173778414726257e-02,2.708977647125720978e-02,2.616209685802459717e-01,-1.141852512955665588e-01,-1.499324440956115723e-01,6.644495725631713867e-01,-6.661815643310546875e-01,-1.913881540298461914e+00,3.589534163475036621e-01,-2.366979569196701050e-01,3.826976567506790161e-02,-1.866988837718963623e-01,-8.435418605804443359e-01,8.242413401603698730e-01,-2.066299200057983398e+00,-3.403570950031280518e-01,-5.764242634177207947e-02,2.178204655647277832e-01
5.831060931086540222e-02,3.065410256385803223e-01,6.446211338043212891e-01,2.598429098725318909e-02,2.058865688741207123e-02,7.133754491806030273e-01,6.999974250793457031e-01,-8.584575057029724121e-01,3.950255215167999268e-01,-7.330146431922912598e-02,1.422085046768188477e+00,-5.849508047103881836e-01,6.729366630315780640e-02,-8.096913695335388184e-01,-5.433982610702514648e-01,1.242038048803806305e-02,1.418375968933105469e+00,-5.803169012069702148e-01,5.402019992470741272e-02,2.758374065160751343e-02,2.685042321681976318e-01,-7.741296291351318359e-02,-9.008482843637466431e-02,6.782726645469665527e-01,-6.889997124671936035e-01,-1.932575702667236328e+00,3.652368783950805664e-01,-2.394922971725463867e-01,4.884010553359985352e-02,-1.369365453720092773e-01,-8.585334420204162598e-01,8.300213217735290527e-01,-2.053966522216796875e+00,-3.440328836441040039e-01,-6.027334928512573242e-02,2.015277147293090820e-01
4.885908961296081543e-02,3.014455437660217285e-01,6.339019536972045898e-01,2.362591773271560669e-02,1.575229503214359283e-02,7.140502333641052246e-01,6.995183825492858887e-01,-8.875266909599304199e-01,3.962581753730773926e-01,-8.366868644952774048e-02,1.465551376342773438e+00,-6.518675088882446289e-01,8.754994720220565796e-02,-8.249136209487915039e-01,-5.415093898773193359e-01,3.010737337172031403e-02,1.435407757759094238e+00,-5.909516215324401855e-01,5.534950643777847290e-02,3.014631941914558411e-02,2.733028531074523926e-01,-4.833659902215003967e-02,-3.882331028580665588e-02,6.875483989715576172e-01,-7.116318941116333008e-01,-1.944114565849304199e+00,3.815881609916687012e-01,-2.386853992938995361e-01,6.348479539155960083e-02,-9.757676720619201660e-02,-8.663763999938964844e-01,8.364733457565307617e-01,-2.039386749267578125e+00,-3.525364995002746582e-01,-6.373700499534606934e-02,1.792135685682296753e-01
3.885215520858764648e-02,2.975006699562072754e-01,6.245181560516357422e-01,2.062387764453887939e-02,9.660131298005580902e-03,7.151131629943847656e-01,6.986376047134399414e-01,-9.145337939262390137e-01,3.945926129817962646e-01,-9.794408082962036133e-02,1.508582234382629395e+00,-7.167236804962158203e-01,1.090286895632743835e-01,-8.316742181777954102e-01,-5.423969030380249023e-01,3.840177133679389954e-02,1.444508552551269531e+00,-5.913020968437194824e-01,6.045713648200035095e-02,3.753978013992309570e-02,2.770509719848632812e-01,-2.505641058087348938e-02,-9.894822724163532257e-04,6.978014111518859863e-01,-7.319497466087341309e-01,-1.952108860015869141e+00,4.046826064586639404e-01,-2.357492893934249878e-01,7.806533575057983398e-02,-7.158514112234115601e-02,-8.766992688179016113e-01,8.446307778358459473e-01,-2.024872064590454102e+00,-3.616873323917388916e-01,-6.554807722568511963e-02,1.609257906675338745e-01
2.936098724603652954e-02,2.945888638496398926e-01,6.179860830307006836e-01,1.531146001070737839e-02,3.631676547229290009e-03,7.157242298126220703e-01,6.982057094573974609e-01,-9.384984970092773438e-01,3.895034492015838623e-01,-1.174224168062210083e-01,1.545743346214294434e+00,-7.837976217269897461e-01,1.352881938219070435e-01,-8.321965336799621582e-01,-5.400174260139465332e-01,3.915785625576972961e-02,1.442205190658569336e+00,-5.929234027862548828e-01,6.918748468160629272e-02,4.629735276103019714e-02,2.799328565597534180e-01,-6.682910490781068802e-03,2.040525339543819427e-02,7.130414247512817383e-01,-7.507336735725402832e-01,-1.959322571754455566e+00,4.344770610332489014e-01,-2.315475046634674072e-01,8.767801523208618164e-02,-5.984294041991233826e-02,-8.906113505363464355e-01,8.522365689277648926e-01,-2.014980316162109375e+00,-3.681951761245727539e-01,-6.710470467805862427e-02,1.462754160165786743e-01
2.164700254797935486e-02,2.919779419898986816e-01,6.161363124847412109e-01,8.311375975608825684e-03,-1.872050692327320576e-03,7.179008126258850098e-01,6.960932612419128418e-01,-9.604761600494384766e-01,3.832661509513854980e-01,-1.370974779129028320e-01,1.569194555282592773e+00,-8.001196384429931641e-01,1.621174812316894531e-01,-8.235168457031250000e-01,-5.381599664688110352e-01,2.609901316463947296e-02,1.427233338356018066e+00,-5.882382988929748535e-01,8.138030767440795898e-02,5.884658172726631165e-02,2.800824642181396484e-01,1.105716079473495483e-02,2.343687601387500763e-02,7.475956082344055176e-01,-7.699948549270629883e-01,-1.967630028724670410e+00,4.638971090316772461e-01,-2.221898138523101807e-01,8.722526580095291138e-02,-6.380436569452285767e-02,-9.184653759002685547e-01,8.573916554450988770e-01,-2.004668712615966797e+00,-3.707827627658843994e-01,-6.630913168191909790e-02,1.393140107393264771e-01
1.653029769659042358e-02,2.906766235828399658e-01,6.188899278640747070e-01,-2.389517794654238969e-05,-5.596033763140439987e-03,7.215251922607421875e-01,6.923655867576599121e-01,-9.788076281547546387e-01,3.752210736274719238e-01,-1.558670699596405029e-01,1.576812028884887695e+00,-8.025679588317871094e-01,1.848770529031753540e-01,-8.060053586959838867e-01,-5.399607419967651367e-01,-2.497000154107809067e-03,1.401196479797363281e+00,-5.723571777343750000e-01,9.565559029579162598e-02,7.147097587585449219e-02,2.783782482147216797e-01,2.456945367157459259e-02,3.649451304227113724e-03,8.007082939147949219e-01,-7.891530990600585938e-01,-1.976492762565612793e+00,4.949161112308502197e-01,-2.083233594894409180e-01,7.727584242820739746e-02,-8.040060847997665405e-02,-9.617343544960021973e-01,8.598908185958862305e-01,-1.988035678863525391e+00,-3.729118406772613525e-01,-6.090309843420982361e-02,1.390404254198074341e-01
1.440593972802162170e-02,2.911014854907989502e-01,6.242842674255371094e-01,-7.508398965001106262e-03,-1.001538895070552826e-02,7.261747121810913086e-01,6.873962283134460449e-01,-9.904155135154724121e-01,3.715064823627471924e-01,-1.706534773111343384e-01,1.574005126953125000e+00,-8.029351830482482910e-01,1.972150206565856934e-01,-7.776879072189331055e-01,-5.431236624717712402e-01,-4.119518399238586426e-02,1.368914365768432617e+00,-5.480861663818359375e-01,1.141090765595436096e-01,8.095691353082656860e-02,2.729663252830505371e-01,3.258791193366050720e-02,-5.316184461116790771e-02,8.826494812965393066e-01,-8.107369542121887207e-01,-1.989260196685791016e+00,5.146774053573608398e-01,-1.853640079498291016e-01,4.794807359576225281e-02,-1.125677302479743958e-01,-1.026623129844665527e+00,8.604569435119628906e-01,-1.972358226776123047e+00,-3.714233934879302979e-01,-4.647474363446235657e-02,1.572108268737792969e-01
1.623477786779403687e-02,2.931287884712219238e-01,6.325459480285644531e-01,-1.453121285885572433e-02,-1.234639342874288559e-02,7.313255667686462402e-01,6.817619204521179199e-01,-9.938493967056274414e-01,3.701447844505310059e-01,-1.796385049819946289e-01,1.557566285133361816e+00,-8.029902577400207520e-01,1.991928964853286743e-01,-7.465073466300964355e-01,-5.447966456413269043e-01,-8.047905564308166504e-02,1.332654714584350586e+00,-5.114059448242187500e-01,1.360639482736587524e-01,9.445457160472869873e-02,2.638422846794128418e-01,3.218261525034904480e-02,-1.378865838050842285e-01,9.834691286087036133e-01,-8.245459198951721191e-01,-2.009254217147827148e+00,5.157594084739685059e-01,-1.592300981283187866e-01,1.085086911916732788e-02,-1.569149941205978394e-01,-1.112262964248657227e+00,8.598251342773437500e-01,-1.962532520294189453e+00,-3.665962517261505127e-01,-2.419287525117397308e-02,1.944988369941711426e-01
2.252966538071632385e-02,2.960500419139862061e-01,6.412348747253417969e-01,-1.898206584155559540e-02,-1.169540826231241226e-02,7.379202842712402344e-01,6.745195388793945312e-01,-9.898098707199096680e-01,3.681727945804595947e-01,-1.811424195766448975e-01,1.528106570243835449e+00,-7.781763672828674316e-01,1.812437027692794800e-01,-7.177338004112243652e-01,-5.515517592430114746e-01,-1.165126562118530273e-01,1.298250198364257812e+00,-4.711854159832000732e-01,1.531249135732650757e-01,1.178722903132438660e-01,2.516837716102600098e-01,2.386396750807762146e-02,-2.398865818977355957e-01,1.085469126701354980e+00,-8.275306224822998047e-01,-2.045288324356079102e+00,4.919784367084503174e-01,-1.360054463148117065e-01,-3.423339128494262695e-02,-2.030918598175048828e-01,-1.214262962341308594e+00,8.543782234191894531e-01,-1.962863087654113770e+00,-3.582251667976379395e-01,5.173202138394117355e-03,2.504984736442565918e-01
3.412713855504989624e-02,2.989853620529174805e-01,6.475522518157958984e-01,-1.964150741696357727e-02,-8.434061892330646515e-03,7.433463931083679199e-01,6.685650348663330078e-01,-9.761533737182617188e-01,3.637568652629852295e-01,-1.814504563808441162e-01,1.490626215934753418e+00,-7.162296175956726074e-01,1.518876999616622925e-01,-6.980624198913574219e-01,-5.580960512161254883e-01,-1.414909809827804565e-01,1.278258681297302246e+00,-4.565484821796417236e-01,1.545014083385467529e-01,1.419717520475387573e-01,2.413004487752914429e-01,5.977055989205837250e-03,-3.365654945373535156e-01,1.187469124794006348e+00,-8.155853748321533203e-01,-2.091771602630615234e+00,4.517464637756347656e-01,-1.240642741322517395e-01,-7.607527077198028564e-02,-2.342634499073028564e-01,-1.316262960433959961e+00,8.438693284988403320e-01,-1.970121383666992188e+00,-3.498698770999908447e-01,3.191412240266799927e-02,3.072609007358551025e-01
5.042241141200065613e-02,3.021345436573028564e-01,6.488387584686279297e-01,-1.418812014162540436e-02,-2.812435152009129524e-03,7.484816908836364746e-01,6.629977226257324219e-01,-9.558901786804199219e-01,3.580335378646850586e-01,-1.795069724321365356e-01,1.453330278396606445e+00,-6.537942290306091309e-01,1.126217693090438843e-01,-6.840661764144897461e-01,-5.670215487480163574e-01,-1.563465744256973267e-01,1.287434339523315430e+00,-4.905103445053100586e-01,1.321155279874801636e-01,1.688650101423263550e-01,2.348471432924270630e-01,-2.406941168010234833e-02,-4.130076766014099121e-01,1.263634920120239258e+00,-7.915403842926025391e-01,-2.143357515335083008e+00,4.046792089939117432e-01,-1.271874159574508667e-01,-1.049707308411598206e-01,-2.475752681493759155e-01,-1.418262958526611328e+00,8.294871449470520020e-01,-1.984456896781921387e+00,-3.326474726200103760e-01,4.663122445344924927e-02,3.542406260967254639e-01
7.090213894844055176e-02,3.049394488334655762e-01,6.433414220809936523e-01,-2.641297178342938423e-03,2.795881591737270355e-03,7.538691759109497070e-01,6.570132970809936523e-01,-9.359174370765686035e-01,3.558265566825866699e-01,-1.752290725708007812e-01,1.426293849945068359e+00,-6.022501587867736816e-01,7.496418803930282593e-02,-6.730039119720458984e-01,-5.767049789428710938e-01,-1.618531644344329834e-01,1.325254082679748535e+00,-5.622859597206115723e-01,9.580767154693603516e-02,1.940761059522628784e-01,2.320892810821533203e-01,-6.723938882350921631e-02,-4.677865803241729736e-01,1.281710863113403320e+00,-7.662221789360046387e-01,-2.191008567810058594e+00,3.792401552200317383e-01,-1.374028474092483521e-01,-1.121977046132087708e-01,-2.482872307300567627e-01,-1.480573296546936035e+00,8.160673975944519043e-01,-2.007949352264404297e+00,-3.228126168251037598e-01,4.878586158156394958e-02,3.803567290306091309e-01
9.334138780832290649e-02,3.069444596767425537e-01,6.315463781356811523e-01,1.262107212096452713e-02,1.094383280724287033e-02,7.549309134483337402e-01,6.555914878845214844e-01,-9.144816994667053223e-01,3.572966754436492920e-01,-1.675893217325210571e-01,1.407799005508422852e+00,-5.463311076164245605e-01,3.441488370299339294e-02,-6.786668300628662109e-01,-5.878062248229980469e-01,-1.524088084697723389e-01,1.384903073310852051e+00,-6.642859578132629395e-01,3.999074921011924744e-02,2.141424417495727539e-01,2.342439889907836914e-01,-1.092155724763870239e-01,-4.987407326698303223e-01,1.255775690078735352e+00,-7.341532111167907715e-01,-2.227038621902465820e+00,3.671156764030456543e-01,-1.584920734167098999e-01,-9.137578308582305908e-02,-2.464822232723236084e-01,-1.496730685234069824e+00,8.054084181785583496e-01,-2.033969402313232422e+00,-3.248532116413116455e-01,3.763840347528457642e-02,3.762869238853454590e-01
1.164340525865554810e-01,3.067191839218139648e-01,6.193114519119262695e-01,3.026806935667991638e-02,2.029696293175220490e-02,7.537816762924194336e-01,6.561135649681091309e-01,-8.937662243843078613e-01,3.647743463516235352e-01,-1.513984799385070801e-01,1.389083981513977051e+00,-4.726490676403045654e-01,-1.536422409117221832e-02,-7.005858421325683594e-01,-5.997247695922851562e-01,-1.293670684099197388e-01,1.453649520874023438e+00,-7.662859559059143066e-01,-2.825166657567024231e-02,2.219157218933105469e-01,2.385521829128265381e-01,-1.548637151718139648e-01,-4.932854771614074707e-01,1.181316494941711426e+00,-7.005214691162109375e-01,-2.242475032806396484e+00,3.688702583312988281e-01,-1.906755715608596802e-01,-4.683660343289375305e-02,-2.435996085405349731e-01,-1.464418053627014160e+00,8.074249029159545898e-01,-2.072508335113525391e+00,-3.385142683982849121e-01,1.584583707153797150e-02,3.598473668098449707e-01
1.388125270605087280e-01,3.034486472606658936e-01,6.122454404830932617e-01,4.495700448751449585e-02,3.093460202217102051e-02,7.472140192985534668e-01,6.623390913009643555e-01,-8.707947134971618652e-01,3.766543567180633545e-01,-1.303598731756210327e-01,1.366065382957458496e+00,-3.706490695476531982e-01,-6.899115443229675293e-02,-7.425897121429443359e-01,-5.949572324752807617e-01,-8.815147727727890015e-02,1.510259747505187988e+00,-7.974929213523864746e-01,-8.939059078693389893e-02,2.170631289482116699e-01,2.438488006591796875e-01,-1.990590095520019531e-01,-4.543988704681396484e-01,1.086429357528686523e+00,-6.594118475914001465e-01,-2.232159137725830078e+00,3.555433750152587891e-01,-2.227979302406311035e-01,6.955815013498067856e-03,-2.434080094099044800e-01,-1.398653149604797363e+00,8.082945346832275391e-01,-2.115542173385620117e+00,-3.496338427066802979e-01,-1.420507114380598068e-02,3.287310004234313965e-01
1.597167551517486572e-01,2.993888854980468750e-01,6.094303131103515625e-01,6.091111153364181519e-02,4.026604816317558289e-02,7.363560795783996582e-01,6.726427078247070312e-01,-8.397310972213745117e-01,3.960811495780944824e-01,-1.012884601950645447e-01,1.341915845870971680e+00,-2.686490714550018311e-01,-1.184435561299324036e-01,-7.889558672904968262e-01,-5.777311921119689941e-01,-3.630651906132698059e-02,1.555253267288208008e+00,-8.021739125251770020e-01,-1.334284842014312744e-01,2.024369239807128906e-01,2.496037185192108154e-01,-2.305930852890014648e-01,-3.905256688594818115e-01,9.844293594360351562e-01,-6.188079714775085449e-01,-2.207807302474975586e+00,3.588255643844604492e-01,-2.477847784757614136e-01,4.918463900685310364e-02,-2.509243190288543701e-01,-1.328314304351806641e+00,8.096284866333007812e-01,-2.166669607162475586e+00,-3.454453945159912109e-01,-4.284863919019699097e-02,3.169675767421722412e-01
1.788572371006011963e-01,2.948342859745025635e-01,6.051647663116455078e-01,7.773829251527786255e-02,4.746249318122863770e-02,7.274711728096008301e-01,6.800659894943237305e-01,-8.199964165687561035e-01,4.235329627990722656e-01,-7.325680553913116455e-02,1.324128389358520508e+00,-1.947302967309951782e-01,-1.443507671356201172e-01,-8.290795087814331055e-01,-5.648086071014404297e-01,8.355282247066497803e-03,1.599796652793884277e+00,-8.028761148452758789e-01,-1.640853285789489746e-01,1.775023937225341797e-01,2.567680478096008301e-01,-2.593963146209716797e-01,-3.132249116897583008e-01,8.824293613433837891e-01,-5.729955434799194336e-01,-2.180124521255493164e+00,3.645007908344268799e-01,-2.664479911327362061e-01,1.049725785851478577e-01,-2.554603219032287598e-01,-1.249434113502502441e+00,7.940500974655151367e-01,-2.199630975723266602e+00,-3.324971497058868408e-01,-7.039032131433486938e-02,2.813852131366729736e-01
1.950174421072006226e-01,2.896732985973358154e-01,6.022319793701171875e-01,9.069590270519256592e-02,5.545907467603683472e-02,7.177435755729675293e-01,6.881444454193115234e-01,-8.178342580795288086e-01,4.538282454013824463e-01,-5.496867001056671143e-02,1.314277768135070801e+00,-1.838013678789138794e-01,-1.321939975023269653e-01,-8.691906332969665527e-01,-5.473153591156005859e-01,4.935453832149505615e-02,1.633823037147521973e+00,-8.029814362525939941e-01,-1.817955076694488525e-01,1.497720032930374146e-01,2.638610899448394775e-01,-2.801424860954284668e-01,-2.437328547239303589e-01,7.804293632507324219e-01,-5.365210771560668945e-01,-2.151443481445312500e+00,3.732944130897521973e-01,-2.756693661212921143e-01,1.603520512580871582e-01,-2.446813583374023438e-01,-1.167779088020324707e+00,7.779641151428222656e-01,-2.221949100494384766e+00,-3.254699707031250000e-01,-9.209161251783370972e-02,2.363553196191787720e-01
2.077255845069885254e-01,2.843554913997650146e-01,5.981652736663818359e-01,1.007026284933090210e-01,6.183295696973800659e-02,7.070575952529907227e-01,6.972124576568603516e-01,-8.291586041450500488e-01,4.869214594364166260e-01,-3.985445573925971985e-02,1.312860250473022461e+00,-2.198119163513183594e-01,-9.148167073726654053e-02,-9.083979725837707520e-01,-5.276572108268737793e-01,8.378212898969650269e-02,1.662168383598327637e+00,-8.029972314834594727e-01,-1.923305094242095947e-01,1.235531419515609741e-01,2.701505124568939209e-01,-2.944796979427337646e-01,-1.916299015283584595e-01,7.115164995193481445e-01,-5.175544619560241699e-01,-2.129117250442504883e+00,3.735378384590148926e-01,-2.802093029022216797e-01,1.932933479547500610e-01,-2.343718856573104858e-01,-1.116668939590454102e+00,7.747406959533691406e-01,-2.242814064025878906e+00,-3.154860138893127441e-01,-1.056350022554397583e-01,2.129097431898117065e-01
2.161890417337417603e-01,2.797856032848358154e-01,5.945477485656738281e-01,1.067150011658668518e-01,7.145515829324722290e-02,6.968274116516113281e-01,7.056469917297363281e-01,-8.343154191970825195e-01,5.048116445541381836e-01,-2.640530653297901154e-02,1.298817873001098633e+00,-2.672206759452819824e-01,-5.612137541174888611e-02,-9.530079960823059082e-01,-5.046253800392150879e-01,1.231002807617187500e-01,1.686209321022033691e+00,-8.029995560646057129e-01,-1.992441564798355103e-01,1.050977557897567749e-01,2.756475508213043213e-01,-3.000273704528808594e-01,-1.476549953222274780e-01,6.626726388931274414e-01,-5.029311180114746094e-01,-2.101397991180419922e+00,3.701632618904113770e-01,-2.812913358211517334e-01,2.276297360658645630e-01,-2.229662835597991943e-01,-1.079755067825317383e+00,7.719327807426452637e-01,-2.254309177398681641e+00,-3.021718561649322510e-01,-1.141025125980377197e-01,1.828505098819732666e-01
2.205904126167297363e-01,2.753969132900238037e-01,5.877556800842285156e-01,1.084417998790740967e-01,7.877981662750244141e-02,6.844334006309509277e-01,7.166485190391540527e-01,-8.304184675216674805e-01,5.181005597114562988e-01,-1.138178072869777679e-02,1.278554081916809082e+00,-3.038377761840820312e-01,-2.926839329302310944e-02,-1.000612616539001465e+00,-4.721666872501373291e-01,1.623367816209793091e-01,1.709366321563720703e+00,-8.029999136924743652e-01,-1.992157250642776489e-01,8.025804907083511353e-02,2.796916365623474121e-01,-3.024227023124694824e-01,-1.161424294114112854e-01,6.413339376449584961e-01,-5.003119111061096191e-01,-2.076339960098266602e+00,3.632505238056182861e-01,-2.798668146133422852e-01,2.545221745967864990e-01,-2.121689617633819580e-01,-1.063450694084167480e+00,7.734752297401428223e-01,-2.259440422058105469e+00,-2.833071947097778320e-01,-1.196446344256401062e-01,1.566544920206069946e-01
2.212905138731002808e-01,2.720827460289001465e-01,5.805442333221435547e-01,1.097047254443168640e-01,8.355438709259033203e-02,6.762059926986694336e-01,7.236912250518798828e-01,-8.198081254959106445e-01,5.251880288124084473e-01,4.937735386192798615e-03,1.260539412498474121e+00,-3.238981962203979492e-01,-1.676713116466999054e-02,-1.039080619812011719e+00,-4.476342499256134033e-01,1.947072595357894897e-01,1.731624364852905273e+00,-8.029999732971191406e-01,-1.972047537565231323e-01,5.644016712903976440e-02,2.827101647853851318e-01,-2.932177484035491943e-01,-9.405093640089035034e-02,6.314270496368408203e-01,-5.067616105079650879e-01,-2.049965620040893555e+00,3.540091216564178467e-01,-2.761392593383789062e-01,2.745673656463623047e-01,-1.990067064762115479e-01,-1.054399371147155762e+00,7.735734581947326660e-01,-2.257861137390136719e+00,-2.653035819530487061e-01,-1.243186667561531067e-01,1.312684118747711182e-01
2.189605534076690674e-01,2.695901393890380859e-01,5.725084543228149414e-01,1.091894656419754028e-01,8.847741037607192993e-02,6.696800589561462402e-01,7.292311191558837891e-01,-8.094522356986999512e-01,5.278481245040893555e-01,2.045734785497188568e-02,1.243013381958007812e+00,-3.334479331970214844e-01,-1.138832233846187592e-02,-1.074448585510253906e+00,-4.227693378925323486e-01,2.287299931049346924e-01,1.753121972084045410e+00,-8.029999732971191406e-01,-1.949107646942138672e-01,2.468325756490230560e-02,2.863316833972930908e-01,-2.824226021766662598e-01,-7.360481470823287964e-02,6.316964030265808105e-01,-5.179698467254638672e-01,-2.016424655914306641e+00,3.458207547664642334e-01,-2.672040164470672607e-01,2.948185801506042480e-01,-1.843735873699188232e-01,-1.049566984176635742e+00,7.697429060935974121e-01,-2.251233577728271484e+00,-2.473812103271484375e-01,-1.257473081350326538e-01,1.067688092589378357e-01
2.135186642408370972e-01,2.677673995494842529e-01,5.644925832748413086e-01,1.093253865838050842e-01,9.205430746078491211e-02,6.630865335464477539e-01,7.347722053527832031e-01,-7.979769706726074219e-01,5.293319225311279297e-01,3.629135340452194214e-02,1.230958580970764160e+00,-3.422893881797790527e-01,-3.928646910935640335e-03,-1.106909990310668945e+00,-4.027313292026519775e-01,2.620817124843597412e-01,1.772490739822387695e+00,-8.029999732971191406e-01,-1.918563246726989746e-01,-3.295147791504859924e-03,2.890969514846801758e-01,-2.678689956665039062e-01,-6.055571883916854858e-02,6.329212188720703125e-01,-5.288039445877075195e-01,-1.980506658554077148e+00,3.363996148109436035e-01,-2.568369507789611816e-01,3.168474733829498291e-01,-1.655747443437576294e-01,-1.042043209075927734e+00,7.687461972236633301e-01,-2.245633363723754883e+00,-2.352316826581954956e-01,-1.243378296494483948e-01,8.216352015733718872e-02
2.053756415843963623e-01,2.670255005359649658e-01,5.551514625549316406e-01,1.072541549801826477e-01,9.501370787620544434e-02,6.554177999496459961e-01,7.415500283241271973e-01,-7.868835926055908203e-01,5.306293368339538574e-01,5.080018192529678345e-02,1.221112608909606934e+00,-3.551776111125946045e-01,1.170804910361766815e-02,-1.139276862144470215e+00,-3.773080408573150635e-01,2.982827723026275635e-01,1.790622949600219727e+00,-8.029999732971191406e-01,-1.868596673011779785e-01,-4.281153157353401184e-02,2.912566065788269043e-01,-2.436804920434951782e-01,-5.057723075151443481e-02,6.578882336616516113e-01,-5.582785010337829590e-01,-1.949176192283630371e+00,3.212755024433135986e-01,-2.418149709701538086e-01,3.159371912479400635e-01,-1.463305354118347168e-01,-1.052103281021118164e+00,7.795550823211669922e-01,-2.243628978729248047e+00,-2.253150492906570435e-01,-1.156080365180969238e-01,8.079589903354644775e-02
1.936978548765182495e-01,2.681106626987457275e-01,5.481499433517456055e-01,1.051828488707542419e-01,9.663438796997070312e-02,6.489248275756835938e-01,7.473251819610595703e-01,-7.729629278182983398e-01,5.288102626800537109e-01,6.761381030082702637e-02,1.211257100105285645e+00,-3.549067676067352295e-01,1.509435381740331650e-02,-1.166103124618530273e+00,-3.608772158622741699e-01,3.321169614791870117e-01,1.802755594253540039e+00,-8.029999732971191406e-01,-1.774074733257293701e-01,-8.036366850137710571e-02,2.927076816558837891e-01,-2.084558904170989990e-01,-4.620477929711341858e-02,6.862633824348449707e-01,-5.853904485702514648e-01,-1.914796590805053711e+00,3.084256052970886230e-01,-2.247928529977798462e-01,3.196528851985931396e-01,-1.285177171230316162e-01,-1.070652365684509277e+00,7.877731323242187500e-01,-2.241108655929565430e+00,-2.167929857969284058e-01,-1.039443016052246094e-01,7.848738878965377808e-02
1.790774613618850708e-01,2.706882655620574951e-01,5.418919324874877930e-01,9.936542809009552002e-02,9.696915745735168457e-02,6.411177515983581543e-01,7.547791004180908203e-01,-7.550007700920104980e-01,5.255335569381713867e-01,8.737369626760482788e-02,1.200129032135009766e+00,-3.440543711185455322e-01,1.494980975985527039e-02,-1.187960386276245117e+00,-3.403048515319824219e-01,3.635707497596740723e-01,1.806661009788513184e+00,-8.029999732971191406e-01,-1.637137830257415771e-01,-1.316956877708435059e-01,2.945950031280517578e-01,-1.593857407569885254e-01,-5.113309994339942932e-02,7.263524532318115234e-01,-6.128564476966857910e-01,-1.881943583488464355e+00,2.995708584785461426e-01,-2.048263102769851685e-01,3.222802281379699707e-01,-1.170353367924690247e-01,-1.099264383316040039e+00,7.945907711982727051e-01,-2.239679098129272461e+00,-2.170936465263366699e-01,-8.944503962993621826e-02,8.040840923786163330e-02
1.613026708364486694e-01,2.747755348682403564e-01,5.413821935653686523e-01,9.005969762802124023e-02,9.948214888572692871e-02,6.295689940452575684e-01,7.652682065963745117e-01,-7.280663251876831055e-01,5.159894824028015137e-01,1.108994781970977783e-01,1.183272361755371094e+00,-3.073915541172027588e-01,2.793169580399990082e-03,-1.210184454917907715e+00,-3.183165192604064941e-01,3.921304643154144287e-01,1.792659640312194824e+00,-8.029999732971191406e-01,-1.435505896806716919e-01,-1.834372431039810181e-01,2.953836619853973389e-01,-9.923215210437774658e-02,-7.212686538696289062e-02,7.856946587562561035e-01,-6.407910585403442383e-01,-1.846526741981506348e+00,2.967759370803833008e-01,-1.822200119495391846e-01,3.121458292007446289e-01,-1.109167188405990601e-01,-1.137808561325073242e+00,7.923746705055236816e-01,-2.244029998779296875e+00,-2.347477674484252930e-01,-7.261239737272262573e-02,9.055577218532562256e-02
1.416605114936828613e-01,2.799147665500640869e-01,5.462123155593872070e-01,7.958502322435379028e-02,1.040831729769706726e-01,6.179556846618652344e-01,7.752184867858886719e-01,-6.996556520462036133e-01,5.053929090499877930e-01,1.348128169775009155e-01,1.151791095733642578e+00,-2.484119683504104614e-01,-2.711454965174198151e-02,-1.226583480834960938e+00,-2.975939512252807617e-01,4.197693765163421631e-01,1.761849522590637207e+00,-8.029999732971191406e-01,-1.182837784290313721e-01,-2.311403900384902954e-01,2.966859042644500732e-01,-3.672840818762779236e-02,-9.266042709350585938e-02,8.359478116035461426e-01,-6.451652050018310547e-01,-1.787643194198608398e+00,3.160727620124816895e-01,-1.580641716718673706e-01,3.180253803730010986e-01,-1.120701879262924194e-01,-1.172154426574707031e+00,7.669640183448791504e-01,-2.249850511550903320e+00,-2.717229723930358887e-01,-5.942172557115554810e-02,9.227975457906723022e-02
1.206490173935890198e-01,2.854628264904022217e-01,5.552023649215698242e-01,6.969074904918670654e-02,1.069255545735359192e-01,6.069427728652954102e-01,7.844300866127014160e-01,-6.734203100204467773e-01,5.024941563606262207e-01,1.621655821800231934e-01,1.114585161209106445e+00,-1.899424344301223755e-01,-5.173576250672340393e-02,-1.231271147727966309e+00,-2.827920615673065186e-01,4.405337274074554443e-01,1.715965032577514648e+00,-8.029999732971191406e-01,-8.832378685474395752e-02,-2.698806524276733398e-01,2.979717850685119629e-01,1.828735694289207458e-02,-1.150680184364318848e-01,8.654705286026000977e-01,-6.391395926475524902e-01,-1.703500032424926758e+00,3.607153296470642090e-01,-1.320783197879791260e-01,3.214808404445648193e-01,-1.163679510354995728e-01,-1.188378572463989258e+00,7.275919914245605469e-01,-2.253604888916015625e+00,-3.260470032691955566e-01,-4.826640337705612183e-02,8.754139393568038940e-02
9.769532829523086548e-02,2.906783819198608398e-01,5.620877742767333984e-01,5.721768364310264587e-02,1.007467508316040039e-01,5.988255143165588379e-01,7.924546003341674805e-01,-6.538446545600891113e-01,5.027840137481689453e-01,1.876299232244491577e-01,1.079636216163635254e+00,-1.544790565967559814e-01,-6.059821695089340210e-02,-1.215132832527160645e+00,-2.683259546756744385e-01,4.484629034996032715e-01,1.659312129020690918e+00,-8.029999732971191406e-01,-5.709435045719146729e-02,-3.073126375675201416e-01,2.992771565914154053e-01,6.911122053861618042e-02,-1.379218250513076782e-01,8.860217332839965820e-01,-6.327108740806579590e-01,-1.601500034332275391e+00,4.167517721652984619e-01,-1.017636135220527649e-01,3.147287666797637939e-01,-1.324055343866348267e-01,-1.193299055099487305e+00,6.802567839622497559e-01,-2.248116970062255859e+00,-3.832939267158508301e-01,-3.609007969498634338e-02,7.856655120849609375e-02
7.357892394065856934e-02,2.956423461437225342e-01,5.671318769454956055e-01,4.286390915513038635e-02,9.177193790674209595e-02,5.946540236473083496e-01,7.975758314132690430e-01,-6.462659835815429688e-01,5.027195215225219727e-01,2.079430967569351196e-01,1.050720214843750000e+00,-1.388834267854690552e-01,-6.371804326772689819e-02,-1.192578911781311035e+00,-2.657430171966552734e-01,4.415548443794250488e-01,1.598897814750671387e+00,-8.029442429542541504e-01,-2.532703801989555359e-02,-3.350512087345123291e-01,3.019334375858306885e-01,1.064079105854034424e-01,-1.627406179904937744e-01,8.958183526992797852e-01,-6.235501170158386230e-01,-1.502713799476623535e+00,4.612083137035369873e-01,-7.598598301410675049e-02,3.053855597972869873e-01,-1.471050083637237549e-01,-1.199465751647949219e+00,6.341548562049865723e-01,-2.243509531021118164e+00,-4.239831864833831787e-01,-2.514192089438438416e-02,7.639146596193313599e-02
4.852552339434623718e-02,2.999337911605834961e-01,5.678430795669555664e-01,2.621118351817131042e-02,8.049557358026504517e-02,5.924150943756103516e-01,8.011727333068847656e-01,-6.453961133956909180e-01,5.059310197830200195e-01,2.291307747364044189e-01,1.032194614410400391e+00,-1.349619477987289429e-01,-6.489389389753341675e-02,-1.168189644813537598e+00,-2.671163678169250488e-01,4.262104928493499756e-01,1.539456129074096680e+00,-7.913598418235778809e-01,1.924106385558843613e-03,-3.507328927516937256e-01,3.046058416366577148e-01,1.357955932617187500e-01,-1.888538897037506104e-01,8.920272588729858398e-01,-6.147209405899047852e-01,-1.413646936416625977e+00,4.923422336578369141e-01,-5.225087329745292664e-02,3.001529574394226074e-01,-1.640954762697219849e-01,-1.204746961593627930e+00,5.931679606437683105e-01,-2.232952594757080078e+00,-4.453325867652893066e-01,-1.118202786892652512e-02,6.795595586299896240e-02
2.417896129190921783e-02,3.035892844200134277e-01,5.606722831726074219e-01,1.138047222048044205e-02,6.743893772363662720e-02,5.927600860595703125e-01,8.024699091911315918e-01,-6.548458933830261230e-01,5.087159872055053711e-01,2.463980317115783691e-01,1.034612536430358887e+00,-1.513446271419525146e-01,-5.828422680497169495e-02,-1.149226784706115723e+00,-2.785950601100921631e-01,4.050993025302886963e-01,1.493679881095886230e+00,-7.663736343383789062e-01,2.644984796643257141e-02,-3.510069847106933594e-01,3.039435446262359619e-01,1.493187993764877319e-01,-2.106951922178268433e-01,8.783674836158752441e-01,-6.176956295967102051e-01,-1.371202349662780762e+00,5.222215056419372559e-01,-4.376282915472984314e-02,2.788009345531463623e-01,-1.617323756217956543e-01,-1.204266667366027832e+00,5.720143318176269531e-01,-2.238636493682861328e+00,-4.617703258991241455e-01,6.384814623743295670e-04,7.559310644865036011e-02
1.423291745595633984e-03,3.073688447475433350e-01,5.499637126922607422e-01,-6.223998963832855225e-03,5.139658600091934204e-02,6.004669070243835449e-01,7.979719042778015137e-01,-6.675131916999816895e-01,5.051034688949584961e-01,2.547574937343597412e-01,1.055601954460144043e+00,-1.770162582397460938e-01,-4.737228155136108398e-02,-1.116474270820617676e+00,-2.943693995475769043e-01,3.782341778278350830e-01,1.447934865951538086e+00,-7.223792672157287598e-01,6.041893362998962402e-02,-3.466891944408416748e-01,3.016831874847412109e-01,1.579215973615646362e-01,-2.367507815361022949e-01,8.658028841018676758e-01,-6.245335936546325684e-01,-1.349930524826049805e+00,5.452223420143127441e-01,-3.880937024950981140e-02,2.572148144245147705e-01,-1.652894020080566406e-01,-1.209593534469604492e+00,5.540018677711486816e-01,-2.239158868789672852e+00,-4.686254262924194336e-01,1.441049575805664062e-02,7.970376312732696533e-02
-1.746414601802825928e-02,3.106182813644409180e-01,5.414664745330810547e-01,-1.116663403809070587e-02,3.649581596255302429e-02,6.069387197494506836e-01,7.938316464424133301e-01,-6.882583498954772949e-01,5.106417536735534668e-01,2.444802671670913696e-01,1.092903852462768555e+00,-2.134491503238677979e-01,-3.007098659873008728e-02,-1.078563809394836426e+00,-3.256874084472656250e-01,3.488343060016632080e-01,1.409467220306396484e+00,-6.539005041122436523e-01,9.256388247013092041e-02,-3.301316201686859131e-01,2.989168763160705566e-01,1.617287397384643555e-01,-2.676672339439392090e-01,8.352591991424560547e-01,-6.313226222991943359e-01,-1.356439590454101562e+00,5.844511389732360840e-01,-3.647530451416969299e-02,2.409501969814300537e-01,-1.625404804944992065e-01,-1.203086495399475098e+00,5.483493804931640625e-01,-2.243446111679077148e+00,-4.719695746898651123e-01,2.548227831721305847e-02,7.816661894321441650e-02
-3.183535486459732056e-02,3.125577270984649658e-01,5.194675922393798828e-01,-1.262763328850269318e-02,1.911076530814170837e-02,6.157044172286987305e-01,7.876442074775695801e-01,-7.151999473571777344e-01,5.197355151176452637e-01,2.354949414730072021e-01,1.149112462997436523e+00,-2.733674347400665283e-01,-1.501693855971097946e-03,-1.054104208946228027e+00,-3.588815629482269287e-01,3.239687979221343994e-01,1.413647294044494629e+00,-6.224535107612609863e-01,1.012932881712913513e-01,-3.042106032371520996e-01,2.957826852798461914e-01,1.364665627479553223e-01,-2.910655438899993896e-01,7.945507764816284180e-01,-6.429933309555053711e-01,-1.388310790061950684e+00,6.105275750160217285e-01,-4.131284356117248535e-02,2.103145122528076172e-01,-1.484196633100509644e-01,-1.194747567176818848e+00,5.521569252014160156e-01,-2.263412475585937500e+00,-4.642031788825988770e-01,2.927605248987674713e-02,8.657883107662200928e-02
-4.314802214503288269e-02,3.143981099128723145e-01,5.005679130554199219e-01,-1.352475304156541824e-02,3.139097709208726883e-03,6.231058835983276367e-01,7.820142507553100586e-01,-7.485052347183227539e-01,5.271340608596801758e-01,2.041878253221511841e-01,1.213618397712707520e+00,-3.474274873733520508e-01,3.356983885169029236e-02,-1.027078390121459961e+00,-3.780483603477478027e-01,3.129635751247406006e-01,1.426412582397460938e+00,-6.128749847412109375e-01,1.109277978539466858e-01,-2.760522961616516113e-01,2.932673692703247070e-01,1.106725633144378662e-01,-3.172754645347595215e-01,7.523042559623718262e-01,-6.528568267822265625e-01,-1.436064362525939941e+00,6.345505118370056152e-01,-4.894326999783515930e-02,1.787057518959045410e-01,-1.317863315343856812e-01,-1.182985663414001465e+00,5.607808232307434082e-01,-2.284157991409301758e+00,-4.610624909400939941e-01,3.306746482849121094e-02,9.528971463441848755e-02
-5.074037611484527588e-02,3.160649240016937256e-01,4.847191274166107178e-01,-1.084396522492170334e-02,-1.201994344592094421e-02,6.302699446678161621e-01,7.762072682380676270e-01,-7.794284224510192871e-01,5.339618921279907227e-01,1.683942824602127075e-01,1.279106497764587402e+00,-4.081397652626037598e-01,5.809248238801956177e-02,-1.002825856208801270e+00,-4.025567471981048584e-01,2.983481884002685547e-01,1.448433756828308105e+00,-6.123096942901611328e-01,1.151460558176040649e-01,-2.395638227462768555e-01,2.911850810050964355e-01,9.233348816633224487e-02,-3.433761298656463623e-01,7.116134166717529297e-01,-6.624471545219421387e-01,-1.488074541091918945e+00,6.520390510559082031e-01,-5.660956352949142456e-02,1.470363140106201172e-01,-1.107118502259254456e-01,-1.167831897735595703e+00,5.722454786300659180e-01,-2.309873819351196289e+00,-4.568060338497161865e-01,3.571167960762977600e-02,1.127573400735855103e-01
-5.440863594412803650e-02,3.168205320835113525e-01,4.696951806545257568e-01,-8.457733318209648132e-03,-2.455502003431320190e-02,6.370624899864196777e-01,7.703745365142822266e-01,-8.103262782096862793e-01,5.372985005378723145e-01,1.291757375001907349e-01,1.338759779930114746e+00,-4.571520388126373291e-01,7.538367062807083130e-02,-9.842748641967773438e-01,-4.207743108272552490e-01,2.883331775665283203e-01,1.477407336235046387e+00,-6.269268989562988281e-01,1.104766130447387695e-01,-2.028814554214477539e-01,2.909391522407531738e-01,7.167816907167434692e-02,-3.656885325908660889e-01,6.685948967933654785e-01,-6.638201475143432617e-01,-1.546362638473510742e+00,6.528642177581787109e-01,-6.932172179222106934e-02,1.204924285411834717e-01,-8.682341128587722778e-02,-1.144368886947631836e+00,5.795430541038513184e-01,-2.334086894989013672e+00,-4.473839104175567627e-01,3.546647727489471436e-02,1.275203377008438110e-01
-5.447019636631011963e-02,3.165571987628936768e-01,4.545724689960479736e-01,-7.083106786012649536e-03,-3.430336713790893555e-02,6.420901417732238770e-01,7.658285498619079590e-01,-8.422326445579528809e-01,5.404947400093078613e-01,8.897457271814346313e-02,1.392613172531127930e+00,-4.952528476715087891e-01,8.805973827838897705e-02,-9.759746193885803223e-01,-4.302783608436584473e-01,2.847700715065002441e-01,1.510483980178833008e+00,-6.591938138008117676e-01,9.887778759002685547e-02,-1.707908511161804199e-01,2.930919229984283447e-01,5.274613201618194580e-02,-3.795436024665832520e-01,6.339064836502075195e-01,-6.617646217346191406e-01,-1.611235618591308594e+00,6.369242668151855469e-01,-8.655521273612976074e-02,9.615321457386016846e-02,-6.437726318836212158e-02,-1.120288968086242676e+00,5.833680033683776855e-01,-2.346628665924072266e+00,-4.367221295833587646e-01,3.516579046845436096e-02,1.388121396303176880e-01
-5.146394670009613037e-02,3.155149817466735840e-01,4.415535032749176025e-01,-5.983742419630289078e-03,-4.037340730428695679e-02,6.456683278083801270e-01,7.625264525413513184e-01,-8.716164231300354004e-01,5.421378612518310547e-01,5.295959860086441040e-02,1.437567353248596191e+00,-5.081351399421691895e-01,8.887910842895507812e-02,-9.778413772583007812e-01,-4.354700744152069092e-01,2.852528691291809082e-01,1.546012997627258301e+00,-7.009634971618652344e-01,8.143261075019836426e-02,-1.407157778739929199e-01,2.956437766551971436e-01,4.201018810272216797e-02,-3.796091675758361816e-01,6.101821660995483398e-01,-6.599667668342590332e-01,-1.669061422348022461e+00,6.186195015907287598e-01,-1.010562032461166382e-01,7.875732332468032837e-02,-4.237990826368331909e-02,-1.094467401504516602e+00,5.860330462455749512e-01,-2.348441362380981445e+00,-4.301866590976715088e-01,3.627429530024528503e-02,1.429705321788787842e-01
-4.527518525719642639e-02,3.133753836154937744e-01,4.299431741237640381e-01,-5.331681109964847565e-03,-4.355427995324134827e-02,6.473801136016845703e-01,7.609031200408935547e-01,-8.982427120208740234e-01,5.447116494178771973e-01,2.021620050072669983e-02,1.472614407539367676e+00,-5.029354691505432129e-01,8.337485790252685547e-02,-9.898717403411865234e-01,-4.361110925674438477e-01,2.869879007339477539e-01,1.583756446838378906e+00,-7.449589371681213379e-01,6.302298605442047119e-02,-1.159240677952766418e-01,2.996094822883605957e-01,3.133611381053924561e-02,-3.716713786125183105e-01,6.004112958908081055e-01,-6.589287519454956055e-01,-1.723988533020019531e+00,5.915300250053405762e-01,-1.149195134639739990e-01,6.736212968826293945e-02,-2.186584472656250000e-02,-1.078331828117370605e+00,5.856691002845764160e-01,-2.348377466201782227e+00,-4.216537475585937500e-01,3.925738111138343811e-02,1.443996280431747437e-01
-3.715490177273750305e-02,3.103527426719665527e-01,4.235711991786956787e-01,-4.653388634324073792e-03,-4.376457631587982178e-02,6.485369205474853516e-01,7.599098086357116699e-01,-9.174261689186096191e-01,5.484048128128051758e-01,-5.507613532245159149e-04,1.491922378540039062e+00,-4.745585918426513672e-01,6.481578201055526733e-02,-1.004857063293457031e+00,-4.351221323013305664e-01,2.865112721920013428e-01,1.615608096122741699e+00,-7.881724238395690918e-01,4.562405496835708618e-02,-9.273164719343185425e-02,3.021215200424194336e-01,2.210728824138641357e-02,-3.594886064529418945e-01,6.053266525268554688e-01,-6.568433046340942383e-01,-1.772044658660888672e+00,5.527657270431518555e-01,-1.275856196880340576e-01,6.141337752342224121e-02,-2.513553947210311890e-03,-1.073422074317932129e+00,5.862510800361633301e-01,-2.345868825912475586e+00,-4.096171557903289795e-01,4.419728741049766541e-02,1.447014361619949341e-01
-2.778387069702148438e-02,3.064396083354949951e-01,4.227798879146575928e-01,-4.007013048976659775e-03,-3.880070149898529053e-02,6.486494541168212891e-01,7.600870728492736816e-01,-9.282978177070617676e-01,5.476576685905456543e-01,-9.106117300689220428e-03,1.493289828300476074e+00,-4.152117371559143066e-01,3.102269768714904785e-02,-1.026038289070129395e+00,-4.328721761703491211e-01,2.865291535854339600e-01,1.639889955520629883e+00,-8.007758259773254395e-01,2.739390358328819275e-02,-7.100935280323028564e-02,3.032113015651702881e-01,1.576596684753894806e-02,-3.361419141292572021e-01,6.216836571693420410e-01,-6.538846492767333984e-01,-1.824134707450866699e+00,5.068184733390808105e-01,-1.427016407251358032e-01,5.894155427813529968e-02,1.423226669430732727e-02,-1.077648639678955078e+00,5.872790813446044922e-01,-2.341606616973876953e+00,-3.937953412532806396e-01,4.585317522287368774e-02,1.443556100130081177e-01
-1.811727695167064667e-02,3.021537363529205322e-01,4.267474114894866943e-01,-1.140593551099300385e-03,-3.188597038388252258e-02,6.475866436958312988e-01,7.613235116004943848e-01,-9.259869456291198730e-01,5.431163907051086426e-01,-5.208572838455438614e-03,1.481147527694702148e+00,-3.319630026817321777e-01,-1.363746915012598038e-02,-1.046987533569335938e+00,-4.286433160305023193e-01,2.889191806316375732e-01,1.655612468719482422e+00,-8.026663661003112793e-01,1.271886751055717468e-02,-5.223784595727920532e-02,3.038053810596466064e-01,8.695722557604312897e-03,-3.084130585193634033e-01,6.534103751182556152e-01,-6.469410657882690430e-01,-1.880132555961608887e+00,4.573702216148376465e-01,-1.585588455200195312e-01,5.870071053504943848e-02,2.191504463553428650e-02,-1.092197895050048828e+00,5.906115770339965820e-01,-2.340439558029174805e+00,-3.802777528762817383e-01,4.425796493887901306e-02,1.490436941385269165e-01
-9.402296505868434906e-03,2.982198596000671387e-01,4.354883730411529541e-01,2.917111618444323540e-03,-2.389709465205669403e-02,6.461897492408752441e-01,7.627969980239868164e-01,-9.131148457527160645e-01,5.357538461685180664e-01,8.668704889714717865e-03,1.457630991935729980e+00,-2.410131841897964478e-01,-6.325042992830276489e-02,-1.063130259513854980e+00,-4.262891411781311035e-01,2.896771728992462158e-01,1.660355687141418457e+00,-8.029499650001525879e-01,7.221716456115245819e-03,-4.095731675624847412e-02,3.049381971359252930e-01,2.392748501733876765e-05,-2.838961482048034668e-01,6.980652213096618652e-01,-6.430135369300842285e-01,-1.930735349655151367e+00,4.140466749668121338e-01,-1.713365018367767334e-01,5.795070156455039978e-02,2.339394949376583099e-02,-1.106830120086669922e+00,5.966624021530151367e-01,-2.342429637908935547e+00,-3.733383417129516602e-01,3.902338072657585144e-02,1.570003777742385864e-01
-2.483519725501537323e-03,2.950156629085540771e-01,4.444227516651153564e-01,9.054237976670265198e-03,-1.552700437605381012e-02,6.446018218994140625e-01,7.643071413040161133e-01,-8.973301053047180176e-01,5.232477784156799316e-01,2.217060141265392303e-02,1.434678316116333008e+00,-1.478913873434066772e-01,-1.160791516304016113e-01,-1.078117012977600098e+00,-4.274467825889587402e-01,2.945138216018676758e-01,1.662434935569763184e+00,-7.989058494567871094e-01,7.446602918207645416e-03,-3.408382833003997803e-02,3.076650202274322510e-01,-7.760694250464439392e-03,-2.598620951175689697e-01,7.627232074737548828e-01,-6.401593089103698730e-01,-1.980723619461059570e+00,3.753546774387359619e-01,-1.804015040397644043e-01,5.491776019334793091e-02,1.027549523860216141e-02,-1.133359551429748535e+00,5.976924896240234375e-01,-2.352965116500854492e+00,-3.623737394809722900e-01,2.726956270635128021e-02,1.691774278879165649e-01
1.322628231719136238e-03,2.918636500835418701e-01,4.492022097110748291e-01,1.417804602533578873e-02,-6.726592313498258591e-03,6.414071321487426758e-01,7.670401930809020996e-01,-8.877230882644653320e-01,5.038225650787353516e-01,2.048432454466819763e-02,1.413131594657897949e+00,-6.134189292788505554e-02,-1.693729013204574585e-01,-1.099310159683227539e+00,-4.244883954524993896e-01,3.091441690921783447e-01,1.664399623870849609e+00,-7.826641798019409180e-01,1.657884754240512848e-02,-3.014424443244934082e-02,3.102735280990600586e-01,-6.970421411097049713e-03,-2.386773973703384399e-01,8.647232055664062500e-01,-6.394550204277038574e-01,-2.061069011688232422e+00,3.475648462772369385e-01,-1.898302137851715088e-01,3.019760362803936005e-02,-2.276503667235374451e-02,-1.176025986671447754e+00,5.902054905891418457e-01,-2.355204820632934570e+00,-3.454748690128326416e-01,-1.212978037074208260e-03,2.026058286428451538e-01
1.941845519468188286e-03,2.897445559501647949e-01,4.489681422710418701e-01,1.665818877518177032e-02,2.865592017769813538e-03,6.384702920913696289e-01,7.694607973098754883e-01,-8.959202170372009277e-01,4.793933331966400146e-01,-6.867902819067239761e-03,1.399780273437500000e+00,-1.562619209289550781e-02,-2.173803448677062988e-01,-1.126559495925903320e+00,-4.178960025310516357e-01,3.332137167453765869e-01,1.669552087783813477e+00,-7.671388387680053711e-01,3.191015496850013733e-02,-2.842991799116134644e-02,3.134410381317138672e-01,9.383213706314563751e-03,-2.161373049020767212e-01,9.667232632637023926e-01,-6.316574811935424805e-01,-2.159336805343627930e+00,3.399204909801483154e-01,-1.956932693719863892e-01,-1.014187932014465332e-02,-7.110546529293060303e-02,-1.235004782676696777e+00,5.747562050819396973e-01,-2.355540752410888672e+00,-3.200662434101104736e-01,-3.638895601034164429e-02,2.599597275257110596e-01
1.807419030228629708e-04,2.890270650386810303e-01,4.361995160579681396e-01,1.235474366694688797e-02,1.043151784688234329e-02,6.360901594161987305e-01,7.714453339576721191e-01,-9.388884902000427246e-01,4.709170162677764893e-01,-5.513176694512367249e-02,1.413165688514709473e+00,-4.876377061009407043e-02,-2.212516069412231445e-01,-1.162201523780822754e+00,-4.011966288089752197e-01,3.641302585601806641e-01,1.690388321876525879e+00,-7.770829200744628906e-01,4.761864617466926575e-02,-4.041903093457221985e-02,3.139161467552185059e-01,4.532481729984283447e-02,-1.933388411998748779e-01,1.068723201751708984e+00,-6.103892922401428223e-01,-2.261141300201416016e+00,3.623464703559875488e-01,-1.965831518173217773e-01,-5.764569714665412903e-02,-1.156454309821128845e-01,-1.294429302215576172e+00,5.440956354141235352e-01,-2.355591058731079102e+00,-3.072220981121063232e-01,-7.032363861799240112e-02,3.046528697013854980e-01
-3.638841211795806885e-03,2.896281778812408447e-01,4.167545139789581299e-01,7.398864720016717911e-03,8.242070674896240234e-03,6.369443535804748535e-01,7.708302140235900879e-01,-1.009167432785034180e+00,4.931020736694335938e-01,-9.655439108610153198e-02,1.460909128189086914e+00,-1.434464156627655029e-01,-1.666620224714279175e-01,-1.185456514358520508e+00,-3.927580714225769043e-01,3.828016519546508789e-01,1.720757603645324707e+00,-7.988868355751037598e-01,6.497108191251754761e-02,-4.957058653235435486e-02,3.139874339103698730e-01,1.049566864967346191e-01,-1.747673898935317993e-01,1.170723199844360352e+00,-5.844399929046630859e-01,-2.334092617034912109e+00,4.355975687503814697e-01,-1.856396198272705078e-01,-9.371789544820785522e-02,-1.474895477294921875e-01,-1.309293150901794434e+00,5.067240595817565918e-01,-2.355598688125610352e+00,-3.234726786613464355e-01,-9.529647976160049438e-02,3.195822536945343018e-01
-9.643515571951866150e-03,2.910406887531280518e-01,3.938578665256500244e-01,1.049724523909389973e-03,-2.102578291669487953e-03,6.392551064491271973e-01,7.689911723136901855e-01,-1.101924777030944824e+00,5.293617248535156250e-01,-1.322280615568161011e-01,1.536311149597167969e+00,-2.454464137554168701e-01,-7.121640443801879883e-02,-1.194444894790649414e+00,-3.926565647125244141e-01,3.871841430664062500e-01,1.750629067420959473e+00,-8.023830056190490723e-01,8.270125091075897217e-02,-5.088964104652404785e-02,3.139981031417846680e-01,1.742184013128280640e-01,-1.646977514028549194e-01,1.272723197937011719e+00,-5.547767877578735352e-01,-2.348465919494628906e+00,5.375975370407104492e-01,-1.819497048854827881e-01,-1.244841888546943665e-01,-1.695195436477661133e-01,-1.283254027366638184e+00,4.732291698455810547e-01,-2.355599880218505859e+00,-3.721430003643035889e-01,-1.015563160181045532e-01,3.181113004684448242e-01
-1.689957268536090851e-02,2.926577031612396240e-01,3.700610101222991943e-01,-6.032089702785015106e-03,-1.484470255672931671e-02,6.438673138618469238e-01,7.649693489074707031e-01,-1.188909769058227539e+00,5.436404943466186523e-01,-1.692621558904647827e-01,1.614492297172546387e+00,-3.474464118480682373e-01,3.694976679980754852e-03,-1.195087432861328125e+00,-4.010430872440338135e-01,3.845598995685577393e-01,1.778632521629333496e+00,-8.029074668884277344e-01,9.160100668668746948e-02,-4.418402910232543945e-02,3.139997124671936035e-01,2.326030433177947998e-01,-1.740234196186065674e-01,1.341288685798645020e+00,-5.278885364532470703e-01,-2.353348016738891602e+00,6.277865767478942871e-01,-1.887131929397583008e-01,-1.486891210079193115e-01,-1.850896030664443970e-01,-1.228653907775878906e+00,4.540648162364959717e-01,-2.355599880218505859e+00,-4.153559505939483643e-01,-1.039130091667175293e-01,3.126792609691619873e-01
-2.391473762691020966e-02,2.946606874465942383e-01,3.472076356410980225e-01,-1.016845833510160446e-02,-2.719761244952678680e-02,6.483281850814819336e-01,7.608070969581604004e-01,-1.260510325431823730e+00,5.478562712669372559e-01,-2.022899836301803589e-01,1.693885445594787598e+00,-4.494464099407196045e-01,4.362971708178520203e-02,-1.195307374000549316e+00,-4.166740775108337402e-01,3.830784261226654053e-01,1.808139562606811523e+00,-8.029861450195312500e-01,9.368314594030380249e-02,-3.517773002386093140e-02,3.139999508857727051e-01,2.682146728038787842e-01,-1.898205876350402832e-01,1.346854448318481445e+00,-5.059481263160705566e-01,-2.355262279510498047e+00,6.738283038139343262e-01,-2.025121450424194336e-01,-1.574760377407073975e-01,-1.937170773744583130e-01,-1.170560598373413086e+00,4.518911838531494141e-01,-2.355599880218505859e+00,-4.422557651996612549e-01,-1.078252941370010376e-01,3.101092278957366943e-01
-3.139373660087585449e-02,2.968928813934326172e-01,3.237729966640472412e-01,-1.839260198175907135e-02,-3.821858018636703491e-02,6.511356830596923828e-01,7.577753067016601562e-01,-1.334946870803833008e+00,5.477403998374938965e-01,-2.450583428144454956e-01,1.773784041404724121e+00,-5.290800333023071289e-01,8.222246915102005005e-02,-1.198246121406555176e+00,-4.263217151165008545e-01,3.830438554286956787e-01,1.834143519401550293e+00,-8.029979467391967773e-01,9.275567531585693359e-02,-2.410783804953098297e-02,3.139999806880950928e-01,2.924088537693023682e-01,-2.126518040895462036e-01,1.317523479461669922e+00,-4.875500798225402832e-01,-2.355549335479736328e+00,6.993596553802490234e-01,-2.225114256143569946e-01,-1.653077602386474609e-01,-1.908510774374008179e-01,-1.108878970146179199e+00,4.518266320228576660e-01,-2.355599880218505859e+00,-4.550274908542633057e-01,-1.098363474011421204e-01,3.006016016006469727e-01
-3.839972242712974548e-02,2.993201911449432373e-01,3.061883151531219482e-01,-2.728576026856899261e-02,-4.683690145611763000e-02,6.534155011177062988e-01,7.550562620162963867e-01,-1.399750471115112305e+00,5.411725044250488281e-01,-2.878708243370056152e-01,1.841434478759765625e+00,-5.765264630317687988e-01,1.061865165829658508e-01,-1.200525403022766113e+00,-4.367197453975677490e-01,3.788494765758514404e-01,1.850921273231506348e+00,-8.029996752738952637e-01,9.159717708826065063e-02,-8.695206604897975922e-03,3.140000104904174805e-01,3.089706003665924072e-01,-2.380406260490417480e-01,1.275478124618530273e+00,-4.743095934391021729e-01,-2.355592489242553711e+00,7.062889337539672852e-01,-2.460792064666748047e-01,-1.722504049539566040e-01,-1.835626214742660522e-01,-1.063069701194763184e+00,4.479847252368927002e-01,-2.355600118637084961e+00,-4.457119405269622803e-01,-1.117392703890800476e-01,2.932070493698120117e-01
-4.462942853569984436e-02,3.016926348209381104e-01,2.863850891590118408e-01,-3.641328588128089905e-02,-5.664606392383575439e-02,6.572937965393066406e-01,7.506198883056640625e-01,-1.466462850570678711e+00,5.262427926063537598e-01,-3.392772972583770752e-01,1.905514955520629883e+00,-6.263604760169982910e-01,1.315356940031051636e-01,-1.200169086456298828e+00,-4.486001729965209961e-01,3.740878105163574219e-01,1.869967103004455566e+00,-8.029999732971191406e-01,8.936880528926849365e-02,1.168033108115196228e-02,3.140000104904174805e-01,3.200643658638000488e-01,-2.655226886272430420e-01,1.209952116012573242e+00,-4.680013954639434814e-01,-2.355598926544189453e+00,6.935151815414428711e-01,-2.770288586616516113e-01,-1.740894615650177002e-01,-1.586939841508865356e-01,-1.026327967643737793e+00,4.369824826717376709e-01,-2.355600118637084961e+00,-4.166839718818664551e-01,-1.153550371527671814e-01,2.790898084640502930e-01
-5.111039802432060242e-02,3.040236234664916992e-01,2.719363868236541748e-01,-4.379984363913536072e-02,-6.472907215356826782e-02,6.589039564132690430e-01,7.481559514999389648e-01,-1.513611078262329102e+00,5.061174035072326660e-01,-3.827567100524902344e-01,1.956386327743530273e+00,-6.651170849800109863e-01,1.538731902837753296e-01,-1.196387171745300293e+00,-4.539514482021331787e-01,3.725761175155639648e-01,1.879681825637817383e+00,-8.029999732971191406e-01,8.395320177078247070e-02,2.506756410002708435e-02,3.140000104904174805e-01,3.199614584445953369e-01,-2.828139662742614746e-01,1.150120377540588379e+00,-4.644599258899688721e-01,-2.355599880218505859e+00,6.712244153022766113e-01,-2.964253723621368408e-01,-1.617271602153778076e-01,-1.322809010744094849e-01,-9.962521195411682129e-01,4.297255873680114746e-01,-2.355600118637084961e+00,-3.901275396347045898e-01,-1.071717217564582825e-01,2.591471076011657715e-01
-5.731310322880744934e-02,3.070282042026519775e-01,2.651416957378387451e-01,-5.269161984324455261e-02,-6.820541620254516602e-02,6.622343063354492188e-01,7.443233728408813477e-01,-1.549999117851257324e+00,4.853025376796722412e-01,-4.104529619216918945e-01,1.989766716957092285e+00,-6.939234137535095215e-01,1.690907627344131470e-01,-1.186812996864318848e+00,-4.601007401943206787e-01,3.663638830184936523e-01,1.878864169120788574e+00,-8.029999732971191406e-01,7.816525548696517944e-02,3.749860823154449463e-02,3.140000104904174805e-01,3.202441036701202393e-01,-2.861541211605072021e-01,1.092479705810546875e+00,-4.671878218650817871e-01,-2.355599880218505859e+00,6.443093419075012207e-01,-3.086197674274444580e-01,-1.339588612318038940e-01,-9.569494426250457764e-02,-9.673037528991699219e-01,4.213603138923645020e-01,-2.355600118637084961e+00,-3.695695400238037109e-01,-8.993683010339736938e-02,2.270103245973587036e-01
-6.349547207355499268e-02,3.108110725879669189e-01,2.659272849559783936e-01,-6.149472296237945557e-02,-6.873816251754760742e-02,6.681234240531921387e-01,7.383119463920593262e-01,-1.573252797126770020e+00,4.629652202129364014e-01,-4.199175536632537842e-01,2.007197380065917969e+00,-7.044655680656433105e-01,1.724040955305099487e-01,-1.166071653366088867e+00,-4.699304103851318359e-01,3.533514738082885742e-01,1.866876959800720215e+00,-8.029417991638183594e-01,7.076816260814666748e-02,4.935416951775550842e-02,3.140000104904174805e-01,3.202647566795349121e-01,-2.746997475624084473e-01,1.043616533279418945e+00,-4.732832014560699463e-01,-2.355599880218505859e+00,6.164999008178710938e-01,-3.078656494617462158e-01,-9.151980280876159668e-02,-6.013705581426620483e-02,-9.443585872650146484e-01,4.120437800884246826e-01,-2.355600118637084961e+00,-3.523670136928558350e-01,-6.954870373010635376e-02,1.868898719549179077e-01
-6.993091851472854614e-02,3.149052858352661133e-01,2.688501179218292236e-01,-6.969770789146423340e-02,-6.869524717330932617e-02,6.743161082267761230e-01,7.319296598434448242e-01,-1.585716962814331055e+00,4.360022842884063721e-01,-4.241407215595245361e-01,2.015940666198730469e+00,-7.182834148406982422e-01,1.788999587297439575e-01,-1.139790654182434082e+00,-4.804970920085906982e-01,3.372734785079956055e-01,1.848378539085388184e+00,-7.977038025856018066e-01,6.218661367893218994e-02,5.819780007004737854e-02,3.140000104904174805e-01,3.145871162414550781e-01,-2.455444931983947754e-01,1.001325964927673340e+00,-4.787542223930358887e-01,-2.355599880218505859e+00,5.873391628265380859e-01,-2.973138391971588135e-01,-3.699801117181777954e-02,-2.180819958448410034e-02,-9.246707558631896973e-01,4.001410305500030518e-01,-2.355599880218505859e+00,-3.387570679187774658e-01,-4.202935099601745605e-02,1.419775336980819702e-01
-7.646917551755905151e-02,3.199270367622375488e-01,2.783231437206268311e-01,-7.708448916673660278e-02,-6.785294413566589355e-02,6.811441779136657715e-01,7.249113917350769043e-01,-1.584700942039489746e+00,4.130092561244964600e-01,-4.166188240051269531e-01,2.011812686920166016e+00,-7.264604568481445312e-01,1.829167753458023071e-01,-1.102913141250610352e+00,-4.919796288013458252e-01,3.134924471378326416e-01,1.817450404167175293e+00,-7.924544215202331543e-01,5.038066580891609192e-02,6.205027922987937927e-02,3.140000104904174805e-01,3.103029727935791016e-01,-2.050912082195281982e-01,9.745150208473205566e-01,-4.881809949874877930e-01,-2.355599880218505859e+00,5.587354302406311035e-01,-2.687892019748687744e-01,2.121030725538730621e-02,1.003041304647922516e-02,-8.999744057655334473e-01,3.902822136878967285e-01,-2.333782434463500977e+00,-3.325591087341308594e-01,-1.759670116007328033e-02,9.222382307052612305e-02
-8.243019133806228638e-02,3.258458971977233887e-01,2.898637354373931885e-01,-8.374179154634475708e-02,-6.748861819505691528e-02,6.917958855628967285e-01,7.140385508537292480e-01,-1.577458739280700684e+00,3.848329782485961914e-01,-4.047408998012542725e-01,1.998622536659240723e+00,-7.451527714729309082e-01,1.887467801570892334e-01,-1.052071452140808105e+00,-5.097039937973022461e-01,2.796069383621215820e-01,1.780902147293090820e+00,-7.862178683280944824e-01,3.651535511016845703e-02,6.623153388500213623e-02,3.140000104904174805e-01,2.974915504455566406e-01,-1.631504148244857788e-01,9.428745508193969727e-01,-5.045628547668457031e-01,-2.337094306945800781e+00,5.456908345222473145e-01,-2.325644642114639282e-01,8.346292376518249512e-02,3.556319698691368103e-02,-8.727286458015441895e-01,3.848253488540649414e-01,-2.269425392150878906e+00,-3.258188366889953613e-01,4.842693451792001724e-03,3.960750624537467957e-02
-8.825474977493286133e-02,3.335737586021423340e-01,3.069529831409454346e-01,-8.978699147701263428e-02,-6.891929358243942261e-02,7.038034200668334961e-01,7.013195753097534180e-01,-1.555609226226806641e+00,3.550358414649963379e-01,-3.903223276138305664e-01,1.974604725837707520e+00,-7.612510919570922852e-01,1.960631012916564941e-01,-9.812991619110107422e-01,-5.321431159973144531e-01,2.254048436880111694e-01,1.729416608810424805e+00,-7.961086034774780273e-01,1.983721368014812469e-02,7.476182281970977783e-02,3.140000104904174805e-01,2.795228064060211182e-01,-1.272964775562286377e-01,8.941042423248291016e-01,-5.339635014533996582e-01,-2.273012399673461914e+00,5.455483794212341309e-01,-1.880307197570800781e-01,1.525931656360626221e-01,5.319111794233322144e-02,-8.378213047981262207e-01,3.933877646923065186e-01,-2.167425394058227539e+00,-3.211404681205749512e-01,2.880863659083843231e-02,-1.622591353952884674e-02
-9.275987744331359863e-02,3.433277010917663574e-01,3.324724733829498291e-01,-9.087555110454559326e-02,-7.133781909942626953e-02,7.199730277061462402e-01,6.843181848526000977e-01,-1.507786870002746582e+00,3.186422884464263916e-01,-3.702593147754669189e-01,1.929741621017456055e+00,-7.523883581161499023e-01,1.958298385143280029e-01,-8.817334771156311035e-01,-5.641736388206481934e-01,1.455108970403671265e-01,1.662382841110229492e+00,-7.958985567092895508e-01,-1.689859898760914803e-03,9.593255072832107544e-02,3.127121925354003906e-01,2.590695619583129883e-01,-1.220119297504425049e-01,8.204955458641052246e-01,-5.867602825164794922e-01,-2.171012401580810547e+00,5.655856728553771973e-01,-1.475965678691864014e-01,2.241877615451812744e-01,4.707825928926467896e-02,-7.840915918350219727e-01,4.284888505935668945e-01,-2.065425395965576172e+00,-3.304647803306579590e-01,5.162485688924789429e-02,-6.969957053661346436e-02
-9.507314860820770264e-02,3.543814420700073242e-01,3.603046834468841553e-01,-9.711052477359771729e-02,-6.701057404279708862e-02,7.356145381927490234e-01,6.670459508895874023e-01,-1.463965773582458496e+00,2.781265676021575928e-01,-3.576568067073822021e-01,1.872962832450866699e+00,-7.561098933219909668e-01,1.993300616741180420e-01,-7.873726487159729004e-01,-5.946388840675354004e-01,5.175085365772247314e-02,1.586987257003784180e+00,-7.765243053436279297e-01,-1.337695773690938950e-02,1.210564225912094116e-01,3.021811246871948242e-01,2.219258993864059448e-01,-1.308507323265075684e-01,7.375076413154602051e-01,-6.363471746444702148e-01,-2.069012403488159180e+00,6.137017011642456055e-01,-1.170855611562728882e-01,2.918460965156555176e-01,4.560830816626548767e-02,-7.172477245330810547e-01,4.579569995403289795e-01,-1.963425397872924805e+00,-3.665364384651184082e-01,8.577451109886169434e-02,-1.219547763466835022e-01
-9.501482546329498291e-02,3.667758703231811523e-01,3.933437168598175049e-01,-1.019585207104682922e-01,-5.817981809377670288e-02,7.511023879051208496e-01,6.496651172637939453e-01,-1.412805199623107910e+00,2.386727482080459595e-01,-3.457103669643402100e-01,1.797055840492248535e+00,-7.529265880584716797e-01,1.924737989902496338e-01,-6.942121982574462891e-01,-6.315516233444213867e-01,-5.024914816021919250e-02,1.496371150016784668e+00,-6.999145150184631348e-01,-1.392904389649629593e-02,1.563002169132232666e-01,2.888238728046417236e-01,1.745077520608901978e-01,-1.515797823667526245e-01,6.853986382484436035e-01,-6.759728789329528809e-01,-1.967012286186218262e+00,6.508046388626098633e-01,-9.752529859542846680e-02,3.396270275115966797e-01,3.839509561657905579e-02,-6.941778659820556641e-01,4.849903583526611328e-01,-1.861425399780273438e+00,-3.904128968715667725e-01,1.150948181748390198e-01,-1.498978883028030396e-01
-9.383334964513778687e-02,3.804834485054016113e-01,4.296345412731170654e-01,-1.014523282647132874e-01,-6.519047170877456665e-02,7.778316140174865723e-01,6.167945861816406250e-01,-1.343306303024291992e+00,1.688448488712310791e-01,-3.701785802841186523e-01,1.714399337768554688e+00,-7.321771979331970215e-01,1.723310649394989014e-01,-5.922121405601501465e-01,-6.807388067245483398e-01,-1.522491425275802612e-01,1.394371151924133301e+00,-5.979145169258117676e-01,2.710299938917160034e-02,1.829820871353149414e-01,2.498304396867752075e-01,1.549494266510009766e-01,-2.223109453916549683e-01,5.833986401557922363e-01,-7.779728770256042480e-01,-1.865012288093566895e+00,5.923719406127929688e-01,-1.246638894081115723e-01,3.380274772644042969e-01,-1.333410199731588364e-02,-5.921778678894042969e-01,5.494359135627746582e-01,-1.759425401687622070e+00,-3.321189582347869873e-01,5.852447077631950378e-02,-1.572431921958923340e-01
-9.017217159271240234e-02,3.944541513919830322e-01,4.667918384075164795e-01,-1.048469468951225281e-01,-5.160273239016532898e-02,7.859529256820678711e-01,6.071427464485168457e-01,-1.277388691902160645e+00,1.485978960990905762e-01,-3.643253147602081299e-01,1.620634078979492188e+00,-7.047348618507385254e-01,1.362535804510116577e-01,-4.902121722698211670e-01,-6.639316082000732422e-01,-2.542491555213928223e-01,1.292371153831481934e+00,-4.959145188331604004e-01,1.260875463485717773e-01,2.076828330755233765e-01,2.260668575763702393e-01,8.812686800956726074e-02,-2.832825779914855957e-01,4.813986122608184814e-01,-8.799728751182556152e-01,-1.763012290000915527e+00,5.725600123405456543e-01,-1.339159160852432251e-01,3.218491673469543457e-01,-6.585437804460525513e-02,-5.515643954277038574e-01,6.087492108345031738e-01,-1.657425403594970703e+00,-3.320302963256835938e-01,4.365103319287300110e-02,-1.334004700183868408e-01
-8.429676294326782227e-02,4.100601077079772949e-01,5.026084184646606445e-01,-1.065489724278450012e-01,-4.537783190608024597e-02,7.961732745170593262e-01,5.938823223114013672e-01,-1.200297355651855469e+00,1.309688240289688110e-01,-3.777661323547363281e-01,1.526033282279968262e+00,-6.563083529472351074e-01,9.133271127939224243e-02,-3.889474570751190186e-01,-6.042779684066772461e-01,-3.562491536140441895e-01,1.190371155738830566e+00,-3.939145207405090332e-01,2.280875444412231445e-01,2.147829085588455200e-01,1.986653804779052734e-01,3.260860219597816467e-02,-3.566167354583740234e-01,4.436924755573272705e-01,-9.655683040618896484e-01,-1.661012291908264160e+00,5.422992110252380371e-01,-1.294558197259902954e-01,2.907838821411132812e-01,-1.231963783502578735e-01,-5.754198431968688965e-01,6.889128684997558594e-01,-1.555425405502319336e+00,-3.513129353523254395e-01,4.573248326778411865e-02,-8.586008101701736450e-02
-7.616925239562988281e-02,4.257603585720062256e-01,5.395534038543701172e-01,-1.083211973309516907e-01,-4.480670765042304993e-02,8.036372661590576172e-01,5.834603309631347656e-01,-1.118761181831359863e+00,1.390166133642196655e-01,-3.878381550312042236e-01,1.424033284187316895e+00,-5.886942148208618164e-01,5.273398756980895996e-02,-3.715109229087829590e-01,-5.562527179718017578e-01,-3.861840069293975830e-01,1.088371157646179199e+00,-2.919145226478576660e-01,2.573381364345550537e-01,2.069278508424758911e-01,1.747561246156692505e-01,-1.261318102478981018e-02,-4.311692714691162109e-01,4.544655382633209229e-01,-1.045371174812316895e+00,-1.559012293815612793e+00,4.889892935752868652e-01,-1.212719902396202087e-01,2.559648752212524414e-01,-1.849391758441925049e-01,-6.226452589035034180e-01,7.823271155357360840e-01,-1.453425407409667969e+00,-3.698139190673828125e-01,5.430136993527412415e-02,-4.155496880412101746e-02
-6.618562340736389160e-02,4.407767951488494873e-01,5.654922723770141602e-01,-9.979454427957534790e-02,-4.024954140186309814e-02,8.084479570388793945e-01,5.786474943161010742e-01,-1.035293936729431152e+00,1.621911823749542236e-01,-3.674982488155364990e-01,1.323975801467895508e+00,-5.050629377365112305e-01,1.914828829467296600e-02,-3.710601329803466797e-01,-5.387093424797058105e-01,-4.036188721656799316e-01,9.863711595535278320e-01,-1.899145245552062988e-01,2.617257237434387207e-01,1.961947828531265259e-01,1.500917375087738037e-01,-5.395865440368652344e-02,-4.980801045894622803e-01,4.607280194759368896e-01,-1.120734691619873047e+00,-1.457012295722961426e+00,4.442166388034820557e-01,-1.008157879114151001e-01,2.016392946243286133e-01,-2.578437030315399170e-01,-6.745260357856750488e-01,8.843271136283874512e-01,-1.351425409317016602e+00,-3.790182173252105713e-01,7.037787884473800659e-02,1.950706355273723602e-02
-5.371095240116119385e-02,4.545185267925262451e-01,5.805563926696777344e-01,-8.107616007328033447e-02,-3.244782611727714539e-02,8.108810186386108398e-01,5.786585807800292969e-01,-9.490513801574707031e-01,1.901177018880844116e-01,-3.192241191864013672e-01,1.232161283493041992e+00,-4.236754775047302246e-01,-1.570713706314563751e-02,-3.634916841983795166e-01,-5.357073545455932617e-01,-4.159884750843048096e-01,8.843711614608764648e-01,-8.791451901197433472e-02,2.623838484287261963e-01,1.813789010047912598e-01,1.280057877302169800e-01,-8.648310601711273193e-02,-5.617242455482482910e-01,4.525548815727233887e-01,-1.181407570838928223e+00,-1.355012297630310059e+00,4.004473090171813965e-01,-8.605338633060455322e-02,1.590068191289901733e-01,-3.583451509475708008e-01,-7.393269538879394531e-01,9.863271117210388184e-01,-1.261218547821044922e+00,-3.470630943775177002e-01,8.067473024129867554e-02,7.933642715215682983e-02
-3.951242938637733459e-02,4.665927588939666748e-01,5.848689079284667969e-01,-5.907944962382316589e-02,-2.527547068893909454e-02,8.092254996299743652e-01,5.839733481407165527e-01,-8.625496029853820801e-01,2.177234590053558350e-01,-2.690165638923645020e-01,1.159235477447509766e+00,-3.338850438594818115e-01,-4.387336969375610352e-02,-3.582106530666351318e-01,-5.455489158630371094e-01,-4.191933274269104004e-01,8.650982379913330078e-01,1.408548187464475632e-02,2.624825835227966309e-01,1.701526045799255371e-01,1.154939085245132446e-01,-1.066310256719589233e-01,-6.224780678749084473e-01,4.150089025497436523e-01,-1.225419759750366211e+00,-1.253012299537658691e+00,3.730562329292297363e-01,-8.403103798627853394e-02,1.329807341098785400e-01,-4.562877416610717773e-01,-7.746427059173583984e-01,1.088327050209045410e+00,-1.274446487426757812e+00,-3.189127743244171143e-01,7.619264721870422363e-02,1.281123757362365723e-01
-2.377770096063613892e-02,4.762613177299499512e-01,5.918564796447753906e-01,-3.851525112986564636e-02,-2.265372872352600098e-02,8.020771145820617676e-01,5.955465435981750488e-01,-7.769858241081237793e-01,2.517919242382049561e-01,-2.208808958530426025e-01,1.090435624122619629e+00,-2.318850606679916382e-01,-8.828051388263702393e-02,-3.558225333690643311e-01,-5.493464469909667969e-01,-4.061121344566345215e-01,8.605611324310302734e-01,8.533827215433120728e-02,2.624973952770233154e-01,1.646435707807540894e-01,1.050060391426086426e-01,-1.261686235666275024e-01,-6.790104508399963379e-01,3.651447296142578125e-01,-1.262365937232971191e+00,-1.151012301445007324e+00,3.311633765697479248e-01,-8.574884384870529175e-02,1.127173677086830139e-01,-5.463038086891174316e-01,-7.969559431076049805e-01,1.190327048301696777e+00,-1.334231853485107422e+00,-2.932894825935363770e-01,7.300831377506256104e-02,1.677052080631256104e-01
-7.844205014407634735e-03,4.839616119861602783e-01,5.966144800186157227e-01,-1.856100000441074371e-02,-2.086810581386089325e-02,7.942583560943603516e-01,6.069380044937133789e-01,-7.037128210067749023e-01,2.794101536273956299e-01,-1.811446547508239746e-01,1.048088788986206055e+00,-1.361035257577896118e-01,-1.268617808818817139e-01,-3.612960577011108398e-01,-5.527319908142089844e-01,-3.825739026069641113e-01,8.734778761863708496e-01,6.495491415262222290e-02,2.624996006488800049e-01,1.626345515251159668e-01,9.919884800910949707e-02,-1.310648322105407715e-01,-7.025066018104553223e-01,3.005094826221466064e-01,-1.258278131484985352e+00,-1.073474407196044922e+00,2.979323863983154297e-01,-8.982233703136444092e-02,1.192377880215644836e-01,-6.241048574447631836e-01,-8.170968294143676758e-01,1.292327046394348145e+00,-1.390909790992736816e+00,-2.445086091756820679e-01,6.801196932792663574e-02,1.859829723834991455e-01
7.295631337910890579e-03,4.897800087928771973e-01,5.984312295913696289e-01,2.395676448941230774e-03,-1.559261605143547058e-02,7.867504358291625977e-01,6.170696020126342773e-01,-6.446223855018615723e-01,2.945793271064758301e-01,-1.485316902399063110e-01,1.023818492889404297e+00,-7.186604291200637817e-02,-1.663250625133514404e-01,-3.816884160041809082e-01,-5.649946928024291992e-01,-3.408976197242736816e-01,9.138337969779968262e-01,5.118318367749452591e-03,2.554864883422851562e-01,1.602512300014495850e-01,1.037918403744697571e-01,-1.326676607131958008e-01,-7.021712064743041992e-01,2.317638993263244629e-01,-1.226816415786743164e+00,-1.028642892837524414e+00,2.882182896137237549e-01,-1.075845584273338318e-01,1.373259276151657104e-01,-6.858659386634826660e-01,-8.126934766769409180e-01,1.394327044486999512e+00,-1.449644088745117188e+00,-2.001515775918960571e-01,4.617230594158172607e-02,1.860017925500869751e-01
2.099938876926898956e-02,4.939847290515899658e-01,5.949925184249877930e-01,2.079660817980766296e-02,-1.026557665318250656e-02,7.764438986778259277e-01,6.297594308853149414e-01,-6.087776422500610352e-01,3.144868910312652588e-01,-1.223068460822105408e-01,1.032219648361206055e+00,-5.348363518714904785e-02,-1.835908442735671997e-01,-4.225801527500152588e-01,-5.750722885131835938e-01,-2.818561792373657227e-01,9.767352342605590820e-01,-9.222482889890670776e-02,2.312763482332229614e-01,1.535783559083938599e-01,1.170377060770988464e-01,-1.240435540676116943e-01,-7.003815770149230957e-01,1.812460720539093018e-01,-1.190764546394348145e+00,-1.010150194168090820e+00,3.041983246803283691e-01,-1.307163387537002563e-01,1.525804996490478516e-01,-7.272286415100097656e-01,-7.940133213996887207e-01,1.452646970748901367e+00,-1.493105769157409668e+00,-1.743997484445571899e-01,2.216236852109432220e-02,1.785405725240707397e-01
3.182002902030944824e-02,4.964423179626464844e-01,5.863579511642456055e-01,3.658977895975112915e-02,-5.626863799989223480e-03,7.653918266296386719e-01,6.424989700317382812e-01,-5.953131318092346191e-01,3.340929448604583740e-01,-1.055103540420532227e-01,1.066929221153259277e+00,-6.277170777320861816e-02,-1.774300187826156616e-01,-4.772742092609405518e-01,-5.854273438453674316e-01,-2.174036949872970581e-01,1.055740952491760254e+00,-1.918024569749832153e-01,1.962861567735671997e-01,1.445450186729431152e-01,1.428739130496978760e-01,-1.139684394001960754e-01,-6.921945810317993164e-01,1.483250707387924194e-01,-1.135886549949645996e+00,-1.022259593009948730e+00,3.252312839031219482e-01,-1.623624414205551147e-01,1.621403545141220093e-01,-7.585954070091247559e-01,-7.785186171531677246e-01,1.483636379241943359e+00,-1.536133766174316406e+00,-1.485949009656906128e-01,-8.774667978286743164e-03,1.654064059257507324e-01
3.873619437217712402e-02,4.974091947078704834e-01,5.747803449630737305e-01,4.596424102783203125e-02,-2.123295562341809273e-03,7.556208968162536621e-01,6.533910632133483887e-01,-5.954590439796447754e-01,3.536253869533538818e-01,-9.173350036144256592e-02,1.105574846267700195e+00,-8.962225168943405151e-02,-1.676886379718780518e-01,-5.342165827751159668e-01,-5.889757871627807617e-01,-1.554085910320281982e-01,1.124341130256652832e+00,-2.725193500518798828e-01,1.696153134107589722e-01,1.336137056350708008e-01,1.620464771986007690e-01,-1.037549152970314026e-01,-6.653658747673034668e-01,1.331668645143508911e-01,-1.079127311706542969e+00,-1.056500196456909180e+00,3.490130305290222168e-01,-1.928261369466781616e-01,1.749130487442016602e-01,-7.574899792671203613e-01,-7.719101309776306152e-01,1.487275838851928711e+00,-1.573366880416870117e+00,-1.317556798458099365e-01,-3.165724873542785645e-02,1.440275311470031738e-01
4.137568548321723938e-02,4.971797466278076172e-01,5.598824024200439453e-01,5.180290713906288147e-02,3.541337791830301285e-04,7.489234209060668945e-01,6.606285572052001953e-01,-6.119808554649353027e-01,3.660822212696075439e-01,-9.471752494573593140e-02,1.155975937843322754e+00,-1.395084410905838013e-01,-1.526958495378494263e-01,-5.895409584045410156e-01,-5.924746990203857422e-01,-1.006547957658767700e-01,1.192646145820617676e+00,-3.465914428234100342e-01,1.428146362304687500e-01,1.169652491807937622e-01,1.853073537349700928e-01,-8.831365406513214111e-02,-6.178159713745117188e-01,1.255117952823638916e-01,-1.007885575294494629e+00,-1.115151762962341309e+00,3.929815888404846191e-01,-2.238306850194931030e-01,1.926338970661163330e-01,-7.445110678672790527e-01,-7.776777744293212891e-01,1.473186492919921875e+00,-1.618170380592346191e+00,-1.190451085567474365e-01,-5.251519009470939636e-02,1.232254579663276672e-01
3.973206505179405212e-02,4.961088001728057861e-01,5.421531200408935547e-01,5.478036031126976013e-02,-2.982093137688934803e-04,7.464321255683898926e-01,6.632028818130493164e-01,-6.433485746383666992e-01,3.776332139968872070e-01,-1.064629256725311279e-01,1.215413928031921387e+00,-2.070787996053695679e-01,-1.317065805196762085e-01,-6.332840919494628906e-01,-5.983151197433471680e-01,-5.913770571351051331e-02,1.253808140754699707e+00,-4.131196141242980957e-01,1.244116052985191345e-01,1.012912765145301819e-01,2.030448466539382935e-01,-7.147227972745895386e-02,-5.682353377342224121e-01,1.314283609390258789e-01,-9.525059461593627930e-01,-1.184805870056152344e+00,4.266635477542877197e-01,-2.464795112609863281e-01,2.150865793228149414e-01,-6.978212594985961914e-01,-7.950099706649780273e-01,1.421534776687622070e+00,-1.673750638961791992e+00,-1.119708493351936340e-01,-7.155141234397888184e-02,9.133438766002655029e-02
3.423991426825523376e-02,4.946719706058502197e-01,5.224519968032836914e-01,5.304259434342384338e-02,-4.455082118511199951e-03,7.466396689414978027e-01,6.630956530570983887e-01,-6.888949275016784668e-01,3.877905905246734619e-01,-1.309559792280197144e-01,1.289094567298889160e+00,-2.989658117294311523e-01,-9.592969715595245361e-02,-6.655504107475280762e-01,-5.992032289505004883e-01,-2.668738178908824921e-02,1.303864121437072754e+00,-4.782246947288513184e-01,1.137914583086967468e-01,8.589968830347061157e-02,2.173024266958236694e-01,-4.605508968234062195e-02,-5.142486691474914551e-01,1.388632506132125854e-01,-9.049239158630371094e-01,-1.253045797348022461e+00,4.571133553981781006e-01,-2.620375752449035645e-01,2.401756942272186279e-01,-6.316159963607788086e-01,-8.280171751976013184e-01,1.342464685440063477e+00,-1.735462784767150879e+00,-1.093473508954048157e-01,-8.181653171777725220e-02,5.794767290353775024e-02
2.604358829557895660e-02,4.932078421115875244e-01,5.049941539764404297e-01,4.914161935448646545e-02,-8.939917199313640594e-03,7.493335008621215820e-01,6.603063941001892090e-01,-7.382251024246215820e-01,3.917565643787384033e-01,-1.588903963565826416e-01,1.360382795333862305e+00,-3.903766274452209473e-01,-5.933054909110069275e-02,-6.854901909828186035e-01,-6.065189242362976074e-01,-1.190419867634773254e-02,1.340537548065185547e+00,-5.166544914245605469e-01,1.054580956697463989e-01,7.148652523756027222e-02,2.282204478979110718e-01,-1.281838770955801010e-02,-4.587799608707427979e-01,1.369921863079071045e-01,-8.644129633903503418e-01,-1.309944152832031250e+00,5.018956661224365234e-01,-2.733378112316131592e-01,2.715299725532531738e-01,-5.398727059364318848e-01,-8.621461987495422363e-01,1.240464687347412109e+00,-1.786236643791198730e+00,-1.135971918702125549e-01,-8.943808823823928833e-02,1.287336368113756180e-02
1.686259172856807709e-02,4.924948513507843018e-01,4.858647286891937256e-01,4.235156625509262085e-02,-1.647761277854442596e-02,7.511802315711975098e-01,6.585310697555541992e-01,-7.894048094749450684e-01,3.965120017528533936e-01,-1.962769776582717896e-01,1.433485984802246094e+00,-4.923766553401947021e-01,-5.262451246380805969e-03,-6.996896266937255859e-01,-6.102017760276794434e-01,-4.666718654334545135e-03,1.368757009506225586e+00,-5.661351680755615234e-01,9.919016063213348389e-02,4.717896133661270142e-02,2.406367808580398560e-01,2.481078170239925385e-02,-4.058466851711273193e-01,1.288474947214126587e-01,-8.318524360656738281e-01,-1.340201258659362793e+00,5.786176919937133789e-01,-2.712128758430480957e-01,3.040982782840728760e-01,-4.425321519374847412e-01,-8.728643655776977539e-01,1.138464570045471191e+00,-1.800541162490844727e+00,-1.445768028497695923e-01,-9.121179580688476562e-02,-4.364902898669242859e-02
9.801648557186126709e-03,4.901035130023956299e-01,4.781163632869720459e-01,1.182461436837911606e-02,1.662298105657100677e-03,7.529783844947814941e-01,6.579369306564331055e-01,-8.751335144042968750e-01,4.062091708183288574e-01,-2.026780545711517334e-01,1.458685755729675293e+00,-5.888153314590454102e-01,5.220095813274383545e-02,-7.554591894149780273e-01,-6.117517352104187012e-01,-1.417827140539884567e-02,1.356853723526000977e+00,-5.817952156066894531e-01,9.821427613496780396e-02,1.203177589923143387e-02,2.578511238098144531e-01,-3.185137175023555756e-03,-3.789965808391571045e-01,2.308474928140640259e-01,-7.854711413383483887e-01,-1.398046016693115234e+00,5.821498632431030273e-01,-2.856002748012542725e-01,3.153484463691711426e-01,-3.405321538448333740e-01,-8.783572912216186523e-01,1.036464571952819824e+00,-1.864964723587036133e+00,-1.463141590356826782e-01,-1.238099262118339539e-01,-1.127224415540695190e-01
4.963422194123268127e-03,4.919481873512268066e-01,4.727548062801361084e-01,3.699290100485086441e-03,6.718695512972772121e-04,7.549494504928588867e-01,6.557722091674804688e-01,-9.144450426101684570e-01,4.149566292762756348e-01,-2.100596427917480469e-01,1.487137317657470703e+00,-6.493743658065795898e-01,1.000044271349906921e-01,-7.651249766349792480e-01,-6.174534559249877930e-01,-2.794720232486724854e-02,1.353088498115539551e+00,-5.884392261505126953e-01,1.096874326467514038e-01,-3.242304082959890366e-03,2.614209353923797607e-01,9.339449927210807800e-03,-3.606610894203186035e-01,2.883082330226898193e-01,-7.852680683135986328e-01,-1.415418624877929688e+00,6.046074628829956055e-01,-2.681289017200469971e-01,3.157896995544433594e-01,-2.907903492450714111e-01,-8.936415910720825195e-01,9.344646334648132324e-01,-1.859492659568786621e+00,-1.739787012338638306e-01,-1.192492917180061340e-01,-1.570654064416885376e-01
4.337070044130086899e-03,4.960137605667114258e-01,4.761874973773956299e-01,-4.963690415024757385e-03,7.859769393689930439e-04,7.571527957916259766e-01,6.532184481620788574e-01,-9.341649413108825684e-01,4.287319481372833252e-01,-2.067890912294387817e-01,1.491384983062744141e+00,-6.701563000679016113e-01,1.324234455823898315e-01,-7.540844678878784180e-01,-6.249194741249084473e-01,-6.178982183337211609e-02,1.334411978721618652e+00,-5.654721856117248535e-01,1.344099193811416626e-01,1.025337073951959610e-02,2.583736181259155273e-01,1.523852534592151642e-02,-3.695189356803894043e-01,3.664003312587738037e-01,-8.181952834129333496e-01,-1.421088337898254395e+00,6.060693264007568359e-01,-2.378759533166885376e-01,2.983689308166503906e-01,-2.722272276878356934e-01,-9.393886923789978027e-01,8.488146662712097168e-01,-1.840506553649902344e+00,-1.974645406007766724e-01,-1.009063124656677246e-01,-1.547979712486267090e-01
9.061725810170173645e-03,5.016562342643737793e-01,4.889399707317352295e-01,-1.358837727457284927e-02,3.959888126701116562e-03,7.599127888679504395e-01,6.498709321022033691e-01,-9.360162019729614258e-01,4.485866725444793701e-01,-1.797118186950683594e-01,1.457809686660766602e+00,-6.326210498809814453e-01,1.439457982778549194e-01,-7.276486754417419434e-01,-6.295549869537353516e-01,-1.112136542797088623e-01,1.292197465896606445e+00,-4.997335970401763916e-01,1.663341820240020752e-01,5.014281347393989563e-02,2.495143860578536987e-01,8.448955602943897247e-03,-4.178619980812072754e-01,4.684003293514251709e-01,-8.623964190483093262e-01,-1.431790232658386230e+00,5.716521143913269043e-01,-2.019000798463821411e-01,2.651734650135040283e-01,-2.717562615871429443e-01,-1.022825241088867188e+00,8.128412365913391113e-01,-1.809707522392272949e+00,-2.195880115032196045e-01,-6.373023986816406250e-02,-1.046248152852058411e-01
2.043784596025943756e-02,5.085886716842651367e-01,5.043784379959106445e-01,-2.016144059598445892e-02,1.114319264888763428e-02,7.614633440971374512e-01,6.477984786033630371e-01,-9.193105697631835938e-01,4.669478535652160645e-01,-1.335533708333969116e-01,1.395123839378356934e+00,-5.621562600135803223e-01,1.388830989599227905e-01,-7.021157145500183105e-01,-6.228255033493041992e-01,-1.527194380760192871e-01,1.258147597312927246e+00,-4.251569211483001709e-01,1.817513257265090942e-01,1.040266081690788269e-01,2.404721826314926147e-01,-2.475956641137599945e-02,-4.756059050559997559e-01,5.704003572463989258e-01,-8.890899419784545898e-01,-1.456418275833129883e+00,5.051512122154235840e-01,-1.779175847768783569e-01,2.313973605632781982e-01,-2.958534359931945801e-01,-1.124825239181518555e+00,7.986909151077270508e-01,-1.802538990974426270e+00,-2.037517130374908447e-01,-3.520182892680168152e-02,-3.869073465466499329e-02
3.712489083409309387e-02,5.165910720825195312e-01,5.155293941497802734e-01,-1.895305328071117401e-02,2.102491073310375214e-02,7.605126500129699707e-01,6.487057805061340332e-01,-8.819488883018493652e-01,4.709850251674652100e-01,-9.330525249242782593e-02,1.321099281311035156e+00,-4.831887483596801758e-01,1.154225170612335205e-01,-6.865686774253845215e-01,-6.145570278167724609e-01,-1.772128939628601074e-01,1.258782982826232910e+00,-4.158861935138702393e-01,1.550433188676834106e-01,1.634134054183959961e-01,2.323155403137207031e-01,-7.924286276102066040e-02,-5.297101140022277832e-01,6.682621836662292480e-01,-8.916758894920349121e-01,-1.498475432395935059e+00,4.240136146545410156e-01,-1.699437350034713745e-01,2.014581859111785889e-01,-3.254353106021881104e-01,-1.226825356483459473e+00,7.884061336517333984e-01,-1.834754109382629395e+00,-1.649621427059173584e-01,-2.835796028375625610e-02,2.134893089532852173e-02
5.822164192795753479e-02,5.249976515769958496e-01,5.201179981231689453e-01,-1.223885919898748398e-02,3.517765924334526062e-02,7.576284408569335938e-01,6.516225337982177734e-01,-8.383745551109313965e-01,4.756802916526794434e-01,-4.881651327013969421e-02,1.248449444770812988e+00,-3.954673111438751221e-01,7.601869851350784302e-02,-6.870226860046386719e-01,-6.111998558044433594e-01,-1.878240704536437988e-01,1.290243148803710938e+00,-4.718321859836578369e-01,1.006424650549888611e-01,2.088038027286529541e-01,2.277638167142868042e-01,-1.471711695194244385e-01,-5.565239191055297852e-01,7.176917195320129395e-01,-8.697882890701293945e-01,-1.563128113746643066e+00,3.726267814636230469e-01,-1.743172705173492432e-01,1.795586198568344116e-01,-3.506146073341369629e-01,-1.293609738349914551e+00,7.807210087776184082e-01,-1.910455584526062012e+00,-1.354906111955642700e-01,-3.877920657396316528e-02,6.686571985483169556e-02
8.172397315502166748e-02,5.324677824974060059e-01,5.257408618927001953e-01,-1.367422984912991524e-03,5.081929638981819153e-02,7.528197765350341797e-01,6.562605500221252441e-01,-7.876263856887817383e-01,4.776866436004638672e-01,1.269256230443716049e-03,1.167944788932800293e+00,-2.934673130512237549e-01,1.499751489609479904e-02,-6.990853548049926758e-01,-6.118744611740112305e-01,-1.846305876970291138e-01,1.324113249778747559e+00,-5.547060966491699219e-01,4.709770530462265015e-02,2.315135449171066284e-01,2.245262265205383301e-01,-2.230069339275360107e-01,-5.563279390335083008e-01,7.645384669303894043e-01,-8.302873373031616211e-01,-1.649197459220886230e+00,3.240275382995605469e-01,-1.918095797300338745e-01,1.657429337501525879e-01,-3.672383427619934082e-01,-1.356596231460571289e+00,7.718467116355895996e-01,-2.004416942596435547e+00,-1.126823425292968750e-01,-5.099689587950706482e-02,1.026510819792747498e-01
1.054607480764389038e-01,5.382442474365234375e-01,5.316135883331298828e-01,1.252427324652671814e-02,6.512305885553359985e-02,7.479435801506042480e-01,6.604411602020263672e-01,-7.442970275878906250e-01,4.661094248294830322e-01,2.832906320691108704e-02,1.097204446792602539e+00,-1.914673000574111938e-01,-5.327534675598144531e-02,-7.156552672386169434e-01,-6.059213876724243164e-01,-1.579365283250808716e-01,1.353134989738464355e+00,-6.270617842674255371e-01,-1.258437405340373516e-03,2.282420694828033447e-01,2.248991280794143677e-01,-2.921356856822967529e-01,-5.223199129104614258e-01,8.056221604347229004e-01,-7.754405140876770020e-01,-1.733159899711608887e+00,2.756761908531188965e-01,-2.127728760242462158e-01,1.601986289024353027e-01,-3.761869072914123535e-01,-1.387838959693908691e+00,7.639342546463012695e-01,-2.089142322540283203e+00,-1.087387576699256897e-01,-6.211376562714576721e-02,1.146030947566032410e-01
1.278347671031951904e-01,5.418357253074645996e-01,5.359618663787841797e-01,3.009199351072311401e-02,7.631503790616989136e-02,7.416964769363403320e-01,6.657002568244934082e-01,-7.213690280914306641e-01,4.524231851100921631e-01,2.831645682454109192e-02,1.061507582664489746e+00,-8.946730196475982666e-02,-1.002948433160781860e-01,-7.323892116546630859e-01,-5.973784327507019043e-01,-1.176400929689407349e-01,1.380652666091918945e+00,-6.951569914817810059e-01,-3.834141418337821960e-02,2.227829098701477051e-01,2.291114181280136108e-01,-3.425413072109222412e-01,-4.738745689392089844e-01,8.159603476524353027e-01,-7.275694608688354492e-01,-1.790025711059570312e+00,2.566405534744262695e-01,-2.270206809043884277e-01,1.664994508028030396e-01,-3.624996542930603027e-01,-1.374296784400939941e+00,7.652243971824645996e-01,-2.156105279922485352e+00,-1.242200806736946106e-01,-7.143073529005050659e-02,1.159913465380668640e-01
1.486259996891021729e-01,5.428262352943420410e-01,5.389209985733032227e-01,5.032319203019142151e-02,8.396471291780471802e-02,7.360967993736267090e-01,6.697604060173034668e-01,-7.180625796318054199e-01,4.514652788639068604e-01,2.724730782210826874e-02,1.058727264404296875e+00,-4.051847755908966064e-02,-1.139900237321853638e-01,-7.441611886024475098e-01,-5.980982184410095215e-01,-8.640518039464950562e-02,1.410460829734802246e+00,-7.362287640571594238e-01,-6.694758683443069458e-02,2.060885727405548096e-01,2.351922690868377686e-01,-3.741658926010131836e-01,-4.160570204257965088e-01,7.933642268180847168e-01,-6.949045062065124512e-01,-1.821796894073486328e+00,2.679388523101806641e-01,-2.377597391605377197e-01,1.815076321363449097e-01,-3.463626801967620850e-01,-1.344735503196716309e+00,7.757300138473510742e-01,-2.203159332275390625e+00,-1.443492174148559570e-01,-8.166369795799255371e-02,1.190784052014350891e-01
1.672176420688629150e-01,5.414078831672668457e-01,5.387285947799682617e-01,6.931278854608535767e-02,8.959703147411346436e-02,7.299922108650207520e-01,6.740025281906127930e-01,-7.199665904045104980e-01,4.566575586795806885e-01,2.694968506693840027e-02,1.058296918869018555e+00,-4.540671780705451965e-02,-1.073293611407279968e-01,-7.600020170211791992e-01,-5.981758832931518555e-01,-5.460505932569503784e-02,1.443878769874572754e+00,-7.654448151588439941e-01,-9.311534464359283447e-02,1.818591803312301636e-01,2.421108186244964600e-01,-3.946359753608703613e-01,-3.584914803504943848e-01,7.689408063888549805e-01,-6.596433520317077637e-01,-1.841162204742431641e+00,2.708459794521331787e-01,-2.482098639011383057e-01,1.999995559453964233e-01,-3.303141891956329346e-01,-1.317095398902893066e+00,7.745873332023620605e-01,-2.230375289916992188e+00,-1.529102176427841187e-01,-8.739695698022842407e-02,1.096237152814865112e-01
1.822470724582672119e-01,5.380640625953674316e-01,5.351861715316772461e-01,8.195984363555908203e-02,9.398921579122543335e-02,7.199192047119140625e-01,6.827627420425415039e-01,-7.276243567466735840e-01,4.633175134658813477e-01,2.988037653267383575e-02,1.060177564620971680e+00,-7.990017533302307129e-02,-8.783598244190216064e-02,-7.897852063179016113e-01,-5.860286355018615723e-01,-1.701129972934722900e-02,1.475913047790527344e+00,-7.969352602958679199e-01,-1.107458695769309998e-01,1.537948995828628540e-01,2.484930008649826050e-01,-4.048653542995452881e-01,-2.990326881408691406e-01,7.460165023803710938e-01,-6.239066720008850098e-01,-1.855632781982421875e+00,2.690491378307342529e-01,-2.554018497467041016e-01,2.129061073064804077e-01,-3.085618913173675537e-01,-1.275601387023925781e+00,7.706431150436401367e-01,-2.263197183609008789e+00,-1.612045913934707642e-01,-9.763155877590179443e-02,9.897071868181228638e-02
1.928719133138656616e-01,5.333306193351745605e-01,5.307478904724121094e-01,9.260447323322296143e-02,9.766805917024612427e-02,7.082424163818359375e-01,6.930209398269653320e-01,-7.363677024841308594e-01,4.677373766899108887e-01,2.640114910900592804e-02,1.058819532394409180e+00,-1.080412566661834717e-01,-7.810398191213607788e-02,-8.269946575164794922e-01,-5.731115937232971191e-01,2.126431092619895935e-02,1.506430029869079590e+00,-8.020902872085571289e-01,-1.223565191030502319e-01,1.308270692825317383e-01,2.540009319782257080e-01,-4.075041711330413818e-01,-2.411473989486694336e-01,7.304831147193908691e-01,-6.011860966682434082e-01,-1.869798302650451660e+00,2.672487795352935791e-01,-2.616996467113494873e-01,2.191384881734848022e-01,-2.809522151947021484e-01,-1.246156454086303711e+00,7.720622420310974121e-01,-2.291527509689331055e+00,-1.692790240049362183e-01,-1.065263971686363220e-01,9.217197448015213013e-02
1.999053061008453369e-01,5.282727479934692383e-01,5.244286060333251953e-01,9.901665896177291870e-02,1.009730622172355652e-01,6.968787908554077148e-01,7.031074762344360352e-01,-7.378540039062500000e-01,4.715998768806457520e-01,2.500232309103012085e-02,1.056196451187133789e+00,-1.223919242620468140e-01,-7.498013228178024292e-02,-8.673112988471984863e-01,-5.507079958915710449e-01,6.373581290245056152e-02,1.535939812660217285e+00,-8.028635382652282715e-01,-1.293764114379882812e-01,1.111174374818801880e-01,2.586537301540374756e-01,-4.019146263599395752e-01,-1.865662485361099243e-01,7.216274142265319824e-01,-5.853553414344787598e-01,-1.873234748840332031e+00,2.716281712055206299e-01,-2.609575092792510986e-01,2.282231152057647705e-01,-2.601638734340667725e-01,-1.222692131996154785e+00,7.653124928474426270e-01,-2.310866594314575195e+00,-1.707232594490051270e-01,-1.124329715967178345e-01,7.700496912002563477e-02
2.041141390800476074e-01,5.228202342987060547e-01,5.166264772415161133e-01,1.030208319425582886e-01,1.030360609292984009e-01,6.838557124137878418e-01,7.149206995964050293e-01,-7.338091731071472168e-01,4.736715853214263916e-01,2.720680274069309235e-02,1.053250908851623535e+00,-1.345645934343338013e-01,-7.287734746932983398e-02,-9.097298383712768555e-01,-5.201633572578430176e-01,1.073354259133338928e-01,1.563874483108520508e+00,-8.029795289039611816e-01,-1.316300779581069946e-01,8.970008790493011475e-02,2.630030214786529541e-01,-3.963514864444732666e-01,-1.391935646533966064e-01,7.143177986145019531e-01,-5.714102983474731445e-01,-1.874611854553222656e+00,2.789306938648223877e-01,-2.599467635154724121e-01,2.363378852605819702e-01,-2.378594428300857544e-01,-1.210798501968383789e+00,7.632160186767578125e-01,-2.327614307403564453e+00,-1.684303879737854004e-01,-1.153014749288558960e-01,7.024125754833221436e-02
2.057153284549713135e-01,5.175821781158447266e-01,5.065642595291137695e-01,1.080195978283882141e-01,1.036757305264472961e-01,6.719222664833068848e-01,7.253299951553344727e-01,-7.220723032951354980e-01,4.753347933292388916e-01,3.491683304309844971e-02,1.048646330833435059e+00,-1.447590440511703491e-01,-7.135542482137680054e-02,-9.500270485877990723e-01,-4.927531778812408447e-01,1.488402038812637329e-01,1.596078038215637207e+00,-8.029969334602355957e-01,-1.329366713762283325e-01,6.469359248876571655e-02,2.662568390369415283e-01,-3.823646903038024902e-01,-9.606169164180755615e-02,6.993058323860168457e-01,-5.606558918952941895e-01,-1.876807928085327148e+00,2.949213981628417969e-01,-2.607057690620422363e-01,2.450233250856399536e-01,-2.164491862058639526e-01,-1.192881584167480469e+00,7.598569393157958984e-01,-2.338719367980957031e+00,-1.711754500865936279e-01,-1.176815852522850037e-01,6.105626747012138367e-02
2.047224044799804688e-01,5.128293037414550781e-01,4.957363307476043701e-01,1.107526868581771851e-01,1.034392639994621277e-01,6.591777801513671875e-01,7.365587353706359863e-01,-7.043975591659545898e-01,4.748510718345642090e-01,4.576902836561203003e-02,1.040117621421813965e+00,-1.524686068296432495e-01,-7.015258073806762695e-02,-9.884307980537414551e-01,-4.603483676910400391e-01,1.894168555736541748e-01,1.625898957252502441e+00,-8.029995560646057129e-01,-1.325474679470062256e-01,3.300725296139717102e-02,2.705938220024108887e-01,-3.623479902744293213e-01,-5.845518037676811218e-02,6.769464015960693359e-01,-5.444355607032775879e-01,-1.874104857444763184e+00,3.083570301532745361e-01,-2.614058852195739746e-01,2.612568140029907227e-01,-1.930758208036422729e-01,-1.167802333831787109e+00,7.506918907165527344e-01,-2.340962886810302734e+00,-1.730301976203918457e-01,-1.196408793330192566e-01,4.522527754306793213e-02
2.012142539024353027e-01,5.093057155609130859e-01,4.867521226406097412e-01,1.128877997398376465e-01,1.033518165349960327e-01,6.493894457817077637e-01,7.448946833610534668e-01,-6.882958412170410156e-01,4.729911386966705322e-01,5.926841869950294495e-02,1.037872433662414551e+00,-1.558979749679565430e-01,-6.907407194375991821e-02,-1.019901633262634277e+00,-4.321863651275634766e-01,2.268566340208053589e-01,1.650909781455993652e+00,-8.029999136924743652e-01,-1.316906362771987915e-01,5.003697006031870842e-04,2.748026847839355469e-01,-3.388479948043823242e-01,-2.899384871125221252e-02,6.552831530570983887e-01,-5.329056978225708008e-01,-1.862977743148803711e+00,3.195021450519561768e-01,-2.575540840625762939e-01,2.754406630992889404e-01,-1.622879952192306519e-01,-1.137949705123901367e+00,7.423706054687500000e-01,-2.331240177154541016e+00,-1.807829290628433228e-01,-1.181657463312149048e-01,2.478348650038242340e-02
1.953516155481338501e-01,5.071930289268493652e-01,4.780253469944000244e-01,1.135963276028633118e-01,1.028680130839347839e-01,6.389763355255126953e-01,7.538058757781982422e-01,-6.684320569038391113e-01,4.689872562885284424e-01,7.184153795242309570e-02,1.034160017967224121e+00,-1.555393487215042114e-01,-6.602647900581359863e-02,-1.048468232154846191e+00,-4.039746522903442383e-01,2.627733647823333740e-01,1.671932458877563477e+00,-8.029999732971191406e-01,-1.289737075567245483e-01,-3.341491892933845520e-02,2.782278060913085938e-01,-3.117238283157348633e-01,-6.597368977963924408e-03,6.414963006973266602e-01,-5.304046869277954102e-01,-1.845938086509704590e+00,3.293946385383605957e-01,-2.496850192546844482e-01,2.816424369812011719e-01,-1.330513656139373779e-01,-1.114302873611450195e+00,7.392536997795104980e-01,-2.321457862854003906e+00,-1.912379562854766846e-01,-1.153240650892257690e-01,1.609534397721290588e-02
1.874385625123977661e-01,5.067219734191894531e-01,4.703061878681182861e-01,1.129077970981597900e-01,1.010199114680290222e-01,6.285303831100463867e-01,7.628868818283081055e-01,-6.444903016090393066e-01,4.634394645690917969e-01,8.514285087585449219e-02,1.027518868446350098e+00,-1.539341062307357788e-01,-6.182812526822090149e-02,-1.070601344108581543e+00,-3.751347064971923828e-01,2.954876720905303955e-01,1.686776399612426758e+00,-8.029999732971191406e-01,-1.238257661461830139e-01,-7.190652191638946533e-02,2.802383303642272949e-01,-2.805173695087432861e-01,3.745681606233119965e-03,6.477676630020141602e-01,-5.420742034912109375e-01,-1.827227950096130371e+00,3.328754305839538574e-01,-2.391743510961532593e-01,2.773832678794860840e-01,-1.080972477793693542e-01,-1.106476187705993652e+00,7.435181140899658203e-01,-2.311774492263793945e+00,-2.040596604347229004e-01,-1.099091470241546631e-01,1.904880069196224213e-02
1.776856482028961182e-01,5.083603858947753906e-01,4.662663042545318604e-01,1.101962551474571228e-01,9.875049442052841187e-02,6.163901090621948242e-01,7.734134197235107422e-01,-6.158847808837890625e-01,4.566027522087097168e-01,1.004920378327369690e-01,1.013392090797424316e+00,-1.516571044921875000e-01,-5.747491121292114258e-02,-1.086037158966064453e+00,-3.452664911746978760e-01,3.239300847053527832e-01,1.689111590385437012e+00,-8.000066876411437988e-01,-1.123909801244735718e-01,-1.180513575673103333e-01,2.815251946449279785e-01,-2.406429052352905273e-01,7.429468911141157150e-03,6.685034632682800293e-01,-5.591257214546203613e-01,-1.804165720939636230e+00,3.264419138431549072e-01,-2.263485938310623169e-01,2.655811905860900879e-01,-8.889650553464889526e-02,-1.111754179000854492e+00,7.489635348320007324e-01,-2.301141738891601562e+00,-2.148315161466598511e-01,-1.013096794486045837e-01,3.344337269663810730e-02
1.656705141067504883e-01,5.119189023971557617e-01,4.655942022800445557e-01,1.045991331338882446e-01,9.529288858175277710e-02,6.039579510688781738e-01,7.843552231788635254e-01,-5.886048674583435059e-01,4.476091265678405762e-01,1.179646328091621399e-01,9.981598854064941406e-01,-1.462135612964630127e-01,-5.415523797273635864e-02,-1.092032074928283691e+00,-3.139080107212066650e-01,3.482420444488525391e-01,1.676530003547668457e+00,-7.839691638946533203e-01,-9.720877557992935181e-02,-1.667650192975997925e-01,2.823564410209655762e-01,-1.974211037158966064e-01,2.881682245060801506e-03,7.047547698020935059e-01,-5.818939208984375000e-01,-1.776832103729248047e+00,3.111303746700286865e-01,-2.111573666334152222e-01,2.470564842224121094e-01,-7.462925463914871216e-02,-1.132247567176818848e+00,7.497846484184265137e-01,-2.291630744934082031e+00,-2.188480645418167114e-01,-9.273698925971984863e-02,5.417362228035926819e-02
1.524407118558883667e-01,5.171622633934020996e-01,4.682093560695648193e-01,9.532057493925094604e-02,9.180021286010742188e-02,5.911242961883544922e-01,7.956498861312866211e-01,-5.589395165443420410e-01,4.419420063495635986e-01,1.387062817811965942e-01,9.737402200698852539e-01,-1.348207592964172363e-01,-5.585847795009613037e-02,-1.090711712837219238e+00,-2.817454040050506592e-01,3.657595217227935791e-01,1.648488402366638184e+00,-7.603118419647216797e-01,-7.679942250251770020e-02,-2.226986140012741089e-01,2.818813025951385498e-01,-1.506445854902267456e-01,-6.111209746450185776e-03,7.554596066474914551e-01,-6.119813919067382812e-01,-1.736564159393310547e+00,3.005264103412628174e-01,-1.933111995458602905e-01,2.228563278913497925e-01,-6.208335608243942261e-02,-1.158207178115844727e+00,7.407961487770080566e-01,-2.281685590744018555e+00,-2.320389449596405029e-01,-8.630035072565078735e-02,6.986765563488006592e-02
1.383689045906066895e-01,5.237972736358642578e-01,4.763417541980743408e-01,8.621326833963394165e-02,8.892530947923660278e-02,5.764083862304687500e-01,8.077208399772644043e-01,-5.273022651672363281e-01,4.371767938137054443e-01,1.625054478645324707e-01,9.408109784126281738e-01,-1.233756393194198608e-01,-5.839436128735542297e-02,-1.081250905990600586e+00,-2.513584494590759277e-01,3.814734518527984619e-01,1.603068947792053223e+00,-7.299727201461791992e-01,-5.086500942707061768e-02,-2.776761054992675781e-01,2.816835045814514160e-01,-1.061545386910438538e-01,-1.827836781740188599e-02,8.070152997970581055e-01,-6.358353495597839355e-01,-1.672080039978027344e+00,3.028701245784759521e-01,-1.713906079530715942e-01,1.972836852073669434e-01,-5.092455819249153137e-02,-1.178534746170043945e+00,7.164366245269775391e-01,-2.271650314331054688e+00,-2.572107911109924316e-01,-8.301485329866409302e-02,8.061082661151885986e-02
1.234626770019531250e-01,5.313083529472351074e-01,4.893505871295928955e-01,7.766595482826232910e-02,8.342857658863067627e-02,5.612842440605163574e-01,8.197363615036010742e-01,-4.937420189380645752e-01,4.301744997501373291e-01,1.823715418577194214e-01,9.003226757049560547e-01,-1.063672527670860291e-01,-6.209600716829299927e-02,-1.058003067970275879e+00,-2.253035902976989746e-01,3.922691345214843750e-01,1.539479255676269531e+00,-6.864634752273559570e-01,-1.582781784236431122e-02,-3.312359750270843506e-01,2.819042205810546875e-01,-6.562926620244979858e-02,-3.479615971446037292e-02,8.534349203109741211e-01,-6.536226272583007812e-01,-1.585802912712097168e+00,3.243430852890014648e-01,-1.501952111721038818e-01,1.705619692802429199e-01,-4.215492680668830872e-02,-1.194347500801086426e+00,6.812623739242553711e-01,-2.258603811264038086e+00,-3.022169172763824463e-01,-8.289849758148193359e-02,9.294631332159042358e-02
1.077998280525207520e-01,5.391337871551513672e-01,5.066847801208496094e-01,7.081703096628189087e-02,7.745004445314407349e-02,5.498263239860534668e-01,8.286600112915039062e-01,-4.597978591918945312e-01,4.218816757202148438e-01,2.041040509939193726e-01,8.571375608444213867e-01,-9.046527743339538574e-02,-6.472122669219970703e-02,-1.023021221160888672e+00,-2.122442275285720825e-01,3.975262045860290527e-01,1.462722182273864746e+00,-6.198453903198242188e-01,2.357549034059047699e-02,-3.892811238765716553e-01,2.826227247714996338e-01,-3.564782440662384033e-02,-5.140930414199829102e-02,9.009316563606262207e-01,-6.667699813842773438e-01,-1.486721873283386230e+00,3.552514016628265381e-01,-1.297954022884368896e-01,1.380427330732345581e-01,-3.402226790785789490e-02,-1.217101216316223145e+00,6.346018314361572266e-01,-2.244760751724243164e+00,-3.561759591102600098e-01,-8.318074047565460205e-02,1.170953661203384399e-01
9.104371815919876099e-02,5.470800995826721191e-01,5.186123847961425781e-01,6.410346925258636475e-02,6.989894062280654907e-02,5.445280671119689941e-01,8.333631157875061035e-01,-4.365689456462860107e-01,4.113491475582122803e-01,2.136934250593185425e-01,8.233854174613952637e-01,-7.553192973136901855e-02,-6.948681175708770752e-02,-9.865952134132385254e-01,-2.122989743947982788e-01,3.965404331684112549e-01,1.394245028495788574e+00,-5.589362382888793945e-01,5.880628526210784912e-02,-4.306741952896118164e-01,2.852916121482849121e-01,-1.463797688484191895e-02,-7.313665747642517090e-02,9.435957670211791992e-01,-6.689278483390808105e-01,-1.415604948997497559e+00,3.653366863727569580e-01,-1.171434968709945679e-01,1.111725419759750366e-01,-2.681672759354114532e-02,-1.246244311332702637e+00,5.880111455917358398e-01,-2.241055011749267578e+00,-3.923570215702056885e-01,-8.211682736873626709e-02,1.431841403245925903e-01
7.290247827768325806e-02,5.550438165664672852e-01,5.223474502563476562e-01,5.289510264992713928e-02,5.898065119981765747e-02,5.447074770927429199e-01,8.348755240440368652e-01,-4.247151911258697510e-01,4.005521237850189209e-01,2.219180166721343994e-01,8.064599037170410156e-01,-7.009755820035934448e-02,-6.825338304042816162e-02,-9.495672583580017090e-01,-2.157527655363082886e-01,3.873255550861358643e-01,1.335103988647460938e+00,-5.099130868911743164e-01,9.348975867033004761e-02,-4.527249336242675781e-01,2.880771458148956299e-01,8.586122654378414154e-03,-8.725179731845855713e-02,9.574750661849975586e-01,-6.740249395370483398e-01,-1.368265390396118164e+00,3.957698345184326172e-01,-1.092995032668113708e-01,8.043815195560455322e-02,-3.094794228672981262e-02,-1.261738657951354980e+00,5.410723090171813965e-01,-2.248049497604370117e+00,-4.111685454845428467e-01,-7.310960441827774048e-02,1.672493219375610352e-01
5.488547682762145996e-02,5.625777840614318848e-01,5.241410732269287109e-01,4.273534193634986877e-02,4.694376140832901001e-02,5.494219660758972168e-01,8.331299424171447754e-01,-4.251401126384735107e-01,3.936938047409057617e-01,2.329600602388381958e-01,8.036863803863525391e-01,-8.053608238697052002e-02,-6.231112033128738403e-02,-9.119004011154174805e-01,-2.344108521938323975e-01,3.590530753135681152e-01,1.280077576637268066e+00,-4.452428221702575684e-01,1.234156638383865356e-01,-4.606328010559082031e-01,2.877430319786071777e-01,2.195389568805694580e-02,-1.050473824143409729e-01,9.844194650650024414e-01,-6.830420494079589844e-01,-1.352111101150512695e+00,3.922885060310363770e-01,-1.079890131950378418e-01,4.597990959882736206e-02,-2.564476989209651947e-02,-1.282147884368896484e+00,5.071339011192321777e-01,-2.268088102340698242e+00,-4.177131056785583496e-01,-6.908651441335678101e-02,1.957079172134399414e-01
3.672339022159576416e-02,5.696778297424316406e-01,5.186356306076049805e-01,2.991344407200813293e-02,3.238691762089729309e-02,5.574178099632263184e-01,8.290607333183288574e-01,-4.365808665752410889e-01,3.899056613445281982e-01,2.382458001375198364e-01,8.200856447219848633e-01,-1.011272147297859192e-01,-5.282399803400039673e-02,-8.693175315856933594e-01,-2.424109727144241333e-01,3.390357494354248047e-01,1.234316349029541016e+00,-4.012775421142578125e-01,1.530262082815170288e-01,-4.543909132480621338e-01,2.855735421180725098e-01,3.122759051620960236e-02,-1.186130642890930176e-01,9.831777811050415039e-01,-6.827457547187805176e-01,-1.369108200073242188e+00,4.101589024066925049e-01,-1.134515255689620972e-01,2.874057553708553314e-02,-2.281349338591098785e-02,-1.290783405303955078e+00,4.936529099941253662e-01,-2.292323589324951172e+00,-4.248951077461242676e-01,-6.505390256643295288e-02,2.047202289104461670e-01
2.030691690742969513e-02,5.761111378669738770e-01,5.099009275436401367e-01,2.251021377742290497e-02,1.984005607664585114e-02,5.660507678985595703e-01,8.238241076469421387e-01,-4.552675485610961914e-01,3.971011340618133545e-01,2.408720552921295166e-01,8.509438037872314453e-01,-1.288661658763885498e-01,-4.022593423724174500e-02,-8.334193825721740723e-01,-2.603460550308227539e-01,3.159146308898925781e-01,1.207703471183776855e+00,-3.682188093662261963e-01,1.723013371229171753e-01,-4.325222969055175781e-01,2.844374179840087891e-01,3.588223829865455627e-02,-1.383889168500900269e-01,9.643654227256774902e-01,-6.790067553520202637e-01,-1.402389526367187500e+00,4.303430914878845215e-01,-1.190348193049430847e-01,1.440860610455274582e-02,-1.522583141922950745e-02,-1.286058664321899414e+00,4.931046664714813232e-01,-2.320805788040161133e+00,-4.307812750339508057e-01,-5.877029895782470703e-02,2.125622183084487915e-01
5.859339609742164612e-03,5.815842151641845703e-01,4.959056675434112549e-01,1.981992647051811218e-02,3.883686847984790802e-03,5.761565566062927246e-01,8.170897960662841797e-01,-4.779426455497741699e-01,4.035290479660034180e-01,2.347466796636581421e-01,9.001845717430114746e-01,-1.821228563785552979e-01,-2.148287370800971985e-02,-7.984250187873840332e-01,-2.807789146900177002e-01,2.943358123302459717e-01,1.204931378364562988e+00,-3.590689301490783691e-01,1.807728260755538940e-01,-3.979286551475524902e-01,2.813262641429901123e-01,3.394059836864471436e-02,-1.617387533187866211e-01,9.375677108764648438e-01,-6.773392558097839355e-01,-1.440569162368774414e+00,4.449754953384399414e-01,-1.228297352790832520e-01,-1.472623087465763092e-03,8.651472162455320358e-04,-1.262417435646057129e+00,4.997279942035675049e-01,-2.345309734344482422e+00,-4.394970834255218506e-01,-5.869403108954429626e-02,2.180498540401458740e-01
-6.834835279732942581e-03,5.865013003349304199e-01,4.767055809497833252e-01,1.759703829884529114e-02,-1.310503948479890823e-02,5.868588089942932129e-01,8.093919754028320312e-01,-5.115707516670227051e-01,4.148806035518646240e-01,2.222571223974227905e-01,9.777669310569763184e-01,-2.595155239105224609e-01,7.743807975202798843e-03,-7.681056261062622070e-01,-2.999986112117767334e-01,2.749538421630859375e-01,1.222867250442504883e+00,-3.755977749824523926e-01,1.801985949277877808e-01,-3.521144986152648926e-01,2.802428305149078369e-01,2.398603036999702454e-02,-1.859318763017654419e-01,8.869971632957458496e-01,-6.664555668830871582e-01,-1.500565409660339355e+00,4.763557910919189453e-01,-1.354601681232452393e-01,-1.155681256204843521e-02,1.782754436135292053e-02,-1.231988072395324707e+00,5.186616778373718262e-01,-2.353265285491943359e+00,-4.495358765125274658e-01,-6.554176658391952515e-02,2.295351177453994751e-01
-1.663916930556297302e-02,5.908449292182922363e-01,4.569974243640899658e-01,1.622656360268592834e-02,-2.736571989953517914e-02,5.917293429374694824e-01,8.055086731910705566e-01,-5.483937263488769531e-01,4.253993332386016846e-01,1.930171549320220947e-01,1.064553856849670410e+00,-3.500088155269622803e-01,4.177765175700187683e-02,-7.522019743919372559e-01,-3.132243752479553223e-01,2.649770081043243408e-01,1.252148509025573730e+00,-4.151369035243988037e-01,1.765786260366439819e-01,-3.017936050891876221e-01,2.815564572811126709e-01,1.451062411069869995e-02,-2.008938342332839966e-01,8.321107625961303711e-01,-6.591885685920715332e-01,-1.562228441238403320e+00,5.143868327140808105e-01,-1.461090594530105591e-01,-1.683240942656993866e-02,3.536667674779891968e-02,-1.192151784896850586e+00,5.438567996025085449e-01,-2.355249881744384766e+00,-4.628933072090148926e-01,-7.172811776399612427e-02,2.355243116617202759e-01
-2.314236760139465332e-02,5.943185091018676758e-01,4.421424567699432373e-01,1.692057400941848755e-02,-3.801383823156356812e-02,5.953841805458068848e-01,8.023629784584045410e-01,-5.786066055297851562e-01,4.354082345962524414e-01,1.703470200300216675e-01,1.140464425086975098e+00,-4.094184935092926025e-01,6.144184619188308716e-02,-7.431734800338745117e-01,-3.257579505443572998e-01,2.583801448345184326e-01,1.284509062767028809e+00,-4.527037739753723145e-01,1.690119206905364990e-01,-2.578113973140716553e-01,2.835673689842224121e-01,6.003155838698148727e-03,-2.098365575075149536e-01,7.835742831230163574e-01,-6.586533784866333008e-01,-1.618059754371643066e+00,5.389514565467834473e-01,-1.545507460832595825e-01,-2.161795087158679962e-02,4.946744814515113831e-02,-1.156399130821228027e+00,5.622197985649108887e-01,-2.355547428131103516e+00,-4.645391702651977539e-01,-7.431930303573608398e-02,2.393392473459243774e-01
-2.590014599263668060e-02,5.966506004333496094e-01,4.281157553195953369e-01,1.609453745186328888e-02,-4.520836472511291504e-02,5.998710989952087402e-01,7.986562252044677734e-01,-6.105344295501708984e-01,4.462483227252960205e-01,1.470185369253158569e-01,1.205641388893127441e+00,-4.596275091171264648e-01,7.678091526031494141e-02,-7.418702840805053711e-01,-3.361728787422180176e-01,2.512366175651550293e-01,1.319139957427978516e+00,-4.954516589641571045e-01,1.585943996906280518e-01,-2.190621048212051392e-01,2.865351140499114990e-01,-1.661301590502262115e-03,-2.163693308830261230e-01,7.429600358009338379e-01,-6.593586206436157227e-01,-1.674122571945190430e+00,5.476979017257690430e-01,-1.613844931125640869e-01,-2.654948458075523376e-02,6.606271117925643921e-02,-1.126726627349853516e+00,5.742243528366088867e-01,-2.355592012405395508e+00,-4.573886990547180176e-01,-7.114920765161514282e-02,2.344989776611328125e-01
-2.534930408000946045e-02,5.979199409484863281e-01,4.166011512279510498e-01,1.440457440912723541e-02,-4.865445196628570557e-02,6.032487750053405762e-01,7.959372997283935547e-01,-6.406980156898498535e-01,4.557487666606903076e-01,1.249000132083892822e-01,1.256523966789245605e+00,-4.924905002117156982e-01,8.290454745292663574e-02,-7.489145398139953613e-01,-3.447974920272827148e-01,2.437065839767456055e-01,1.353266119956970215e+00,-5.387685298919677734e-01,1.458162516355514526e-01,-1.867441385984420776e-01,2.890527248382568359e-01,-7.310429587960243225e-03,-2.181839495897293091e-01,7.177837491035461426e-01,-6.681669950485229492e-01,-1.730530858039855957e+00,5.405480861663818359e-01,-1.662912070751190186e-01,-3.556402027606964111e-02,8.283162117004394531e-02,-1.111188411712646484e+00,5.833544135093688965e-01,-2.355598926544189453e+00,-4.420998394489288330e-01,-6.240354105830192566e-02,2.230615168809890747e-01
-2.174166217446327209e-02,5.980531573295593262e-01,4.103793799877166748e-01,1.083765551447868347e-02,-4.780327901244163513e-02,6.062496900558471680e-01,7.937623858451843262e-01,-6.686921119689941406e-01,4.632215201854705811e-01,1.061428934335708618e-01,1.288317561149597168e+00,-4.960208237171173096e-01,7.371508330106735229e-02,-7.611851692199707031e-01,-3.514138162136077881e-01,2.325473278760910034e-01,1.380733251571655273e+00,-5.825712084770202637e-01,1.331328749656677246e-01,-1.579890847206115723e-01,2.869209349155426025e-01,-7.246071938425302505e-03,-2.178304791450500488e-01,7.211493253707885742e-01,-6.866199374198913574e-01,-1.788597702980041504e+00,5.130724310874938965e-01,-1.645385622978210449e-01,-5.491579324007034302e-02,9.909370541572570801e-02,-1.113897919654846191e+00,5.900535583496093750e-01,-2.354274511337280273e+00,-4.183229207992553711e-01,-4.948561266064643860e-02,2.102206647396087646e-01
-1.557760965079069138e-02,5.967833995819091797e-01,4.098928868770599365e-01,7.091777399182319641e-03,-4.341173917055130005e-02,6.079398393630981445e-01,7.927637100219726562e-01,-6.885240077972412109e-01,4.661024212837219238e-01,9.262039512395858765e-02,1.297205328941345215e+00,-4.600873887538909912e-01,4.915072396397590637e-02,-7.762582898139953613e-01,-3.559846878051757812e-01,2.186139672994613647e-01,1.397897601127624512e+00,-6.150184869766235352e-01,1.222108006477355957e-01,-1.322047710418701172e-01,2.831773459911346436e-01,-6.716112606227397919e-03,-2.156400829553604126e-01,7.455292344093322754e-01,-7.078599333763122559e-01,-1.847657203674316406e+00,4.755117893218994141e-01,-1.589993834495544434e-01,-8.326269686222076416e-02,1.094044372439384460e-01,-1.129563570022583008e+00,5.997211337089538574e-01,-2.353459596633911133e+00,-3.989121019840240479e-01,-3.473692759871482849e-02,2.099542766809463501e-01
-7.741321809589862823e-03,5.940114259719848633e-01,4.148787558078765869e-01,4.372606053948402405e-03,-3.608139231801033020e-02,6.091069579124450684e-01,7.922548651695251465e-01,-6.986363530158996582e-01,4.644030630588531494e-01,8.791808784008026123e-02,1.283804655075073242e+00,-3.871880173683166504e-01,8.671135641634464264e-03,-7.914997339248657227e-01,-3.602586388587951660e-01,2.029585838317871094e-01,1.404044747352600098e+00,-6.279684901237487793e-01,1.142092570662498474e-01,-1.107384562492370605e-01,2.797044217586517334e-01,-9.539291262626647949e-03,-2.128296196460723877e-01,7.941041588783264160e-01,-7.257437705993652344e-01,-1.909214138984680176e+00,4.293386638164520264e-01,-1.543680280447006226e-01,-1.178107112646102905e-01,1.006039306521415710e-01,-1.151023387908935547e+00,6.129871010780334473e-01,-2.355278968811035156e+00,-3.906725943088531494e-01,-3.022080287337303162e-02,2.320348769426345825e-01
6.279700319282710552e-04,5.896384119987487793e-01,4.251327216625213623e-01,3.926754929125308990e-03,-2.574736624956130981e-02,6.097828149795532227e-01,7.921404838562011719e-01,-7.006469964981079102e-01,4.508512616157531738e-01,8.413726091384887695e-02,1.251249551773071289e+00,-2.851880192756652832e-01,-4.886168241500854492e-02,-8.068391680717468262e-01,-3.670043051242828369e-01,1.875175982713699341e-01,1.399843931198120117e+00,-6.165243983268737793e-01,1.102069616317749023e-01,-9.438457340002059937e-02,2.766999006271362305e-01,-1.395755913108587265e-02,-2.165468335151672363e-01,8.848410248756408691e-01,-7.296264171600341797e-01,-1.981101632118225098e+00,3.762831687927246094e-01,-1.471009105443954468e-01,-1.710101515054702759e-01,6.487936526536941528e-02,-1.172672867774963379e+00,6.113219857215881348e-01,-2.355551958084106445e+00,-3.924837410449981689e-01,-3.010924346745014191e-02,2.827868759632110596e-01
8.461154066026210785e-03,5.837862491607666016e-01,4.366849958896636963e-01,7.085980381816625595e-03,-1.463651563972234726e-02,6.078613400459289551e-01,7.938766479492187500e-01,-7.046591043472290039e-01,4.287272095680236816e-01,6.590594351291656494e-02,1.217382669448852539e+00,-1.831880211830139160e-01,-1.201536804437637329e-01,-8.253076076507568359e-01,-3.736018538475036621e-01,1.799726486206054688e-01,1.392468571662902832e+00,-5.847682952880859375e-01,1.164941564202308655e-01,-7.451619952917098999e-02,2.746826708316802979e-01,-2.951753884553909302e-02,-2.213908135890960693e-01,9.868410229682922363e-01,-7.123343944549560547e-01,-2.071322679519653320e+00,3.286487460136413574e-01,-1.432400345802307129e-01,-2.329359054565429688e-01,-7.867468520998954773e-03,-1.208936452865600586e+00,6.020715832710266113e-01,-2.355592727661132812e+00,-3.995112776756286621e-01,-4.250869154930114746e-02,3.709083795547485352e-01
1.565107330679893494e-02,5.768634080886840820e-01,4.453592002391815186e-01,1.807450875639915466e-02,-3.526914631947875023e-03,6.065252423286437988e-01,7.948509454727172852e-01,-7.427698969841003418e-01,4.188295006752014160e-01,3.030338138341903687e-02,1.219418168067932129e+00,-1.320227235555648804e-01,-1.395637989044189453e-01,-8.456445336341857910e-01,-3.874111175537109375e-01,1.852419227361679077e-01,1.396334886550903320e+00,-5.529089570045471191e-01,1.236649900674819946e-01,-5.413712561130523682e-02,2.759393453598022461e-01,-5.101617798209190369e-02,-2.279383540153503418e-01,1.088840961456298828e+00,-6.765573024749755859e-01,-2.159389019012451172e+00,2.887563407421112061e-01,-1.404408216476440430e-01,-3.032049238681793213e-01,-9.452740848064422607e-02,-1.265686631202697754e+00,5.820095539093017578e-01,-2.355598926544189453e+00,-4.018603563308715820e-01,-6.269802153110504150e-02,4.729083776473999023e-01
2.113428525626659393e-02,5.688277482986450195e-01,4.482470452785491943e-01,2.679598331451416016e-02,8.075146935880184174e-03,6.087086200714111328e-01,7.929000854492187500e-01,-8.120629787445068359e-01,4.244384467601776123e-01,5.970604717731475830e-03,1.260057926177978516e+00,-2.318699806928634644e-01,-9.042894840240478516e-02,-8.718337416648864746e-01,-4.051499664783477783e-01,1.918777376413345337e-01,1.412017107009887695e+00,-5.355343222618103027e-01,1.244660913944244385e-01,-3.217890486121177673e-02,2.806270420551300049e-01,-6.270407885313034058e-02,-2.378641217947006226e-01,1.190840959548950195e+00,-6.224436163902282715e-01,-2.241889238357543945e+00,2.532234787940979004e-01,-1.382008939981460571e-01,-3.658220469951629639e-01,-1.712214350700378418e-01,-1.331670999526977539e+00,5.505875945091247559e-01,-2.355599880218505859e+00,-3.889870345592498779e-01,-9.018822014331817627e-02,5.640941262245178223e-01
2.251906134188175201e-02,5.610409379005432129e-01,4.351745545864105225e-01,2.189754322171211243e-02,1.153229735791683197e-02,6.140980720520019531e-01,7.888415455818176270e-01,-8.733469247817993164e-01,4.201931953430175781e-01,-2.327065356075763702e-02,1.321313619613647461e+00,-3.319797217845916748e-01,-5.329441651701927185e-02,-9.030514955520629883e-01,-4.129806756973266602e-01,1.886205673217773438e-01,1.446264743804931641e+00,-5.492577552795410156e-01,1.253041177988052368e-01,-1.969696395099163055e-02,2.840646803379058838e-01,-3.724164143204689026e-02,-2.428311854600906372e-01,1.292840957641601562e+00,-5.548377633094787598e-01,-2.303940534591674805e+00,2.523927688598632812e-01,-1.284882128238677979e-01,-4.090287387371063232e-01,-2.369206249713897705e-01,-1.375482797622680664e+00,5.083260536193847656e-01,-2.355599880218505859e+00,-3.969461917877197266e-01,-1.110204756259918213e-01,6.269695162773132324e-01
2.108639664947986603e-02,5.527964234352111816e-01,4.114486873149871826e-01,9.572816081345081329e-03,7.693443447351455688e-03,6.218639016151428223e-01,7.830290198326110840e-01,-9.355136752128601074e-01,4.000573754310607910e-01,-6.691877543926239014e-02,1.398270130157470703e+00,-4.021233618259429932e-01,-2.806262113153934479e-02,-9.313911199569702148e-01,-4.069076478481292725e-01,1.844750642776489258e-01,1.492767095565795898e+00,-5.895230174064636230e-01,1.278521418571472168e-01,-1.033567450940608978e-02,2.885098159313201904e-01,1.852909103035926819e-02,-2.621158957481384277e-01,1.394840955734252930e+00,-4.873095452785491943e-01,-2.344941139221191406e+00,2.966926693916320801e-01,-1.177805662155151367e-01,-4.278577268123626709e-01,-2.895615696907043457e-01,-1.379170417785644531e+00,4.508377611637115479e-01,-2.355599880218505859e+00,-4.196920394897460938e-01,-1.164053753018379211e-01,6.377516984939575195e-01
1.819102093577384949e-02,5.435525178909301758e-01,3.827849924564361572e-01,-4.741691984236240387e-03,2.938283840194344521e-03,6.321965456008911133e-01,7.747879624366760254e-01,-1.008444666862487793e+00,3.728765547275543213e-01,-1.199952736496925354e-01,1.478941798210144043e+00,-4.611628055572509766e-01,-1.032862812280654907e-02,-9.616356492042541504e-01,-4.031254947185516357e-01,1.793778389692306519e-01,1.546385049819946289e+00,-6.263079047203063965e-01,1.309994310140609741e-01,-2.170498715713620186e-03,2.953197956085205078e-01,8.934465795755386353e-02,-2.958270907402038574e-01,1.489643692970275879e+00,-4.244692027568817139e-01,-2.353900194168090820e+00,3.775737881660461426e-01,-1.164803877472877502e-01,-4.383323490619659424e-01,-3.370699584484100342e-01,-1.316621661186218262e+00,3.888948857784271240e-01,-2.355600118637084961e+00,-4.651005268096923828e-01,-1.093237921595573425e-01,6.125560998916625977e-01
1.412472035735845566e-02,5.332878828048706055e-01,3.507231175899505615e-01,-1.958818361163139343e-02,1.183279673568904400e-03,6.451693773269653320e-01,7.637875676155090332e-01,-1.107974529266357422e+00,3.409091532230377197e-01,-1.833270192146301270e-01,1.564457654953002930e+00,-5.116477608680725098e-01,3.193318843841552734e-03,-1.004998326301574707e+00,-4.218022525310516357e-01,1.659047156572341919e-01,1.607211232185363770e+00,-6.416482925415039062e-01,1.190765127539634705e-01,1.496190391480922699e-02,3.040643930435180664e-01,1.658651083707809448e-01,-3.652311563491821289e-01,1.451973676681518555e+00,-3.449009656906127930e-01,-2.355345010757446289e+00,4.423461258411407471e-01,-1.539936959743499756e-01,-4.669748544692993164e-01,-3.765438795089721680e-01,-1.214621663093566895e+00,3.002894520759582520e-01,-2.355600118637084961e+00,-5.120856165885925293e-01,-1.091819107532501221e-01,5.773937702178955078e-01
1.065669395029544830e-02,5.239841938018798828e-01,3.156166374683380127e-01,-3.940458223223686218e-02,2.549567259848117828e-03,6.661324501037597656e-01,7.447874546051025391e-01,-1.209974527359008789e+00,2.834820747375488281e-01,-2.685003876686096191e-01,1.659558534622192383e+00,-5.886750221252441406e-01,3.743138629943132401e-03,-1.051836133003234863e+00,-4.717093110084533691e-01,1.345380395650863647e-01,1.680439472198486328e+00,-6.715686917304992676e-01,1.002929732203483582e-01,-3.297208994626998901e-02,3.125096559524536133e-01,1.677770465612411499e-01,-4.672311544418334961e-01,1.417330741882324219e+00,-3.574593663215637207e-01,-2.355561733245849609e+00,5.060016512870788574e-01,-1.740004718303680420e-01,-5.121035575866699219e-01,-4.785438776016235352e-01,-1.112621665000915527e+00,3.462104499340057373e-01,-2.355600118637084961e+00,-5.909507870674133301e-01,-7.201731204986572266e-03,4.764988124370574951e-01
6.019957829266786575e-03,5.127701759338378906e-01,2.870261967182159424e-01,-6.051406264305114746e-02,1.538283750414848328e-02,6.728897094726562500e-01,7.371029853820800781e-01,-1.311974525451660156e+00,2.479088902473449707e-01,-3.161478042602539062e-01,1.728399276733398438e+00,-6.294464468955993652e-01,5.350239574909210205e-03,-1.133384823799133301e+00,-5.016826391220092773e-01,1.302502006292343140e-01,1.739916324615478516e+00,-6.569128036499023438e-01,7.666658610105514526e-02,1.136441901326179504e-02,3.137764632701873779e-01,1.942149400711059570e-01,-5.692311525344848633e-01,1.315330743789672852e+00,-3.659192323684692383e-01,-2.355594158172607422e+00,5.610331892967224121e-01,-2.130103260278701782e-01,-5.122116804122924805e-01,-5.805438756942749023e-01,-1.010621666908264160e+00,2.442104667425155640e-01,-2.355600118637084961e+00,-6.504744887351989746e-01,-2.287936164066195488e-03,4.056688547134399414e-01
1.218147459439933300e-03,5.023959279060363770e-01,2.636162340641021729e-01,-8.000696450471878052e-02,3.045690432190895081e-02,6.727178692817687988e-01,7.349298596382141113e-01,-1.413974523544311523e+00,2.292072474956512451e-01,-3.435791730880737305e-01,1.778965353965759277e+00,-6.570246815681457520e-01,2.289711870253086090e-02,-1.227637052536010742e+00,-5.189691185951232910e-01,1.399424374103546143e-01,1.791770219802856445e+00,-6.357952356338500977e-01,5.586561188101768494e-02,8.383604884147644043e-02,3.139664530754089355e-01,2.073305696249008179e-01,-6.712311506271362305e-01,1.213330745697021484e+00,-3.212954401969909668e-01,-2.355599164962768555e+00,5.746908187866210938e-01,-2.518618106842041016e-01,-4.102116823196411133e-01,-6.457425355911254883e-01,-9.086217284202575684e-01,1.422104686498641968e-01,-2.355023384094238281e+00,-6.867949962615966797e-01,-3.088942170143127441e-02,3.227315247058868408e-01
-3.546525491401553154e-03,4.929633438587188721e-01,2.482702434062957764e-01,-1.003354117274284363e-01,4.430316388607025146e-02,6.668431162834167480e-01,7.370823025703430176e-01,-1.515974521636962891e+00,2.288817316293716431e-01,-3.615368306636810303e-01,1.813138365745544434e+00,-6.770516037940979004e-01,4.794361814856529236e-02,-1.318345785140991211e+00,-5.270046591758728027e-01,1.440577805042266846e-01,1.825969815254211426e+00,-6.087736487388610840e-01,5.500613152980804443e-02,1.552192121744155884e-01,3.139949738979339600e-01,2.061920464038848877e-01,-7.732311487197875977e-01,1.111330747604370117e+00,-2.192954272031784058e-01,-2.355599880218505859e+00,5.508936643600463867e-01,-2.948184609413146973e-01,-3.082116842269897461e-01,-7.092492580413818359e-01,-8.066217303276062012e-01,4.021046310663223267e-02,-2.355513572692871094e+00,-7.004147768020629883e-01,-8.729691058397293091e-02,2.430475801229476929e-01
-8.026434108614921570e-03,4.845059514045715332e-01,2.370910942554473877e-01,-1.223813742399215698e-01,5.927823856472969055e-02,6.628744006156921387e-01,7.362787127494812012e-01,-1.617974519729614258e+00,2.214490920305252075e-01,-3.789546489715576172e-01,1.836679100990295410e+00,-6.806808114051818848e-01,6.772039830684661865e-02,-1.398889541625976562e+00,-5.316873192787170410e-01,1.459134370088577271e-01,1.850259780883789062e+00,-5.916315913200378418e-01,5.041745305061340332e-02,2.083413749933242798e-01,3.139992356300354004e-01,2.060377597808837891e-01,-8.752311468124389648e-01,1.009330749511718750e+00,-1.172954291105270386e-01,-2.355599880218505859e+00,5.146247148513793945e-01,-3.073925077915191650e-01,-2.062116861343383789e-01,-7.850980758666992188e-01,-7.046217322349548340e-01,-6.178953498601913452e-02,-2.355587005615234375e+00,-6.736829280853271484e-01,-1.192781478166580200e-01,1.923095881938934326e-01
-1.148156635463237762e-02,4.772230386734008789e-01,2.318756878376007080e-01,-1.404403001070022583e-01,7.282651960849761963e-02,6.602304577827453613e-01,7.342128753662109375e-01,-1.705611705780029297e+00,2.184031009674072266e-01,-3.833008110523223877e-01,1.844774842262268066e+00,-6.760186553001403809e-01,8.823154121637344360e-02,-1.461197614669799805e+00,-5.385996699333190918e-01,1.439052522182464600e-01,1.861356258392333984e+00,-5.893294811248779297e-01,4.753930121660232544e-02,2.335389703512191772e-01,3.139998912811279297e-01,1.922452598810195923e-01,-9.772311449050903320e-01,9.073307514190673828e-01,-1.529542729258537292e-02,-2.355599880218505859e+00,5.061899423599243164e-01,-2.916917800903320312e-01,-1.042116880416870117e-01,-8.870980739593505859e-01,-6.026216745376586914e-01,-1.637895405292510986e-01,-2.355597972869873047e+00,-6.249203681945800781e-01,-1.167348995804786682e-01,1.700408607721328735e-01
-1.380988024175167084e-02,4.712833464145660400e-01,2.296771705150604248e-01,-1.563939005136489868e-01,8.675327152013778687e-02,6.614913344383239746e-01,7.283158898353576660e-01,-1.769274830818176270e+00,2.086492031812667847e-01,-3.803436458110809326e-01,1.842358350753784180e+00,-6.776095032691955566e-01,9.403352439403533936e-02,-1.511204838752746582e+00,-5.541555881500244141e-01,1.389499604701995850e-01,1.867947936058044434e+00,-5.713210701942443848e-01,4.925751313567161560e-02,2.407527863979339600e-01,3.139999806880950928e-01,1.763960123062133789e-01,-1.079231142997741699e+00,8.053307533264160156e-01,8.670457452535629272e-02,-2.355600118637084961e+00,5.036430358886718750e-01,-2.801770865917205811e-01,-2.211688784882426262e-03,-9.890980720520019531e-01,-5.006216764450073242e-01,-2.266917973756790161e-01,-2.355599641799926758e+00,-5.726646780967712402e-01,-1.084824725985527039e-01,1.422041207551956177e-01
-1.490494422614574432e-02,4.665991067886352539e-01,2.292625010013580322e-01,-1.716967225074768066e-01,1.009268537163734436e-01,6.642075777053833008e-01,7.205291390419006348e-01,-1.823603510856628418e+00,1.935208737850189209e-01,-3.762204349040985107e-01,1.833975195884704590e+00,-6.810813546180725098e-01,8.101410418748855591e-02,-1.553678035736083984e+00,-5.721418857574462891e-01,1.325706392526626587e-01,1.872874498367309570e+00,-5.467761754989624023e-01,4.792692139744758606e-02,2.428961247205734253e-01,3.140000104904174805e-01,1.689943969249725342e-01,-1.144984364509582520e+00,7.033307552337646484e-01,1.887045800685882568e-01,-2.355600118637084961e+00,5.044392347335815430e-01,-2.736696600914001465e-01,9.978830814361572266e-02,-1.031100869178771973e+00,-3.986217081546783447e-01,-2.474598884582519531e-01,-2.350995779037475586e+00,-5.637372732162475586e-01,-1.044523939490318298e-01,1.100421622395515442e-01
-1.478691864758729935e-02,4.635086357593536377e-01,2.315443456172943115e-01,-1.775723546743392944e-01,1.121067553758621216e-01,6.657607555389404297e-01,7.160047292709350586e-01,-1.851382374763488770e+00,1.902386546134948730e-01,-3.602235913276672363e-01,1.819567918777465820e+00,-6.736851930618286133e-01,6.967419385910034180e-02,-1.586505055427551270e+00,-5.914908647537231445e-01,1.304486244916915894e-01,1.875491857528686523e+00,-5.322001576423645020e-01,4.426771029829978943e-02,2.385922521352767944e-01,3.140000104904174805e-01,1.579105854034423828e-01,-1.121683001518249512e+00,6.013307571411132812e-01,1.952672451734542847e-01,-2.355600118637084961e+00,5.275740623474121094e-01,-2.412696927785873413e-01,1.204242482781410217e-01,-1.049205183982849121e+00,-2.966217100620269775e-01,-2.668358385562896729e-01,-2.332537412643432617e+00,-5.580123662948608398e-01,-7.906326651573181152e-02,9.234538674354553223e-02
-1.353194098919630051e-02,4.614706933498382568e-01,2.345798909664154053e-01,-1.902502328157424927e-01,1.272411942481994629e-01,6.682698130607604980e-01,7.078347206115722656e-01,-1.889771461486816406e+00,1.872085481882095337e-01,-3.434495627880096436e-01,1.801838278770446777e+00,-6.667917370796203613e-01,3.805723041296005249e-02,-1.620337486267089844e+00,-6.109685897827148438e-01,1.231066137552261353e-01,1.876761674880981445e+00,-5.258337259292602539e-01,3.333932906389236450e-02,2.263089120388031006e-01,3.140000104904174805e-01,1.478138715028762817e-01,-1.060673594474792480e+00,4.993307292461395264e-01,1.697490960359573364e-01,-2.355600118637084961e+00,5.634276270866394043e-01,-2.297722697257995605e-01,1.457632631063461304e-01,-9.881021380424499512e-01,-1.946216970682144165e-01,-2.759950160980224609e-01,-2.324572324752807617e+00,-5.638756752014160156e-01,-6.950244307518005371e-02,4.375455155968666077e-02
-1.153172831982374191e-02,4.610778689384460449e-01,2.436383068561553955e-01,-1.981613188982009888e-01,1.408703625202178955e-01,6.658004522323608398e-01,7.054058313369750977e-01,-1.903100609779357910e+00,1.876763403415679932e-01,-3.330232203006744385e-01,1.777835845947265625e+00,-6.507025361061096191e-01,1.098932325839996338e-02,-1.644037961959838867e+00,-6.130971908569335938e-01,1.164966523647308350e-01,1.865998864173889160e+00,-5.274270176887512207e-01,3.232315182685852051e-02,2.063715755939483643e-01,3.140000104904174805e-01,1.280673444271087646e-01,-9.674201607704162598e-01,3.973307311534881592e-01,1.270226985216140747e-01,-2.355599880218505859e+00,5.940953493118286133e-01,-2.224760204553604126e-01,1.724744290113449097e-01,-8.861021399497985840e-01,-9.262170642614364624e-02,-2.702626883983612061e-01,-2.284894943237304688e+00,-5.517944693565368652e-01,-5.229755491018295288e-02,3.710307413712143898e-03
-9.183913469314575195e-03,4.612683951854705811e-01,2.526517808437347412e-01,-2.026253938674926758e-01,1.545414626598358154e-01,6.615506410598754883e-01,7.052734494209289551e-01,-1.905774354934692383e+00,1.949341297149658203e-01,-3.188845813274383545e-01,1.756240129470825195e+00,-6.248654723167419434e-01,-7.663300726562738419e-03,-1.668038010597229004e+00,-6.021124720573425293e-01,1.198955848813056946e-01,1.859129667282104492e+00,-5.206870436668395996e-01,3.343116864562034607e-02,1.631596982479095459e-01,3.140000104904174805e-01,9.218894690275192261e-02,-8.690710067749023438e-01,2.953307330608367920e-01,1.221590042114257812e-01,-2.325955867767333984e+00,6.257526874542236328e-01,-2.091214209794998169e-01,1.892107874155044556e-01,-7.841021418571472168e-01,-9.277670644223690033e-03,-2.300728708505630493e-01,-2.182894945144653320e+00,-5.929208397865295410e-01,-2.388221211731433868e-02,-3.825633227825164795e-02
-7.149435579776763916e-03,4.621199071407318115e-01,2.597942054271697998e-01,-2.025652080774307251e-01,1.636150926351547241e-01,6.589136123657226562e-01,7.057126164436340332e-01,-1.898075580596923828e+00,2.047014236450195312e-01,-3.021624088287353516e-01,1.734708070755004883e+00,-6.126862168312072754e-01,-2.466761320829391479e-02,-1.683238387107849121e+00,-6.023507714271545410e-01,1.202895790338516235e-01,1.854458689689636230e+00,-5.284922719001770020e-01,2.896583639085292816e-02,1.288808435201644897e-01,3.140000104904174805e-01,6.596341729164123535e-02,-8.053138852119445801e-01,1.933307349681854248e-01,9.443497657775878906e-02,-2.303683996200561523e+00,6.484925746917724609e-01,-2.051544636487960815e-01,1.999285668134689331e-01,-6.821021437644958496e-01,-2.986563369631767273e-02,-1.927928328514099121e-01,-2.080894947052001953e+00,-6.036793589591979980e-01,-1.528316922485828400e-02,-6.613768637180328369e-02
-5.635143723338842392e-03,4.632706642150878906e-01,2.678705751895904541e-01,-2.022019624710083008e-01,1.725235879421234131e-01,6.561205387115478516e-01,7.062972784042358398e-01,-1.885484099388122559e+00,2.113431543111801147e-01,-2.865664362907409668e-01,1.712270379066467285e+00,-6.033965945243835449e-01,-3.492528200149536133e-02,-1.694992780685424805e+00,-6.048614382743835449e-01,1.192644163966178894e-01,1.847158670425415039e+00,-5.357893705368041992e-01,2.583337761461734772e-02,9.484460204839706421e-02,3.140000104904174805e-01,4.169759526848793030e-02,-7.576273083686828613e-01,9.133073687553405762e-02,7.270902395248413086e-02,-2.281726598739624023e+00,6.756338477134704590e-01,-1.953560113906860352e-01,2.006644755601882935e-01,-5.801021456718444824e-01,-7.347676903009414673e-02,-1.564139276742935181e-01,-1.978894948959350586e+00,-5.957245826721191406e-01,1.403360744006931782e-03,-8.727063983678817749e-02
-4.795488435775041580e-03,4.644347429275512695e-01,2.717047631740570068e-01,-2.005797922611236572e-01,1.767486482858657837e-01,6.550167202949523926e-01,7.067395448684692383e-01,-1.873700976371765137e+00,2.121371775865554810e-01,-2.784614861011505127e-01,1.699292302131652832e+00,-5.948005318641662598e-01,-3.979155421257019043e-02,-1.700033307075500488e+00,-6.043397784233093262e-01,1.225405782461166382e-01,1.845500588417053223e+00,-5.362733602523803711e-01,1.653303205966949463e-02,7.542320340871810913e-02,3.140000104904174805e-01,2.807715348899364471e-02,-7.110884785652160645e-01,-1.066926401108503342e-02,5.462989956140518188e-02,-2.254212617874145508e+00,6.945338845252990723e-01,-1.881543248891830444e-01,1.939611434936523438e-01,-4.781021475791931152e-01,-1.070080250501632690e-01,-1.257627010345458984e-01,-1.892303109169006348e+00,-5.865724682807922363e-01,8.764762431383132935e-03,-9.978787600994110107e-02
-4.353235010057687759e-03,4.648457765579223633e-01,2.803185284137725830e-01,-2.046175599098205566e-01,1.824006736278533936e-01,6.515696644783020020e-01,7.073320746421813965e-01,-1.866844654083251953e+00,2.138415724039077759e-01,-2.759526669979095459e-01,1.680226683616638184e+00,-5.860005617141723633e-01,-4.664563387632369995e-02,-1.701406717300415039e+00,-5.969319939613342285e-01,1.134689599275588989e-01,1.830544114112854004e+00,-5.240446925163269043e-01,1.884251460433006287e-02,3.912983089685440063e-02,3.140000104904174805e-01,1.781039126217365265e-02,-6.735815405845642090e-01,-3.938549011945724487e-02,7.992665469646453857e-02,-2.233255147933959961e+00,6.976203322410583496e-01,-1.771888881921768188e-01,1.955513060092926025e-01,-3.779665231704711914e-01,-1.250959336757659912e-01,-8.890096843242645264e-02,-1.863249063491821289e+00,-6.080684661865234375e-01,2.669557556509971619e-02,-8.637908846139907837e-02
-4.852452781051397324e-03,4.658226966857910156e-01,2.881166040897369385e-01,-2.023120373487472534e-01,1.830151677131652832e-01,6.494257450103759766e-01,7.098038196563720703e-01,-1.846916079521179199e+00,2.140404134988784790e-01,-2.733543515205383301e-01,1.664057850837707520e+00,-5.828275680541992188e-01,-4.829548671841621399e-02,-1.692773222923278809e+00,-5.916651487350463867e-01,1.078461706638336182e-01,1.814996004104614258e+00,-5.210033655166625977e-01,2.034377492964267731e-02,2.147592417895793915e-02,3.140000104904174805e-01,6.052189506590366364e-03,-6.410235762596130371e-01,-4.855815321207046509e-02,7.673402130603790283e-02,-2.205538988113403320e+00,7.051403522491455078e-01,-1.595312803983688354e-01,1.927504837512969971e-01,-3.326369225978851318e-01,-1.426393836736679077e-01,-6.931550055742263794e-02,-1.847405314445495605e+00,-6.237761974334716797e-01,3.546381369233131409e-02,-8.267284929752349854e-02
-6.161261815577745438e-03,4.667943716049194336e-01,2.955379784107208252e-01,-1.966627687215805054e-01,1.810789853334426880e-01,6.478959321975708008e-01,7.132776975631713867e-01,-1.818093895912170410e+00,2.165804505348205566e-01,-2.657024562358856201e-01,1.649010658264160156e+00,-5.767641663551330566e-01,-5.084273964166641235e-02,-1.677745580673217773e+00,-5.899776816368103027e-01,1.032527759671211243e-01,1.799229860305786133e+00,-5.191980004310607910e-01,1.948298327624797821e-02,1.079890411347150803e-02,3.140000104904174805e-01,-7.737092673778533936e-03,-6.075545549392700195e-01,-4.611905291676521301e-02,7.727190107107162476e-02,-2.169996261596679688e+00,7.069857716560363770e-01,-1.449406892061233521e-01,1.944445520639419556e-01,-2.954594194889068604e-01,-1.514988988637924194e-01,-6.215335801243782043e-02,-1.827178835868835449e+00,-6.439104080200195312e-01,3.990368917584419250e-02,-9.046819061040878296e-02
-7.778801023960113525e-03,4.680180847644805908e-01,3.067417442798614502e-01,-1.911432743072509766e-01,1.803979426622390747e-01,6.451374888420104980e-01,7.174388170242309570e-01,-1.782182455062866211e+00,2.204095870256423950e-01,-2.552756667137145996e-01,1.625482797622680664e+00,-5.704227089881896973e-01,-4.554550349712371826e-02,-1.658577799797058105e+00,-5.825450420379638672e-01,9.946043044328689575e-02,1.775031089782714844e+00,-5.192932486534118652e-01,1.324564777314662933e-02,-1.500789192505180836e-03,3.140000104904174805e-01,-1.979685202240943909e-02,-5.732893347740173340e-01,-3.370134532451629639e-02,7.512832432985305786e-02,-2.131070613861083984e+00,6.980397105216979980e-01,-1.310410350561141968e-01,1.969685852527618408e-01,-2.722274363040924072e-01,-1.548081487417221069e-01,-4.941815510392189026e-02,-1.814169287681579590e+00,-6.655990481376647949e-01,4.177452996373176575e-02,-9.758902341127395630e-02
-9.426847100257873535e-03,4.691798686981201172e-01,3.236143290996551514e-01,-1.825958639383316040e-01,1.775287091732025146e-01,6.409327387809753418e-01,7.241184711456298828e-01,-1.729860544204711914e+00,2.332251518964767456e-01,-2.356933206319808960e-01,1.588759183883666992e+00,-5.622984170913696289e-01,-3.308906406164169312e-02,-1.627464175224304199e+00,-5.737146735191345215e-01,8.699080348014831543e-02,1.737384080886840820e+00,-5.131412148475646973e-01,1.118129398673772812e-02,-2.299089916050434113e-02,3.140000104904174805e-01,-4.002003744244575500e-02,-5.418969392776489258e-01,-1.067485567182302475e-02,6.745390594005584717e-02,-2.091376304626464844e+00,6.780236959457397461e-01,-1.194481104612350464e-01,1.930660754442214966e-01,-2.562208771705627441e-01,-1.614311486482620239e-01,-2.741995826363563538e-02,-1.812457919120788574e+00,-6.879757642745971680e-01,4.207260906696319580e-02,-9.997827559709548950e-02
-1.145671959966421127e-02,4.706957936286926270e-01,3.465956747531890869e-01,-1.745087802410125732e-01,1.754162162542343140e-01,6.351050734519958496e-01,7.317221760749816895e-01,-1.666533708572387695e+00,2.529281675815582275e-01,-2.048878967761993408e-01,1.537309050559997559e+00,-5.465112924575805664e-01,-2.293394692242145538e-02,-1.586638927459716797e+00,-5.624717473983764648e-01,6.611721962690353394e-02,1.682622909545898438e+00,-5.054730176925659180e-01,1.368988025933504105e-02,-4.749826714396476746e-02,3.140000104904174805e-01,-6.338983029127120972e-02,-5.044219493865966797e-01,1.800006814301013947e-02,6.041881069540977478e-02,-2.043385982513427734e+00,6.573154926300048828e-01,-1.031545400619506836e-01,1.906633675098419189e-01,-2.443713545799255371e-01,-1.635228097438812256e-01,-2.883516950532793999e-03,-1.815021157264709473e+00,-7.167049646377563477e-01,4.350873082876205444e-02,-1.005878001451492310e-01
-1.312667690217494965e-02,4.726193845272064209e-01,3.710937201976776123e-01,-1.638694107532501221e-01,1.701335012912750244e-01,6.285751461982727051e-01,7.410092353820800781e-01,-1.590616703033447266e+00,2.775087952613830566e-01,-1.673261225223541260e-01,1.478876233100891113e+00,-5.258053541183471680e-01,-6.746621802449226379e-03,-1.534942507743835449e+00,-5.483474731445312500e-01,4.298665747046470642e-02,1.620318531990051270e+00,-4.853176176548004150e-01,2.143401652574539185e-02,-7.552055269479751587e-02,3.140000104904174805e-01,-9.101060777902603149e-02,-4.736626148223876953e-01,6.493829190731048584e-02,5.498044565320014954e-02,-2.011985301971435547e+00,6.328247785568237305e-01,-8.878465741872787476e-02,1.837995797395706177e-01,-2.423642724752426147e-01,-1.783534288406372070e-01,3.027314133942127228e-02,-1.838336110115051270e+00,-7.393302917480468750e-01,4.659552872180938721e-02,-9.242553263902664185e-02
-1.468865666538476944e-02,4.744175076484680176e-01,3.996629416942596436e-01,-1.528529524803161621e-01,1.635702997446060181e-01,6.217188239097595215e-01,7.505640983581542969e-01,-1.502225875854492188e+00,2.952233254909515381e-01,-1.307408213615417480e-01,1.406853199005126953e+00,-4.975684583187103271e-01,9.727586060762405396e-03,-1.471107602119445801e+00,-5.237171649932861328e-01,2.422970160841941833e-02,1.542916774749755859e+00,-4.669299423694610596e-01,2.641852013766765594e-02,-1.008103862404823303e-01,3.140000104904174805e-01,-1.185387820005416870e-01,-4.144761562347412109e-01,1.303132027387619019e-01,5.075979605317115784e-02,-1.963945746421813965e+00,6.063335537910461426e-01,-6.828528642654418945e-02,1.837506294250488281e-01,-2.403648644685745239e-01,-2.093542665243148804e-01,7.197249680757522583e-02,-1.862841844558715820e+00,-7.503232955932617188e-01,5.504340678453445435e-02,-9.260637313127517700e-02
-1.543295849114656448e-02,4.763143062591552734e-01,4.294844567775726318e-01,-1.355315744876861572e-01,1.509272307157516479e-01,6.119136810302734375e-01,7.644696235656738281e-01,-1.400225877761840820e+00,3.170751035213470459e-01,-8.746966719627380371e-02,1.324572920799255371e+00,-4.564233720302581787e-01,2.723953314125537872e-02,-1.392859935760498047e+00,-4.966327548027038574e-01,3.650604514405131340e-03,1.457365512847900391e+00,-4.429454207420349121e-01,3.283182531595230103e-02,-1.263066977262496948e-01,3.100391328334808350e-01,-1.451241672039031982e-01,-3.474405109882354736e-01,2.323132157325744629e-01,3.638385608792304993e-02,-1.929965615272521973e+00,5.781587362289428711e-01,-6.190641224384307861e-02,1.770156770944595337e-01,-2.436096072196960449e-01,-2.702519893646240234e-01,1.131186187267303467e-01,-1.924372911453247070e+00,-7.478517889976501465e-01,5.169383808970451355e-02,-9.288318455219268799e-02
-1.503939367830753326e-02,4.782595038414001465e-01,4.584707915782928467e-01,-1.165005341172218323e-01,1.389580219984054565e-01,5.985757708549499512e-01,7.802726030349731445e-01,-1.298225879669189453e+00,3.384341895580291748e-01,-3.665923699736595154e-02,1.232771992683410645e+00,-3.947065770626068115e-01,4.223571717739105225e-02,-1.316207885742187500e+00,-4.615924656391143799e-01,-4.667024128139019012e-03,1.369731426239013672e+00,-4.088586866855621338e-01,3.679257258772850037e-02,-1.394355893135070801e-01,3.048275113105773926e-01,-1.628961116075515747e-01,-2.758448123931884766e-01,3.343132138252258301e-01,3.331656800583004951e-03,-1.910964250564575195e+00,5.564249753952026367e-01,-7.522004842758178711e-02,1.641625612974166870e-01,-2.256414592266082764e-01,-3.431462645530700684e-01,1.500699073076248169e-01,-1.992681384086608887e+00,-7.389428615570068359e-01,4.332687333226203918e-02,-1.032983660697937012e-01
-1.374846510589122772e-02,4.801759123802185059e-01,4.815020859241485596e-01,-1.003412306308746338e-01,1.283175349235534668e-01,5.851191282272338867e-01,7.944192290306091309e-01,-1.196225881576538086e+00,3.521722257137298584e-01,5.328227300196886063e-03,1.147615194320678711e+00,-3.361569941043853760e-01,4.823293536901473999e-02,-1.250656247138977051e+00,-4.285947978496551514e-01,-6.713297683745622635e-03,1.293340563774108887e+00,-3.800143301486968994e-01,3.546732664108276367e-02,-1.386801451444625854e-01,2.983099818229675293e-01,-1.736917793750762939e-01,-2.122167348861694336e-01,4.363132119178771973e-01,-4.573706537485122681e-02,-1.911087393760681152e+00,5.390549302101135254e-01,-9.608811140060424805e-02,1.451885104179382324e-01,-1.938263922929763794e-01,-4.270570576190948486e-01,1.855624914169311523e-01,-2.055738210678100586e+00,-7.209298610687255859e-01,3.254941105842590332e-02,-1.240233033895492554e-01
-1.174276508390903473e-02,4.819838404655456543e-01,4.987954795360565186e-01,-8.761261403560638428e-02,1.190836876630783081e-01,5.731667876243591309e-01,8.059918880462646484e-01,-1.094225883483886719e+00,3.589241504669189453e-01,3.496789559721946716e-02,1.078572750091552734e+00,-2.832432687282562256e-01,4.990057274699211121e-02,-1.197350144386291504e+00,-3.949536085128784180e-01,2.315535675734281540e-03,1.231610298156738281e+00,-3.608745336532592773e-01,3.215833380818367004e-02,-1.379337906837463379e-01,2.936967909336090088e-01,-1.821491420269012451e-01,-1.581558436155319214e-01,5.383132100105285645e-01,-8.595138788223266602e-02,-1.923177123069763184e+00,5.059114694595336914e-01,-1.145417913794517517e-01,1.300120651721954346e-01,-1.683084815740585327e-01,-5.120547413825988770e-01,2.152271568775177002e-01,-2.106887817382812500e+00,-6.980169415473937988e-01,2.276389673352241516e-02,-1.313433200120925903e-01
-9.327230043709278107e-03,4.838248193264007568e-01,5.106158256530761719e-01,-7.761298865079879761e-02,1.115163415670394897e-01,5.661990642547607422e-01,8.129938244819641113e-01,-9.922258257865905762e-01,3.597135245800018311e-01,5.560663715004920959e-02,1.027942299842834473e+00,-2.375124394893646240e-01,4.629617929458618164e-02,-1.154915094375610352e+00,-3.704155683517456055e-01,1.459584943950176239e-02,1.189191460609436035e+00,-3.454865515232086182e-01,2.800191938877105713e-02,-1.348732709884643555e-01,2.918093204498291016e-01,-1.866188943386077881e-01,-1.184434145689010620e-01,6.403132081031799316e-01,-1.100617647171020508e-01,-1.940736770629882812e+00,4.784419536590576172e-01,-1.254709661006927490e-01,1.213223934173583984e-01,-1.460963040590286255e-01,-5.725995302200317383e-01,2.374058365821838379e-01,-2.138920783996582031e+00,-6.930497884750366211e-01,2.145662903785705566e-02,-1.297446340322494507e-01
-6.522207986563444138e-03,4.854809641838073730e-01,5.194610357284545898e-01,-7.012671977281570435e-02,1.039201840758323669e-01,5.598491430282592773e-01,8.190554380416870117e-01,-9.287772774696350098e-01,3.606871962547302246e-01,6.734333932399749756e-02,9.910060763359069824e-01,-2.050999850034713745e-01,5.049977079033851624e-02,-1.118392705917358398e+00,-3.480742573738098145e-01,2.575640566647052765e-02,1.154998302459716797e+00,-3.353263437747955322e-01,2.617722377181053162e-02,-1.334232836961746216e-01,2.909344732761383057e-01,-1.955521404743194580e-01,-8.706556260585784912e-02,7.260338664054870605e-01,-1.248238980770111084e-01,-1.958125233650207520e+00,4.583105146884918213e-01,-1.308471560478210449e-01,1.149423867464065552e-01,-1.295830160379409790e-01,-6.100718379020690918e-01,2.538036406040191650e-01,-2.156597614288330078e+00,-6.987648606300354004e-01,2.297608368098735809e-02,-1.233316361904144287e-01
-4.026264883577823639e-03,4.870398044586181641e-01,5.258853435516357422e-01,-6.370607018470764160e-02,9.915056079626083374e-02,5.550182461738586426e-01,8.234472870826721191e-01,-8.841753602027893066e-01,3.600168526172637939e-01,7.873351126909255981e-02,9.630174040794372559e-01,-1.793067902326583862e-01,4.943932965397834778e-02,-1.092676877975463867e+00,-3.336878418922424316e-01,3.526541218161582947e-02,1.132040739059448242e+00,-3.289755582809448242e-01,2.307273261249065399e-02,-1.306381225585937500e-01,2.907482981681823730e-01,-2.001129686832427979e-01,-6.201390922069549561e-02,7.869531512260437012e-01,-1.347122937440872192e-01,-1.974946022033691406e+00,4.413555860519409180e-01,-1.339279115200042725e-01,1.111312806606292725e-01,-1.187981069087982178e-01,-6.493080258369445801e-01,2.704623937606811523e-01,-2.169995069503784180e+00,-6.978962421417236328e-01,2.743276394903659821e-02,-1.108368188142776489e-01
-1.559284050017595291e-03,4.883416891098022461e-01,5.321049690246582031e-01,-5.894295498728752136e-02,9.621804952621459961e-02,5.499476194381713867e-01,8.275417685508728027e-01,-8.472281098365783691e-01,3.593219220638275146e-01,8.968997746706008911e-02,9.365399479866027832e-01,-1.556087732315063477e-01,4.717834666371345520e-02,-1.072960734367370605e+00,-3.216572105884552002e-01,4.198256507515907288e-02,1.111203908920288086e+00,-3.216748833656311035e-01,2.099980413913726807e-02,-1.277870833873748779e-01,2.906359732151031494e-01,-2.026134282350540161e-01,-3.995081782341003418e-02,8.328267335891723633e-01,-1.427009701728820801e-01,-1.992459654808044434e+00,4.304074645042419434e-01,-1.366816759109497070e-01,1.087300628423690796e-01,-1.092060357332229614e-01,-6.822457313537597656e-01,2.811276018619537354e-01,-2.178251981735229492e+00,-6.986815929412841797e-01,3.039917163550853729e-02,-9.958565980195999146e-02
6.135053699836134911e-04,4.895415306091308594e-01,5.358340740203857422e-01,-5.524767190217971802e-02,9.365212172269821167e-02,5.465241074562072754e-01,8.303543925285339355e-01,-8.200515508651733398e-01,3.584539890289306641e-01,9.636816382408142090e-02,9.181079864501953125e-01,-1.397393494844436646e-01,4.599833488464355469e-02,-1.058472990989685059e+00,-3.120182156562805176e-01,4.915394634008407593e-02,1.097958326339721680e+00,-3.166718482971191406e-01,1.912373863160610199e-02,-1.285695880651473999e-01,2.905967831611633301e-01,-2.047196179628372192e-01,-2.190568484365940094e-02,8.747460246086120605e-01,-1.520574092864990234e-01,-2.005850553512573242e+00,4.198979139328002930e-01,-1.391319781541824341e-01,1.015292555093765259e-01,-1.035575494170188904e-01,-7.108082175254821777e-01,2.874915897846221924e-01,-2.188054084777832031e+00,-6.950223445892333984e-01,3.005122952163219452e-02,-9.002662450075149536e-02
2.352208364754915237e-03,4.907376766204833984e-01,5.387376546859741211e-01,-5.140808597207069397e-02,9.134401381015777588e-02,5.435356497764587402e-01,8.328160047531127930e-01,-7.962281703948974609e-01,3.572220802307128906e-01,1.033352613449096680e-01,9.028425812721252441e-01,-1.248517706990242004e-01,4.354742169380187988e-02,-1.046859622001647949e+00,-3.060941100120544434e-01,5.440977960824966431e-02,1.089017391204833984e+00,-3.113544285297393799e-01,1.606450043618679047e-02,-1.271555721759796143e-01,2.910531759262084961e-01,-2.037712037563323975e-01,-7.748669479042291641e-03,9.150693416595458984e-01,-1.577373892068862915e-01,-2.015584945678710938e+00,4.079988896846771240e-01,-1.389556527137756348e-01,9.234362095594406128e-02,-9.894821792840957642e-02,-7.340452671051025391e-01,2.854037582874298096e-01,-2.196954965591430664e+00,-6.918975114822387695e-01,2.882384695112705231e-02,-8.083347976207733154e-02
3.694569459185004234e-03,4.920429587364196777e-01,5.411444902420043945e-01,-4.867208376526832581e-02,8.970805257558822632e-02,5.411392450332641602e-01,8.347166180610656738e-01,-7.772072553634643555e-01,3.564146757125854492e-01,1.097084209322929382e-01,8.904496431350708008e-01,-1.126769110560417175e-01,4.117744415998458862e-02,-1.037521958351135254e+00,-3.011950850486755371e-01,5.908961221575737000e-02,1.081800460815429688e+00,-3.065250515937805176e-01,1.386612188071012497e-02,-1.271243095397949219e-01,2.913688719272613525e-01,-2.019442170858383179e-01,4.487696103751659393e-03,9.538244009017944336e-01,-1.664482057094573975e-01,-2.028780460357666016e+00,3.982468247413635254e-01,-1.390030682086944580e-01,8.053980767726898193e-02,-9.414441138505935669e-02,-7.512494325637817383e-01,2.847833335399627686e-01,-2.207449913024902344e+00,-6.955040097236633301e-01,2.945268712937831879e-02,-7.165578007698059082e-02
4.640736617147922516e-03,4.937111139297485352e-01,5.431662797927856445e-01,-4.662266373634338379e-02,8.772115409374237061e-02,5.392667055130004883e-01,8.362551927566528320e-01,-7.611821293830871582e-01,3.561936020851135254e-01,1.143995448946952820e-01,8.810886144638061523e-01,-1.054158508777618408e-01,4.029861837625503540e-02,-1.027970790863037109e+00,-2.967309653759002686e-01,6.286712735891342163e-02,1.075176835060119629e+00,-3.000943660736083984e-01,1.208941079676151276e-02,-1.308788806200027466e-01,2.911852896213531494e-01,-2.012711465358734131e-01,1.663251779973506927e-02,9.954136013984680176e-01,-1.751771271228790283e-01,-2.044445514678955078e+00,3.856084346771240234e-01,-1.383953690528869629e-01,6.747705489397048950e-02,-9.263566136360168457e-02,-7.641903758049011230e-01,2.821015715599060059e-01,-2.222267389297485352e+00,-7.030671238899230957e-01,2.932272106409072876e-02,-6.236505880951881409e-02
4.986667539924383163e-03,4.960679113864898682e-01,5.446138381958007812e-01,-4.450125247240066528e-02,8.482567965984344482e-02,5.381914377212524414e-01,8.373614549636840820e-01,-7.474317550659179688e-01,3.565180599689483643e-01,1.187280267477035522e-01,8.774662613868713379e-01,-1.025530844926834106e-01,4.037599265575408936e-02,-1.017372608184814453e+00,-2.942545115947723389e-01,6.567531079053878784e-02,1.071183085441589355e+00,-2.933161258697509766e-01,1.249075774103403091e-02,-1.392248123884201050e-01,2.898356318473815918e-01,-2.038154006004333496e-01,2.747500129044055939e-02,1.038241267204284668e+00,-1.855213046073913574e-01,-2.057049751281738281e+00,3.729993104934692383e-01,-1.382531076669692993e-01,5.370247364044189453e-02,-9.548828750848770142e-02,-7.795345187187194824e-01,2.841704189777374268e-01,-2.242533206939697266e+00,-7.104660868644714355e-01,3.016049228608608246e-02,-4.931031912565231323e-02
5.144999828189611435e-03,4.990984797477722168e-01,5.466580390930175781e-01,-4.363705962896347046e-02,8.226828277111053467e-02,5.366078019142150879e-01,8.386774063110351562e-01,-7.333656549453735352e-01,3.583187162876129150e-01,1.239278614521026611e-01,8.714079260826110840e-01,-1.019382774829864502e-01,4.213237762451171875e-02,-1.005167484283447266e+00,-2.913931906223297119e-01,6.563401967287063599e-02,1.062605857849121094e+00,-2.828406691551208496e-01,1.525487564504146576e-02,-1.452267467975616455e-01,2.882972359657287598e-01,-2.059871852397918701e-01,4.222713783383369446e-02,1.087849736213684082e+00,-1.960226297378540039e-01,-2.080168008804321289e+00,3.608825206756591797e-01,-1.416918933391571045e-01,3.885623440146446228e-02,-1.025242432951927185e-01,-7.993222475051879883e-01,2.785473465919494629e-01,-2.269612073898315430e+00,-7.196588516235351562e-01,2.828116528689861298e-02,-3.579289466142654419e-02
4.967610817402601242e-03,5.031541585922241211e-01,5.499402284622192383e-01,-4.335305839776992798e-02,7.939767092466354370e-02,5.354048013687133789e-01,8.397369980812072754e-01,-7.182778120040893555e-01,3.597984313964843750e-01,1.290857791900634766e-01,8.638657331466674805e-01,-1.059186086058616638e-01,4.404452443122863770e-02,-9.889315366744995117e-01,-2.874906361103057861e-01,6.561888754367828369e-02,1.049418568611145020e+00,-2.693426012992858887e-01,2.001646347343921661e-02,-1.532312333583831787e-01,2.853141725063323975e-01,-2.084706723690032959e-01,6.068474054336547852e-02,1.141750574111938477e+00,-2.072372734546661377e-01,-2.101382255554199219e+00,3.475500643253326416e-01,-1.460888087749481201e-01,2.350596897304058075e-02,-1.143849864602088928e-01,-8.259544968605041504e-01,2.730658054351806641e-01,-2.303689479827880859e+00,-7.277720570564270020e-01,2.529204823076725006e-02,-1.777700148522853851e-02
4.438452888280153275e-03,5.082874894142150879e-01,5.528951883316040039e-01,-4.244321584701538086e-02,7.515914738178253174e-02,5.334563255310058594e-01,8.414119482040405273e-01,-6.996499300003051758e-01,3.619563877582550049e-01,1.354132741689682007e-01,8.573881387710571289e-01,-1.096788719296455383e-01,4.428546875715255737e-02,-9.691387414932250977e-01,-2.824917137622833252e-01,6.776390224695205688e-02,1.033830881118774414e+00,-2.555160820484161377e-01,2.501744218170642853e-02,-1.611761152744293213e-01,2.815533876419067383e-01,-2.075359225273132324e-01,8.536526560783386230e-02,1.206166505813598633e+00,-2.225365936756134033e-01,-2.127513408660888672e+00,3.330767154693603516e-01,-1.546087116003036499e-01,5.335147492587566376e-03,-1.373272836208343506e-01,-8.505860567092895508e-01,2.682433724403381348e-01,-2.347270011901855469e+00,-7.398863434791564941e-01,1.369134895503520966e-02,1.981701236218214035e-03
3.921601455658674240e-03,5.141237974166870117e-01,5.575014352798461914e-01,-4.121415317058563232e-02,6.961980462074279785e-02,5.303624868392944336e-01,8.439017534255981445e-01,-6.726354956626892090e-01,3.652375042438507080e-01,1.460993885993957520e-01,8.436532616615295410e-01,-1.137669086456298828e-01,4.280972108244895935e-02,-9.423621892929077148e-01,-2.746025025844573975e-01,7.069228589534759521e-02,1.009466052055358887e+00,-2.392175495624542236e-01,3.153766691684722900e-02,-1.576656401157379150e-01,2.759943306446075439e-01,-2.062474042177200317e-01,1.190247908234596252e-01,1.283603787422180176e+00,-2.414931654930114746e-01,-2.159116268157958984e+00,3.245178163051605225e-01,-1.669587939977645874e-01,-1.167992036789655685e-02,-1.922201216220855713e-01,-8.675991296768188477e-01,2.672311663627624512e-01,-2.354350566864013672e+00,-7.522693872451782227e-01,-1.719896681606769562e-02,3.371874615550041199e-02
3.420020686462521553e-03,5.205128192901611328e-01,5.622049570083618164e-01,-3.943016752600669861e-02,6.369572877883911133e-02,5.258260965347290039e-01,8.472868800163269043e-01,-6.404572129249572754e-01,3.697302937507629395e-01,1.618952900171279907e-01,8.279336690902709961e-01,-1.228276491165161133e-01,3.880152851343154907e-02,-9.133927822113037109e-01,-2.620011866092681885e-01,8.126410096883773804e-02,9.818401932716369629e-01,-2.245418578386306763e-01,3.919731080532073975e-02,-1.564184278249740601e-01,2.685956656932830811e-01,-2.119908183813095093e-01,1.620690673589706421e-01,1.385603785514831543e+00,-2.626098096370697021e-01,-2.188678264617919922e+00,3.112946450710296631e-01,-1.832572519779205322e-01,-2.935418672859668732e-02,-2.766511738300323486e-01,-8.842148780822753906e-01,2.786565721035003662e-01,-2.355412483215332031e+00,-7.625460028648376465e-01,-6.217187643051147461e-02,8.092527091503143311e-02
2.804344054311513901e-03,5.267358422279357910e-01,5.666288137435913086e-01,-3.838882967829704285e-02,5.895189940929412842e-02,5.155416727066040039e-01,8.539717793464660645e-01,-6.045269370079040527e-01,3.785961866378784180e-01,1.861506551504135132e-01,8.137016296386718750e-01,-1.361754387617111206e-01,3.685152903199195862e-02,-8.897019624710083008e-01,-2.397943139076232910e-01,1.024577692151069641e-01,9.501482844352722168e-01,-2.141100317239761353e-01,4.651358723640441895e-02,-1.470417976379394531e-01,2.592551708221435547e-01,-2.353104799985885620e-01,2.233176082372665405e-01,1.487603783607482910e+00,-2.864979803562164307e-01,-2.222802639007568359e+00,3.036815226078033447e-01,-2.082865089178085327e-01,-3.860187157988548279e-02,-3.786511719226837158e-01,-9.058373570442199707e-01,3.137885332107543945e-01,-2.355571985244750977e+00,-7.633152604103088379e-01,-1.224756017327308655e-01,1.280448138713836670e-01
1.760039245709776878e-03,5.330870747566223145e-01,5.686973333358764648e-01,-3.403505310416221619e-02,5.038106814026832581e-02,5.084651708602905273e-01,8.589333295822143555e-01,-5.675866603851318359e-01,3.841331601142883301e-01,2.061349153518676758e-01,8.083816170692443848e-01,-1.335676014423370361e-01,2.616702951490879059e-02,-8.621931076049804688e-01,-2.196885794401168823e-01,1.323110163211822510e-01,9.295262694358825684e-01,-2.127833366394042969e-01,5.169960856437683105e-02,-1.482073962688446045e-01,2.534252107143402100e-01,-2.642414867877960205e-01,2.777158617973327637e-01,1.589603781700134277e+00,-3.144415616989135742e-01,-2.254745960235595703e+00,2.876898050308227539e-01,-2.435533106327056885e-01,-2.844669856131076813e-02,-4.806511700153350830e-01,-8.917230963706970215e-01,3.736209273338317871e-01,-2.355595827102661133e+00,-7.792655229568481445e-01,-1.942469328641891479e-01,1.607938259840011597e-01
9.813084034249186516e-04,5.393098592758178711e-01,5.675762891769409180e-01,-2.685045450925827026e-02,3.643114492297172546e-02,5.013875961303710938e-01,8.640383481979370117e-01,-5.266516208648681641e-01,3.881678581237792969e-01,2.154743820428848267e-01,8.157641291618347168e-01,-1.480218023061752319e-01,3.054019063711166382e-02,-8.307879567146301270e-01,-2.019759565591812134e-01,1.606960594654083252e-01,9.238396286964416504e-01,-2.243960797786712646e-01,4.423398897051811218e-02,-1.730618327856063843e-01,2.511916756629943848e-01,-2.994467318058013916e-01,3.174237310886383057e-01,1.691603779792785645e+00,-3.556765615940093994e-01,-2.235977649688720703e+00,2.603165805339813232e-01,-2.584103345870971680e-01,-3.144168481230735779e-02,-5.826511383056640625e-01,-8.776274919509887695e-01,3.828451037406921387e-01,-2.355599403381347656e+00,-7.647374868392944336e-01,-2.557270824909210205e-01,1.699407100677490234e-01
1.256654213648289442e-04,5.448984503746032715e-01,5.669602155685424805e-01,-2.018138952553272247e-02,2.484723925590515137e-02,4.975580573081970215e-01,8.668398261070251465e-01,-4.913191795349121094e-01,3.890249431133270264e-01,2.230542451143264771e-01,8.217496871948242188e-01,-1.620761603116989136e-01,3.167762607336044312e-02,-8.021118640899658203e-01,-1.928483843803405762e-01,1.801489740610122681e-01,9.229924678802490234e-01,-2.359390705823898315e-01,3.697296604514122009e-02,-2.038905322551727295e-01,2.503395676612854004e-01,-3.313776254653930664e-01,3.531013429164886475e-01,1.793603777885437012e+00,-3.969479501247406006e-01,-2.214872837066650391e+00,2.399843037128448486e-01,-2.777892649173736572e-01,-2.971213683485984802e-02,-6.846511363983154297e-01,-8.725973367691040039e-01,3.850864768028259277e-01,-2.355599880218505859e+00,-7.524760365486145020e-01,-3.096705079078674316e-01,1.674903184175491333e-01
-7.093973108567297459e-04,5.497913360595703125e-01,5.652005672454833984e-01,-1.372762490063905716e-02,1.341441832482814789e-02,4.949811697006225586e-01,8.686916828155517578e-01,-4.617577791213989258e-01,3.902397155761718750e-01,2.289231568574905396e-01,8.325079679489135742e-01,-1.764775812625885010e-01,3.436236456036567688e-02,-7.768620848655700684e-01,-1.880299896001815796e-01,1.937104910612106323e-01,9.282549023628234863e-01,-2.485377043485641479e-01,3.249296173453330994e-02,-2.278061509132385254e-01,2.511804103851318359e-01,-3.539759218692779541e-01,3.751647770404815674e-01,1.895603775978088379e+00,-4.336510896682739258e-01,-2.191279888153076172e+00,2.280586659908294678e-01,-2.915927767753601074e-01,-1.847515627741813660e-02,-7.866511344909667969e-01,-8.719373345375061035e-01,3.813251256942749023e-01,-2.355599880218505859e+00,-7.422046661376953125e-01,-3.507306873798370361e-01,1.520617604255676270e-01
-1.357845379970967770e-03,5.539288520812988281e-01,5.626307725906372070e-01,-8.436667732894420624e-03,5.130463279783725739e-03,4.929926991462707520e-01,8.699774146080017090e-01,-4.388673603534698486e-01,3.914409875869750977e-01,2.352260053157806396e-01,8.411756157875061035e-01,-1.962163001298904419e-01,3.794232010841369629e-02,-7.602708935737609863e-01,-1.885617375373840332e-01,1.994495540857315063e-01,9.370129704475402832e-01,-2.602311968803405762e-01,3.028083778917789459e-02,-2.445187568664550781e-01,2.514384686946868896e-01,-3.686003684997558594e-01,3.847987353801727295e-01,1.977230310440063477e+00,-4.604951143264770508e-01,-2.173878908157348633e+00,2.207367718219757080e-01,-3.008743524551391602e-01,-8.074508048593997955e-03,-8.707711100578308105e-01,-8.824123740196228027e-01,3.851742744445800781e-01,-2.355599880218505859e+00,-7.337222695350646973e-01,-3.663047552108764648e-01,1.395587772130966187e-01
-2.034186152741312981e-03,5.572774410247802734e-01,5.612816810607910156e-01,-4.277081694453954697e-03,-1.706554088741540909e-03,4.905734956264495850e-01,8.713876605033874512e-01,-4.186527431011199951e-01,3.912467062473297119e-01,2.397020906209945679e-01,8.453917503356933594e-01,-2.127612084150314331e-01,3.881800919771194458e-02,-7.458250522613525391e-01,-1.873622685670852661e-01,2.063599228858947754e-01,9.412496685981750488e-01,-2.702848017215728760e-01,2.897916734218597412e-02,-2.610322535037994385e-01,2.510406076908111572e-01,-3.838134407997131348e-01,3.932724297046661377e-01,2.016542196273803711e+00,-4.871470630168914795e-01,-2.160691022872924805e+00,2.227392047643661499e-01,-3.132497370243072510e-01,8.454503491520881653e-03,-9.211912751197814941e-01,-8.884364962577819824e-01,3.833838999271392822e-01,-2.355600118637084961e+00,-7.240825295448303223e-01,-3.864041268825531006e-01,1.170499250292778015e-01
-2.211847109720110893e-03,5.602158308029174805e-01,5.600230693817138672e-01,-1.200521481223404408e-03,-8.950161747634410858e-03,4.877040684223175049e-01,8.729622960090637207e-01,-4.001664817333221436e-01,3.916322290897369385e-01,2.385317236185073853e-01,8.504025340080261230e-01,-2.270997762680053711e-01,3.960494697093963623e-02,-7.313452959060668945e-01,-1.831978708505630493e-01,2.124857008457183838e-01,9.439649581909179688e-01,-2.782740294933319092e-01,2.777813933789730072e-02,-2.742127180099487305e-01,2.510837018489837646e-01,-3.894661664962768555e-01,4.014632999897003174e-01,2.036996364593505859e+00,-5.103971362113952637e-01,-2.151007413864135742e+00,2.213168889284133911e-01,-3.207398951053619385e-01,1.322446763515472412e-02,-9.617819786071777344e-01,-8.974078297615051270e-01,3.861428499221801758e-01,-2.355600118637084961e+00,-7.126529812812805176e-01,-4.055757224559783936e-01,1.102106571197509766e-01
-2.000983105972409248e-03,5.626710057258605957e-01,5.587167739868164062e-01,-1.535155577585101128e-03,-1.420496404170989990e-02,4.846200048923492432e-01,8.746080994606018066e-01,-3.889009356498718262e-01,3.957823514938354492e-01,2.339692860841751099e-01,8.564586043357849121e-01,-2.442457526922225952e-01,3.928443789482116699e-02,-7.205284237861633301e-01,-1.765840798616409302e-01,2.136037349700927734e-01,9.421612620353698730e-01,-2.863874733448028564e-01,2.627421729266643524e-02,-2.840001583099365234e-01,2.518578469753265381e-01,-3.904861509799957275e-01,4.070713520050048828e-01,2.053883790969848633e+00,-5.283281207084655762e-01,-2.140950441360473633e+00,2.176782786846160889e-01,-3.324209451675415039e-01,2.469891123473644257e-02,-9.893141388893127441e-01,-9.174194335937500000e-01,3.818580210208892822e-01,-2.355600118637084961e+00,-6.988425850868225098e-01,-4.296692311763763428e-01,9.659326076507568359e-02
-1.399482833221554756e-03,5.649909973144531250e-01,5.568950176239013672e-01,5.839376244693994522e-04,-2.089666575193405151e-02,4.825522303581237793e-01,8.756176829338073730e-01,-3.764849901199340820e-01,3.976137638092041016e-01,2.266658842563629150e-01,8.654051423072814941e-01,-2.579889297485351562e-01,4.053239896893501282e-02,-7.092490196228027344e-01,-1.715404540300369263e-01,2.161098867654800415e-01,9.473364949226379395e-01,-2.942100465297698975e-01,2.344950102269649506e-02,-2.932191193103790283e-01,2.531183362007141113e-01,-3.896719217300415039e-01,4.123431146144866943e-01,2.067000865936279297e+00,-5.430471301078796387e-01,-2.132189512252807617e+00,2.096638679504394531e-01,-3.402837514877319336e-01,3.096139058470726013e-02,-1.017894268035888672e+00,-9.341917634010314941e-01,3.830460608005523682e-01,-2.355600118637084961e+00,-6.879299879074096680e-01,-4.537719190120697021e-01,9.247364103794097900e-02
-4.466965328902006149e-04,5.670216679573059082e-01,5.548057556152343750e-01,2.147879218682646751e-03,-2.692780457437038422e-02,4.798832833766937256e-01,8.769163489341735840e-01,-3.649551570415496826e-01,4.003001749515533447e-01,2.200808376073837280e-01,8.752254843711853027e-01,-2.723167240619659424e-01,4.140112176537513733e-02,-7.003368139266967773e-01,-1.666994094848632812e-01,2.168443351984024048e-01,9.540604948997497559e-01,-3.040668964385986328e-01,2.159927971661090851e-02,-3.038049936294555664e-01,2.545601725578308105e-01,-3.886807262897491455e-01,4.179106056690216064e-01,2.074940204620361328e+00,-5.595288276672363281e-01,-2.121125221252441406e+00,2.039376646280288696e-01,-3.460078835487365723e-01,3.626733645796775818e-02,-1.040731310844421387e+00,-9.533976316452026367e-01,3.773849606513977051e-01,-2.355600118637084961e+00,-6.797894835472106934e-01,-4.758674502372741699e-01,8.669231832027435303e-02
1.097275060601532459e-03,5.687836408615112305e-01,5.522522926330566406e-01,4.153813235461711884e-03,-3.442802652716636658e-02,4.788812994956970215e-01,8.771944642066955566e-01,-3.545979261398315430e-01,4.030640125274658203e-01,2.088675051927566528e-01,8.887447118759155273e-01,-2.877705991268157959e-01,4.369913041591644287e-02,-6.886058449745178223e-01,-1.596997827291488647e-01,2.205273360013961792e-01,9.643443822860717773e-01,-3.163090050220489502e-01,1.841876655817031860e-02,-3.145841956138610840e-01,2.568672001361846924e-01,-3.875540494918823242e-01,4.226385056972503662e-01,2.083869218826293945e+00,-5.781390070915222168e-01,-2.103561639785766602e+00,1.927731037139892578e-01,-3.473694026470184326e-01,4.016152769327163696e-02,-1.072900891304016113e+00,-9.742093086242675781e-01,3.544208705425262451e-01,-2.355600118637084961e+00,-6.677036285400390625e-01,-5.074383020401000977e-01,7.468131184577941895e-02
2.983778947964310646e-03,5.701397657394409180e-01,5.487835407257080078e-01,5.042197648435831070e-03,-4.315272718667984009e-02,4.784159362316131592e-01,8.770579099655151367e-01,-3.479483127593994141e-01,4.092284739017486572e-01,1.931320428848266602e-01,9.093983769416809082e-01,-3.041775524616241455e-01,4.808248206973075867e-02,-6.760782003402709961e-01,-1.504108011722564697e-01,2.220671623945236206e-01,9.776201844215393066e-01,-3.319532275199890137e-01,1.552141178399324417e-02,-3.274272680282592773e-01,2.596158087253570557e-01,-3.861194252967834473e-01,4.286080896854400635e-01,2.087687253952026367e+00,-6.063225269317626953e-01,-2.072681665420532227e+00,1.768612563610076904e-01,-3.481565713882446289e-01,5.360978841781616211e-02,-1.108627796173095703e+00,-1.003649950027465820e+00,2.929665148258209229e-01,-2.355600118637084961e+00,-6.511126756668090820e-01,-5.504100322723388672e-01,2.891630120575428009e-02
4.931130446493625641e-03,5.712279081344604492e-01,5.452539920806884766e-01,9.063069708645343781e-03,-5.329310148954391479e-02,4.783771038055419922e-01,8.764890432357788086e-01,-3.379758894443511963e-01,4.093742072582244873e-01,1.725403219461441040e-01,9.328132271766662598e-01,-3.132077455520629883e-01,4.538536816835403442e-02,-6.615306138992309570e-01,-1.407791525125503540e-01,2.301866263151168823e-01,9.988371729850769043e-01,-3.434011936187744141e-01,1.598362065851688385e-02,-3.428559601306915283e-01,2.638285756111145020e-01,-3.833399415016174316e-01,4.380491077899932861e-01,2.086296319961547852e+00,-6.472621560096740723e-01,-2.025566101074218750e+00,1.548786610364913940e-01,-3.488216996192932129e-01,8.608620613813400269e-02,-1.172151684761047363e+00,-1.020661234855651855e+00,1.999776512384414673e-01,-2.355600118637084961e+00,-6.186773180961608887e-01,-5.568615198135375977e-01,-6.197811290621757507e-02
7.201102562248706818e-03,5.714033246040344238e-01,5.388056039810180664e-01,1.223218720406293869e-02,-6.221069023013114929e-02,4.797653555870056152e-01,8.751031160354614258e-01,-3.357555866241455078e-01,4.147800207138061523e-01,1.558158099651336670e-01,9.641263484954833984e-01,-3.365548253059387207e-01,4.696651920676231384e-02,-6.536034941673278809e-01,-1.341310590505599976e-01,2.329463362693786621e-01,1.028411269187927246e+00,-3.609342575073242188e-01,1.812795177102088928e-02,-3.571283221244812012e-01,2.668838500976562500e-01,-3.815710246562957764e-01,4.443888068199157715e-01,2.082081079483032227e+00,-6.858438849449157715e-01,-1.973690152168273926e+00,1.235107630491256714e-01,-3.508866429328918457e-01,1.220849826931953430e-01,-1.226203441619873047e+00,-1.041447758674621582e+00,1.201956197619438171e-01,-2.355600118637084961e+00,-5.720087289810180664e-01,-5.578292012214660645e-01,-1.604981124401092529e-01
9.620953351259231567e-03,5.710298418998718262e-01,5.327414274215698242e-01,1.179938111454248428e-02,-6.620915234088897705e-02,4.806593656539916992e-01,8.743247389793395996e-01,-3.440807461738586426e-01,4.171260595321655273e-01,1.306772381067276001e-01,9.930694699287414551e-01,-3.668913841247558594e-01,5.622739344835281372e-02,-6.555809378623962402e-01,-1.286703646183013916e-01,2.301506400108337402e-01,1.053742408752441406e+00,-3.840507268905639648e-01,2.069785818457603455e-02,-3.627407550811767578e-01,2.614847421646118164e-01,-3.800663352012634277e-01,4.485676884651184082e-01,2.075781106948852539e+00,-7.248393893241882324e-01,-1.925839900970458984e+00,8.652403205633163452e-02,-3.563692867755889893e-01,1.516065150499343872e-01,-1.246495842933654785e+00,-1.080619215965270996e+00,5.911399051547050476e-02,-2.355600118637084961e+00,-5.205262899398803711e-01,-5.579743981361389160e-01,-2.497449517250061035e-01
1.234519202262163162e-02,5.701881647109985352e-01,5.295878648757934570e-01,1.156293973326683044e-02,-6.838655471801757812e-02,4.849408566951751709e-01,8.717923760414123535e-01,-3.552984595298767090e-01,4.153646826744079590e-01,1.058479398488998413e-01,1.012604117393493652e+00,-3.803189694881439209e-01,6.086546555161476135e-02,-6.562420725822448730e-01,-1.297966837882995605e-01,2.208350896835327148e-01,1.071943163871765137e+00,-4.017718136310577393e-01,1.968864351511001587e-02,-3.638819456100463867e-01,2.541515231132507324e-01,-3.794965147972106934e-01,4.494679272174835205e-01,2.072904825210571289e+00,-7.590582370758056641e-01,-1.883010268211364746e+00,4.992622882127761841e-02,-3.597149550914764404e-01,1.706956177949905396e-01,-1.236068487167358398e+00,-1.135150909423828125e+00,2.561355940997600555e-02,-2.355600118637084961e+00,-4.781335592269897461e-01,-5.579961538314819336e-01,-3.047968447208404541e-01
1.606723479926586151e-02,5.689648985862731934e-01,5.316294431686401367e-01,1.031990442425012589e-02,-6.838348507881164551e-02,4.916506409645080566e-01,8.680419325828552246e-01,-3.636200428009033203e-01,4.062063694000244141e-01,7.769260555505752563e-02,1.009940862655639648e+00,-3.745348751544952393e-01,6.504219770431518555e-02,-6.504015922546386719e-01,-1.391560435295104980e-01,1.976380795240402222e-01,1.071809649467468262e+00,-4.089365601539611816e-01,1.395786739885807037e-02,-3.571913540363311768e-01,2.467614561319351196e-01,-3.790369629859924316e-01,4.464993178844451904e-01,2.068936109542846680e+00,-7.843957543373107910e-01,-1.851162552833557129e+00,1.066707074642181396e-02,-3.696565032005310059e-01,1.792483925819396973e-01,-1.167239069938659668e+00,-1.225840210914611816e+00,-2.098838426172733307e-02,-2.355600118637084961e+00,-4.438509047031402588e-01,-5.579994320869445801e-01,-3.494023084640502930e-01
2.091291546821594238e-02,5.681545138359069824e-01,5.371111631393432617e-01,1.500972453504800797e-02,-6.858839839696884155e-02,4.947778880596160889e-01,8.661785125732421875e-01,-3.482379913330078125e-01,3.800270557403564453e-01,5.315748602151870728e-02,9.825049042701721191e-01,-3.422150313854217529e-01,5.872130393981933594e-02,-6.369946599006652832e-01,-1.487116962671279907e-01,1.867428421974182129e-01,1.063014626502990723e+00,-4.167186319828033447e-01,1.283096801489591599e-02,-3.541391789913177490e-01,2.445733994245529175e-01,-3.760364949703216553e-01,4.469321966171264648e-01,2.049525022506713867e+00,-8.187236189842224121e-01,-1.824463486671447754e+00,-1.312380190938711166e-02,-3.736030459403991699e-01,1.597539782524108887e-01,-1.065239071846008301e+00,-1.327840209007263184e+00,-7.590894401073455811e-02,-2.355600118637084961e+00,-4.208859801292419434e-01,-5.579999089241027832e-01,-3.681040406227111816e-01
2.726971916854381561e-02,5.678836107254028320e-01,5.514365434646606445e-01,2.412157319486141205e-02,-6.811954826116561890e-02,4.986374974250793457e-01,8.637930750846862793e-01,-3.099616467952728271e-01,3.442384600639343262e-01,4.812714457511901855e-02,9.201688170433044434e-01,-2.576764822006225586e-01,3.195409849286079407e-02,-6.052978038787841797e-01,-1.583836078643798828e-01,1.873716413974761963e-01,1.031219363212585449e+00,-3.987655937671661377e-01,1.199708040803670883e-02,-3.642147183418273926e-01,2.284568250179290771e-01,-3.683256506919860840e-01,4.556932449340820312e-01,2.014811992645263672e+00,-8.614414930343627930e-01,-1.774447202682495117e+00,-5.561087280511856079e-02,-3.712934255599975586e-01,1.529942452907562256e-01,-9.632390737533569336e-01,-1.429840207099914551e+00,-1.408490538597106934e-01,-2.355600118637084961e+00,-3.592865765094757080e-01,-5.579999685287475586e-01,-4.077892005443572998e-01
3.563774377107620239e-02,5.678787827491760254e-01,5.692188739776611328e-01,3.307298943400382996e-02,-6.372816115617752075e-02,4.965979158878326416e-01,8.650060296058654785e-01,-2.630887627601623535e-01,3.019470870494842529e-01,3.969415649771690369e-02,8.297806382179260254e-01,-1.556764841079711914e-01,-8.485776372253894806e-03,-5.748124122619628906e-01,-1.659041345119476318e-01,1.914431601762771606e-01,9.834507703781127930e-01,-3.491325080394744873e-01,2.341088093817234039e-02,-3.695431947708129883e-01,1.982375234365463257e-01,-3.602242767810821533e-01,4.678023159503936768e-01,1.967461347579956055e+00,-9.160543084144592285e-01,-1.709028720855712891e+00,-1.100732162594795227e-01,-3.668847680091857910e-01,1.442527621984481812e-01,-8.768860697746276855e-01,-1.510361433029174805e+00,-1.748120933771133423e-01,-2.355600118637084961e+00,-2.801148891448974609e-01,-5.176736712455749512e-01,-4.397284984588623047e-01
4.552985727787017822e-02,5.710331797599792480e-01,5.881049633026123047e-01,5.186280235648155212e-02,-5.905218049883842468e-02,4.930208623409271240e-01,8.664603233337402344e-01,-2.041270732879638672e-01,2.437119036912918091e-01,3.206831216812133789e-02,7.278017997741699219e-01,-5.367648601531982422e-02,-5.366364493966102600e-02,-5.415034294128417969e-01,-1.768493205308914185e-01,2.206144332885742188e-01,9.520604014396667480e-01,-2.723932266235351562e-01,4.088605567812919617e-02,-3.850378990173339844e-01,1.495685130357742310e-01,-2.853948175907135010e-01,4.988637566566467285e-01,1.865461349487304688e+00,-9.770230054855346680e-01,-1.647889018058776855e+00,-1.816341578960418701e-01,-3.724176287651062012e-01,1.313195079565048218e-01,-8.460746407508850098e-01,-1.609666109085083008e+00,-1.643055379390716553e-01,-2.355552434921264648e+00,-2.095336765050888062e-01,-4.543737471103668213e-01,-3.848528265953063965e-01
5.687390267848968506e-02,5.723382830619812012e-01,6.112983226776123047e-01,5.276255682110786438e-02,-4.452965781092643738e-02,4.899569153785705566e-01,8.690083026885986328e-01,-1.751610785722732544e-01,2.077443450689315796e-01,3.524231165647506714e-02,6.269989013671875000e-01,4.832351580262184143e-02,-9.464298933744430542e-02,-5.172409415245056152e-01,-1.709469854831695557e-01,2.211430221796035767e-01,9.021711945533752441e-01,-1.881980895996093750e-01,4.098861292004585266e-02,-3.838799893856048584e-01,8.871676772832870483e-02,-2.506633698940277100e-01,5.159036517143249512e-01,1.763461351394653320e+00,-1.020386219024658203e+00,-1.545889019966125488e+00,-2.380120158195495605e-01,-3.821072280406951904e-01,9.240201860666275024e-02,-8.499671220779418945e-01,-1.661834716796875000e+00,-1.557679772377014160e-01,-2.351083993911743164e+00,-1.479234695434570312e-01,-3.960636258125305176e-01,-3.304893374443054199e-01
6.801592558622360229e-02,5.753378272056579590e-01,6.186325550079345703e-01,5.707272142171859741e-02,-4.271549358963966370e-02,4.785308539867401123e-01,8.751721382141113281e-01,-1.439025700092315674e-01,1.898711770772933960e-01,5.442554876208305359e-02,5.685808658599853516e-01,1.503235101699829102e-01,-1.217084825038909912e-01,-5.057939291000366211e-01,-1.638586670160293579e-01,2.203839272260665894e-01,8.859640955924987793e-01,-1.585627347230911255e-01,4.882251098752021790e-02,-3.738070726394653320e-01,4.836076498031616211e-02,-2.035449445247650146e-01,5.174591541290283203e-01,1.661461353302001953e+00,-1.067432999610900879e+00,-1.443889021873474121e+00,-2.576094269752502441e-01,-3.530329167842864990e-01,3.437254205346107483e-02,-8.534659743309020996e-01,-1.758930802345275879e+00,-1.664912998676300049e-01,-2.254777431488037109e+00,-1.251268088817596436e-01,-3.777611553668975830e-01,-2.669675052165985107e-01
7.726000994443893433e-02,5.778467059135437012e-01,6.294904947280883789e-01,5.525120720267295837e-02,-3.819243609905242920e-02,4.762650728225708008e-01,8.767327070236206055e-01,-1.367444097995758057e-01,1.772929280996322632e-01,6.577380001544952393e-02,5.227755904197692871e-01,2.523235082626342773e-01,-1.462767422199249268e-01,-4.880471229553222656e-01,-1.542535722255706787e-01,2.129647135734558105e-01,8.582443594932556152e-01,-1.350547820329666138e-01,4.052513837814331055e-02,-3.699001371860504150e-01,1.060807052999734879e-02,-1.880476325750350952e-01,5.231506824493408203e-01,1.559461355209350586e+00,-1.086829304695129395e+00,-1.341889023780822754e+00,-2.591929733753204346e-01,-3.274060189723968506e-01,-4.034326970577239990e-02,-8.653331995010375977e-01,-1.824372887611389160e+00,-1.908946484327316284e-01,-2.152777433395385742e+00,-9.616800397634506226e-02,-3.471966087818145752e-01,-1.854255646467208862e-01
8.439987897872924805e-02,5.807895660400390625e-01,6.341145038604736328e-01,5.375408753752708435e-02,-3.913257271051406860e-02,4.763348102569580078e-01,8.767464160919189453e-01,-1.310889869928359985e-01,1.747474521398544312e-01,7.327045500278472900e-02,4.968850016593933105e-01,2.939863204956054688e-01,-1.551266759634017944e-01,-4.682314097881317139e-01,-1.460718214511871338e-01,2.077872157096862793e-01,8.340328335762023926e-01,-1.235770061612129211e-01,3.357658535242080688e-02,-3.763036429882049561e-01,-1.395918894559144974e-02,-1.773361861705780029e-01,5.285784602165222168e-01,1.457461357116699219e+00,-1.094601154327392578e+00,-1.239889025688171387e+00,-2.791059315204620361e-01,-3.034256100654602051e-01,-9.510195255279541016e-02,-8.900607228279113770e-01,-1.850569963455200195e+00,-2.129850387573242188e-01,-2.050777435302734375e+00,-5.849051475524902344e-02,-3.179894983768463135e-01,-1.159050464630126953e-01
8.926598727703094482e-02,5.842331647872924805e-01,6.359374523162841797e-01,5.439906194806098938e-02,-3.885668888688087463e-02,4.779764711856842041e-01,8.758249878883361816e-01,-1.246976256370544434e-01,1.676438599824905396e-01,6.677861511707305908e-02,4.721048176288604736e-01,3.194445073604583740e-01,-1.638157367706298828e-01,-4.558692574501037598e-01,-1.430507302284240723e-01,2.096823006868362427e-01,8.228550553321838379e-01,-1.132293194532394409e-01,2.697953023016452789e-02,-3.843706846237182617e-01,-3.219158947467803955e-02,-1.751233488321304321e-01,5.353209376335144043e-01,1.355461359024047852e+00,-1.100764870643615723e+00,-1.137889027595520020e+00,-3.108577132225036621e-01,-2.951325178146362305e-01,-1.162829697132110596e-01,-9.156873226165771484e-01,-1.863342881202697754e+00,-2.326675951480865479e-01,-1.948777437210083008e+00,-1.614567078649997711e-02,-2.937263846397399902e-01,-9.078093618154525757e-02
9.140504896640777588e-02,5.885238051414489746e-01,6.359498500823974609e-01,5.467589199542999268e-02,-3.847517445683479309e-02,4.808982610702514648e-01,8.742237091064453125e-01,-1.228804662823677063e-01,1.632184982299804688e-01,6.588933616876602173e-02,4.644362628459930420e-01,3.155085742473602295e-01,-1.681482493877410889e-01,-4.483622610569000244e-01,-1.438359767198562622e-01,2.115395516157150269e-01,8.217424154281616211e-01,-1.140698716044425964e-01,2.370036952197551727e-02,-3.943462371826171875e-01,-4.118213057518005371e-02,-1.697588264942169189e-01,5.365152955055236816e-01,1.253461360931396484e+00,-1.101898312568664551e+00,-1.035889029502868652e+00,-3.280789554119110107e-01,-2.843949794769287109e-01,-1.246791779994964600e-01,-9.407700300216674805e-01,-1.871145725250244141e+00,-2.484168708324432373e-01,-1.856239557266235352e+00,2.186405844986438751e-02,-2.729606032371520996e-01,-8.108001202344894409e-02
9.073525667190551758e-02,5.938346982002258301e-01,6.347913742065429688e-01,5.630427226424217224e-02,-3.863517567515373230e-02,4.842970967292785645e-01,8.722347617149353027e-01,-1.200150847434997559e-01,1.548538655042648315e-01,5.541613698005676270e-02,4.631127715110778809e-01,2.990525960922241211e-01,-1.775806099176406860e-01,-4.421874284744262695e-01,-1.464929878711700439e-01,2.208118140697479248e-01,8.285153508186340332e-01,-1.175313368439674377e-01,1.998075842857360840e-02,-4.031227231025695801e-01,-4.672046005725860596e-02,-1.634169816970825195e-01,5.358215570449829102e-01,1.166211724281311035e+00,-1.096699118614196777e+00,-9.338890314102172852e-01,-3.331622183322906494e-01,-2.725693583488464355e-01,-1.304748058319091797e-01,-9.670261740684509277e-01,-1.873906135559082031e+00,-2.544434368610382080e-01,-1.782622694969177246e+00,6.115123629570007324e-02,-2.490383088588714600e-01,-7.575438916683197021e-02
8.717870712280273438e-02,6.001647114753723145e-01,6.320015192031860352e-01,5.853989720344543457e-02,-4.012322798371315002e-02,4.914790093898773193e-01,8.679928779602050781e-01,-1.218671277165412903e-01,1.459058076143264771e-01,3.701706603169441223e-02,4.745621681213378906e-01,2.752532958984375000e-01,-1.875759810209274292e-01,-4.346008002758026123e-01,-1.558176875114440918e-01,2.242883592844009399e-01,8.419048190116882324e-01,-1.214932054281234741e-01,2.140647359192371368e-02,-4.084729552268981934e-01,-4.637703672051429749e-02,-1.588525027036666870e-01,5.266178250312805176e-01,1.098678112030029297e+00,-1.092285871505737305e+00,-8.318890333175659180e-01,-3.297737836837768555e-01,-2.650357484817504883e-01,-1.414071768522262573e-01,-9.823467135429382324e-01,-1.875527381896972656e+00,-2.554157674312591553e-01,-1.710206866264343262e+00,9.473154693841934204e-02,-2.274141311645507812e-01,-6.894818693399429321e-02
8.087807148694992065e-02,6.075475811958312988e-01,6.284172534942626953e-01,6.098884344100952148e-02,-4.010977968573570251e-02,5.017870664596557617e-01,8.619056344032287598e-01,-1.286948323249816895e-01,1.384788006544113159e-01,1.518414355814456940e-02,4.969634413719177246e-01,2.466640770435333252e-01,-1.983442306518554688e-01,-4.288268089294433594e-01,-1.724306941032409668e-01,2.232367992401123047e-01,8.608199357986450195e-01,-1.249431148171424866e-01,2.309260889887809753e-02,-4.067227244377136230e-01,-3.967985138297080994e-02,-1.560788005590438843e-01,5.132780671119689941e-01,1.037382245063781738e+00,-1.083742856979370117e+00,-7.668222784996032715e-01,-3.120992481708526611e-01,-2.589374482631683350e-01,-1.491798013448715210e-01,-9.858993291854858398e-01,-1.874787569046020508e+00,-2.543529570102691650e-01,-1.608206868171691895e+00,1.219975873827934265e-01,-2.003818154335021973e-01,-6.250660121440887451e-02
7.199604809284210205e-02,6.156606078147888184e-01,6.212477684020996094e-01,6.202851235866546631e-02,-4.134678840637207031e-02,5.186310410499572754e-01,8.517422080039978027e-01,-1.469629257917404175e-01,1.406621634960174561e-01,-1.323708239942789078e-02,5.440160632133483887e-01,2.151346802711486816e-01,-1.981475353240966797e-01,-4.212923943996429443e-01,-1.923083961009979248e-01,2.161084562540054321e-01,8.879491090774536133e-01,-1.288958936929702759e-01,3.067188151180744171e-02,-3.946180641651153564e-01,-2.515733055770397186e-02,-1.545106023550033569e-01,4.962220788002014160e-01,9.822073578834533691e-01,-1.070693373680114746e+00,-7.215474843978881836e-01,-2.821364998817443848e-01,-2.552940249443054199e-01,-1.520836800336837769e-01,-9.692645668983459473e-01,-1.880107045173645020e+00,-2.534916400909423828e-01,-1.506206870079040527e+00,1.507837325334548950e-01,-1.702533662319183350e-01,-6.339239329099655151e-02
6.081878766417503357e-02,6.242557764053344727e-01,6.107380390167236328e-01,6.181391701102256775e-02,-4.315784201025962830e-02,5.400091409683227539e-01,8.382759690284729004e-01,-1.762719750404357910e-01,1.531037092208862305e-01,-4.533213749527931213e-02,6.141394376754760742e-01,1.725253909826278687e-01,-1.827847659587860107e-01,-4.116953015327453613e-01,-2.112453430891036987e-01,2.091184854507446289e-01,9.274452924728393555e-01,-1.495036780834197998e-01,4.905777797102928162e-02,-3.748008012771606445e-01,2.957793476525694132e-04,-1.553186774253845215e-01,4.800943732261657715e-01,9.292349219322204590e-01,-1.044093370437622070e+00,-6.960425376892089844e-01,-2.366606891155242920e-01,-2.475865930318832397e-01,-1.679937243461608887e-01,-9.494689702987670898e-01,-1.864674806594848633e+00,-2.674768269062042236e-01,-1.404206871986389160e+00,1.571085900068283081e-01,-1.317743211984634399e-01,-6.197028607130050659e-02
4.732801392674446106e-02,6.328821182250976562e-01,5.953887701034545898e-01,5.897416546940803528e-02,-4.441983997821807861e-02,5.672557353973388672e-01,8.202254772186279297e-01,-2.339790761470794678e-01,1.629808843135833740e-01,-8.793249726295471191e-02,7.107306122779846191e-01,9.186562895774841309e-02,-1.628143191337585449e-01,-4.021918177604675293e-01,-2.400343418121337891e-01,1.815889179706573486e-01,9.754678010940551758e-01,-1.855817288160324097e-01,7.359118014574050903e-02,-3.439178466796875000e-01,3.449666500091552734e-02,-1.492345482110977173e-01,4.588215947151184082e-01,8.751831054687500000e-01,-9.865102767944335938e-01,-6.833697557449340820e-01,-1.631638407707214355e-01,-2.594877481460571289e-01,-1.594271957874298096e-01,-9.103543162345886230e-01,-1.860950827598571777e+00,-2.996085584163665771e-01,-1.302206873893737793e+00,1.741467118263244629e-01,-8.854258060455322266e-02,-9.515444189310073853e-02
3.221602737903594971e-02,6.415999531745910645e-01,5.674375295639038086e-01,4.106123000383377075e-02,-4.744286090135574341e-02,6.040803790092468262e-01,7.944495081901550293e-01,-3.298006653785705566e-01,1.695542633533477783e-01,-1.476501822471618652e-01,8.127306103706359863e-01,-1.013437192887067795e-02,-1.257172673940658569e-01,-3.916320204734802246e-01,-2.608040869235992432e-01,1.343456953763961792e-01,1.032187342643737793e+00,-2.696245908737182617e-01,1.016506329178810120e-01,-3.190285861492156982e-01,8.488035947084426880e-02,-1.135657206177711487e-01,4.156417548656463623e-01,8.409886360168457031e-01,-9.261282086372375488e-01,-7.317252159118652344e-01,-6.231928244233131409e-02,-2.762166857719421387e-01,-1.197005286812782288e-01,-8.236197233200073242e-01,-1.845489621162414551e+00,-3.959211111068725586e-01,-1.200206875801086426e+00,1.363284736871719360e-01,-6.322792172431945801e-02,-1.683747470378875732e-01
1.670579239726066589e-02,6.490528583526611328e-01,5.338125228881835938e-01,2.034667693078517914e-02,-4.418882727622985840e-02,6.567518711090087891e-01,7.525359392166137695e-01,-4.318006634712219238e-01,1.651241630315780640e-01,-2.198666185140609741e-01,9.147306084632873535e-01,-1.121343746781349182e-01,-8.921850472688674927e-02,-3.742217123508453369e-01,-3.213937580585479736e-01,3.830944001674652100e-02,1.078701972961425781e+00,-3.223118185997009277e-01,1.210360974073410034e-01,-2.963760197162628174e-01,1.407876908779144287e-01,-6.741874665021896362e-02,3.641653656959533691e-01,8.461927175521850586e-01,-8.241282105445861816e-01,-8.200699687004089355e-01,3.930985182523727417e-02,-3.050931394100189209e-01,-3.734659403562545776e-02,-7.216197252273559570e-01,-1.818654060363769531e+00,-4.979211091995239258e-01,-1.098206877708435059e+00,3.432847186923027039e-02,-5.654741823673248291e-02,-2.703747451305389404e-01
2.273921389132738113e-03,6.554086208343505859e-01,4.976584613323211670e-01,-4.158410709351301193e-03,-4.363851249217987061e-02,7.026364207267761230e-01,7.101975083351135254e-01,-5.338006615638732910e-01,1.586091667413711548e-01,-2.596777677536010742e-01,1.016730666160583496e+00,-2.141343653202056885e-01,-5.956053733825683594e-02,-3.500231802463531494e-01,-3.900581598281860352e-01,-6.369055807590484619e-02,1.113271474838256836e+00,-3.664617240428924561e-01,1.301064938306808472e-01,-2.627462148666381836e-01,1.913164108991622925e-01,-1.632306259125471115e-03,3.329375088214874268e-01,8.637911081314086914e-01,-7.221282124519348145e-01,-9.090155363082885742e-01,1.037527695298194885e-01,-3.317241668701171875e-01,4.826271906495094299e-02,-6.196197271347045898e-01,-1.791047215461730957e+00,-5.999211072921752930e-01,-9.962068796157836914e-01,-6.767152994871139526e-02,-5.884073674678802490e-02,-3.723747432231903076e-01
-1.051445771008729935e-02,6.627198457717895508e-01,4.623177945613861084e-01,-2.642576210200786591e-02,-3.616588190197944641e-02,7.409521341323852539e-01,6.700624227523803711e-01,-6.358006596565246582e-01,1.398433297872543335e-01,-2.569993138313293457e-01,1.118730664253234863e+00,-3.161343634128570557e-01,-2.692038752138614655e-02,-3.321840763092041016e-01,-4.418463110923767090e-01,-1.558004915714263916e-01,1.122910737991333008e+00,-4.174888730049133301e-01,1.057751402258872986e-01,-2.562836110591888428e-01,2.037602066993713379e-01,1.798656210303306580e-02,3.355116546154022217e-01,8.777518868446350098e-01,-6.201282143592834473e-01,-9.120179414749145508e-01,1.811958402395248413e-01,-3.326652348041534424e-01,1.502627134323120117e-01,-5.176197290420532227e-01,-1.689047217369079590e+00,-7.019211053848266602e-01,-8.942068815231323242e-01,-1.696715354919433594e-01,1.704452186822891235e-02,-4.743747413158416748e-01
-1.779871433973312378e-02,6.678336858749389648e-01,4.165840446949005127e-01,-2.899045497179031372e-02,-3.928467258810997009e-02,7.794382572174072266e-01,6.245737075805664062e-01,-7.378006577491760254e-01,1.020430848002433777e-01,-2.511761188507080078e-01,1.220730662345886230e+00,-4.079704284667968750e-01,7.458861917257308960e-03,-3.047631680965423584e-01,-4.921827912330627441e-01,-2.259151041507720947e-01,1.205750584602355957e+00,-5.194888710975646973e-01,6.959741562604904175e-02,-1.671865284442901611e-01,2.856435775756835938e-01,6.861131638288497925e-02,2.375616580247879028e-01,8.296318650245666504e-01,-5.181282162666320801e-01,-9.644210338592529297e-01,2.666633725166320801e-01,-3.453014492988586426e-01,2.522627115249633789e-01,-4.156197309494018555e-01,-1.587047219276428223e+00,-8.039211034774780273e-01,-7.922068834304809570e-01,-2.716715335845947266e-01,6.262876093387603760e-02,-5.763747692108154297e-01
-2.147714793682098389e-02,6.763123273849487305e-01,3.690489232540130615e-01,-4.332188516855239868e-02,-2.617975138127803802e-02,8.154423832893371582e-01,5.766208171844482422e-01,-8.398006558418273926e-01,4.949108138680458069e-02,-2.309987843036651611e-01,1.322730660438537598e+00,-4.582469463348388672e-01,5.342341959476470947e-02,-3.077082633972167969e-01,-5.207695960998535156e-01,-2.564018666744232178e-01,1.307750582695007324e+00,-6.214888691902160645e-01,1.600982248783111572e-02,-6.518653035163879395e-02,3.097465336322784424e-01,1.209226101636886597e-01,1.355616599321365356e-01,7.363126277923583984e-01,-4.161281883716583252e-01,-1.043812751770019531e+00,3.437208533287048340e-01,-3.580189943313598633e-01,3.542627096176147461e-01,-3.136197328567504883e-01,-1.485047221183776855e+00,-8.988284468650817871e-01,-6.902068853378295898e-01,-3.114179670810699463e-01,1.054802387952804565e-01,-6.141088604927062988e-01
-1.995476149022579193e-02,6.842420697212219238e-01,3.178799450397491455e-01,-9.899026900529861450e-02,-1.257423218339681625e-02,8.386505246162414551e-01,5.354513525962829590e-01,-9.418006539344787598e-01,-2.833492681384086609e-02,-2.526210248470306396e-01,1.424730658531188965e+00,-5.072700381278991699e-01,1.053792163729667664e-01,-3.869062662124633789e-01,-4.960423409938812256e-01,-2.593348622322082520e-01,1.409750580787658691e+00,-7.234888672828674316e-01,-5.123405903577804565e-02,3.681347146630287170e-02,3.133619725704193115e-01,1.745948195457458496e-01,3.356166183948516846e-02,6.343126296997070312e-01,-3.141281902790069580e-01,-1.145812749862670898e+00,3.679515123367309570e-01,-3.526582419872283936e-01,4.562627077102661133e-01,-2.116197347640991211e-01,-1.383047223091125488e+00,-8.139209151268005371e-01,-5.882068872451782227e-01,-2.339495122432708740e-01,2.713733166456222534e-02,-5.121088624000549316e-01
-1.728196628391742706e-02,6.960256099700927734e-01,2.809310257434844971e-01,-1.213278174400329590e-01,-1.751166023313999176e-02,8.559653759002685547e-01,5.022909045219421387e-01,-1.043800711631774902e+00,-8.573605120182037354e-02,-2.586689293384552002e-01,1.526730656623840332e+00,-4.830238819122314453e-01,1.219302713871002197e-01,-4.201927185058593750e-01,-4.423049390316009521e-01,-2.424305528402328491e-01,1.511750578880310059e+00,-6.985728144645690918e-01,-6.540504097938537598e-02,1.388134658336639404e-01,3.139042854309082031e-01,2.015964090824127197e-01,-2.279061079025268555e-02,5.323126316070556641e-01,-2.121281921863555908e-01,-1.247812747955322266e+00,4.071676731109619141e-01,-3.571122586727142334e-01,5.582627058029174805e-01,-1.828939020633697510e-01,-1.281047224998474121e+00,-7.119209170341491699e-01,-4.862068891525268555e-01,-1.703400909900665283e-01,4.089074581861495972e-02,-4.101088643074035645e-01
-1.446455530822277069e-02,7.099703550338745117e-01,2.393601834774017334e-01,-1.358515322208404541e-01,-2.859994210302829742e-02,8.648186326026916504e-01,4.825092256069183350e-01,-1.145800709724426270e+00,-1.491725146770477295e-01,-2.964122891426086426e-01,1.628730654716491699e+00,-4.956437051296234131e-01,1.311561763286590576e-01,-4.233915507793426514e-01,-3.866619467735290527e-01,-2.331777811050415039e-01,1.613750576972961426e+00,-6.207681894302368164e-01,-6.227021664381027222e-02,2.408134788274765015e-01,3.139856457710266113e-01,2.297680974006652832e-01,2.456765808165073395e-02,4.303126633167266846e-01,-1.101281940937042236e-01,-1.349812746047973633e+00,3.861273825168609619e-01,-3.737215995788574219e-01,6.460484862327575684e-01,-2.054042071104049683e-01,-1.179047226905822754e+00,-6.099209189414978027e-01,-3.842068910598754883e-01,-6.834009289741516113e-02,5.974389985203742981e-02,-3.081088662147521973e-01
-9.644095785915851593e-03,7.254465818405151367e-01,2.077479064464569092e-01,-1.627690047025680542e-01,-3.118623234331607819e-02,8.778879046440124512e-01,4.492733180522918701e-01,-1.247800707817077637e+00,-2.188211083412170410e-01,-3.214884102344512939e-01,1.730730652809143066e+00,-5.038295984268188477e-01,1.093786433339118958e-01,-4.187692403793334961e-01,-3.108204901218414307e-01,-2.346145510673522949e-01,1.715750575065612793e+00,-5.520640015602111816e-01,-3.862811252474784851e-02,3.428134620189666748e-01,3.139978349208831787e-01,2.281212508678436279e-01,1.265676617622375488e-01,4.460311532020568848e-01,-8.128196932375431061e-03,-1.451812744140625000e+00,3.184569776058197021e-01,-3.936746716499328613e-01,6.172412633895874023e-01,-2.673711776733398438e-01,-1.077047228813171387e+00,-5.079209208488464355e-01,-4.264881908893585205e-01,3.365990892052650452e-02,3.737738355994224548e-02,-2.061088830232620239e-01
-3.193048061802983284e-03,7.431782484054565430e-01,1.911930739879608154e-01,-2.137470096349716187e-01,-1.113427244126796722e-02,8.751625418663024902e-01,4.339110553264617920e-01,-1.349800705909729004e+00,-2.325731664896011353e-01,-3.253621459007263184e-01,1.832730650901794434e+00,-5.329002737998962402e-01,8.049480617046356201e-02,-4.816576540470123291e-01,-2.505983710289001465e-01,-2.296542376279830933e-01,1.817750573158264160e+00,-5.024949312210083008e-01,-3.747435519471764565e-03,4.448134601116180420e-01,3.139996826648712158e-01,1.617957502603530884e-01,2.285676598548889160e-01,5.011643767356872559e-01,2.133845165371894836e-02,-1.553812742233276367e+00,3.053192496299743652e-01,-4.265680313110351562e-01,5.558264851570129395e-01,-3.693711757659912109e-01,-9.750472307205200195e-01,-4.059208929538726807e-01,-5.284882187843322754e-01,1.356599032878875732e-01,7.641872391104698181e-03,-1.041088774800300598e-01
2.000367967411875725e-03,7.588827013969421387e-01,1.903757750988006592e-01,-2.505197525024414062e-01,9.914600290358066559e-03,8.667839765548706055e-01,4.310766756534576416e-01,-1.451800704002380371e+00,-2.346359789371490479e-01,-3.466977179050445557e-01,1.895747184753417969e+00,-5.536831617355346680e-01,3.145746886730194092e-02,-5.555583834648132324e-01,-2.346372604370117188e-01,-2.322907149791717529e-01,1.879134178161621094e+00,-4.684415161609649658e-01,2.551024034619331360e-02,5.468134880065917969e-01,3.139999508857727051e-01,6.989341974258422852e-02,3.305676579475402832e-01,6.031643748283386230e-01,1.125431968830525875e-03,-1.655812740325927734e+00,3.298413455486297607e-01,-4.713854789733886719e-01,4.538264870643615723e-01,-4.483026266098022461e-01,-1.034886002540588379e+00,-3.039208948612213135e-01,-6.304882168769836426e-01,2.376599162817001343e-01,-4.021544381976127625e-02,-2.108879154548048973e-03
8.319251239299774170e-03,7.731175422668457031e-01,1.980089843273162842e-01,-3.126890361309051514e-01,3.336820751428604126e-02,8.509722948074340820e-01,4.206640720367431641e-01,-1.553800702095031738e+00,-2.349454015493392944e-01,-3.749321401119232178e-01,1.900137901306152344e+00,-5.773643255233764648e-01,-9.339662268757820129e-03,-6.575583815574645996e-01,-2.121874243021011353e-01,-2.537356019020080566e-01,1.896371245384216309e+00,-4.695113897323608398e-01,6.751302629709243774e-02,5.943435430526733398e-01,3.139999806880950928e-01,-2.295281179249286652e-02,3.436583280563354492e-01,6.215770244598388672e-01,1.412272453308105469e-02,-1.757812738418579102e+00,3.409717977046966553e-01,-5.124406218528747559e-01,3.518264889717102051e-01,-5.407004356384277344e-01,-1.136886000633239746e+00,-2.019208967685699463e-01,-7.324882149696350098e-01,3.043766319751739502e-01,-7.856767624616622925e-02,9.989111870527267456e-02
1.285541523247957230e-02,7.846643924713134766e-01,1.983736455440521240e-01,-3.419961631298065186e-01,5.290916562080383301e-02,8.392568230628967285e-01,4.193891286849975586e-01,-1.655800700187683105e+00,-2.349918037652969360e-01,-4.003883600234985352e-01,1.905043721199035645e+00,-5.876194834709167480e-01,-3.797031566500663757e-02,-7.349963188171386719e-01,-2.268294394016265869e-01,-2.648256123065948486e-01,1.918057918548583984e+00,-4.681156575679779053e-01,9.309522807598114014e-02,5.485188961029052734e-01,3.140000104904174805e-01,-8.970897644758224487e-02,3.095617294311523438e-01,6.399078965187072754e-01,1.693275570869445801e-02,-1.859812736511230469e+00,3.844529092311859131e-01,-5.427830219268798828e-01,2.943958044052124023e-01,-6.151930093765258789e-01,-1.238885998725891113e+00,-9.992090612649917603e-02,-8.344882130622863770e-01,2.851895093917846680e-01,-1.228175312280654907e-01,1.551982611417770386e-01
1.593407616019248962e-02,7.926830053329467773e-01,1.945191919803619385e-01,-3.533923327922821045e-01,6.770126521587371826e-02,8.350509405136108398e-01,4.161974191665649414e-01,-1.757800698280334473e+00,-2.349987775087356567e-01,-4.055761694908142090e-01,1.906509518623352051e+00,-5.933706760406494141e-01,-6.131674349308013916e-02,-7.674139142036437988e-01,-2.699362337589263916e-01,-2.802740633487701416e-01,1.945408582687377930e+00,-4.457063376903533936e-01,1.047778129577636719e-01,5.017556548118591309e-01,3.140000104904174805e-01,-1.311444044113159180e-01,2.423081099987030029e-01,6.811963319778442383e-01,3.866700083017349243e-02,-1.961812734603881836e+00,4.131679534912109375e-01,-5.477614998817443848e-01,2.428292930126190186e-01,-6.887308359146118164e-01,-1.295163035392761230e+00,2.079097554087638855e-03,-9.364882111549377441e-01,2.397751212120056152e-01,-1.353750377893447876e-01,1.726347655057907104e-01
1.798700541257858276e-02,7.984791398048400879e-01,1.963501870632171631e-01,-3.730338215827941895e-01,8.592151105403900146e-02,8.268225193023681641e-01,4.121016561985015869e-01,-1.859800696372985840e+00,-2.349998205900192261e-01,-4.074107110500335693e-01,1.900799155235290527e+00,-5.992623567581176758e-01,-7.685749977827072144e-02,-8.152137994766235352e-01,-3.080370128154754639e-01,-2.936998009681701660e-01,1.964576363563537598e+00,-4.251084029674530029e-01,1.133800968527793884e-01,4.365118443965911865e-01,3.140000104904174805e-01,-1.788320988416671753e-01,1.659316569566726685e-01,7.235501408576965332e-01,7.909075915813446045e-02,-2.063812732696533203e+00,4.361597597599029541e-01,-5.500954389572143555e-01,2.231304794549942017e-01,-7.695723772048950195e-01,-1.280525803565979004e+00,2.288171648979187012e-02,-1.038488149642944336e+00,1.957795172929763794e-01,-1.404551416635513306e-01,1.655206084251403809e-01
1.854887790977954865e-02,8.029276728630065918e-01,1.983242332935333252e-01,-3.758080303668975830e-01,9.459834545850753784e-02,8.255258202552795410e-01,4.102762639522552490e-01,-1.961800694465637207e+00,-2.349999696016311646e-01,-4.073546528816223145e-01,1.897146344184875488e+00,-5.911108851432800293e-01,-8.400239050388336182e-02,-8.300943374633789062e-01,-3.395740985870361328e-01,-3.032049834728240967e-01,1.976998686790466309e+00,-4.080368280410766602e-01,1.239199563860893250e-01,3.792398571968078613e-01,3.140000104904174805e-01,-2.322414070367813110e-01,1.256576925516128540e-01,8.255501389503479004e-01,1.372379213571548462e-01,-2.165812730789184570e+00,4.572106897830963135e-01,-5.568141937255859375e-01,2.084473967552185059e-01,-8.212612867355346680e-01,-1.213329672813415527e+00,5.642622243613004684e-03,-1.140488147735595703e+00,1.582555472850799561e-01,-1.455268710851669312e-01,1.634755432605743408e-01
1.808530092239379883e-02,8.045753240585327148e-01,1.960513889789581299e-01,-3.823139667510986328e-01,1.008578687906265259e-01,8.219802379608154297e-01,4.098929166793823242e-01,-2.063800573348999023e+00,-2.349999994039535522e-01,-4.059779047966003418e-01,1.902261972427368164e+00,-5.769888162612915039e-01,-8.920275419950485229e-02,-8.486263155937194824e-01,-3.673384785652160645e-01,-3.086366355419158936e-01,1.993019938468933105e+00,-3.846309483051300049e-01,1.313988715410232544e-01,3.262860476970672607e-01,3.140000104904174805e-01,-2.448066323995590210e-01,5.394489690661430359e-02,8.942514657974243164e-01,1.935799568891525269e-01,-2.267812728881835938e+00,4.775876998901367188e-01,-5.474338531494140625e-01,2.019510269165039062e-01,-8.656903505325317383e-01,-1.187727570533752441e+00,-6.115976138971745968e-04,-1.242488145828247070e+00,1.218011304736137390e-01,-1.504131555557250977e-01,1.690516173839569092e-01
1.594394817948341370e-02,8.063005805015563965e-01,1.938146054744720459e-01,-3.465461432933807373e-01,8.883310109376907349e-02,8.357293009757995605e-01,4.166184663772583008e-01,-2.165800571441650391e+00,-2.349999994039535522e-01,-4.049930572509765625e-01,1.910910725593566895e+00,-5.563634634017944336e-01,-1.000151187181472778e-01,-7.870954275131225586e-01,-3.852621912956237793e-01,-2.976318597793579102e-01,2.005156278610229492e+00,-3.637538850307464600e-01,1.381678134202957153e-01,3.396655619144439697e-01,3.140000104904174805e-01,-3.206028342247009277e-01,5.219774693250656128e-02,9.962514638900756836e-01,2.408721446990966797e-01,-2.342432022094726562e+00,4.388303160667419434e-01,-5.042152404785156250e-01,1.474194675683975220e-01,-8.403101563453674316e-01,-1.087444663047790527e+00,-2.831356599926948547e-02,-1.344488143920898438e+00,4.690989479422569275e-02,-1.529977172613143921e-01,1.766393482685089111e-01
1.363306492567062378e-02,8.058371543884277344e-01,1.915888488292694092e-01,-3.466114699840545654e-01,8.917333185672760010e-02,8.363958001136779785e-01,4.151513576507568359e-01,-2.267800569534301758e+00,-2.349999994039535522e-01,-3.961127698421478271e-01,1.918006300926208496e+00,-5.457047224044799805e-01,-9.695784747600555420e-02,-7.795636057853698730e-01,-3.954000174999237061e-01,-2.920891046524047852e-01,2.012253046035766602e+00,-3.616553246974945068e-01,1.312730461359024048e-01,3.230854868888854980e-01,3.140000104904174805e-01,-3.106224536895751953e-01,-1.193163078278303146e-02,1.098251461982727051e+00,3.193005025386810303e-01,-2.353624820709228516e+00,4.043659865856170654e-01,-4.461996257305145264e-01,1.390995383262634277e-01,-8.413927555084228516e-01,-1.039646029472351074e+00,-5.177897214889526367e-02,-1.446488142013549805e+00,-6.114579737186431885e-03,-1.526134610176086426e-01,1.840716451406478882e-01
1.067445054650306702e-02,8.033818006515502930e-01,1.858138144016265869e-01,-3.504650294780731201e-01,8.936730772256851196e-02,8.342770934104919434e-01,4.161364138126373291e-01,-2.334594964981079102e+00,-2.349999994039535522e-01,-3.883978128433227539e-01,1.933145046234130859e+00,-5.277387499809265137e-01,-8.325529098510742188e-02,-7.965586781501770020e-01,-4.006643295288085938e-01,-2.784815430641174316e-01,2.028694629669189453e+00,-3.354777693748474121e-01,1.182508394122123718e-01,2.978948950767517090e-01,3.140000104904174805e-01,-2.847383320331573486e-01,-8.391624689102172852e-02,1.123529434204101562e+00,3.710781037807464600e-01,-2.348596096038818359e+00,3.725689947605133057e-01,-3.524950742721557617e-01,1.400518119335174561e-01,-8.395303487777709961e-01,-1.027598857879638672e+00,-6.407368183135986328e-02,-1.548488140106201172e+00,-6.221685558557510376e-02,-1.664232760667800903e-01,2.010293751955032349e-01
6.941108498722314835e-03,8.001782894134521484e-01,1.806656420230865479e-01,-3.523211777210235596e-01,8.676980435848236084e-02,8.333868384361267090e-01,4.169019162654876709e-01,-2.360399961471557617e+00,-2.349999994039535522e-01,-3.790500164031982422e-01,1.949371695518493652e+00,-5.086194276809692383e-01,-6.418541073799133301e-02,-8.058252334594726562e-01,-4.049989283084869385e-01,-2.665030360221862793e-01,2.033972024917602539e+00,-3.591935038566589355e-01,9.562893211841583252e-02,2.946892380714416504e-01,3.140000104904174805e-01,-2.415430843830108643e-01,-1.517668664455413818e-01,1.120290994644165039e+00,3.846031427383422852e-01,-2.320639610290527344e+00,3.307639360427856445e-01,-2.582384645938873291e-01,1.297806948423385620e-01,-8.375911712646484375e-01,-1.010958790779113770e+00,-8.063095808029174805e-02,-1.650488138198852539e+00,-1.353980451822280884e-01,-1.679488569498062134e-01,2.142723202705383301e-01
2.321874257177114487e-03,7.954200506210327148e-01,1.728695929050445557e-01,-3.483322560787200928e-01,8.563123643398284912e-02,8.328517079353332520e-01,4.215329289436340332e-01,-2.371884107589721680e+00,-2.349999994039535522e-01,-3.693686723709106445e-01,1.966696500778198242e+00,-5.027940273284912109e-01,-5.169551819562911987e-02,-8.123444318771362305e-01,-4.210181832313537598e-01,-2.473139017820358276e-01,2.045792818069458008e+00,-3.892650306224822998e-01,7.062945514917373657e-02,3.014218211174011230e-01,3.140000104904174805e-01,-2.040070444345474243e-01,-2.027971744537353516e-01,1.124454736709594727e+00,3.605934977531433105e-01,-2.280894279479980469e+00,3.110649585723876953e-01,-2.051568180322647095e-01,1.119573488831520081e-01,-8.476427197456359863e-01,-9.955633878707885742e-01,-9.170801192522048950e-02,-1.752488136291503906e+00,-1.769942790269851685e-01,-1.751953363418579102e-01,2.161317616701126099e-01
-2.804885385558009148e-03,7.893553972244262695e-01,1.730212867259979248e-01,-3.457019627094268799e-01,8.458959311246871948e-02,8.292079567909240723e-01,4.309859573841094971e-01,-2.367493152618408203e+00,-2.349999994039535522e-01,-3.723682165145874023e-01,1.976848363876342773e+00,-5.088693499565124512e-01,-4.296455904841423035e-02,-8.354759216308593750e-01,-4.393321871757507324e-01,-2.274274826049804688e-01,2.054737091064453125e+00,-4.126586318016052246e-01,5.531191080808639526e-02,2.958384752273559570e-01,3.140000104904174805e-01,-1.851524263620376587e-01,-2.432451099157333374e-01,1.114636063575744629e+00,3.295507729053497314e-01,-2.280685186386108398e+00,3.158265948295593262e-01,-1.908355504274368286e-01,1.020647361874580383e-01,-8.605327010154724121e-01,-9.711204767227172852e-01,-8.940372616052627563e-02,-1.854488134384155273e+00,-2.166880667209625244e-01,-1.785517334938049316e-01,2.232122123241424561e-01
-8.112756535410881042e-03,7.824780344963073730e-01,1.747611463069915771e-01,-3.448013067245483398e-01,8.512330055236816406e-02,8.247541189193725586e-01,4.400531053543090820e-01,-2.361740589141845703e+00,-2.349999994039535522e-01,-3.763891756534576416e-01,1.982369303703308105e+00,-5.193986296653747559e-01,-3.482814878225326538e-02,-8.676444292068481445e-01,-4.491334259510040283e-01,-2.013198435306549072e-01,2.060212373733520508e+00,-4.414147138595581055e-01,4.007332399487495422e-02,2.820185422897338867e-01,3.140000104904174805e-01,-1.671229749917984009e-01,-2.794645428657531738e-01,1.114325046539306641e+00,3.065249025821685791e-01,-2.309239149093627930e+00,3.223399519920349121e-01,-1.957214623689651489e-01,8.837952464818954468e-02,-8.706598281860351562e-01,-9.637139439582824707e-01,-8.310466259717941284e-02,-1.956488132476806641e+00,-2.414726465940475464e-01,-1.763694137334823608e-01,2.381254285573959351e-01
-1.411047577857971191e-02,7.739444375038146973e-01,1.757908165454864502e-01,-3.451998829841613770e-01,8.364365994930267334e-02,8.189453482627868652e-01,4.507430791854858398e-01,-2.360134840011596680e+00,-2.349999994039535522e-01,-3.824849724769592285e-01,1.989829659461975098e+00,-5.276123285293579102e-01,-2.432454377412796021e-02,-9.048206210136413574e-01,-4.611044228076934814e-01,-1.783520579338073730e-01,2.065953493118286133e+00,-4.745930433273315430e-01,2.023147791624069214e-02,2.637036442756652832e-01,3.140000104904174805e-01,-1.420660912990570068e-01,-3.181955218315124512e-01,1.141584515571594238e+00,2.742886245250701904e-01,-2.346888303756713867e+00,3.355019688606262207e-01,-2.304632812738418579e-01,6.452659517526626587e-02,-8.705483078956604004e-01,-9.446246623992919922e-01,-7.629077881574630737e-02,-2.058488130569458008e+00,-2.672374248504638672e-01,-1.723559945821762085e-01,2.415949106216430664e-01
-2.095027081668376923e-02,7.643558382987976074e-01,1.783204376697540283e-01,-3.415108621120452881e-01,8.571153879165649414e-02,8.080607056617736816e-01,4.722941815853118896e-01,-2.349941968917846680e+00,-2.169797569513320923e-01,-3.905272483825683594e-01,2.002163887023925781e+00,-5.350652337074279785e-01,-1.775012724101543427e-02,-9.631850719451904297e-01,-4.912793934345245361e-01,-1.482659280300140381e-01,2.078343629837036133e+00,-5.123043656349182129e-01,-4.351927433162927628e-03,2.317946255207061768e-01,3.140000104904174805e-01,-1.124978289008140564e-01,-3.884999155998229980e-01,1.167724013328552246e+00,2.288473397493362427e-01,-2.354293346405029297e+00,3.635029494762420654e-01,-3.324632942676544189e-01,2.964443154633045197e-02,-8.581741452217102051e-01,-8.887066245079040527e-01,-5.748394876718521118e-02,-2.160488128662109375e+00,-3.019813597202301025e-01,-1.576447337865829468e-01,2.432670444250106812e-01
-2.757620811462402344e-02,7.542227506637573242e-01,1.835769712924957275e-01,-3.419744372367858887e-01,9.213949739933013916e-02,7.936163544654846191e-01,4.947088956832885742e-01,-2.352511882781982422e+00,-1.703022867441177368e-01,-3.813468515872955322e-01,2.009117364883422852e+00,-5.425512790679931641e-01,-8.648200891911983490e-03,-1.043845057487487793e+00,-5.232593417167663574e-01,-1.220440343022346497e-01,2.089092969894409180e+00,-5.619140863418579102e-01,-3.399798274040222168e-02,2.031317800283432007e-01,3.140000104904174805e-01,-7.895120978355407715e-02,-4.639347195625305176e-01,1.172241330146789551e+00,1.664490252733230591e-01,-2.355403900146484375e+00,4.049130082130432129e-01,-4.344632923603057861e-01,-1.135835889726877213e-02,-8.317129015922546387e-01,-8.028488755226135254e-01,-3.202527761459350586e-02,-2.262488126754760742e+00,-3.276295959949493408e-01,-1.462633460760116577e-01,2.363053560256958008e-01
-3.494321927428245544e-02,7.444969415664672852e-01,1.858246028423309326e-01,-3.479109406471252441e-01,9.983144700527191162e-02,7.792167067527770996e-01,5.116766095161437988e-01,-2.366787433624267578e+00,-1.426820904016494751e-01,-3.793527781963348389e-01,2.015872716903686523e+00,-5.515652894973754883e-01,-1.104447804391384125e-02,-1.125657320022583008e+00,-5.456206202507019043e-01,-1.009690463542938232e-01,2.094988107681274414e+00,-6.077443957328796387e-01,-5.589108541607856750e-02,1.844047456979751587e-01,3.140000104904174805e-01,-5.919663608074188232e-02,-4.979845285415649414e-01,1.139804363250732422e+00,1.108862161636352539e-01,-2.355570554733276367e+00,4.437988996505737305e-01,-4.893156886100769043e-01,-3.114026039838790894e-02,-8.098444342613220215e-01,-7.650161385536193848e-01,-1.287781167775392532e-02,-2.341430664062500000e+00,-3.368886709213256836e-01,-1.280269026756286621e-01,2.251600921154022217e-01
-4.190671816468238831e-02,7.353532910346984863e-01,1.971763074398040771e-01,-3.629084527492523193e-01,1.129700690507888794e-01,7.585736513137817383e-01,5.292459130287170410e-01,-2.388665437698364258e+00,-1.128464937210083008e-01,-3.836214244365692139e-01,2.018499135971069336e+00,-5.550132393836975098e-01,-1.344828214496374130e-02,-1.223258614540100098e+00,-5.569313764572143555e-01,-9.178777784109115601e-02,2.083155870437622070e+00,-6.559952497482299805e-01,-6.345802545547485352e-02,1.745622456073760986e-01,3.140000104904174805e-01,-5.245200917124748230e-02,-4.917284250259399414e-01,1.083146214485168457e+00,4.574271291494369507e-02,-2.355595588684082031e+00,4.755966067314147949e-01,-5.012019872665405273e-01,-4.814971983432769775e-02,-7.682918310165405273e-01,-7.160212397575378418e-01,7.107859477400779724e-03,-2.353474378585815430e+00,-3.505198359489440918e-01,-1.067184805870056152e-01,2.210887521505355835e-01
-4.879940301179885864e-02,7.266247272491455078e-01,2.048471271991729736e-01,-3.728101253509521484e-01,1.268693804740905762e-01,7.414713501930236816e-01,5.432651638984680176e-01,-2.409032344818115234e+00,-8.221940696239471436e-02,-3.797325193881988525e-01,2.013480901718139648e+00,-5.618408918380737305e-01,-2.126416936516761780e-02,-1.309579133987426758e+00,-5.639029145240783691e-01,-7.807486504316329956e-02,2.073255300521850586e+00,-7.018479108810424805e-01,-7.517330348491668701e-02,1.770400404930114746e-01,3.140000104904174805e-01,-4.237196221947669983e-02,-4.538351893424987793e-01,1.008159875869750977e+00,9.797531180083751678e-03,-2.355599403381347656e+00,4.931360483169555664e-01,-4.763159453868865967e-01,-4.009547829627990723e-02,-7.280175685882568359e-01,-6.565197706222534180e-01,-1.884861290454864502e-02,-2.354156970977783203e+00,-3.459339141845703125e-01,-6.965418905019760132e-02,1.764140278100967407e-01
-5.459535121917724609e-02,7.183504700660705566e-01,2.171900570392608643e-01,-3.757188916206359863e-01,1.420800238847732544e-01,7.158864140510559082e-01,5.710999965667724609e-01,-2.408864974975585938e+00,-2.553322724997997284e-02,-3.894247710704803467e-01,2.008871555328369141e+00,-5.690241456031799316e-01,-2.163989283144474030e-02,-1.411037325859069824e+00,-5.691041946411132812e-01,-6.522034853696823120e-02,2.059155702590942383e+00,-7.477849125862121582e-01,-7.311193645000457764e-02,1.769901812076568604e-01,3.140000104904174805e-01,-6.651923060417175293e-02,-3.518351912498474121e-01,9.061598777770996094e-01,-1.386981830000877380e-02,-2.355599880218505859e+00,4.981414377689361572e-01,-4.534130394458770752e-01,3.043655492365360260e-02,-6.809761524200439453e-01,-5.787659883499145508e-01,-5.127554014325141907e-02,-2.295873403549194336e+00,-3.369015753269195557e-01,-2.838281542062759399e-02,1.110357046127319336e-01
-5.936179310083389282e-02,7.091163396835327148e-01,2.261805236339569092e-01,-3.769834935665130615e-01,1.471084654331207275e-01,6.959342956542968750e-01,5.932267904281616211e-01,-2.415772676467895508e+00,3.629082813858985901e-02,-3.899995088577270508e-01,2.013988494873046875e+00,-5.661399960517883301e-01,-9.604252874851226807e-03,-1.484718322753906250e+00,-5.651574730873107910e-01,-6.153120473027229309e-02,2.043944358825683594e+00,-7.599595189094543457e-01,-5.580826476216316223e-02,1.929038017988204956e-01,3.140000104904174805e-01,-7.059492915868759155e-02,-2.498351931571960449e-01,8.054559826850891113e-01,-7.211621850728988647e-02,-2.355599880218505859e+00,5.194437503814697266e-01,-4.334264993667602539e-01,6.676519662141799927e-02,-6.384873390197753906e-01,-4.767660200595855713e-01,-5.698063597083091736e-02,-2.222376346588134766e+00,-3.757460415363311768e-01,-1.178158074617385864e-02,5.745884031057357788e-02
-6.425703316926956177e-02,7.005271315574645996e-01,2.302521169185638428e-01,-3.716103136539459229e-01,1.518652439117431641e-01,6.814006567001342773e-01,6.119933128356933594e-01,-2.410997390747070312e+00,8.242836594581604004e-02,-3.885580003261566162e-01,2.016705751419067383e+00,-5.663164854049682617e-01,2.091111382469534874e-03,-1.539806962013244629e+00,-5.621342658996582031e-01,-4.812494292855262756e-02,2.037001848220825195e+00,-7.605948448181152344e-01,-5.460603535175323486e-02,2.026232331991195679e-01,3.140000104904174805e-01,-6.285841017961502075e-02,-1.675591021776199341e-01,7.531782388687133789e-01,-1.315070241689682007e-01,-2.355599880218505859e+00,5.246949791908264160e-01,-4.324695467948913574e-01,6.430844217538833618e-02,-6.031830310821533203e-01,-3.747660219669342041e-01,-5.892610922455787659e-02,-2.173208236694335938e+00,-4.142971932888031006e-01,-9.746120311319828033e-03,1.939468830823898315e-02
-6.861869245767593384e-02,6.926037073135375977e-01,2.444948256015777588e-01,-3.660490214824676514e-01,1.586235314607620239e-01,6.665381193161010742e-01,6.297408938407897949e-01,-2.391591548919677734e+00,1.404209285974502563e-01,-3.750793933868408203e-01,1.998391151428222656e+00,-5.657889246940612793e-01,4.077403806149959564e-03,-1.584645152091979980e+00,-5.788058638572692871e-01,-5.700428411364555359e-02,2.011994361877441406e+00,-7.789681553840637207e-01,-3.944597020745277405e-02,2.076862603425979614e-01,3.140000104904174805e-01,-5.781970918178558350e-02,-8.287880569696426392e-02,7.390643954277038574e-01,-2.046043425798416138e-01,-2.355600118637084961e+00,5.158143043518066406e-01,-4.464385509490966797e-01,8.596118539571762085e-03,-5.550484657287597656e-01,-2.859523296356201172e-01,-7.831718027591705322e-02,-2.148530960083007812e+00,-4.231952428817749023e-01,-9.149608202278614044e-03,-2.373338490724563599e-02
-7.147685438394546509e-02,6.849781274795532227e-01,2.459388673305511475e-01,-3.563350737094879150e-01,1.631600409746170044e-01,6.569566726684570312e-01,6.440590620040893555e-01,-2.376223802566528320e+00,1.778941154479980469e-01,-3.638074398040771484e-01,1.997951030731201172e+00,-5.586962103843688965e-01,8.404523134231567383e-03,-1.624781250953674316e+00,-5.866619944572448730e-01,-4.316004738211631775e-02,2.007377386093139648e+00,-7.961245775222778320e-01,-4.897966608405113220e-02,2.097108662128448486e-01,3.140000104904174805e-01,-2.436285838484764099e-02,-2.567509748041629791e-02,7.562130093574523926e-01,-2.609439194202423096e-01,-2.355600118637084961e+00,5.002679824829101562e-01,-4.422511756420135498e-01,-5.399238318204879761e-02,-5.081761479377746582e-01,-2.160804867744445801e-01,-7.237347960472106934e-02,-2.149523496627807617e+00,-4.562847614288330078e-01,-9.504081681370735168e-03,-4.569490253925323486e-02
-7.294884324073791504e-02,6.777145266532897949e-01,2.489836513996124268e-01,-3.516726195812225342e-01,1.690259277820587158e-01,6.479927897453308105e-01,6.541116237640380859e-01,-2.371441602706909180e+00,2.113392502069473267e-01,-3.515054285526275635e-01,1.992817282676696777e+00,-5.544917583465576172e-01,5.629096180200576782e-03,-1.663811922073364258e+00,-5.981855392456054688e-01,-4.008222743868827820e-02,2.003826379776000977e+00,-8.019686937332153320e-01,-5.337579548358917236e-02,2.019506990909576416e-01,3.140000104904174805e-01,1.619966933503746986e-03,2.733863331377506256e-02,7.709165215492248535e-01,-3.152822256088256836e-01,-2.355600118637084961e+00,4.913075864315032959e-01,-4.498952925205230713e-01,-1.277181953191757202e-01,-4.586430788040161133e-01,-1.646944731473922729e-01,-5.940333008766174316e-02,-2.180926084518432617e+00,-4.998266398906707764e-01,-1.325546950101852417e-02,-5.760710313916206360e-02
-7.416648417711257935e-02,6.707649230957031250e-01,2.487697303295135498e-01,-3.494055569171905518e-01,1.740762144327163696e-01,6.428959369659423828e-01,6.590129137039184570e-01,-2.376144647598266602e+00,2.327319830656051636e-01,-3.378880918025970459e-01,1.984844088554382324e+00,-5.566191077232360840e-01,-1.275960914790630341e-02,-1.698470234870910645e+00,-6.244056820869445801e-01,-4.475128650665283203e-02,2.003764152526855469e+00,-8.028452992439270020e-01,-5.175211653113365173e-02,1.979622393846511841e-01,3.140000104904174805e-01,2.467872016131877899e-02,8.366367220878601074e-02,7.672343254089355469e-01,-3.525550365447998047e-01,-2.355600118637084961e+00,5.214171409606933594e-01,-4.551485478878021240e-01,-1.762394607067108154e-01,-3.957327902317047119e-01,-1.351630240678787231e-01,-8.865639567375183105e-02,-2.193074703216552734e+00,-5.307250618934631348e-01,-7.677797693759202957e-03,-1.007811501622200012e-01
-7.221466302871704102e-02,6.653668880462646484e-01,2.580184638500213623e-01,-3.493946790695190430e-01,1.852573305368423462e-01,6.345012187957763672e-01,6.640868186950683594e-01,-2.371202230453491211e+00,2.486756592988967896e-01,-3.321914076805114746e-01,1.965664267539978027e+00,-5.597627758979797363e-01,-7.188260555267333984e-03,-1.735077857971191406e+00,-6.398174762725830078e-01,-5.880919471383094788e-02,1.995568633079528809e+00,-8.029767870903015137e-01,-3.838101029396057129e-02,1.902518272399902344e-01,3.140000104904174805e-01,4.050850495696067810e-02,1.097659766674041748e-01,7.492035627365112305e-01,-3.635802268981933594e-01,-2.355600118637084961e+00,5.494222044944763184e-01,-4.621356725692749023e-01,-2.042742222547531128e-01,-3.370791077613830566e-01,-1.272555142641067505e-01,-9.936257451772689819e-02,-2.204730272293090820e+00,-5.311665534973144531e-01,-2.081252634525299072e-03,-1.272659450769424438e-01
-7.027754187583923340e-02,6.601189374923706055e-01,2.619810402393341064e-01,-3.446673750877380371e-01,1.889358609914779663e-01,6.333490014076232910e-01,6.666158437728881836e-01,-2.362094163894653320e+00,2.647159695625305176e-01,-3.166190981864929199e-01,1.949038743972778320e+00,-5.610851049423217773e-01,-1.133118942379951477e-02,-1.754205465316772461e+00,-6.532680392265319824e-01,-6.397372484207153320e-02,1.992915630340576172e+00,-8.029965162277221680e-01,-2.782000415027141571e-02,1.953264772891998291e-01,3.140000104904174805e-01,6.535635143518447876e-02,1.151785925030708313e-01,7.467994093894958496e-01,-3.639717102050781250e-01,-2.355600118637084961e+00,5.792901515960693359e-01,-4.665356278419494629e-01,-2.432047128677368164e-01,-2.843058407306671143e-01,-1.222604513168334961e-01,-9.957113862037658691e-02,-2.219598054885864258e+00,-5.482185482978820801e-01,3.565252292901277542e-03,-1.411181688308715820e-01
-6.701094657182693481e-02,6.563110947608947754e-01,2.634728848934173584e-01,-3.398284912109375000e-01,1.909634917974472046e-01,6.343986392021179199e-01,6.675237417221069336e-01,-2.353347539901733398e+00,2.777850031852722168e-01,-3.023166358470916748e-01,1.935864686965942383e+00,-5.589060783386230469e-01,-1.710726693272590637e-02,-1.764661669731140137e+00,-6.633128523826599121e-01,-6.359833478927612305e-02,1.994364142417907715e+00,-8.029994964599609375e-01,-2.975496277213096619e-02,1.922829151153564453e-01,3.140000104904174805e-01,9.159676730632781982e-02,1.077931597828865051e-01,7.493446469306945801e-01,-3.466971218585968018e-01,-2.355600118637084961e+00,6.080522537231445312e-01,-4.734883606433868408e-01,-2.713452577590942383e-01,-2.320982962846755981e-01,-1.353262662887573242e-01,-9.823539108037948608e-02,-2.230881929397583008e+00,-5.611164569854736328e-01,1.145711448043584824e-02,-1.480270624160766602e-01
-6.294146925210952759e-02,6.531693935394287109e-01,2.666064202785491943e-01,-3.356377184391021729e-01,1.950599104166030884e-01,6.354892253875732422e-01,6.674222350120544434e-01,-2.342097759246826172e+00,2.855292260646820068e-01,-2.895348370075225830e-01,1.919357776641845703e+00,-5.548654198646545410e-01,-2.452133037149906158e-02,-1.775124073028564453e+00,-6.696764230728149414e-01,-6.134992465376853943e-02,1.995839357376098633e+00,-8.029999136924743652e-01,-3.018868528306484222e-02,1.903130412101745605e-01,3.140000104904174805e-01,1.128251031041145325e-01,8.703369647264480591e-02,7.654206156730651855e-01,-3.162929713726043701e-01,-2.355600118637084961e+00,6.224504709243774414e-01,-4.718958735466003418e-01,-2.864046990871429443e-01,-1.865070164203643799e-01,-1.559346914291381836e-01,-8.835810422897338867e-02,-2.231977939605712891e+00,-5.820100903511047363e-01,2.188575640320777893e-02,-1.484730094671249390e-01
-5.861983448266983032e-02,6.506296992301940918e-01,2.682116329669952393e-01,-3.296662867069244385e-01,1.959447711706161499e-01,6.403093934059143066e-01,6.655296087265014648e-01,-2.327596426010131836e+00,2.902187407016754150e-01,-2.736293673515319824e-01,1.903775930404663086e+00,-5.496093630790710449e-01,-3.628314286470413208e-02,-1.775671720504760742e+00,-6.730325222015380859e-01,-5.356650054454803467e-02,2.001093387603759766e+00,-8.029999732971191406e-01,-4.381421208381652832e-02,1.862055063247680664e-01,3.140000104904174805e-01,1.376128643751144409e-01,6.213908642530441284e-02,7.956732511520385742e-01,-2.755218148231506348e-01,-2.355600118637084961e+00,6.212108731269836426e-01,-4.661299288272857666e-01,-3.049803078174591064e-01,-1.427207142114639282e-01,-1.804067045450210571e-01,-8.243013173341751099e-02,-2.223261594772338867e+00,-6.106066107749938965e-01,3.384527564048767090e-02,-1.460762917995452881e-01
-5.443372577428817749e-02,6.482869386672973633e-01,2.704796493053436279e-01,-3.226466178894042969e-01,1.956476867198944092e-01,6.466937661170959473e-01,6.628788113594055176e-01,-2.307234048843383789e+00,2.915662527084350586e-01,-2.561767399311065674e-01,1.884727954864501953e+00,-5.464302301406860352e-01,-4.952999576926231384e-02,-1.769302010536193848e+00,-6.691190600395202637e-01,-4.003113508224487305e-02,2.004465818405151367e+00,-8.029999732971191406e-01,-6.853218376636505127e-02,1.872542947530746460e-01,3.140000104904174805e-01,1.654882580041885376e-01,3.519830107688903809e-02,8.331473469734191895e-01,-2.072095274925231934e-01,-2.355600118637084961e+00,6.011681556701660156e-01,-4.527932703495025635e-01,-3.131749331951141357e-01,-1.033936217427253723e-01,-2.214566171169281006e-01,-9.174153208732604980e-02,-2.204468965530395508e+00,-6.280229091644287109e-01,5.192953720688819885e-02,-1.423752009868621826e-01
-5.051479116082191467e-02,6.464802622795104980e-01,2.778434455394744873e-01,-3.176429867744445801e-01,1.991618573665618896e-01,6.470417380332946777e-01,6.639084815979003906e-01,-2.283708095550537109e+00,2.981430888175964355e-01,-2.442055940628051758e-01,1.862757325172424316e+00,-5.395538806915283203e-01,-5.907878652215003967e-02,-1.768317341804504395e+00,-6.676729321479797363e-01,-4.119157791137695312e-02,1.998026728630065918e+00,-8.029999732971191406e-01,-8.186025172472000122e-02,1.828103661537170410e-01,3.140000104904174805e-01,1.823669970035552979e-01,2.559298090636730194e-02,8.670727610588073730e-01,-1.684562116861343384e-01,-2.355600118637084961e+00,5.860955119132995605e-01,-4.448074996471405029e-01,-3.172678351402282715e-01,-7.305418699979782104e-02,-2.594986557960510254e-01,-8.968305587768554688e-02,-2.178638935089111328e+00,-6.433257460594177246e-01,6.745001673698425293e-02,-1.368458718061447144e-01
-4.774913936853408813e-02,6.444705724716186523e-01,2.843711674213409424e-01,-3.090207874774932861e-01,1.967186480760574341e-01,6.484609246253967285e-01,6.673127412796020508e-01,-2.252392292022705078e+00,3.105885982513427734e-01,-2.321957796812057495e-01,1.843560218811035156e+00,-5.308008193969726562e-01,-6.898922473192214966e-02,-1.756763935089111328e+00,-6.688664555549621582e-01,-4.694854095578193665e-02,1.987720966339111328e+00,-8.029999732971191406e-01,-9.485568106174468994e-02,1.762033551931381226e-01,3.140000104904174805e-01,1.940708309412002563e-01,2.217671461403369904e-02,8.934275507926940918e-01,-1.331328004598617554e-01,-2.355600118637084961e+00,5.745159983634948730e-01,-4.337152838706970215e-01,-3.133344650268554688e-01,-5.275912582874298096e-02,-2.841245532035827637e-01,-8.551549911499023438e-02,-2.146532535552978516e+00,-6.700980067253112793e-01,8.038664609193801880e-02,-1.301413774490356445e-01
-4.545140638947486877e-02,6.425744295120239258e-01,2.946987450122833252e-01,-3.018895983695983887e-01,1.963239163160324097e-01,6.483374834060668945e-01,6.708040833473205566e-01,-2.216999530792236328e+00,3.259441256523132324e-01,-2.177235037088394165e-01,1.817646861076354980e+00,-5.233910679817199707e-01,-7.314513623714447021e-02,-1.742977142333984375e+00,-6.662446856498718262e-01,-5.735841765999794006e-02,1.969632387161254883e+00,-8.029999732971191406e-01,-1.020307838916778564e-01,1.651525199413299561e-01,3.140000104904174805e-01,1.993547230958938599e-01,2.735588327050209045e-02,9.253150224685668945e-01,-1.128913536667823792e-01,-2.355600118637084961e+00,5.639746785163879395e-01,-4.232667386531829834e-01,-3.100863099098205566e-01,-3.866413235664367676e-02,-3.156467378139495850e-01,-8.468728512525558472e-02,-2.108720302581787109e+00,-6.826947331428527832e-01,9.225133806467056274e-02,-1.287603080272674561e-01
-4.391840100288391113e-02,6.405010223388671875e-01,3.043259084224700928e-01,-2.934553325176239014e-01,1.925899237394332886e-01,6.490472555160522461e-01,6.749302148818969727e-01,-2.178684473037719727e+00,3.438372611999511719e-01,-2.019414603710174561e-01,1.792424082756042480e+00,-5.186973810195922852e-01,-7.104418426752090454e-02,-1.722067475318908691e+00,-6.623778343200683594e-01,-6.865347176790237427e-02,1.949665904045104980e+00,-8.029999732971191406e-01,-1.100348606705665588e-01,1.522396355867385864e-01,3.140000104904174805e-01,1.990418583154678345e-01,3.825063258409500122e-02,9.556933641433715820e-01,-9.373591840267181396e-02,-2.355600118637084961e+00,5.551676154136657715e-01,-4.079049527645111084e-01,-3.070499002933502197e-01,-2.947639673948287964e-02,-3.382413685321807861e-01,-8.183629810810089111e-02,-2.065295696258544922e+00,-7.080971598625183105e-01,1.041432768106460571e-01,-1.214288324117660522e-01
-4.375755786895751953e-02,6.381914019584655762e-01,3.150864541530609131e-01,-2.847254574298858643e-01,1.903936862945556641e-01,6.480573415756225586e-01,6.802230477333068848e-01,-2.136230945587158203e+00,3.600051999092102051e-01,-1.848015934228897095e-01,1.765329837799072266e+00,-5.112987160682678223e-01,-6.954743713140487671e-02,-1.703810453414916992e+00,-6.571056246757507324e-01,-7.794882357120513916e-02,1.925998449325561523e+00,-8.029999732971191406e-01,-1.176695674657821655e-01,1.468551605939865112e-01,3.140000104904174805e-01,2.004635035991668701e-01,6.123648583889007568e-02,9.933503866195678711e-01,-9.482870250940322876e-02,-2.355600118637084961e+00,5.517437458038330078e-01,-3.866408467292785645e-01,-3.152524530887603760e-01,-3.033213876187801361e-02,-3.678913414478302002e-01,-6.669596582651138306e-02,-2.022267103195190430e+00,-7.290981411933898926e-01,1.200544983148574829e-01,-1.031001657247543335e-01
-4.343398660421371460e-02,6.357793807983398438e-01,3.274169266223907471e-01,-2.767378091812133789e-01,1.857114136219024658e-01,6.468647122383117676e-01,6.859253048896789551e-01,-2.092630863189697266e+00,3.775769174098968506e-01,-1.703897714614868164e-01,1.736713886260986328e+00,-5.084542632102966309e-01,-6.594713777303695679e-02,-1.678029417991638184e+00,-6.522157788276672363e-01,-9.622173756361007690e-02,1.896983623504638672e+00,-8.029999732971191406e-01,-1.191528439521789551e-01,1.279765069484710693e-01,3.140000104904174805e-01,1.846270859241485596e-01,8.604866266250610352e-02,1.034821152687072754e+00,-9.905616194009780884e-02,-2.355600118637084961e+00,5.528023838996887207e-01,-3.636280298233032227e-01,-3.208402097225189209e-01,-2.725104242563247681e-02,-4.092383980751037598e-01,-4.447043687105178833e-02,-1.972392559051513672e+00,-7.411698698997497559e-01,1.364888399839401245e-01,-8.616568893194198608e-02
-4.372704774141311646e-02,6.332963705062866211e-01,3.416961133480072021e-01,-2.677853703498840332e-01,1.800003200769424438e-01,6.467424035072326660e-01,6.910970807075500488e-01,-2.041060209274291992e+00,3.885884881019592285e-01,-1.565905511379241943e-01,1.701513051986694336e+00,-5.103165507316589355e-01,-6.322629004716873169e-02,-1.645265936851501465e+00,-6.454282402992248535e-01,-1.147384494543075562e-01,1.862325787544250488e+00,-8.029999732971191406e-01,-1.178486794233322144e-01,1.107540577650070190e-01,3.140000104904174805e-01,1.656797081232070923e-01,1.154114753007888794e-01,1.078234314918518066e+00,-1.021908968687057495e-01,-2.355600118637084961e+00,5.532836318016052246e-01,-3.354761302471160889e-01,-3.233275413513183594e-01,-2.919683605432510376e-02,-4.512570500373840332e-01,-2.000957168638706207e-02,-1.918426990509033203e+00,-7.517589330673217773e-01,1.484114080667495728e-01,-6.160821393132209778e-02
-4.411093890666961670e-02,6.309391260147094727e-01,3.551553785800933838e-01,-2.581557631492614746e-01,1.739193797111511230e-01,6.467360854148864746e-01,6.963046193122863770e-01,-1.987879157066345215e+00,4.029825329780578613e-01,-1.375585496425628662e-01,1.666319131851196289e+00,-5.077175498008728027e-01,-5.553522333502769470e-02,-1.611820936203002930e+00,-6.354735493659973145e-01,-1.276807934045791626e-01,1.827674746513366699e+00,-8.029999732971191406e-01,-1.227097436785697937e-01,9.719409048557281494e-02,3.140000104904174805e-01,1.544239521026611328e-01,1.374232321977615356e-01,1.118263602256774902e+00,-9.169825911521911621e-02,-2.355600118637084961e+00,5.493211746215820312e-01,-3.018581569194793701e-01,-3.239342868328094482e-01,-3.356595709919929504e-02,-5.066067576408386230e-01,1.605352945625782013e-02,-1.869461655616760254e+00,-7.462850809097290039e-01,1.614398807287216187e-01,-2.713369205594062805e-02
-4.466307163238525391e-02,6.283993124961853027e-01,3.666812479496002197e-01,-2.477699667215347290e-01,1.663073599338531494e-01,6.475455760955810547e-01,7.011680603027343750e-01,-1.934703350067138672e+00,4.104884564876556396e-01,-1.231787279248237610e-01,1.634880065917968750e+00,-5.020202994346618652e-01,-5.761415138840675354e-02,-1.577093124389648438e+00,-6.271167993545532227e-01,-1.383021622896194458e-01,1.796175122261047363e+00,-8.029999732971191406e-01,-1.195525601506233215e-01,8.803424239158630371e-02,3.140000104904174805e-01,1.438364982604980469e-01,1.651236563920974731e-01,1.153514742851257324e+00,-8.248717337846755981e-02,-2.355600118637084961e+00,5.488400459289550781e-01,-2.574791312217712402e-01,-3.133034706115722656e-01,-4.141066968441009521e-02,-5.538150668144226074e-01,5.174022167921066284e-02,-1.836024284362792969e+00,-7.434598803520202637e-01,1.676812022924423218e-01,9.898309595882892609e-03
-4.480175301432609558e-02,6.261873245239257812e-01,3.766167461872100830e-01,-2.353438884019851685e-01,1.577999293804168701e-01,6.490313410758972168e-01,7.060246467590332031e-01,-1.878795862197875977e+00,4.177579581737518311e-01,-1.080478355288505554e-01,1.604847788810729980e+00,-4.900467395782470703e-01,-5.681765452027320862e-02,-1.542205095291137695e+00,-6.180933713912963867e-01,-1.416684687137603760e-01,1.770250439643859863e+00,-8.029999732971191406e-01,-1.210735067725181580e-01,7.858642935752868652e-02,3.140000104904174805e-01,1.358851492404937744e-01,1.837498992681503296e-01,1.175848007202148438e+00,-6.064803898334503174e-02,-2.345700025558471680e+00,5.551319718360900879e-01,-2.073866426944732666e-01,-2.901202738285064697e-01,-4.355785995721817017e-02,-6.255667805671691895e-01,8.525560051202774048e-02,-1.799078106880187988e+00,-7.171042561531066895e-01,1.720558404922485352e-01,4.406899958848953247e-02
-4.519598558545112610e-02,6.238623857498168945e-01,3.855783641338348389e-01,-2.239015400409698486e-01,1.501072496175765991e-01,6.513324975967407227e-01,7.092967629432678223e-01,-1.826897740364074707e+00,4.226567149162292480e-01,-9.031885862350463867e-02,1.577387213706970215e+00,-4.719445407390594482e-01,-6.222723051905632019e-02,-1.510038256645202637e+00,-6.085954904556274414e-01,-1.397294402122497559e-01,1.747083306312561035e+00,-8.029999732971191406e-01,-1.216801404953002930e-01,7.367660850286483765e-02,3.140000104904174805e-01,1.376525759696960449e-01,2.037326097488403320e-01,1.202580332756042480e+00,-3.451761603355407715e-02,-2.329902887344360352e+00,5.455339550971984863e-01,-1.545203477144241333e-01,-2.600008845329284668e-01,-4.372864961624145508e-02,-7.173250913619995117e-01,1.242553368210792542e-01,-1.779051423072814941e+00,-6.699668765068054199e-01,1.711869984865188599e-01,7.912904769182205200e-02
-4.605421423912048340e-02,6.214030981063842773e-01,3.920710384845733643e-01,-2.152385264635086060e-01,1.448152512311935425e-01,6.522369384765625000e-01,7.122414708137512207e-01,-1.788089990615844727e+00,4.232899248600006104e-01,-7.836548238992691040e-02,1.559116482734680176e+00,-4.513233304023742676e-01,-6.605707108974456787e-02,-1.488616585731506348e+00,-6.033808588981628418e-01,-1.376577764749526978e-01,1.729703545570373535e+00,-8.029999732971191406e-01,-1.252834349870681763e-01,6.925363093614578247e-02,3.140000104904174805e-01,1.340661942958831787e-01,2.204302847385406494e-01,1.224852442741394043e+00,-2.338844351470470428e-02,-2.293066740036010742e+00,5.432747006416320801e-01,-1.087705567479133606e-01,-2.407907098531723022e-01,-4.549992457032203674e-02,-7.991710305213928223e-01,1.636204570531845093e-01,-1.779549598693847656e+00,-6.282475590705871582e-01,1.669324189424514771e-01,1.203704476356506348e-01
-4.679023474454879761e-02,6.192705631256103516e-01,3.987748324871063232e-01,-2.035708874464035034e-01,1.368960738182067871e-01,6.534530520439147949e-01,7.161127328872680664e-01,-1.743261933326721191e+00,4.278155267238616943e-01,-6.321613490581512451e-02,1.541455864906311035e+00,-4.319107532501220703e-01,-6.848973035812377930e-02,-1.461925029754638672e+00,-5.993099212646484375e-01,-1.360699236392974854e-01,1.713236927986145020e+00,-8.029999732971191406e-01,-1.281764209270477295e-01,6.128184869885444641e-02,3.140000104904174805e-01,1.289356499910354614e-01,2.316035777330398560e-01,1.238485217094421387e+00,-2.376860566437244415e-02,-2.219588994979858398e+00,5.410621762275695801e-01,-7.002714276313781738e-02,-2.321560084819793701e-01,-4.079986736178398132e-02,-8.737983703613281250e-01,2.082311213016510010e-01,-1.781654834747314453e+00,-5.960488915443420410e-01,1.661931127309799194e-01,1.704320013523101807e-01
-4.786624386906623840e-02,6.175513267517089844e-01,4.053084552288055420e-01,-1.926001310348510742e-01,1.293711513280868530e-01,6.555886268615722656e-01,7.185901999473571777e-01,-1.698819756507873535e+00,4.287411570549011230e-01,-4.879403486847877502e-02,1.522520303726196289e+00,-4.179063439369201660e-01,-7.026910781860351562e-02,-1.434037804603576660e+00,-5.942093729972839355e-01,-1.315224319696426392e-01,1.696885466575622559e+00,-8.029999732971191406e-01,-1.329193711280822754e-01,4.596495628356933594e-02,3.140000104904174805e-01,1.244345158338546753e-01,2.477560341358184814e-01,1.257337689399719238e+00,-4.108336195349693298e-02,-2.137269020080566406e+00,5.343773365020751953e-01,-4.032969102263450623e-02,-2.416554987430572510e-01,-3.777975961565971375e-02,-9.437490701675415039e-01,2.512306571006774902e-01,-1.794857501983642578e+00,-5.702779889106750488e-01,1.605151295661926270e-01,2.214288562536239624e-01
-4.961844161152839661e-02,6.159690618515014648e-01,4.111304581165313721e-01,-1.810897439718246460e-01,1.205281913280487061e-01,6.570890545845031738e-01,7.217433452606201172e-01,-1.653961062431335449e+00,4.328309297561645508e-01,-3.228710964322090149e-02,1.505619645118713379e+00,-4.116860628128051758e-01,-7.025692611932754517e-02,-1.403891205787658691e+00,-5.939301848411560059e-01,-1.320264339447021484e-01,1.680594563484191895e+00,-8.029999732971191406e-01,-1.347014456987380981e-01,3.080498054623603821e-02,3.140000104904174805e-01,1.176577433943748474e-01,2.665152847766876221e-01,1.279939413070678711e+00,-7.190716266632080078e-02,-2.047328710556030273e+00,5.236692428588867188e-01,-2.052097953855991364e-02,-2.661756575107574463e-01,-3.465399146080017090e-02,-1.008994221687316895e+00,2.894518375396728516e-01,-1.809540390968322754e+00,-5.534099340438842773e-01,1.547296792268753052e-01,2.728710472583770752e-01
-5.176598951220512390e-02,6.151177287101745605e-01,4.176122248172760010e-01,-1.693793088197708130e-01,1.122722700238227844e-01,6.568434834480285645e-01,7.261282801628112793e-01,-1.606521248817443848e+00,4.393689334392547607e-01,-1.417382340878248215e-02,1.489073514938354492e+00,-4.066272675991058350e-01,-6.681879609823226929e-02,-1.374726414680480957e+00,-5.923385024070739746e-01,-1.317129880189895630e-01,1.662530541419982910e+00,-8.029999732971191406e-01,-1.333036273717880249e-01,1.174637302756309509e-02,3.140000104904174805e-01,1.131266430020332336e-01,2.883678078651428223e-01,1.300147414207458496e+00,-1.113566681742668152e-01,-1.956257581710815430e+00,5.100381374359130859e-01,-6.644074339419603348e-03,-3.006623983383178711e-01,-3.086264431476593018e-02,-1.066154956817626953e+00,3.196135461330413818e-01,-1.827727794647216797e+00,-5.387521982192993164e-01,1.475933939218521118e-01,3.188600540161132812e-01
-5.431591346859931946e-02,6.144762635231018066e-01,4.248181283473968506e-01,-1.568936407566070557e-01,1.011364385485649109e-01,6.566762924194335938e-01,7.307065725326538086e-01,-1.554263591766357422e+00,4.469013214111328125e-01,3.600220195949077606e-03,1.470933794975280762e+00,-4.041386842727661133e-01,-6.166494637727737427e-02,-1.337904930114746094e+00,-5.893461704254150391e-01,-1.346347033977508545e-01,1.640363097190856934e+00,-8.029999732971191406e-01,-1.301751732826232910e-01,-8.565074764192104340e-03,3.140000104904174805e-01,1.002658382058143616e-01,3.153469562530517578e-01,1.321973800659179688e+00,-1.644542217254638672e-01,-1.860083222389221191e+00,4.957207441329956055e-01,1.833562506362795830e-03,-3.426838517189025879e-01,-2.837271615862846375e-02,-1.123382925987243652e+00,3.461193442344665527e-01,-1.843507528305053711e+00,-5.248892307281494141e-01,1.385789364576339722e-01,3.638069927692413330e-01
-5.670206621289253235e-02,6.144180297851562500e-01,4.332006871700286865e-01,-1.460190862417221069e-01,9.090334922075271606e-02,6.578985452651977539e-01,7.332015633583068848e-01,-1.503033757209777832e+00,4.497242867946624756e-01,2.024165354669094086e-02,1.449188947677612305e+00,-4.052617549896240234e-01,-5.894808843731880188e-02,-1.297581911087036133e+00,-5.827101469039916992e-01,-1.362114250659942627e-01,1.615391612052917480e+00,-8.029999732971191406e-01,-1.238114759325981140e-01,-2.755476720631122589e-02,3.140000104904174805e-01,8.452258259057998657e-02,3.387696743011474609e-01,1.339045524597167969e+00,-2.209808975458145142e-01,-1.769873142242431641e+00,4.806884825229644775e-01,-9.681461378931999207e-04,-3.838363587856292725e-01,-2.588909864425659180e-02,-1.180094361305236816e+00,3.746590912342071533e-01,-1.850692033767700195e+00,-5.117048025131225586e-01,1.286890357732772827e-01,4.049286246299743652e-01
-5.852048844099044800e-02,6.146562695503234863e-01,4.402644932270050049e-01,-1.320544034242630005e-01,7.683085650205612183e-02,6.587281823158264160e-01,7.367060780525207520e-01,-1.445438385009765625e+00,4.567761421203613281e-01,3.779229521751403809e-02,1.429588556289672852e+00,-4.094526171684265137e-01,-5.355271697044372559e-02,-1.249986529350280762e+00,-5.794612765312194824e-01,-1.419419497251510620e-01,1.592510104179382324e+00,-8.029999732971191406e-01,-1.126636192202568054e-01,-4.379222169518470764e-02,3.140000104904174805e-01,6.966828554868698120e-02,3.482332229614257812e-01,1.350717186927795410e+00,-2.699664831161499023e-01,-1.672519326210021973e+00,4.611718356609344482e-01,-3.219670616090297699e-03,-4.153310358524322510e-01,-2.854161709547042847e-02,-1.238136768341064453e+00,4.008609950542449951e-01,-1.848763346672058105e+00,-4.948530793190002441e-01,1.171533688902854919e-01,4.428585469722747803e-01
-5.984647572040557861e-02,6.154621839523315430e-01,4.464016854763031006e-01,-1.197644174098968506e-01,6.465448439121246338e-02,6.605409979820251465e-01,7.383507490158081055e-01,-1.392441630363464355e+00,4.604673385620117188e-01,5.322861298918724060e-02,1.410149335861206055e+00,-4.126928448677062988e-01,-5.280738323926925659e-02,-1.204338192939758301e+00,-5.790888071060180664e-01,-1.475268304347991943e-01,1.572811245918273926e+00,-8.029999732971191406e-01,-1.041464135050773621e-01,-6.179673597216606140e-02,3.140000104904174805e-01,5.662241205573081970e-02,3.492054939270019531e-01,1.347547769546508789e+00,-3.088514506816864014e-01,-1.587776064872741699e+00,4.433013200759887695e-01,-1.160927023738622665e-02,-4.411826133728027344e-01,-2.941430173814296722e-02,-1.273635149002075195e+00,4.191111922264099121e-01,-1.837409019470214844e+00,-4.870281815528869629e-01,1.051236763596534729e-01,4.654729664325714111e-01
-6.016924604773521423e-02,6.165685653686523438e-01,4.532801806926727295e-01,-1.066266670823097229e-01,5.224362015724182129e-02,6.629213094711303711e-01,7.392135858535766602e-01,-1.337986469268798828e+00,4.603540599346160889e-01,6.625347584486007690e-02,1.389746785163879395e+00,-4.130113422870635986e-01,-5.355553701519966125e-02,-1.155828237533569336e+00,-5.817332267761230469e-01,-1.563669145107269287e-01,1.554092407226562500e+00,-8.029999732971191406e-01,-9.476547688245773315e-02,-7.281883805990219116e-02,3.140000104904174805e-01,4.641778394579887390e-02,3.361241817474365234e-01,1.342697262763977051e+00,-3.360888361930847168e-01,-1.503529787063598633e+00,4.225445687770843506e-01,-1.460386347025632858e-02,-4.555819630622863770e-01,-3.343322128057479858e-02,-1.307658314704895020e+00,4.276877045631408691e-01,-1.820359468460083008e+00,-4.755377471446990967e-01,9.563779830932617188e-02,4.757981896400451660e-01
-5.964563786983489990e-02,6.181178689002990723e-01,4.614616334438323975e-01,-9.568386524915695190e-02,4.307495057582855225e-02,6.650516986846923828e-01,7.393885254859924316e-01,-1.286768436431884766e+00,4.566792845726013184e-01,7.755957543849945068e-02,1.365016460418701172e+00,-4.076033234596252441e-01,-5.627531930804252625e-02,-1.111080527305603027e+00,-5.843816995620727539e-01,-1.663380414247512817e-01,1.533437848091125488e+00,-8.029999732971191406e-01,-8.912476152181625366e-02,-8.354218304157257080e-02,3.140000104904174805e-01,3.982470929622650146e-02,3.165712356567382812e-01,1.330597400665283203e+00,-3.534224927425384521e-01,-1.420657634735107422e+00,4.044758677482604980e-01,-1.610389724373817444e-02,-4.688988626003265381e-01,-3.866007179021835327e-02,-1.333421707153320312e+00,4.295442700386047363e-01,-1.795105695724487305e+00,-4.652043879032135010e-01,8.619672060012817383e-02,4.827568829059600830e-01
-5.811724811792373657e-02,6.202461123466491699e-01,4.703593552112579346e-01,-8.225054293870925903e-02,3.212905675172805786e-02,6.692503690719604492e-01,7.377712726593017578e-01,-1.229497671127319336e+00,4.519616961479187012e-01,9.324338287115097046e-02,1.336963176727294922e+00,-3.911365568637847900e-01,-6.237433105707168579e-02,-1.057331562042236328e+00,-5.910108089447021484e-01,-1.803480237722396851e-01,1.512792468070983887e+00,-8.029999732971191406e-01,-8.858590573072433472e-02,-8.814845234155654907e-02,3.140000104904174805e-01,3.584915772080421448e-02,2.842245399951934814e-01,1.316724777221679688e+00,-3.647857606410980225e-01,-1.337335109710693359e+00,3.807504177093505859e-01,-2.101174928247928619e-02,-4.793288409709930420e-01,-3.942431509494781494e-02,-1.355068325996398926e+00,4.290302097797393799e-01,-1.757738828659057617e+00,-4.493446350097656250e-01,7.455378770828247070e-02,4.862071871757507324e-01
-5.590451136231422424e-02,6.228760480880737305e-01,4.777166545391082764e-01,-7.240901142358779907e-02,2.447571419179439545e-02,6.736117005348205566e-01,7.351225614547729492e-01,-1.184185147285461426e+00,4.435447752475738525e-01,1.012243181467056274e-01,1.312173962593078613e+00,-3.769082725048065186e-01,-6.813397258520126343e-02,-1.011773824691772461e+00,-5.942079424858093262e-01,-1.896615028381347656e-01,1.496280550956726074e+00,-8.029999732971191406e-01,-9.139827638864517212e-02,-9.558005630970001221e-02,3.140000104904174805e-01,3.307781368494033813e-02,2.570578455924987793e-01,1.296269774436950684e+00,-3.668302595615386963e-01,-1.260365486145019531e+00,3.620846271514892578e-01,-2.840746380388736725e-02,-4.812642633914947510e-01,-3.976028412580490112e-02,-1.363008379936218262e+00,4.245133996009826660e-01,-1.708761692047119141e+00,-4.331153631210327148e-01,6.266254931688308716e-02,4.777876138687133789e-01
-5.348621681332588196e-02,6.261948347091674805e-01,4.848837554454803467e-01,-6.546411663293838501e-02,1.985416561365127563e-02,6.780281662940979004e-01,7.318456768989562988e-01,-1.149168610572814941e+00,4.299797713756561279e-01,1.012235283851623535e-01,1.289482951164245605e+00,-3.613006472587585449e-01,-7.377343624830245972e-02,-9.737982749938964844e-01,-5.940571427345275879e-01,-1.951627731323242188e-01,1.481096029281616211e+00,-8.029999732971191406e-01,-9.531022608280181885e-02,-1.013494059443473816e-01,3.140000104904174805e-01,3.127045556902885437e-02,2.322397530078887939e-01,1.280760765075683594e+00,-3.654359877109527588e-01,-1.196752548217773438e+00,3.446823060512542725e-01,-3.633053228259086609e-02,-4.804596602916717529e-01,-3.722267225384712219e-02,-1.364738941192626953e+00,4.237785637378692627e-01,-1.652728796005249023e+00,-4.177356660366058350e-01,5.415897816419601440e-02,4.728152453899383545e-01
-5.134811252355575562e-02,6.301175355911254883e-01,4.921613037586212158e-01,-5.832879617810249329e-02,1.534532662481069565e-02,6.832599043846130371e-01,7.276799678802490234e-01,-1.115776300430297852e+00,4.133681356906890869e-01,9.904433041810989380e-02,1.266775965690612793e+00,-3.405362069606781006e-01,-8.226417005062103271e-02,-9.356558918952941895e-01,-5.925986170768737793e-01,-1.973916441202163696e-01,1.465593218803405762e+00,-8.029999732971191406e-01,-1.045451909303665161e-01,-1.054609268903732300e-01,3.140000104904174805e-01,3.406276181340217590e-02,2.037461102008819580e-01,1.268322825431823730e+00,-3.570753335952758789e-01,-1.136818289756774902e+00,3.227743506431579590e-01,-4.351644590497016907e-02,-4.762578606605529785e-01,-3.275693207979202271e-02,-1.361827731132507324e+00,4.175969660282135010e-01,-1.585469841957092285e+00,-4.019438028335571289e-01,4.739733785390853882e-02,4.621508419513702393e-01
-4.930865019559860229e-02,6.347968578338623047e-01,5.000793933868408203e-01,-5.324109271168708801e-02,1.227028481662273407e-02,6.882620453834533691e-01,7.234018445014953613e-01,-1.086031913757324219e+00,3.969155550003051758e-01,9.509889781475067139e-02,1.243537902832031250e+00,-3.256445825099945068e-01,-9.070532768964767456e-02,-8.986972570419311523e-01,-5.889346599578857422e-01,-2.007225006818771362e-01,1.447109937667846680e+00,-8.029999732971191406e-01,-1.108213812112808228e-01,-1.099967360496520996e-01,3.140000104904174805e-01,3.592179343104362488e-02,1.807304769754409790e-01,1.260887980461120605e+00,-3.518452048301696777e-01,-1.072465419769287109e+00,2.988564074039459229e-01,-4.816323518753051758e-02,-4.710343480110168457e-01,-3.089334629476070404e-02,-1.359961509704589844e+00,4.134335815906524658e-01,-1.508643150329589844e+00,-3.818244338035583496e-01,3.819140419363975525e-02,4.541660547256469727e-01
-4.792184010148048401e-02,6.400236487388610840e-01,5.097351074218750000e-01,-4.870858415961265564e-02,9.372700937092304230e-03,6.938635110855102539e-01,7.183961868286132812e-01,-1.055127382278442383e+00,3.787271082401275635e-01,9.050326794385910034e-02,1.215682744979858398e+00,-3.065949976444244385e-01,-1.014278233051300049e-01,-8.578083515167236328e-01,-5.847589373588562012e-01,-2.070407420396804810e-01,1.421886563301086426e+00,-8.029999732971191406e-01,-1.165132224559783936e-01,-1.154168173670768738e-01,3.140000104904174805e-01,3.977288678288459778e-02,1.561682075262069702e-01,1.256563782691955566e+00,-3.531488776206970215e-01,-1.006071567535400391e+00,2.701530754566192627e-01,-5.142061784863471985e-02,-4.723272025585174561e-01,-2.983916364610195160e-02,-1.357144713401794434e+00,4.120529592037200928e-01,-1.422874331474304199e+00,-3.564713299274444580e-01,3.233774006366729736e-02,4.493615031242370605e-01
-4.701025784015655518e-02,6.456661224365234375e-01,5.201071500778198242e-01,-4.281452298164367676e-02,3.549842396751046181e-03,6.990481019020080566e-01,7.137829065322875977e-01,-1.017433643341064453e+00,3.636410832405090332e-01,8.624061942100524902e-02,1.185021042823791504e+00,-2.902832925319671631e-01,-1.071440353989601135e-01,-8.076911568641662598e-01,-5.797511935234069824e-01,-2.192538678646087646e-01,1.390104293823242188e+00,-8.029999732971191406e-01,-1.199775934219360352e-01,-1.249580085277557373e-01,3.140000104904174805e-01,4.035356268286705017e-02,1.351143717765808105e-01,1.253934860229492188e+00,-3.576435744762420654e-01,-9.253249168395996094e-01,2.360206693410873413e-01,-5.749291554093360901e-02,-4.718104004859924316e-01,-3.094032220542430878e-02,-1.345669984817504883e+00,4.031288921833038330e-01,-1.320874333381652832e+00,-3.307954967021942139e-01,2.066182903945446014e-02,4.407896697521209717e-01
-4.633563011884689331e-02,6.517065167427062988e-01,5.291879177093505859e-01,-3.935170546174049377e-02,2.812108432408422232e-04,7.045285105705261230e-01,7.085837721824645996e-01,-9.870166778564453125e-01,3.521314859390258789e-01,8.450984954833984375e-02,1.157457709312438965e+00,-2.856105268001556396e-01,-1.102454513311386108e-01,-7.626293301582336426e-01,-5.772376060485839844e-01,-2.338303178548812866e-01,1.359682321548461914e+00,-8.029999732971191406e-01,-1.171164065599441528e-01,-1.419534981250762939e-01,3.140000104904174805e-01,3.777679428458213806e-02,1.158195808529853821e-01,1.252629518508911133e+00,-3.560127615928649902e-01,-8.405210971832275391e-01,2.054095119237899780e-01,-6.200125068426132202e-02,-4.704471528530120850e-01,-3.251546248793601990e-02,-1.336651802062988281e+00,3.894352018833160400e-01,-1.218874335289001465e+00,-3.116680085659027100e-01,9.821556508541107178e-03,4.313852787017822266e-01
-4.654639586806297302e-02,6.577125787734985352e-01,5.416753292083740234e-01,-3.562734276056289673e-02,-2.359880367293953896e-03,7.098016738891601562e-01,7.034960389137268066e-01,-9.509181976318359375e-01,3.349252641201019287e-01,7.946545630693435669e-02,1.119565486907958984e+00,-2.719654738903045654e-01,-1.115023717284202576e-01,-7.133184075355529785e-01,-5.760671496391296387e-01,-2.541399300098419189e-01,1.316377282142639160e+00,-7.810432910919189453e-01,-1.097042262554168701e-01,-1.563906818628311157e-01,3.140000104904174805e-01,3.440419211983680725e-02,9.597752988338470459e-02,1.252163410186767578e+00,-3.531441688537597656e-01,-7.515509128570556641e-01,1.705656498670578003e-01,-6.949811428785324097e-02,-4.660508334636688232e-01,-3.699691966176033020e-02,-1.324670910835266113e+00,3.634129464626312256e-01,-1.116874337196350098e+00,-2.931385636329650879e-01,-4.957419354468584061e-03,4.182753860950469971e-01
-4.754361510276794434e-02,6.635469198226928711e-01,5.548456907272338867e-01,-3.218363225460052490e-02,-4.611695650964975357e-03,7.120290994644165039e-01,7.013968229293823242e-01,-9.098315834999084473e-01,3.235638737678527832e-01,8.049517124891281128e-02,1.076900005340576172e+00,-2.542457580566406250e-01,-1.098265722393989563e-01,-6.680036783218383789e-01,-5.717552900314331055e-01,-2.716049849987030029e-01,1.262092590332031250e+00,-7.356629967689514160e-01,-9.928677976131439209e-02,-1.692802906036376953e-01,3.140000104904174805e-01,3.067671507596969604e-02,7.317337393760681152e-02,1.261227488517761230e+00,-3.372054100036621094e-01,-6.579087972640991211e-01,1.300784349441528320e-01,-7.218339294195175171e-02,-4.632850885391235352e-01,-3.847259283065795898e-02,-1.326655864715576172e+00,3.396382927894592285e-01,-1.014874339103698730e+00,-2.718156576156616211e-01,-1.611079648137092590e-02,4.113172888755798340e-01
-4.869854822754859924e-02,6.690774559974670410e-01,5.668426752090454102e-01,-2.901435829699039459e-02,-5.835305433720350266e-03,7.140232920646667480e-01,6.994961500167846680e-01,-8.700793385505676270e-01,3.147274851799011230e-01,8.424913138151168823e-02,1.034791707992553711e+00,-2.351873517036437988e-01,-1.072648093104362488e-01,-6.254671216011047363e-01,-5.697742700576782227e-01,-2.897660732269287109e-01,1.198878288269042969e+00,-6.458932161331176758e-01,-7.494196295738220215e-02,-1.778925359249114990e-01,3.140000104904174805e-01,2.722757868468761444e-02,4.621250182390213013e-02,1.277989983558654785e+00,-3.123106062412261963e-01,-5.781217217445373535e-01,9.485854953527450562e-02,-7.383716106414794922e-02,-4.644034504890441895e-01,-4.200816154479980469e-02,-1.332360029220581055e+00,3.083988726139068604e-01,-9.128743410110473633e-01,-2.543109655380249023e-01,-2.204592153429985046e-02,4.163599014282226562e-01
-4.963823407888412476e-02,6.742470860481262207e-01,5.796760320663452148e-01,-2.631326764822006226e-02,-5.150782875716686249e-03,7.148255705833435059e-01,6.987885832786560059e-01,-8.283042311668395996e-01,3.082944750785827637e-01,9.388916194438934326e-02,9.865801930427551270e-01,-2.078405320644378662e-01,-1.048025563359260559e-01,-5.851833224296569824e-01,-5.634741783142089844e-01,-3.033060133457183838e-01,1.117784023284912109e+00,-5.438932180404663086e-01,-3.096470236778259277e-02,-1.852506846189498901e-01,3.140000104904174805e-01,2.170146815478801727e-02,2.233482897281646729e-02,1.304493546485900879e+00,-2.885764837265014648e-01,-5.135439038276672363e-01,5.830542743206024170e-02,-7.563732564449310303e-02,-4.676229059696197510e-01,-5.129681527614593506e-02,-1.344264864921569824e+00,2.794144451618194580e-01,-8.108743429183959961e-01,-2.270099669694900513e-01,-2.776604518294334412e-02,4.226815402507781982e-01
-4.990888386964797974e-02,6.792764663696289062e-01,5.925405025482177734e-01,-2.250081300735473633e-02,-6.948671769350767136e-03,7.115221023559570312e-01,7.022689580917358398e-01,-7.789352536201477051e-01,3.107442855834960938e-01,1.100410372018814087e-01,9.404187202453613281e-01,-1.760767102241516113e-01,-1.002672240138053894e-01,-5.481537580490112305e-01,-5.398756861686706543e-01,-2.928524911403656006e-01,1.025882482528686523e+00,-4.418932199478149414e-01,4.231259599328041077e-02,-1.847043335437774658e-01,3.140000104904174805e-01,1.376239117234945297e-02,-1.911166589707136154e-03,1.336856007575988770e+00,-2.663666903972625732e-01,-4.576442241668701172e-01,3.093647770583629608e-02,-7.805467396974563599e-02,-4.760687649250030518e-01,-6.657378375530242920e-02,-1.365997076034545898e+00,2.586699724197387695e-01,-7.088743448257446289e-01,-1.876343935728073120e-01,-3.013294562697410583e-02,4.365039169788360596e-01
-4.900429025292396545e-02,6.838930845260620117e-01,6.065073013305664062e-01,-1.856800541281700134e-02,-1.161800231784582138e-02,7.067439556121826172e-01,7.071303129196166992e-01,-7.216894030570983887e-01,3.174210786819458008e-01,1.278543919324874878e-01,8.880804777145385742e-01,-1.358584910631179810e-01,-9.950412809848785400e-02,-5.147944688796997070e-01,-5.142562985420227051e-01,-2.731430530548095703e-01,9.463183283805847168e-01,-3.398932218551635742e-01,1.034198626875877380e-01,-1.776141971349716187e-01,3.140000104904174805e-01,5.923272576183080673e-03,-2.563733421266078949e-02,1.371289253234863281e+00,-2.491491287946701050e-01,-4.141544997692108154e-01,1.410953421145677567e-02,-8.135469257831573486e-02,-4.945152103900909424e-01,-8.887776732444763184e-02,-1.396315693855285645e+00,2.455045580863952637e-01,-6.081625223159790039e-01,-1.419217884540557861e-01,-3.190384060144424438e-02,4.570256471633911133e-01
-4.656806215643882751e-02,6.881880760192871094e-01,6.177062988281250000e-01,-1.513409242033958435e-02,-1.497821323573589325e-02,7.027309536933898926e-01,7.111369371414184570e-01,-6.689441204071044922e-01,3.203467428684234619e-01,1.383249759674072266e-01,8.370538949966430664e-01,-9.542415291070938110e-02,-1.024970859289169312e-01,-4.932439327239990234e-01,-5.055081844329833984e-01,-2.610946893692016602e-01,9.010209441184997559e-01,-2.378932237625122070e-01,1.246831119060516357e-01,-1.707443147897720337e-01,3.140000104904174805e-01,-2.309421310201287270e-03,-5.123269185423851013e-02,1.400777101516723633e+00,-2.249873280525207520e-01,-3.802456855773925781e-01,3.971500787883996964e-03,-8.266740292310714722e-02,-5.010743141174316406e-01,-1.182179301977157593e-01,-1.422642350196838379e+00,2.257905751466751099e-01,-5.309174060821533203e-01,-9.607263654470443726e-02,-3.178186342120170593e-02,4.706042706966400146e-01
-4.229149222373962402e-02,6.921934485435485840e-01,6.227859258651733398e-01,-7.784054614603519440e-03,-2.034043893218040466e-02,6.954683661460876465e-01,7.182266116142272949e-01,-6.172954440116882324e-01,3.282005786895751953e-01,1.504815965890884399e-01,8.054524064064025879e-01,-6.546960026025772095e-02,-1.068157106637954712e-01,-4.753818213939666748e-01,-5.051382780075073242e-01,-2.630524337291717529e-01,8.843730688095092773e-01,-1.358932256698608398e-01,1.245552003383636475e-01,-1.588824987411499023e-01,3.140000104904174805e-01,-1.448610890656709671e-02,-8.260472863912582397e-02,1.432152748107910156e+00,-1.954255402088165283e-01,-3.477614223957061768e-01,-1.844819518737494946e-03,-7.829853892326354980e-02,-5.035225749015808105e-01,-1.487356275320053101e-01,-1.451509475708007812e+00,2.058007419109344482e-01,-4.573785662651062012e-01,-5.198456719517707825e-02,-3.159794956445693970e-02,4.797671437263488770e-01
-3.611752390861511230e-02,6.955959796905517578e-01,6.217769384384155273e-01,2.902108011767268181e-03,-2.757435850799083710e-02,6.901648640632629395e-01,7.231208086013793945e-01,-5.733796954154968262e-01,3.365122675895690918e-01,1.564504504203796387e-01,7.964950203895568848e-01,-4.820423200726509094e-02,-1.101673096418380737e-01,-4.522530734539031982e-01,-5.063432455062866211e-01,-2.709180712699890137e-01,8.906139135360717773e-01,-6.343118101358413696e-02,1.185766831040382385e-01,-1.499209403991699219e-01,3.140000104904174805e-01,-3.245059028267860413e-02,-1.186936944723129272e-01,1.460861682891845703e+00,-1.642220467329025269e-01,-3.199482262134552002e-01,-3.474146593362092972e-03,-7.344771921634674072e-02,-4.905039966106414795e-01,-1.803323477506637573e-01,-1.474828004837036133e+00,1.821873337030410767e-01,-3.933575153350830078e-01,-2.170474454760551453e-02,-3.188233077526092529e-02,4.796220362186431885e-01
-2.887789346277713776e-02,6.982461214065551758e-01,6.167290210723876953e-01,1.538866385817527771e-02,-3.612018004059791565e-02,6.824669241905212402e-01,7.298612594604492188e-01,-5.339497923851013184e-01,3.480246067047119141e-01,1.589487791061401367e-01,8.079307079315185547e-01,-4.466377571225166321e-02,-1.099409908056259155e-01,-4.307450354099273682e-01,-5.080965161323547363e-01,-2.863352000713348389e-01,9.113147854804992676e-01,-6.692880392074584961e-02,1.114270761609077454e-01,-1.402112394571304321e-01,3.139995634555816650e-01,-5.086844414472579956e-02,-1.656993925571441650e-01,1.492840051651000977e+00,-1.227166354656219482e-01,-2.956730127334594727e-01,-4.286726005375385284e-03,-6.402253359556198120e-02,-4.635960161685943604e-01,-2.142417281866073608e-01,-1.501523375511169434e+00,1.521309763193130493e-01,-3.414896130561828613e-01,-2.143162069842219353e-03,-3.171165287494659424e-02,4.621460437774658203e-01
-2.168609574437141418e-02,6.994614005088806152e-01,6.067532300949096680e-01,3.153414279222488403e-02,-4.394964501261711121e-02,6.760672926902770996e-01,7.348517179489135742e-01,-5.000361204147338867e-01,3.565846085548400879e-01,1.626529246568679810e-01,8.309834003448486328e-01,-5.344527214765548706e-02,-1.094480603933334351e-01,-4.114191532135009766e-01,-5.115326046943664551e-01,-3.044523298740386963e-01,9.443672895431518555e-01,-1.017635166645050049e-01,9.324198216199874878e-02,-1.325304657220840454e-01,3.074425756931304932e-01,-6.585888564586639404e-02,-2.239189893007278442e-01,1.532380461692810059e+00,-7.681170105934143066e-02,-2.733556032180786133e-01,-1.643424667418003082e-02,-5.429404601454734802e-02,-4.324967265129089355e-01,-2.480302453041076660e-01,-1.531803369522094727e+00,1.200391799211502075e-01,-2.921444177627563477e-01,1.214889343827962875e-02,-2.950496226549148560e-02,4.481270313262939453e-01
-1.476360671222209930e-02,7.004979848861694336e-01,5.940988063812255859e-01,4.604784771800041199e-02,-5.008788034319877625e-02,6.680535674095153809e-01,7.409960627555847168e-01,-4.720542430877685547e-01,3.704887032508850098e-01,1.725560128688812256e-01,8.617240786552429199e-01,-8.479896187782287598e-02,-1.080183610320091248e-01,-3.982478380203247070e-01,-5.236690640449523926e-01,-3.270921111106872559e-01,9.927896857261657715e-01,-1.877013891935348511e-01,6.242527812719345093e-02,-1.273774057626724243e-01,2.809307873249053955e-01,-8.079523593187332153e-02,-2.897982895374298096e-01,1.578960776329040527e+00,-3.270141407847404480e-02,-2.532428503036499023e-01,-5.265832692384719849e-02,-4.973928630352020264e-02,-3.800893127918243408e-01,-2.974236905574798584e-01,-1.568487763404846191e+00,7.431632280349731445e-02,-2.383621931076049805e-01,3.553441166877746582e-02,-3.375665843486785889e-02,4.202858209609985352e-01
-8.752463385462760925e-03,7.007040381431579590e-01,5.803939104080200195e-01,5.646634474396705627e-02,-5.251570418477058411e-02,6.618050336837768555e-01,7.456994652748107910e-01,-4.605321586132049561e-01,3.890337646007537842e-01,1.855614930391311646e-01,9.034953713417053223e-01,-1.302180290222167969e-01,-1.029627248644828796e-01,-3.981595337390899658e-01,-5.433576107025146484e-01,-3.423804044723510742e-01,1.051646232604980469e+00,-2.897013723850250244e-01,3.328330814838409424e-02,-1.221605241298675537e-01,2.528240382671356201e-01,-8.943805843591690063e-02,-3.567169010639190674e-01,1.616972208023071289e+00,1.379107870161533356e-02,-2.325543761253356934e-01,-9.675626456737518311e-02,-5.488140881061553955e-02,-3.065550625324249268e-01,-3.556706309318542480e-01,-1.608386874198913574e+00,1.475781574845314026e-02,-1.828078031539916992e-01,6.208134070038795471e-02,-4.256946966052055359e-02,3.704085052013397217e-01
-4.158225841820240021e-03,6.997950077056884766e-01,5.695815086364746094e-01,6.275235861539840698e-02,-5.537272244691848755e-02,6.570929288864135742e-01,7.491494417190551758e-01,-4.605714380741119385e-01,4.005919694900512695e-01,1.762046217918395996e-01,9.476010203361511230e-01,-1.768379062414169312e-01,-9.175685048103332520e-02,-4.126534759998321533e-01,-5.569150447845458984e-01,-3.343788683414459229e-01,1.108780980110168457e+00,-3.541055321693420410e-01,2.062562666833400726e-02,-1.141774281859397888e-01,2.444501668214797974e-01,-9.747662395238876343e-02,-4.034040570259094238e-01,1.627239704132080078e+00,5.381074175238609314e-02,-2.182473540306091309e-01,-1.148069202899932861e-01,-6.136289238929748535e-02,-2.526009678840637207e-01,-3.938236236572265625e-01,-1.629218935966491699e+00,-2.535385638475418091e-02,-1.441894620656967163e-01,8.077828586101531982e-02,-5.004595220088958740e-02,3.288696706295013428e-01
-1.728744944557547569e-03,6.981852650642395020e-01,5.570102930068969727e-01,7.017876952886581421e-02,-5.939356237649917603e-02,6.543014645576477051e-01,7.506243586540222168e-01,-4.684833586215972900e-01,4.103407859802246094e-01,1.651459634304046631e-01,1.001486659049987793e+00,-2.314703464508056641e-01,-8.100781589746475220e-02,-4.336972832679748535e-01,-5.714548230171203613e-01,-3.172793090343475342e-01,1.170585393905639648e+00,-4.071748256683349609e-01,2.523258328437805176e-03,-1.111777871847152710e-01,2.478395998477935791e-01,-1.036101207137107849e-01,-4.428248703479766846e-01,1.623415708541870117e+00,9.362857043743133545e-02,-2.112351357936859131e-01,-1.229090541601181030e-01,-7.364118844270706177e-02,-2.033487111330032349e-01,-4.178352952003479004e-01,-1.635894060134887695e+00,-5.088112875819206238e-02,-1.181932017207145691e-01,9.863974899053573608e-02,-6.461364775896072388e-02,2.897772192955017090e-01
-1.571542816236615181e-03,6.959764957427978516e-01,5.438119173049926758e-01,7.616554945707321167e-02,-6.372337788343429565e-02,6.524427533149719238e-01,7.513032555580139160e-01,-4.823548197746276855e-01,4.189043343067169189e-01,1.532510221004486084e-01,1.055812120437622070e+00,-2.915679514408111572e-01,-6.923809647560119629e-02,-4.569281935691833496e-01,-5.835176110267639160e-01,-2.931624948978424072e-01,1.224812507629394531e+00,-4.516616761684417725e-01,-1.246213726699352264e-02,-1.086078286170959473e-01,2.567893862724304199e-01,-1.073660627007484436e-01,-4.729315042495727539e-01,1.611659526824951172e+00,1.264500468969345093e-01,-2.065100222826004028e-01,-1.318995952606201172e-01,-8.629631996154785156e-02,-1.674028933048248291e-01,-4.337663352489471436e-01,-1.630043745040893555e+00,-7.093227654695510864e-02,-9.704181551933288574e-02,1.110785156488418579e-01,-7.646686583757400513e-02,2.631101608276367188e-01
-3.783228574320673943e-03,6.937214136123657227e-01,5.335617065429687500e-01,8.018426597118377686e-02,-6.783369928598403931e-02,6.504874825477600098e-01,7.522201538085937500e-01,-4.981021881103515625e-01,4.232487380504608154e-01,1.396736055612564087e-01,1.104558587074279785e+00,-3.402166664600372314e-01,-5.820864066481590271e-02,-4.781064689159393311e-01,-5.896594524383544922e-01,-2.661804854869842529e-01,1.264090061187744141e+00,-4.852048754692077637e-01,-2.115016989409923553e-02,-1.033697202801704407e-01,2.685815989971160889e-01,-1.049067676067352295e-01,-4.969045221805572510e-01,1.602262020111083984e+00,1.577766984701156616e-01,-2.039872854948043823e-01,-1.354457587003707886e-01,-9.473199397325515747e-02,-1.341155618429183960e-01,-4.431447386741638184e-01,-1.621805429458618164e+00,-8.803089708089828491e-02,-8.177087455987930298e-02,1.176648139953613281e-01,-8.628446608781814575e-02,2.399725764989852905e-01
-7.612092886120080948e-03,6.913399100303649902e-01,5.252979993820190430e-01,8.218070119619369507e-02,-7.095445692539215088e-02,6.485440135002136230e-01,7.533939480781555176e-01,-5.145170688629150391e-01,4.240557849407196045e-01,1.244656518101692200e-01,1.145778298377990723e+00,-3.830559849739074707e-01,-4.903804883360862732e-02,-4.982354938983917236e-01,-5.898962020874023438e-01,-2.380134761333465576e-01,1.291075229644775391e+00,-5.086832642555236816e-01,-2.605313435196876526e-02,-1.020386219024658203e-01,2.802782952785491943e-01,-1.021421253681182861e-01,-5.153306126594543457e-01,1.594432830810546875e+00,1.820721477270126343e-01,-2.068037986755371094e-01,-1.386941075325012207e-01,-1.030445843935012817e-01,-1.076304540038108826e-01,-4.455118775367736816e-01,-1.613055944442749023e+00,-9.863159060478210449e-02,-6.899718195199966431e-02,1.222348436713218689e-01,-9.324511885643005371e-02,2.227393090724945068e-01
-1.279259938746690750e-02,6.890165209770202637e-01,5.185790061950683594e-01,8.248669654130935669e-02,-7.321134209632873535e-02,6.486635804176330566e-01,7.530415654182434082e-01,-5.337585806846618652e-01,4.204955101013183594e-01,1.080887615680694580e-01,1.182535052299499512e+00,-4.218543171882629395e-01,-3.935076296329498291e-02,-5.145434737205505371e-01,-5.865600705146789551e-01,-2.111865282058715820e-01,1.308958530426025391e+00,-5.230995416641235352e-01,-2.878238633275032043e-02,-1.021085828542709351e-01,2.940475642681121826e-01,-9.833071380853652954e-02,-5.318207144737243652e-01,1.589723587036132812e+00,2.017122060060501099e-01,-2.139139175415039062e-01,-1.408759206533432007e-01,-1.092834323644638062e-01,-8.550686389207839966e-02,-4.396780431270599365e-01,-1.601596951484680176e+00,-1.005982980132102966e-01,-5.774874985218048096e-02,1.226185858249664307e-01,-9.767925739288330078e-02,2.129886299371719360e-01
-1.908268220722675323e-02,6.868501901626586914e-01,5.135310888290405273e-01,8.140453696250915527e-02,-7.476571947336196899e-02,6.489902734756469727e-01,7.527250647544860840e-01,-5.529317855834960938e-01,4.161256253719329834e-01,9.252268821001052856e-02,1.213164448738098145e+00,-4.515924155712127686e-01,-3.408468514680862427e-02,-5.282117724418640137e-01,-5.840942263603210449e-01,-1.911549121141433716e-01,1.319161415100097656e+00,-5.262218713760375977e-01,-2.912933565676212311e-02,-1.056342646479606628e-01,3.061813116073608398e-01,-9.546582400798797607e-02,-5.476264953613281250e-01,1.586897492408752441e+00,2.189043313264846802e-01,-2.281937450170516968e-01,-1.403148323297500610e-01,-1.170288622379302979e-01,-6.951028853654861450e-02,-4.257783293724060059e-01,-1.590362668037414551e+00,-9.532010555267333984e-02,-4.413625597953796387e-02,1.207772493362426758e-01,-9.946519881486892700e-02,2.095259577035903931e-01
-2.626073546707630157e-02,6.850265860557556152e-01,5.082796812057495117e-01,7.522027939558029175e-02,-7.270728051662445068e-02,6.515876650810241699e-01,7.513248920440673828e-01,-5.840960741043090820e-01,4.105484485626220703e-01,7.343845814466476440e-02,1.243740677833557129e+00,-4.815175831317901611e-01,-2.959821000695228577e-02,-5.458251237869262695e-01,-5.812452435493469238e-01,-1.760900765657424927e-01,1.323498368263244629e+00,-5.227211117744445801e-01,-2.644519694149494171e-02,-1.113569289445877075e-01,3.126759231090545654e-01,-9.074497222900390625e-02,-5.625132918357849121e-01,1.589314222335815430e+00,2.337414622306823730e-01,-2.512869536876678467e-01,-1.410831212997436523e-01,-1.260626167058944702e-01,-5.083936080336570740e-02,-3.932968378067016602e-01,-1.573653101921081543e+00,-7.711119204759597778e-02,-2.624390646815299988e-02,1.121887043118476868e-01,-9.940827637910842896e-02,2.111607939004898071e-01
-3.388431668281555176e-02,6.830018162727355957e-01,5.037499666213989258e-01,6.759801506996154785e-02,-6.970492750406265259e-02,6.537898182868957520e-01,7.504202723503112793e-01,-6.168680191040039062e-01,4.048013985157012939e-01,5.583087354898452759e-02,1.270975947380065918e+00,-5.082650780677795410e-01,-2.377422712743282318e-02,-5.655536055564880371e-01,-5.790088176727294922e-01,-1.646715998649597168e-01,1.323529243469238281e+00,-5.131215453147888184e-01,-2.145461179316043854e-02,-1.220410913228988647e-01,3.137754499912261963e-01,-8.819314092397689819e-02,-5.787639021873474121e-01,1.596196889877319336e+00,2.475571781396865845e-01,-2.863774299621582031e-01,-1.357732862234115601e-01,-1.364561319351196289e-01,-3.795330226421356201e-02,-3.492676317691802979e-01,-1.556077599525451660e+00,-5.496718361973762512e-02,-4.768589045852422714e-03,9.643467515707015991e-02,-9.625348448753356934e-02,2.220236361026763916e-01
-4.184398800134658813e-02,6.805992126464843750e-01,4.985132515430450439e-01,5.860077962279319763e-02,-6.663642078638076782e-02,6.563034653663635254e-01,7.492604851722717285e-01,-6.541891694068908691e-01,4.005150496959686279e-01,3.883190825581550598e-02,1.299996495246887207e+00,-5.300175547599792480e-01,-1.360002625733613968e-02,-5.884102582931518555e-01,-5.792050957679748535e-01,-1.554924994707107544e-01,1.323323965072631836e+00,-4.932280182838439941e-01,-1.732658594846725464e-02,-1.357981562614440918e-01,3.139663040637969971e-01,-8.639938384294509888e-02,-5.944789052009582520e-01,1.601623177528381348e+00,2.583883404731750488e-01,-3.309125304222106934e-01,-1.271928399801254272e-01,-1.487480700016021729e-01,-3.109200112521648407e-02,-2.959003150463104248e-01,-1.533052086830139160e+00,-3.278087824583053589e-02,-8.990762871690094471e-04,7.147227227687835693e-02,-8.891645073890686035e-02,2.426059842109680176e-01
-4.975154250860214233e-02,6.776334047317504883e-01,4.913167655467987061e-01,4.769423604011535645e-02,-6.130623444914817810e-02,6.597369909286499023e-01,7.474716901779174805e-01,-7.012325525283813477e-01,3.933785557746887207e-01,1.684627495706081390e-02,1.332407593727111816e+00,-5.496659874916076660e-01,-1.865812344476580620e-03,-6.249227523803710938e-01,-5.808939933776855469e-01,-1.424078196287155151e-01,1.331459522247314453e+00,-4.666412174701690674e-01,-1.120440196245908737e-02,-1.567303836345672607e-01,3.139949440956115723e-01,-8.403992652893066406e-02,-6.141170859336853027e-01,1.610156059265136719e+00,2.731488943099975586e-01,-3.902064263820648193e-01,-1.171631813049316406e-01,-1.612544655799865723e-01,-2.105574496090412140e-02,-2.366913110017776489e-01,-1.509172677993774414e+00,-1.519743632525205612e-02,-1.348662190139293671e-04,4.244549199938774109e-02,-7.029870897531509399e-02,2.636416256427764893e-01
-5.743725970387458801e-02,6.735522150993347168e-01,4.856835901737213135e-01,3.242366760969161987e-02,-5.741757899522781372e-02,6.637502312660217285e-01,7.450420260429382324e-01,-7.571570873260498047e-01,3.903467953205108643e-01,-8.969110436737537384e-03,1.368186593055725098e+00,-5.597545504570007324e-01,9.560653939843177795e-03,-6.789833307266235352e-01,-5.849614739418029785e-01,-1.277436465024948120e-01,1.349764585494995117e+00,-4.376653134822845459e-01,-1.879917457699775696e-03,-1.857282966375350952e-01,3.139992356300354004e-01,-8.108565211296081543e-02,-6.302332878112792969e-01,1.628585457801818848e+00,2.861767113208770752e-01,-4.557736217975616455e-01,-1.138918623328208923e-01,-1.718592792749404907e-01,-8.919350802898406982e-03,-1.825757920742034912e-01,-1.497819781303405762e+00,-6.213814951479434967e-03,-2.023064917011652142e-05,1.779567264020442963e-02,-3.953453525900840759e-02,2.748991250991821289e-01
-6.477727741003036499e-02,6.682884693145751953e-01,4.755848944187164307e-01,1.160201989114284515e-02,-4.990418255329132080e-02,6.697803139686584473e-01,7.407896518707275391e-01,-8.362402915954589844e-01,3.906926512718200684e-01,-3.683251142501831055e-02,1.413644075393676758e+00,-5.682406425476074219e-01,1.792651414871215820e-02,-7.649400234222412109e-01,-5.963774323463439941e-01,-1.062695533037185669e-01,1.383496999740600586e+00,-4.308335483074188232e-01,1.033109263516962528e-03,-2.246356457471847534e-01,3.139998912811279297e-01,-7.284987717866897583e-02,-6.392651796340942383e-01,1.657348871231079102e+00,3.124973177909851074e-01,-5.387690663337707520e-01,-1.064572110772132874e-01,-1.814841777086257935e-01,2.465385757386684418e-02,-1.365393102169036865e-01,-1.506003975868225098e+00,-7.788899820297956467e-03,-3.034704832316492684e-06,3.605945734307169914e-03,-1.864380761981010437e-02,2.561531662940979004e-01
-7.080756872892379761e-02,6.617899537086486816e-01,4.580144584178924561e-01,-1.025603432208299637e-02,-3.764872252941131592e-02,6.782248616218566895e-01,7.338176965713500977e-01,-9.382402896881103516e-01,3.829855620861053467e-01,-7.101877778768539429e-02,1.469473600387573242e+00,-5.811595320701599121e-01,2.933131344616413116e-02,-8.669400215148925781e-01,-6.058545112609863281e-01,-7.004696875810623169e-02,1.421519756317138672e+00,-4.241044819355010986e-01,2.483634511008858681e-03,-2.730037271976470947e-01,3.139999806880950928e-01,-6.026086583733558655e-02,-6.346446275711059570e-01,1.677625536918640137e+00,3.478787541389465332e-01,-6.407690644264221191e-01,-7.958155125379562378e-02,-2.014464586973190308e-01,7.253009080886840820e-02,-9.279946237802505493e-02,-1.519397258758544922e+00,-1.672775484621524811e-02,-4.552218513254047139e-07,-4.011509940028190613e-03,-2.354731783270835876e-03,2.187535315752029419e-01
-7.539664208889007568e-02,6.538817882537841797e-01,4.334745109081268311e-01,-3.428637981414794922e-02,-2.332087419927120209e-02,6.879597306251525879e-01,7.245633006095886230e-01,-1.040240287780761719e+00,3.679836988449096680e-01,-1.110056340694427490e-01,1.540193438529968262e+00,-5.907359719276428223e-01,4.224524646997451782e-02,-9.689400196075439453e-01,-6.087259054183959961e-01,-1.683032326400279999e-02,1.467413544654846191e+00,-4.112557172775268555e-01,1.771963201463222504e-02,-3.237710297107696533e-01,3.140000104904174805e-01,-4.187163710594177246e-02,-6.192792654037475586e-01,1.702112913131713867e+00,3.918825984001159668e-01,-7.427690625190734863e-01,-4.263477772474288940e-02,-2.206287831068038940e-01,1.382628828287124634e-01,-5.330814048647880554e-02,-1.534487009048461914e+00,-3.521139547228813171e-02,-6.828339849107578630e-08,-5.607602186501026154e-03,1.741009391844272614e-02,1.700766533613204956e-01
-7.782410085201263428e-02,6.454306244850158691e-01,4.006635844707489014e-01,-5.142534896731376648e-02,-1.091528683900833130e-02,6.980143189430236816e-01,7.141515016555786133e-01,-1.142240285873413086e+00,3.452666997909545898e-01,-1.486178636550903320e-01,1.616771697998046875e+00,-6.044371128082275391e-01,5.340112373232841492e-02,-1.070940017700195312e+00,-5.943331122398376465e-01,5.360979586839675903e-02,1.526777267456054688e+00,-4.102044999599456787e-01,2.743790857493877411e-02,-3.818583488464355469e-01,3.140000104904174805e-01,-2.726645208895206451e-02,-6.017501354217529297e-01,1.714376091957092285e+00,4.409483373165130615e-01,-8.447690606117248535e-01,2.029781695455312729e-03,-2.363606989383697510e-01,1.927160322666168213e-01,-2.191975526511669159e-02,-1.548629760742187500e+00,-6.711021065711975098e-02,-1.024252771486544589e-08,-5.925550125539302826e-03,4.534221440553665161e-02,1.238540560007095337e-01
-7.789888232946395874e-02,6.370186805725097656e-01,3.680530488491058350e-01,-6.763376295566558838e-02,4.878567531704902649e-03,7.066698670387268066e-01,7.042865753173828125e-01,-1.244240283966064453e+00,3.235360085964202881e-01,-1.753629446029663086e-01,1.686551928520202637e+00,-6.289247274398803711e-01,5.695322901010513306e-02,-1.172940015792846680e+00,-5.750164389610290527e-01,1.305630803108215332e-01,1.593658924102783203e+00,-4.244371354579925537e-01,3.924815356731414795e-02,-4.388329386711120605e-01,3.140000104904174805e-01,-1.616919972002506256e-02,-5.932818651199340820e-01,1.710199832916259766e+00,4.998256266117095947e-01,-9.467690587043762207e-01,4.704599082469940186e-02,-2.483555823564529419e-01,2.477794885635375977e-01,7.897576317191123962e-03,-1.563084125518798828e+00,-1.115582287311553955e-01,-1.536379357069961316e-09,-1.039851829409599304e-02,6.197649613022804260e-02,8.016468584537506104e-02
-7.577495276927947998e-02,6.292495727539062500e-01,3.286127150058746338e-01,-7.823160290718078613e-02,2.416716516017913818e-02,7.139199376106262207e-01,6.954236626625061035e-01,-1.346240282058715820e+00,2.981377840042114258e-01,-1.953012347221374512e-01,1.758756041526794434e+00,-6.574079394340515137e-01,5.951362848281860352e-02,-1.274940013885498047e+00,-5.429632663726806641e-01,2.237750291824340820e-01,1.675945997238159180e+00,-4.471300542354583740e-01,4.837247729301452637e-02,-4.954303503036499023e-01,3.140000104904174805e-01,-1.515347138047218323e-02,-5.832877159118652344e-01,1.687937021255493164e+00,5.575386881828308105e-01,-1.048769116401672363e+00,8.778975903987884521e-02,-2.551931440830230713e-01,3.104019761085510254e-01,4.421656951308250427e-02,-1.564426660537719727e+00,-1.613886654376983643e-01,-2.304569035604941973e-10,-1.195659674704074860e-02,6.760648638010025024e-02,3.174534067511558533e-02
-7.196154445409774780e-02,6.226444840431213379e-01,2.947475016117095947e-01,-8.300015330314636230e-02,3.886784613132476807e-02,7.185180187225341797e-01,6.894433498382568359e-01,-1.448240280151367188e+00,2.873728275299072266e-01,-2.033091038465499878e-01,1.817055106163024902e+00,-6.679334044456481934e-01,5.823776870965957642e-02,-1.376940011978149414e+00,-5.151370167732238770e-01,3.051966428756713867e-01,1.754899144172668457e+00,-4.653014242649078369e-01,6.251162290573120117e-02,-5.436671972274780273e-01,3.140000104904174805e-01,-2.497017383575439453e-02,-5.662034749984741211e-01,1.638007283210754395e+00,6.014820933341979980e-01,-1.150769114494323730e+00,1.278944909572601318e-01,-2.563670575618743896e-01,3.580921888351440430e-01,7.986991107463836670e-02,-1.551093220710754395e+00,-2.222346216440200806e-01,-3.456853900352108155e-11,-1.480275578796863556e-02,6.663544476032257080e-02,-1.367733348160982132e-02
-6.712906062602996826e-02,6.175752282142639160e-01,2.692159116268157959e-01,-8.317767083644866943e-02,5.064302682876586914e-02,7.218092083930969238e-01,6.852067112922668457e-01,-1.550240278244018555e+00,2.801691293716430664e-01,-2.063021063804626465e-01,1.858858346939086914e+00,-6.774612069129943848e-01,5.569942668080329895e-02,-1.478940010070800781e+00,-4.907028973102569580e-01,3.696755766868591309e-01,1.823713302612304688e+00,-4.717673659324645996e-01,7.167714834213256836e-02,-5.882059335708618164e-01,3.140000104904174805e-01,-4.010023176670074463e-02,-5.540589094161987305e-01,1.593156814575195312e+00,6.317569017410278320e-01,-1.252769112586975098e+00,1.617660969495773315e-01,-2.605622410774230957e-01,3.840365409851074219e-01,1.122132837772369385e-01,-1.541725039482116699e+00,-2.770448327064514160e-01,-5.185294901788317645e-12,-2.329393848776817322e-02,6.271050125360488892e-02,-6.010358035564422607e-02
-6.118480116128921509e-02,6.135169267654418945e-01,2.426559627056121826e-01,-7.978212833404541016e-02,6.259046494960784912e-02,7.248417735099792480e-01,6.814115047454833984e-01,-1.652240276336669922e+00,2.794073522090911865e-01,-2.037923783063888550e-01,1.897330999374389648e+00,-6.752328872680664062e-01,5.138302966952323914e-02,-1.580940008163452148e+00,-4.664834439754486084e-01,4.348236322402954102e-01,1.891288399696350098e+00,-4.796235859394073486e-01,8.129709959030151367e-02,-6.309520006179809570e-01,3.140000104904174805e-01,-5.359980091452598572e-02,-5.406686067581176758e-01,1.540479898452758789e+00,6.583614945411682129e-01,-1.354769110679626465e+00,1.970856636762619019e-01,-2.638649642467498779e-01,4.062744379043579102e-01,1.418202817440032959e-01,-1.522921323776245117e+00,-3.373890519142150879e-01,-6.040110685917587929e-12,-3.654139861464500427e-02,5.768884718418121338e-02,-9.884316474199295044e-02
-5.436151102185249329e-02,6.105021834373474121e-01,2.180691063404083252e-01,-7.628417760133743286e-02,6.969131529331207275e-02,7.279224395751953125e-01,6.778295040130615234e-01,-1.715493917465209961e+00,2.797054648399353027e-01,-2.080707103013992310e-01,1.933968544006347656e+00,-6.734883189201354980e-01,4.661132022738456726e-02,-1.682940006256103516e+00,-4.463852643966674805e-01,4.871001243591308594e-01,1.958024263381958008e+00,-4.664805233478546143e-01,9.151447564363479614e-02,-6.759445071220397949e-01,3.140000104904174805e-01,-7.468309998512268066e-02,-5.366104841232299805e-01,1.470558524131774902e+00,6.726193428039550781e-01,-1.456769108772277832e+00,2.201852500438690186e-01,-2.547219395637512207e-01,4.367684125900268555e-01,1.711467653512954712e-01,-1.497121572494506836e+00,-4.123017191886901855e-01,-1.014507026411592960e-03,-5.811321362853050232e-02,4.234028607606887817e-02,-1.548457145690917969e-01
-4.719279333949089050e-02,6.086002588272094727e-01,2.027312219142913818e-01,-7.363072037696838379e-02,8.153238147497177124e-02,7.280085086822509766e-01,6.767086386680603027e-01,-1.752940297126770020e+00,2.871989905834197998e-01,-2.033865898847579956e-01,1.954710483551025391e+00,-6.680514216423034668e-01,4.814900085330009460e-02,-1.779988169670104980e+00,-4.262596666812896729e-01,5.304719805717468262e-01,2.009820699691772461e+00,-4.669187664985656738e-01,9.720158576965332031e-02,-7.075352072715759277e-01,3.140000104904174805e-01,-8.306408673524856567e-02,-5.361371040344238281e-01,1.395777106285095215e+00,6.689259409904479980e-01,-1.558769106864929199e+00,2.442370802164077759e-01,-2.463376075029373169e-01,4.562754929065704346e-01,1.899832785129547119e-01,-1.464382648468017578e+00,-4.825834035873413086e-01,-1.081950962543487549e-02,-8.919493854045867920e-02,2.522442676126956940e-02,-2.059788405895233154e-01
-3.995787724852561951e-02,6.072463393211364746e-01,1.898230016231536865e-01,-6.690698117017745972e-02,9.530735015869140625e-02,7.272862792015075684e-01,6.763834953308105469e-01,-1.772869348526000977e+00,2.948276400566101074e-01,-1.914080530405044556e-01,1.965806365013122559e+00,-6.577454209327697754e-01,4.464264959096908569e-02,-1.847323536872863770e+00,-4.061309993267059326e-01,5.751367211341857910e-01,2.056157588958740234e+00,-4.721120595932006836e-01,9.237445890903472900e-02,-7.204771041870117188e-01,3.140000104904174805e-01,-7.802689820528030396e-02,-5.484061241149902344e-01,1.311356067657470703e+00,6.611230969429016113e-01,-1.651028394699096680e+00,2.554466128349304199e-01,-2.353629022836685181e-01,4.648169279098510742e-01,2.002746164798736572e-01,-1.427411913871765137e+00,-5.480084419250488281e-01,-4.767837747931480408e-02,-1.245003491640090942e-01,1.059166993945837021e-02,-2.352900952100753784e-01
-3.259243443608283997e-02,6.065695881843566895e-01,1.829433739185333252e-01,-6.379057466983795166e-02,1.096809431910514832e-01,7.249895334243774414e-01,6.769719719886779785e-01,-1.785179495811462402e+00,3.036350607872009277e-01,-1.802604496479034424e-01,1.968650937080383301e+00,-6.449791193008422852e-01,4.083221033215522766e-02,-1.902477741241455078e+00,-3.871934115886688232e-01,6.062011122703552246e-01,2.087035655975341797e+00,-4.864162802696228027e-01,8.861977607011795044e-02,-7.165248990058898926e-01,3.140000104904174805e-01,-6.672273576259613037e-02,-5.473648309707641602e-01,1.236634731292724609e+00,6.451191306114196777e-01,-1.687505364418029785e+00,2.565059661865234375e-01,-2.213620543479919434e-01,4.733056426048278809e-01,1.974771916866302490e-01,-1.386444330215454102e+00,-6.104467511177062988e-01,-7.099139690399169922e-02,-1.567574292421340942e-01,3.837221534922719002e-03,-2.640464901924133301e-01
-2.483104914426803589e-02,6.065768599510192871e-01,1.831762492656707764e-01,-6.205623969435691833e-02,1.274729967117309570e-01,7.216264009475708008e-01,6.776098012924194336e-01,-1.786600112915039062e+00,3.151900172233581543e-01,-1.616820991039276123e-01,1.957237839698791504e+00,-6.342272162437438965e-01,4.098719358444213867e-02,-1.951753020286560059e+00,-3.711561262607574463e-01,6.259446144104003906e-01,2.106069326400756836e+00,-5.110514163970947266e-01,7.737782597541809082e-02,-6.943137049674987793e-01,3.140000104904174805e-01,-4.044359922409057617e-02,-5.323411226272583008e-01,1.161356329917907715e+00,6.134889125823974609e-01,-1.695003032684326172e+00,2.552690804004669189e-01,-2.046665400266647339e-01,4.760473668575286865e-01,1.873183995485305786e-01,-1.328692555427551270e+00,-6.644675731658935547e-01,-1.086235940456390381e-01,-1.853906661272048950e-01,-3.504333319142460823e-03,-2.742606699466705322e-01
-1.680907793343067169e-02,6.068751811981201172e-01,1.870688498020172119e-01,-6.350825726985931396e-02,1.542637050151824951e-01,7.159387469291687012e-01,6.779388189315795898e-01,-1.786515831947326660e+00,3.202708065509796143e-01,-1.375561654567718506e-01,1.936443090438842773e+00,-6.232693791389465332e-01,3.946186974644660950e-02,-2.005520343780517578e+00,-3.487606346607208252e-01,6.440057754516601562e-01,2.115450143814086914e+00,-5.517669320106506348e-01,5.517629534006118774e-02,-6.488692760467529297e-01,3.140000104904174805e-01,-9.442366426810622215e-04,-4.998893737792968750e-01,1.085398077964782715e+00,5.498828291893005371e-01,-1.691317677497863770e+00,2.663058340549468994e-01,-1.965426057577133179e-01,4.614288508892059326e-01,1.731821149587631226e-01,-1.256300806999206543e+00,-7.050752639770507812e-01,-1.497742682695388794e-01,-2.122704684734344482e-01,-1.346751302480697632e-02,-2.745715081691741943e-01
-8.478199131786823273e-03,6.081285476684570312e-01,1.967608034610748291e-01,-6.811094284057617188e-02,1.819626390933990479e-01,7.105526924133300781e-01,6.762878894805908203e-01,-1.786065459251403809e+00,3.291841745376586914e-01,-1.061744913458824158e-01,1.905507564544677734e+00,-6.152238845825195312e-01,3.565366938710212708e-02,-2.046117782592773438e+00,-3.396192491054534912e-01,6.438803076744079590e-01,2.111558198928833008e+00,-5.939446091651916504e-01,2.955718152225017548e-02,-5.766705870628356934e-01,3.140000104904174805e-01,6.065127998590469360e-02,-4.660469591617584229e-01,1.035121440887451172e+00,4.648218750953674316e-01,-1.686491012573242188e+00,2.630282938480377197e-01,-1.929292678833007812e-01,4.311810135841369629e-01,1.374801248311996460e-01,-1.181913733482360840e+00,-7.259316444396972656e-01,-2.084403336048126221e-01,-2.292702645063400269e-01,-2.807191386818885803e-02,-2.663232386112213135e-01
1.951320591615512967e-04,6.103003025054931641e-01,2.154976427555084229e-01,-7.631292939186096191e-02,2.111558169126510620e-01,7.022964954376220703e-01,6.755510568618774414e-01,-1.779156684875488281e+00,3.372409641742706299e-01,-7.373081147670745850e-02,1.861015558242797852e+00,-6.085091233253479004e-01,3.601000085473060608e-02,-2.069622516632080078e+00,-3.460165560245513916e-01,6.163409352302551270e-01,2.082637071609497070e+00,-6.302927732467651367e-01,3.560134908184409142e-03,-4.746705591678619385e-01,3.140000104904174805e-01,1.416013687849044800e-01,-4.386999905109405518e-01,1.008939027786254883e+00,3.628218770027160645e-01,-1.659688949584960938e+00,2.424427419900894165e-01,-1.856052428483963013e-01,3.817331194877624512e-01,8.168064057826995850e-02,-1.106264233589172363e+00,-7.073016762733459473e-01,-2.917582988739013672e-01,-2.278139144182205200e-01,-5.256472527980804443e-02,-2.354973256587982178e-01
9.951561689376831055e-03,6.135959625244140625e-01,2.386602461338043213e-01,-8.614546060562133789e-02,2.280051857233047485e-01,6.920724511146545410e-01,6.794323325157165527e-01,-1.761443138122558594e+00,3.529262542724609375e-01,-5.734376236796379089e-02,1.812639951705932617e+00,-6.030454635620117188e-01,3.990709409117698669e-02,-2.060026884078979492e+00,-3.613848984241485596e-01,5.578437447547912598e-01,2.034051895141601562e+00,-6.591077446937561035e-01,-2.355471067130565643e-02,-3.726705610752105713e-01,3.140000104904174805e-01,2.118304669857025146e-01,-4.279673993587493896e-01,1.019594073295593262e+00,2.608218789100646973e-01,-1.608105301856994629e+00,2.009761035442352295e-01,-1.835573911666870117e-01,3.316351771354675293e-01,-4.029280506074428558e-03,-1.060685038566589355e+00,-6.554011702537536621e-01,-3.937582969665527344e-01,-2.068897634744644165e-01,-8.564584702253341675e-02,-2.078399956226348877e-01
2.013643085956573486e-02,6.186640262603759766e-01,2.776103913784027100e-01,-9.249263256788253784e-02,2.397235482931137085e-01,6.808810830116271973e-01,6.858415603637695312e-01,-1.706179738044738770e+00,3.771771192550659180e-01,-2.349319867789745331e-02,1.734525561332702637e+00,-5.919206738471984863e-01,3.587211668491363525e-02,-2.011626958847045898e+00,-3.825832605361938477e-01,4.803833067417144775e-01,1.952273368835449219e+00,-6.916968822479248047e-01,-4.691768437623977661e-02,-2.706705629825592041e-01,3.140000104904174805e-01,2.919172346591949463e-01,-3.974522054195404053e-01,1.103879451751708984e+00,1.588218808174133301e-01,-1.549400210380554199e+00,1.378759145736694336e-01,-1.748683452606201172e-01,2.465529888868331909e-01,-1.060292795300483704e-01,-1.061725854873657227e+00,-5.613877773284912109e-01,-4.957582950592041016e-01,-1.606616079807281494e-01,-1.236938312649726868e-01,-1.500340998172760010e-01
3.130315244197845459e-02,6.252927184104919434e-01,3.159215748310089111e-01,-8.451173454523086548e-02,2.343478798866271973e-01,6.735749244689941406e-01,6.958703994750976562e-01,-1.608108162879943848e+00,4.036867618560791016e-01,1.755765452980995178e-02,1.646771311759948730e+00,-5.720650553703308105e-01,2.816914767026901245e-02,-1.926697015762329102e+00,-4.116869270801544189e-01,3.992289900779724121e-01,1.870768070220947266e+00,-6.835635304450988770e-01,-4.960086196660995483e-02,-1.686705648899078369e-01,3.140000104904174805e-01,3.532483577728271484e-01,-3.505443334579467773e-01,1.181307911872863770e+00,5.682187899947166443e-02,-1.474776268005371094e+00,9.865710139274597168e-02,-1.693497598171234131e-01,1.445529907941818237e-01,-2.080292850732803345e-01,-1.062024116516113281e+00,-4.757587313652038574e-01,-5.977582931518554688e-01,-1.312356740236282349e-01,-1.611822992563247681e-01,-7.217714190483093262e-02
4.328006505966186523e-02,6.334208846092224121e-01,3.584280908107757568e-01,-6.714249402284622192e-02,2.194593101739883423e-01,6.698087453842163086e-01,7.061768174171447754e-01,-1.506108164787292480e+00,4.160867333412170410e-01,6.418779492378234863e-02,1.544771313667297363e+00,-5.419541001319885254e-01,5.730330478399991989e-03,-1.824697017669677734e+00,-4.389218688011169434e-01,3.221926987171173096e-01,1.779996752738952637e+00,-6.598630547523498535e-01,-4.859637096524238586e-02,-6.667055934667587280e-02,3.140000104904174805e-01,4.068149030208587646e-01,-2.619359195232391357e-01,1.256046772003173828e+00,-4.517811909317970276e-02,-1.389057159423828125e+00,9.083847701549530029e-02,-1.635309457778930664e-01,4.255299270153045654e-02,-3.100292682647705078e-01,-1.032710790634155273e+00,-4.138543009757995605e-01,-6.997582912445068359e-01,-1.392479836940765381e-01,-1.721510738134384155e-01,4.484837409108877182e-03
5.634431913495063782e-02,6.422559618949890137e-01,4.024317562580108643e-01,-4.601524397730827332e-02,2.023424804210662842e-01,6.681065559387207031e-01,7.145444154739379883e-01,-1.404108166694641113e+00,4.053868353366851807e-01,1.024807617068290710e-01,1.442771315574645996e+00,-5.014154911041259766e-01,-1.905311830341815948e-02,-1.722697019577026367e+00,-4.650226235389709473e-01,2.477234005928039551e-01,1.686381578445434570e+00,-6.306519508361816406e-01,-5.688686296343803406e-02,3.532943874597549438e-02,3.140000104904174805e-01,4.534279704093933105e-01,-1.599359214305877686e-01,1.308508515357971191e+00,-1.471781134605407715e-01,-1.302188158035278320e+00,8.988120406866073608e-02,-1.666793078184127808e-01,-5.944700911641120911e-02,-4.120292663574218750e-01,-1.025509595870971680e+00,-3.643730282783508301e-01,-8.017582893371582031e-01,-1.611722260713577271e-01,-1.850671917200088501e-01,4.576940461993217468e-02
7.223154604434967041e-02,6.515595316886901855e-01,4.457062780857086182e-01,-3.227432817220687866e-02,1.747771948575973511e-01,6.657067537307739258e-01,7.247384190559387207e-01,-1.302108168601989746e+00,3.867026567459106445e-01,1.281645745038986206e-01,1.340771317481994629e+00,-4.363974332809448242e-01,-5.214189365506172180e-02,-1.620697021484375000e+00,-4.675629436969757080e-01,1.559986472129821777e-01,1.584381580352783203e+00,-6.420528292655944824e-01,-6.267295032739639282e-02,1.373294442892074585e-01,3.140000104904174805e-01,4.827557206153869629e-01,-5.793592333793640137e-02,1.347803592681884766e+00,-2.491781264543533325e-01,-1.236039042472839355e+00,1.007795557379722595e-01,-1.786152720451354980e-01,-1.614470034837722778e-01,-4.881093502044677734e-01,-1.019240140914916992e+00,-2.779546082019805908e-01,-9.037582874298095703e-01,-2.310085296630859375e-01,-1.951550096273422241e-01,7.995147258043289185e-02
8.954906463623046875e-02,6.601055264472961426e-01,4.912756383419036865e-01,3.416313556954264641e-04,1.533347368240356445e-01,6.653626561164855957e-01,7.306030988693237305e-01,-1.200108170509338379e+00,3.254377841949462891e-01,1.330414116382598877e-01,1.238771319389343262e+00,-3.343974351882934570e-01,-1.190804094076156616e-01,-1.518697023391723633e+00,-4.734529256820678711e-01,1.043183058500289917e-01,1.482381582260131836e+00,-6.530237793922424316e-01,-9.582179784774780273e-02,2.393294423818588257e-01,3.140000104904174805e-01,4.872133731842041016e-01,4.406407475471496582e-02,1.371775507926940918e+00,-3.511781096458435059e-01,-1.204245924949645996e+00,1.031666398048400879e-01,-1.986244171857833862e-01,-2.634470164775848389e-01,-4.725356698036193848e-01,-1.036307930946350098e+00,-1.759546101093292236e-01,-1.005758285522460938e+00,-2.848615348339080811e-01,-2.116353362798690796e-01,1.362852901220321655e-01
1.081793084740638733e-01,6.657302975654602051e-01,5.251044034957885742e-01,2.763255126774311066e-02,1.379896849393844604e-01,6.763287782669067383e-01,7.230316400527954102e-01,-1.098108053207397461e+00,2.796533703804016113e-01,9.700781852006912231e-02,1.136771321296691895e+00,-2.323974370956420898e-01,-1.854069530963897705e-01,-1.416697025299072266e+00,-5.014461874961853027e-01,5.915134027600288391e-02,1.393250346183776855e+00,-6.550563573837280273e-01,-1.220804601907730103e-01,3.198027908802032471e-01,3.140000104904174805e-01,4.878820180892944336e-01,1.460640728473663330e-01,1.352560997009277344e+00,-4.476323127746582031e-01,-1.179109096527099609e+00,1.149860024452209473e-01,-2.031742632389068604e-01,-3.654470145702362061e-01,-4.424220025539398193e-01,-1.128668785095214844e+00,-7.395461201667785645e-02,-1.107758283615112305e+00,-2.811791300773620605e-01,-2.349296957254409790e-01,2.382852882146835327e-01
1.254706531763076782e-01,6.691499948501586914e-01,5.554286241531372070e-01,5.108154565095901489e-02,1.153183653950691223e-01,7.023688554763793945e-01,7.005500197410583496e-01,-9.961081147193908691e-01,2.591378092765808105e-01,5.380618572235107422e-02,1.034771323204040527e+00,-1.303974390029907227e-01,-2.422606348991394043e-01,-1.314697027206420898e+00,-5.568425655364990234e-01,-3.130282461643218994e-02,1.318444848060607910e+00,-6.297109127044677734e-01,-1.318238973617553711e-01,3.633375167846679688e-01,3.139999806880950928e-01,4.879823029041290283e-01,2.369582056999206543e-01,1.326448440551757812e+00,-4.231680035591125488e-01,-1.148823499679565430e+00,1.285897642374038696e-01,-1.938794255256652832e-01,-4.579462707042694092e-01,-3.511727750301361084e-01,-1.230668783187866211e+00,2.804538793861865997e-02,-1.209758281707763672e+00,-2.986957728862762451e-01,-2.318587303161621094e-01,3.402853012084960938e-01
1.435210406780242920e-01,6.692163944244384766e-01,5.854024887084960938e-01,7.640764117240905762e-02,8.849370479583740234e-02,7.359657883644104004e-01,6.668471693992614746e-01,-8.941081166267395020e-01,2.656061053276062012e-01,3.973319381475448608e-02,1.006308913230895996e+00,-2.839743345975875854e-02,-2.590391039848327637e-01,-1.212697029113769531e+00,-6.167173385620117188e-01,-1.333028227090835571e-01,1.235608816146850586e+00,-5.632545948028564453e-01,-1.078715696930885315e-01,3.705413639545440674e-01,3.139083087444305420e-01,4.879973530769348145e-01,2.531487941741943359e-01,1.313992381095886230e+00,-3.651423454284667969e-01,-1.082519769668579102e+00,1.175549998879432678e-01,-1.799672245979309082e-01,-4.822647869586944580e-01,-2.491727769374847412e-01,-1.332668781280517578e+00,1.300453841686248779e-01,-1.311758279800415039e+00,-2.695796191692352295e-01,-2.209226340055465698e-01,4.391690194606781006e-01
1.623670458793640137e-01,6.661438345909118652e-01,6.110440492630004883e-01,1.074430644512176514e-01,6.616146862506866455e-02,7.631340622901916504e-01,6.338020563125610352e-01,-8.450450897216796875e-01,2.892228364944458008e-01,3.908929228782653809e-02,1.108308911323547363e+00,7.360256463289260864e-02,-2.615558505058288574e-01,-1.110697031021118164e+00,-6.536889076232910156e-01,-2.353028208017349243e-01,1.161369562149047852e+00,-4.800231456756591797e-01,-9.811550378799438477e-02,3.886113166809082031e-01,3.136575520038604736e-01,4.757889509201049805e-01,2.207235246896743774e-01,1.317399024963378906e+00,-2.893697321414947510e-01,-9.904738664627075195e-01,5.756854638457298279e-02,-1.674114316701889038e-01,-4.218841493129730225e-01,-1.471727788448333740e-01,-1.434668779373168945e+00,2.320453822612762451e-01,-1.413758277893066406e+00,-1.675796210765838623e-01,-1.965066343545913696e-01,4.696507453918457031e-01
1.817013621330261230e-01,6.639614105224609375e-01,6.367175579071044922e-01,1.337123662233352661e-01,6.826036423444747925e-02,7.839856147766113281e-01,6.023521423339843750e-01,-9.470450878143310547e-01,3.153891265392303467e-01,3.145958110690116882e-02,1.210308909416198730e+00,1.279961019754409790e-01,-2.619333863258361816e-01,-1.008697032928466797e+00,-6.795935630798339844e-01,-3.373028337955474854e-01,1.108303785324096680e+00,-4.061471819877624512e-01,-8.513499051332473755e-02,4.017916321754455566e-01,3.139485418796539307e-01,4.158933460712432861e-01,1.731809675693511963e-01,1.352758049964904785e+00,-2.170935124158859253e-01,-8.884738683700561523e-01,6.770551670342683792e-03,-1.550392061471939087e-01,-3.198841512203216553e-01,-4.517278075218200684e-02,-1.536668777465820312e+00,3.340453803539276123e-01,-1.425975084304809570e+00,-6.557963043451309204e-02,-1.829963475465774536e-01,4.424367845058441162e-01
1.996609717607498169e-01,6.622998714447021484e-01,6.399956941604614258e-01,1.503473222255706787e-01,6.745690107345581055e-02,7.996759414672851562e-01,5.773764848709106445e-01,-1.049045085906982422e+00,3.139234781265258789e-01,-1.223740819841623306e-02,1.312308907508850098e+00,9.294812381267547607e-02,-2.564839720726013184e-01,-9.066969752311706543e-01,-6.855332851409912109e-01,-4.330610930919647217e-01,1.085989952087402344e+00,-3.787955343723297119e-01,-7.637934386730194092e-02,3.965002596378326416e-01,3.139922916889190674e-01,3.729345500469207764e-01,1.549309194087982178e-01,1.379902243614196777e+00,-1.719556450843811035e-01,-8.173722028732299805e-01,-7.986587472259998322e-03,-1.548140943050384521e-01,-2.448995113372802734e-01,5.682721734046936035e-02,-1.638668775558471680e+00,4.360453784465789795e-01,-1.338381290435791016e+00,3.434939309954643250e-02,-1.735157668590545654e-01,4.106824696063995361e-01
2.152869254350662231e-01,6.621567606925964355e-01,6.414532661437988281e-01,1.550721824169158936e-01,7.414583861827850342e-02,8.117055892944335938e-01,5.582016110420227051e-01,-1.151045083999633789e+00,3.124472796916961670e-01,-4.204564541578292847e-02,1.414308905601501465e+00,3.353290632367134094e-02,-2.349035888910293579e-01,-8.046969771385192871e-01,-6.838780045509338379e-01,-4.595018625259399414e-01,1.078551411628723145e+00,-3.709177076816558838e-01,-5.614305287599563599e-02,3.874751329421997070e-01,3.139988481998443604e-01,3.363366723060607910e-01,1.601852327585220337e-01,1.388212323188781738e+00,-1.437283456325531006e-01,-7.587072849273681641e-01,-1.585081568919122219e-03,-1.511836200952529907e-01,-2.127318531274795532e-01,1.588272154331207275e-01,-1.670973777770996094e+00,5.380454063415527344e-01,-1.277995467185974121e+00,7.368000596761703491e-02,-1.700618118047714233e-01,3.831817507743835449e-01
2.283029556274414062e-01,6.629272103309631348e-01,6.419311761856079102e-01,1.632672846317291260e-01,8.005569130182266235e-02,8.184044361114501953e-01,5.451138019561767578e-01,-1.253045082092285156e+00,3.110066056251525879e-01,-6.460470706224441528e-02,1.516308903694152832e+00,-9.023472666740417480e-03,-2.159325331449508667e-01,-7.026969790458679199e-01,-6.894398927688598633e-01,-4.642631709575653076e-01,1.085304260253906250e+00,-3.829632997512817383e-01,-5.536642670631408691e-02,3.805124461650848389e-01,3.139998316764831543e-01,3.044523596763610840e-01,1.740373075008392334e-01,1.389325618743896484e+00,-1.327090710401535034e-01,-7.065331339836120605e-01,5.569495726376771927e-03,-1.426978111267089844e-01,-2.036860436201095581e-01,1.880953311920166016e-01,-1.682796955108642578e+00,5.814198851585388184e-01,-1.241847991943359375e+00,9.114132821559906006e-02,-1.640294641256332397e-01,3.637049794197082520e-01
2.384444326162338257e-01,6.646111607551574707e-01,6.440718173980712891e-01,1.679112315177917480e-01,8.289299160242080688e-02,8.237068653106689453e-01,5.352023839950561523e-01,-1.355045080184936523e+00,3.068752288818359375e-01,-7.946896553039550781e-02,1.618308901786804199e+00,-3.050184249877929688e-02,-2.083338946104049683e-01,-6.006969809532165527e-01,-6.901926994323730469e-01,-4.749931693077087402e-01,1.086907148361206055e+00,-3.835963606834411621e-01,-5.803591012954711914e-02,3.704792857170104980e-01,3.139999806880950928e-01,2.858207821846008301e-01,1.911499947309494019e-01,1.381857037544250488e+00,-1.305341720581054688e-01,-6.508379578590393066e-01,7.274001371115446091e-03,-1.311092972755432129e-01,-1.974351555109024048e-01,1.897810995578765869e-01,-1.687319636344909668e+00,5.881653428077697754e-01,-1.208521962165832520e+00,9.932318329811096191e-02,-1.575214117765426636e-01,3.375896513462066650e-01
2.457542121410369873e-01,6.669808030128479004e-01,6.453819274902343750e-01,1.696186661720275879e-01,8.387465775012969971e-02,8.270849585533142090e-01,5.292683839797973633e-01,-1.457045078277587891e+00,3.000863194465637207e-01,-9.627224504947662354e-02,1.714667677879333496e+00,-4.726058989763259888e-02,-2.037417143583297729e-01,-4.986969828605651855e-01,-6.875709891319274902e-01,-4.872952997684478760e-01,1.083869576454162598e+00,-3.779404461383819580e-01,-6.314831227064132690e-02,3.603374063968658447e-01,3.139999806880950928e-01,2.725512385368347168e-01,2.100069075822830200e-01,1.363490819931030273e+00,-1.321532875299453735e-01,-5.930973887443542480e-01,1.722277700901031494e-02,-1.185200214385986328e-01,-2.011480182409286499e-01,1.787948608398437500e-01,-1.692569255828857422e+00,5.816615819931030273e-01,-1.174165129661560059e+00,1.021327599883079529e-01,-1.490951925516128540e-01,3.182749748229980469e-01
2.503491640090942383e-01,6.703065633773803711e-01,6.459572315216064453e-01,1.672705560922622681e-01,7.989137619733810425e-02,8.308722376823425293e-01,5.246801376342773438e-01,-1.513510942459106445e+00,2.941552698612213135e-01,-1.176435202360153198e-01,1.726340770721435547e+00,-6.124797835946083069e-02,-1.999164372682571411e-01,-3.966969847679138184e-01,-6.763882040977478027e-01,-5.094777345657348633e-01,1.073821783065795898e+00,-3.676070570945739746e-01,-5.731751769781112671e-02,3.546456098556518555e-01,3.140000104904174805e-01,2.789517939090728760e-01,2.236745804548263550e-01,1.348551988601684570e+00,-1.377272307872772217e-01,-5.253950357437133789e-01,1.489332132041454315e-02,-1.035307943820953369e-01,-2.061125040054321289e-01,1.610478013753890991e-01,-1.699263095855712891e+00,5.724292993545532227e-01,-1.143027663230895996e+00,1.100896224379539490e-01,-1.429471820592880249e-01,3.020083606243133545e-01
2.523698508739471436e-01,6.739590167999267578e-01,6.434932947158813477e-01,1.653475761413574219e-01,7.680249214172363281e-02,8.321596980094909668e-01,5.237096548080444336e-01,-1.521768569946289062e+00,2.840567827224731445e-01,-1.368827074766159058e-01,1.705880403518676758e+00,-6.433808058500289917e-02,-2.006428688764572144e-01,-3.315800726413726807e-01,-6.688743829727172852e-01,-5.307507514953613281e-01,1.067002177238464355e+00,-3.675312697887420654e-01,-5.806370452046394348e-02,3.539606034755706787e-01,3.140000104904174805e-01,2.929590344429016113e-01,2.358114272356033325e-01,1.330446958541870117e+00,-1.415408551692962646e-01,-4.480654895305633545e-01,8.466939441859722137e-03,-8.842729032039642334e-02,-2.066269069910049438e-01,1.373912543058395386e-01,-1.702455759048461914e+00,5.581532120704650879e-01,-1.091656088829040527e+00,1.153140962123870850e-01,-1.327932178974151611e-01,2.876967787742614746e-01
2.520657181739807129e-01,6.780089139938354492e-01,6.392829418182373047e-01,1.608718931674957275e-01,7.476641237735748291e-02,8.321064710617065430e-01,5.254797935485839844e-01,-1.500982880592346191e+00,2.732233703136444092e-01,-1.486028879880905151e-01,1.672878026962280273e+00,-5.874750018119812012e-02,-2.045082300901412964e-01,-3.236138820648193359e-01,-6.599382758140563965e-01,-5.348986387252807617e-01,1.064881443977355957e+00,-3.684277832508087158e-01,-5.795649811625480652e-02,3.596206903457641602e-01,3.140000104904174805e-01,3.101851344108581543e-01,2.473131269216537476e-01,1.308828115463256836e+00,-1.467123627662658691e-01,-3.683663308620452881e-01,-7.150733377784490585e-03,-7.657209038734436035e-02,-2.048652619123458862e-01,1.091260015964508057e-01,-1.701470971107482910e+00,5.391260981559753418e-01,-1.035113215446472168e+00,1.264934241771697998e-01,-1.265132427215576172e-01,2.736894488334655762e-01
2.500455081462860107e-01,6.821853518486022949e-01,6.334130764007568359e-01,1.568935960531234741e-01,7.699737697839736938e-02,8.298006653785705566e-01,5.299873948097229004e-01,-1.459083318710327148e+00,2.699902057647705078e-01,-1.547033637762069702e-01,1.621092319488525391e+00,-6.041243299841880798e-02,-2.063712626695632935e-01,-3.383728563785552979e-01,-6.575219631195068359e-01,-5.204483866691589355e-01,1.073643922805786133e+00,-3.758248388767242432e-01,-5.964047089219093323e-02,3.769259452819824219e-01,3.140000104904174805e-01,3.278870284557342529e-01,2.516847550868988037e-01,1.283421277999877930e+00,-1.465575248003005981e-01,-2.775646150112152100e-01,-3.194318711757659912e-02,-6.383225321769714355e-02,-2.006118744611740112e-01,6.952417641878128052e-02,-1.691638708114624023e+00,5.079468488693237305e-01,-9.573746323585510254e-01,1.445809453725814819e-01,-1.193625703454017639e-01,2.602738440036773682e-01
2.463895529508590698e-01,6.860361099243164062e-01,6.251362562179565430e-01,1.539485454559326172e-01,8.113382011651992798e-02,8.227484226226806641e-01,5.411120057106018066e-01,-1.391239881515502930e+00,2.808623909950256348e-01,-1.448547244071960449e-01,1.551971554756164551e+00,-6.276201456785202026e-02,-2.066691368818283081e-01,-3.765411376953125000e-01,-6.651488542556762695e-01,-4.894600212574005127e-01,1.100456118583679199e+00,-3.857815563678741455e-01,-6.834174692630767822e-02,4.147166609764099121e-01,3.140000104904174805e-01,3.441660404205322266e-01,2.542271018028259277e-01,1.253091931343078613e+00,-1.447489261627197266e-01,-1.835514605045318604e-01,-6.393073499202728271e-02,-5.183884501457214355e-02,-1.894388645887374878e-01,1.323859859257936478e-02,-1.668899774551391602e+00,4.549848139286041260e-01,-8.645845651626586914e-01,1.668056547641754150e-01,-1.087564229965209961e-01,2.391104847192764282e-01
2.413247078657150269e-01,6.893948316574096680e-01,6.156662702560424805e-01,1.452706605195999146e-01,8.917307853698730469e-02,8.140504956245422363e-01,5.552173852920532227e-01,-1.325153350830078125e+00,2.885275483131408691e-01,-1.361323893070220947e-01,1.474164366722106934e+00,-6.857211142778396606e-02,-2.052260935306549072e-01,-4.362637102603912354e-01,-6.708787679672241211e-01,-4.451723396778106689e-01,1.136474370956420898e+00,-4.012570083141326904e-01,-7.339821755886077881e-02,4.636576771736145020e-01,3.140000104904174805e-01,3.670393526554107666e-01,2.640073895454406738e-01,1.206464529037475586e+00,-1.472901850938796997e-01,-1.094117164611816406e-01,-9.280262887477874756e-02,-4.449764639139175415e-02,-1.769930422306060791e-01,-5.233931541442871094e-02,-1.646762847900390625e+00,3.941944837570190430e-01,-7.865414023399353027e-01,2.053345739841461182e-01,-1.035992577672004700e-01,2.085054963827133179e-01
2.348504811525344849e-01,6.915060877799987793e-01,5.946686267852783203e-01,1.412194371223449707e-01,9.506893157958984375e-02,7.977603077888488770e-01,5.784440040588378906e-01,-1.223153352737426758e+00,2.928345501422882080e-01,-1.120814606547355652e-01,1.372164368629455566e+00,-6.643531471490859985e-02,-2.165651619434356689e-01,-5.210801362991333008e-01,-6.896474957466125488e-01,-3.961197435855865479e-01,1.208444237709045410e+00,-4.599676728248596191e-01,-1.067186743021011353e-01,5.340259075164794922e-01,3.140000104904174805e-01,4.120348989963531494e-01,2.890352606773376465e-01,1.131156682968139648e+00,-1.602412909269332886e-01,-7.115514576435089111e-02,-1.492821425199508667e-01,-3.907006606459617615e-02,-1.440480351448059082e-01,-1.543393135070800781e-01,-1.583622455596923828e+00,2.921944856643676758e-01,-6.845414042472839355e-01,2.590564787387847900e-01,-8.323545008897781372e-02,1.501534134149551392e-01
2.269850522279739380e-01,6.928097009658813477e-01,5.698888301849365234e-01,8.328329026699066162e-02,1.255687326192855835e-01,7.894859313964843750e-01,5.949860215187072754e-01,-1.232018589973449707e+00,3.248347342014312744e-01,-6.768517941236495972e-02,1.292952775955200195e+00,-9.002009034156799316e-02,-2.052015811204910278e-01,-6.230801343917846680e-01,-6.686258912086486816e-01,-3.359695374965667725e-01,1.286834478378295898e+00,-5.236750245094299316e-01,-1.432297676801681519e-01,5.084829926490783691e-01,3.140000104904174805e-01,4.567326903343200684e-01,3.659592568874359131e-01,1.029156684875488281e+00,-7.679486274719238281e-02,-1.069039385765790939e-02,-1.395255625247955322e-01,-1.730395294725894928e-02,-1.835314035415649414e-01,-2.563393115997314453e-01,-1.611293077468872070e+00,1.901944726705551147e-01,-7.865414023399353027e-01,3.186506330966949463e-01,-1.117352843284606934e-01,9.573774784803390503e-02
2.175705581903457642e-01,6.929057836532592773e-01,5.496481657028198242e-01,6.135766208171844482e-02,1.394777446985244751e-01,7.711945176124572754e-01,6.180940270423889160e-01,-1.183660745620727539e+00,3.440379500389099121e-01,-2.127859368920326233e-02,1.216201066970825195e+00,-9.183263778686523438e-02,-1.971553713083267212e-01,-7.250801324844360352e-01,-6.379256844520568848e-01,-2.621702253818511963e-01,1.344606876373291016e+00,-5.543866753578186035e-01,-1.671707034111022949e-01,5.490977764129638672e-01,3.140000104904174805e-01,4.764912426471710205e-01,4.075189232826232910e-01,9.271566271781921387e-01,-7.634126394987106323e-02,-3.725777147337794304e-03,-1.563538908958435059e-01,-3.912439569830894470e-02,-1.867089271545410156e-01,-3.583393096923828125e-01,-1.564878582954406738e+00,8.819447457790374756e-02,-8.885414004325866699e-01,3.486081957817077637e-01,-1.301196813583374023e-01,4.482045397162437439e-02
2.059360295534133911e-01,6.915585398674011230e-01,5.278922319412231445e-01,4.476590454578399658e-02,1.495478451251983643e-01,7.553842663764953613e-01,6.364165544509887695e-01,-1.155243873596191406e+00,3.511747419834136963e-01,4.667598288506269455e-03,1.177248001098632812e+00,-1.158616766333580017e-01,-1.806917488574981689e-01,-8.270801305770874023e-01,-6.084726452827453613e-01,-1.950893998146057129e-01,1.401872158050537109e+00,-5.751460194587707520e-01,-1.812138259410858154e-01,5.884125232696533203e-01,3.140000104904174805e-01,4.862702488899230957e-01,4.600973427295684814e-01,8.251566290855407715e-01,-9.998338669538497925e-02,-5.799554660916328430e-02,-1.614681929349899292e-01,-6.149965524673461914e-02,-1.756259053945541382e-01,-4.603393077850341797e-01,-1.507494449615478516e+00,4.399368911981582642e-02,-9.905413985252380371e-01,3.568105995655059814e-01,-1.480154693126678467e-01,-1.286975602852180600e-04
1.919267624616622925e-01,6.884707808494567871e-01,4.971488416194915771e-01,1.621539890766143799e-02,1.672733128070831299e-01,7.373250126838684082e-01,6.543000340461730957e-01,-1.184284806251525879e+00,3.577561974525451660e-01,1.647002063691616058e-02,1.176049828529357910e+00,-1.916684508323669434e-01,-1.402001231908798218e-01,-9.290801286697387695e-01,-5.630929470062255859e-01,-1.162272244691848755e-01,1.474525570869445801e+00,-5.968015789985656738e-01,-1.563955992460250854e-01,6.011001467704772949e-01,3.140000104904174805e-01,4.877404272556304932e-01,5.193354487419128418e-01,7.231566309928894043e-01,-9.720762073993682861e-02,-1.170590966939926147e-01,-1.595404148101806641e-01,-9.035876393318176270e-02,-1.663282215595245361e-01,-5.623393058776855469e-01,-1.421473026275634766e+00,1.327270921319723129e-02,-1.092541337013244629e+00,3.410519063472747803e-01,-1.798308491706848145e-01,-3.428997099399566650e-02
1.756713688373565674e-01,6.846904158592224121e-01,4.552728235721588135e-01,-1.046554930508136749e-02,1.752999722957611084e-01,7.246991395950317383e-01,6.663118600845336914e-01,-1.240646362304687500e+00,3.569763898849487305e-01,-2.360355108976364136e-03,1.226059675216674805e+00,-2.936684489250183105e-01,-9.004691243171691895e-02,-1.031080126762390137e+00,-5.300880074501037598e-01,-6.410937756299972534e-02,1.567171454429626465e+00,-6.297956109046936035e-01,-1.648207604885101318e-01,6.240239739418029785e-01,3.140000104904174805e-01,4.879609346389770508e-01,5.629308223724365234e-01,6.211566329002380371e-01,-1.178622022271156311e-01,-2.190590947866439819e-01,-1.440301537513732910e-01,-1.428169608116149902e-01,-1.128328591585159302e-01,-6.643393039703369141e-01,-1.319473028182983398e+00,-1.339137181639671326e-02,-1.194541335105895996e+00,2.909519076347351074e-01,-2.122991681098937988e-01,-9.255068749189376831e-02
1.580090075731277466e-01,6.798419952392578125e-01,4.165287911891937256e-01,-3.768917918205261230e-02,1.704552471637725830e-01,7.188937067985534668e-01,6.728420257568359375e-01,-1.334295511245727539e+00,3.575275838375091553e-01,-5.195447057485580444e-02,1.312877655029296875e+00,-3.956684470176696777e-01,-4.652962461113929749e-02,-1.133080124855041504e+00,-4.991803169250488281e-01,-3.855139017105102539e-02,1.641370177268981934e+00,-6.572405695915222168e-01,-1.586616337299346924e-01,6.275118589401245117e-01,3.140000104904174805e-01,4.879938662052154541e-01,6.110914945602416992e-01,5.191566348075866699e-01,-1.765745729207992554e-01,-3.210591077804565430e-01,-1.071941256523132324e-01,-1.867958903312683105e-01,-9.800852090120315552e-02,-7.487089037895202637e-01,-1.227802038192749023e+00,-8.203912526369094849e-03,-1.296541333198547363e+00,2.526583075523376465e-01,-2.530648112297058105e-01,-1.306258440017700195e-01
1.394687443971633911e-01,6.747795343399047852e-01,3.818103373050689697e-01,-6.232834979891777039e-02,1.608164310455322266e-01,7.186104655265808105e-01,6.736856102943420410e-01,-1.436295509338378906e+00,3.474663794040679932e-01,-1.215246021747589111e-01,1.414877653121948242e+00,-4.943034946918487549e-01,-1.987747661769390106e-02,-1.235080122947692871e+00,-4.733854830265045166e-01,-2.081832475960254669e-02,1.703939795494079590e+00,-6.745764017105102539e-01,-1.630815118551254272e-01,6.333753466606140137e-01,3.140000104904174805e-01,4.854120314121246338e-01,6.509084105491638184e-01,4.171566665172576904e-01,-2.785745561122894287e-01,-4.230591058731079102e-01,-3.661026805639266968e-02,-2.081423550844192505e-01,-6.637801229953765869e-02,-8.091415762901306152e-01,-1.125802040100097656e+00,-2.359711332246661186e-03,-1.398541331291198730e+00,1.873936802148818970e-01,-2.690040469169616699e-01,-1.595448553562164307e-01
1.216098442673683167e-01,6.705484390258789062e-01,3.483439981937408447e-01,-9.193696826696395874e-02,1.536463946104049683e-01,7.218582630157470703e-01,6.684766411781311035e-01,-1.538295507431030273e+00,3.314594030380249023e-01,-1.826511323451995850e-01,1.516877651214599609e+00,-5.731745958328247070e-01,1.767232781276106834e-03,-1.337080121040344238e+00,-4.608406126499176025e-01,-1.091616973280906677e-02,1.758582115173339844e+00,-7.045985460281372070e-01,-1.593620926141738892e-01,6.269611716270446777e-01,3.140000104904174805e-01,4.795593619346618652e-01,6.737754344940185547e-01,3.151566684246063232e-01,-3.264161646366119385e-01,-5.250591039657592773e-01,4.816056787967681885e-02,-2.340990155935287476e-01,-4.180721193552017212e-02,-8.314166665077209473e-01,-1.077576160430908203e+00,1.833053305745124817e-03,-1.500541329383850098e+00,1.441351771354675293e-01,-2.718481123447418213e-01,-1.773142814636230469e-01
1.043637320399284363e-01,6.673907041549682617e-01,3.062649071216583252e-01,-1.145022064447402954e-01,1.402535587549209595e-01,7.242038249969482422e-01,6.653923392295837402e-01,-1.640295505523681641e+00,3.005231916904449463e-01,-2.573410272598266602e-01,1.618877649307250977e+00,-6.430128812789916992e-01,2.385345660150051117e-02,-1.439080119132995605e+00,-4.540944993495941162e-01,6.800893694162368774e-03,1.827006340026855469e+00,-7.345423102378845215e-01,-1.315324902534484863e-01,6.252350807189941406e-01,3.140000104904174805e-01,4.759638309478759766e-01,6.857547760009765625e-01,2.131566554307937622e-01,-3.259145319461822510e-01,-6.270591020584106445e-01,1.305803954601287842e-01,-2.702387869358062744e-01,-1.324021164327859879e-02,-8.420158624649047852e-01,-1.043453693389892578e+00,-3.031815867871046066e-03,-1.602541327476501465e+00,1.298352330923080444e-01,-2.772849500179290771e-01,-1.819906681776046753e-01
8.842266350984573364e-02,6.664266586303710938e-01,2.789270579814910889e-01,-1.251285970211029053e-01,1.205759719014167786e-01,7.302919030189514160e-01,6.606647968292236328e-01,-1.742295503616333008e+00,2.654869556427001953e-01,-3.086018562316894531e-01,1.708350300788879395e+00,-6.420166492462158203e-01,1.735720969736576080e-02,-1.515004754066467285e+00,-4.489332437515258789e-01,2.320033684372901917e-02,1.870877861976623535e+00,-7.378768324851989746e-01,-1.221387907862663269e-01,6.552393436431884766e-01,3.140000104904174805e-01,4.725387394428253174e-01,7.080060839653015137e-01,2.388595044612884521e-01,-3.473339080810546875e-01,-7.290591001510620117e-01,1.934462785720825195e-01,-2.891756296157836914e-01,1.368609629571437836e-02,-8.185433149337768555e-01,-1.033940553665161133e+00,-4.310773313045501709e-02,-1.575255393981933594e+00,9.366519749164581299e-02,-2.653258740901947021e-01,-1.682313084602355957e-01
7.387693971395492554e-02,6.662228107452392578e-01,2.473418414592742920e-01,-1.487196236848831177e-01,1.087388470768928528e-01,7.362176179885864258e-01,6.511850357055664062e-01,-1.844295501708984375e+00,2.214539945125579834e-01,-3.564097881317138672e-01,1.790219545364379883e+00,-6.504418253898620605e-01,5.587820429354906082e-03,-1.549277901649475098e+00,-4.538628458976745605e-01,3.279952332377433777e-02,1.917085170745849609e+00,-7.539634704589843750e-01,-1.341556161642074585e-01,6.592040061950683594e-01,3.140000104904174805e-01,4.650270640850067139e-01,7.240112423896789551e-01,2.748621404170989990e-01,-3.577551841735839844e-01,-8.150247931480407715e-01,2.214101999998092651e-01,-3.108666837215423584e-01,5.239619687199592590e-02,-8.295426368713378906e-01,-9.921299815177917480e-01,-5.659991502761840820e-02,-1.609261989593505859e+00,5.503047630190849304e-02,-2.661432623863220215e-01,-1.735668778419494629e-01
6.127938628196716309e-02,6.679278016090393066e-01,2.210130989551544189e-01,-1.658890694379806519e-01,9.366855025291442871e-02,7.428754568099975586e-01,6.417500376701354980e-01,-1.946295499801635742e+00,1.786470115184783936e-01,-3.928630948066711426e-01,1.856492161750793457e+00,-6.555873751640319824e-01,1.009618979878723621e-03,-1.554252147674560547e+00,-4.571451544761657715e-01,4.022881761193275452e-02,1.955547094345092773e+00,-7.613027095794677734e-01,-1.365498304367065430e-01,6.699475049972534180e-01,3.140000104904174805e-01,4.641447067260742188e-01,7.405068874359130859e-01,3.048334419727325439e-01,-3.488247692584991455e-01,-8.605847358703613281e-01,2.267744541168212891e-01,-3.235990405082702637e-01,8.460310101509094238e-02,-8.440443873405456543e-01,-9.412311315536499023e-01,-7.765392959117889404e-02,-1.659501671791076660e+00,2.339196391403675079e-02,-2.688764035701751709e-01,-1.747193038463592529e-01
5.001567304134368896e-02,6.711956858634948730e-01,2.009963691234588623e-01,-1.831992119550704956e-01,8.305128663778305054e-02,7.463296055793762207e-01,6.344546079635620117e-01,-2.048295497894287109e+00,1.338483691215515137e-01,-4.248647093772888184e-01,1.910613775253295898e+00,-6.755423545837402344e-01,6.290320772677659988e-03,-1.554183244705200195e+00,-4.579681754112243652e-01,4.398398101329803467e-02,1.982087612152099609e+00,-7.606055140495300293e-01,-1.441197842359542847e-01,6.698016524314880371e-01,3.140000104904174805e-01,4.532147049903869629e-01,7.602546811103820801e-01,3.592930436134338379e-01,-3.594681024551391602e-01,-8.927077054977416992e-01,2.019372284412384033e-01,-3.338256478309631348e-01,1.132637783885002136e-01,-8.517439961433410645e-01,-8.943096995353698730e-01,-9.447843581438064575e-02,-1.696610927581787109e+00,-1.846575364470481873e-02,-2.647468149662017822e-01,-1.763984858989715576e-01
4.019772633910179138e-02,6.757140755653381348e-01,1.871373355388641357e-01,-1.964115947484970093e-01,7.283566892147064209e-02,7.501650452613830566e-01,6.271920204162597656e-01,-2.150295495986938477e+00,1.028826311230659485e-01,-4.392192363739013672e-01,1.951764225959777832e+00,-6.976740360260009766e-01,1.458467636257410049e-02,-1.540232181549072266e+00,-4.561202228069305420e-01,4.560261219739913940e-02,1.997711658477783203e+00,-7.669526338577270508e-01,-1.519556939601898193e-01,6.721602082252502441e-01,3.140000104904174805e-01,4.400475919246673584e-01,7.701088190078735352e-01,4.030859768390655518e-01,-3.654754459857940674e-01,-9.099995493888854980e-01,1.746558994054794312e-01,-3.308600485324859619e-01,1.506232768297195435e-01,-8.658636808395385742e-01,-8.543294072151184082e-01,-1.215474084019660950e-01,-1.723801493644714355e+00,-4.941435903310775757e-02,-2.558272182941436768e-01,-1.968882828950881958e-01
3.155583888292312622e-02,6.814799308776855469e-01,1.784634292125701904e-01,-2.168747037649154663e-01,6.598391383886337280e-02,7.536203861236572266e-01,6.169828772544860840e-01,-2.217970371246337891e+00,6.075097993016242981e-02,-4.574783146381378174e-01,1.983251810073852539e+00,-7.221443653106689453e-01,2.723897062242031097e-02,-1.521839141845703125e+00,-4.502197206020355225e-01,3.639054670929908752e-02,2.000720024108886719e+00,-7.479214668273925781e-01,-1.357847899198532104e-01,6.752904653549194336e-01,3.140000104904174805e-01,4.244543015956878662e-01,7.842521667480468750e-01,4.244542121887207031e-01,-3.608626425266265869e-01,-9.112952351570129395e-01,1.539200097322463989e-01,-3.323660492897033691e-01,1.736309379339218140e-01,-8.643725514411926270e-01,-8.474772572517395020e-01,-1.495686769485473633e-01,-1.733397960662841797e+00,-5.852962285280227661e-02,-2.525433599948883057e-01,-2.151052504777908325e-01
2.393266372382640839e-02,6.885330677032470703e-01,1.814045608043670654e-01,-2.320296764373779297e-01,6.365086138248443604e-02,7.578743696212768555e-01,6.064134240150451660e-01,-2.250362396240234375e+00,3.613121435046195984e-02,-4.544023573398590088e-01,1.994751572608947754e+00,-7.504882812500000000e-01,4.887181892991065979e-02,-1.492668032646179199e+00,-4.477736353874206543e-01,2.211679890751838684e-02,1.985736131668090820e+00,-7.198369503021240234e-01,-1.253364682197570801e-01,6.734049916267395020e-01,3.140000104904174805e-01,4.000475704669952393e-01,7.904317975044250488e-01,4.354099929332733154e-01,-3.555883169174194336e-01,-9.075753092765808105e-01,1.400644630193710327e-01,-3.427984118461608887e-01,2.006120234727859497e-01,-8.655456304550170898e-01,-8.490194678306579590e-01,-1.784722954034805298e-01,-1.730084180831909180e+00,-7.169248163700103760e-02,-2.533848881721496582e-01,-2.250563651323318481e-01
1.704714633524417877e-02,6.966109871864318848e-01,1.885136663913726807e-01,-2.396633923053741455e-01,6.165115907788276672e-02,7.642558217048645020e-01,5.955448150634765625e-01,-2.254538297653198242e+00,1.875871047377586365e-02,-4.397305548191070557e-01,1.995652437210083008e+00,-7.698408365249633789e-01,6.418100744485855103e-02,-1.451589465141296387e+00,-4.478774368762969971e-01,1.048797741532325745e-02,1.964075088500976562e+00,-6.983991861343383789e-01,-1.226080358028411865e-01,6.683116555213928223e-01,3.140000104904174805e-01,3.715092241764068604e-01,7.840042710304260254e-01,4.467750489711761475e-01,-3.621865808963775635e-01,-9.019977450370788574e-01,1.163947060704231262e-01,-3.398330509662628174e-01,2.091279178857803345e-01,-8.579231500625610352e-01,-8.532791733741760254e-01,-1.975370347499847412e-01,-1.699510335922241211e+00,-9.697286784648895264e-02,-2.455001026391983032e-01,-2.183910012245178223e-01
1.094678509980440140e-02,7.059867382049560547e-01,1.981606781482696533e-01,-2.456737756729125977e-01,5.926177650690078735e-02,7.711278200149536133e-01,5.843751430511474609e-01,-2.247432708740234375e+00,9.039848111569881439e-03,-4.208379089832305908e-01,1.991532683372497559e+00,-7.853336334228515625e-01,7.536352425813674927e-02,-1.402105927467346191e+00,-4.482555687427520752e-01,-5.378993693739175797e-03,1.935156941413879395e+00,-6.827711462974548340e-01,-1.161199361085891724e-01,6.528552174568176270e-01,3.140000104904174805e-01,3.372622430324554443e-01,7.681870460510253906e-01,4.454253911972045898e-01,-3.459794819355010986e-01,-8.933112025260925293e-01,1.174984201788902283e-01,-3.367065787315368652e-01,2.174299359321594238e-01,-8.422552347183227539e-01,-8.728299140930175781e-01,-2.359912991523742676e-01,-1.644636034965515137e+00,-1.222024634480476379e-01,-2.400516271591186523e-01,-2.142772227525711060e-01
5.224071908742189407e-03,7.170522212982177734e-01,2.145574390888214111e-01,-2.568126916885375977e-01,5.898636579513549805e-02,7.756997346878051758e-01,5.734611749649047852e-01,-2.235446453094482422e+00,3.265060018748044968e-03,-4.078832268714904785e-01,1.979125380516052246e+00,-7.962430119514465332e-01,8.492787182331085205e-02,-1.351372003555297852e+00,-4.418950974941253662e-01,-3.287737444043159485e-02,1.889164686203002930e+00,-6.705376505851745605e-01,-1.101427748799324036e-01,6.221073269844055176e-01,3.140000104904174805e-01,2.782557904720306396e-01,7.411637306213378906e-01,4.338454902172088623e-01,-2.888026237487792969e-01,-8.802267313003540039e-01,1.504816263914108276e-01,-3.388236463069915771e-01,2.166722416877746582e-01,-8.143800497055053711e-01,-8.990223407745361328e-01,-2.738491594791412354e-01,-1.575449109077453613e+00,-1.503650397062301636e-01,-2.392664402723312378e-01,-1.995262950658798218e-01
-1.052773557603359222e-03,7.299125194549560547e-01,2.355491220951080322e-01,-2.462382018566131592e-01,5.719742923974990845e-02,7.843211889266967773e-01,5.665116310119628906e-01,-2.170889377593994141e+00,1.336337253451347351e-02,-3.790526390075683594e-01,1.957134604454040527e+00,-7.834153175354003906e-01,9.228942543268203735e-02,-1.279260158538818359e+00,-4.434546232223510742e-01,-4.626950621604919434e-02,1.838448286056518555e+00,-6.702184081077575684e-01,-1.094715073704719543e-01,6.103391647338867188e-01,3.140000104904174805e-01,2.046600431203842163e-01,6.886990070343017578e-01,4.881978332996368408e-01,-2.223463356494903564e-01,-8.905016779899597168e-01,1.817411184310913086e-01,-3.518370985984802246e-01,2.367920875549316406e-01,-7.414361834526062012e-01,-9.655550122261047363e-01,-3.516876995563507080e-01,-1.473449110984802246e+00,-1.455385088920593262e-01,-2.245872020721435547e-01,-1.960608661174774170e-01
-7.884128019213676453e-03,7.438296079635620117e-01,2.605937421321868896e-01,-2.432326674461364746e-01,6.406217068433761597e-02,7.906520366668701172e-01,5.582143664360046387e-01,-2.104554176330566406e+00,1.172884926199913025e-02,-3.535622060298919678e-01,1.925320148468017578e+00,-7.524080276489257812e-01,1.042240411043167114e-01,-1.220397233963012695e+00,-4.492993652820587158e-01,-5.935672670602798462e-02,1.776306629180908203e+00,-7.141063213348388672e-01,-1.444881409406661987e-01,5.930375456809997559e-01,3.140000104904174805e-01,1.351577490568161011e-01,6.075918078422546387e-01,5.169005990028381348e-01,-1.567643731832504272e-01,-9.524094462394714355e-01,2.157342582941055298e-01,-3.552636504173278809e-01,2.737216651439666748e-01,-6.776700019836425781e-01,-1.007672786712646484e+00,-4.335749745368957520e-01,-1.371449112892150879e+00,-1.493091732263565063e-01,-1.955528706312179565e-01,-1.904655992984771729e-01
-1.582487113773822784e-02,7.583358287811279297e-01,2.851124703884124756e-01,-2.426118701696395874e-01,7.127332687377929688e-02,7.963854670524597168e-01,5.493903756141662598e-01,-2.044888019561767578e+00,8.759963326156139374e-03,-3.277546167373657227e-01,1.890100717544555664e+00,-7.388067245483398438e-01,1.000083833932876587e-01,-1.163216233253479004e+00,-4.750677049160003662e-01,-9.499859809875488281e-02,1.701963186264038086e+00,-7.448176741600036621e-01,-1.653103083372116089e-01,5.299499034881591797e-01,3.140000104904174805e-01,4.327174276113510132e-02,5.055918097496032715e-01,5.542932748794555664e-01,-5.476437509059906006e-02,-1.053674817085266113e+00,2.931190133094787598e-01,-3.604235947132110596e-01,2.940604090690612793e-01,-5.963667631149291992e-01,-1.063323736190795898e+00,-5.245048999786376953e-01,-1.269449114799499512e+00,-1.520569175481796265e-01,-1.618543267250061035e-01,-1.731265932321548462e-01
-2.547163516283035278e-02,7.729564309120178223e-01,3.150935471057891846e-01,-2.347871959209442139e-01,8.781281858682632446e-02,8.035923838615417480e-01,5.398176908493041992e-01,-1.965403437614440918e+00,-1.636111526750028133e-03,-2.844320237636566162e-01,1.833914399147033691e+00,-7.220717668533325195e-01,1.086615920066833496e-01,-1.096963405609130859e+00,-5.230081081390380859e-01,-1.475387066602706909e-01,1.617110013961791992e+00,-7.514139413833618164e-01,-2.020026594400405884e-01,4.573964476585388184e-01,3.140000104904174805e-01,-4.048479348421096802e-02,4.059096276760101318e-01,6.562932729721069336e-01,4.075844585895538330e-02,-1.155674815177917480e+00,3.564925491809844971e-01,-3.535636663436889648e-01,2.891968786716461182e-01,-5.087077021598815918e-01,-1.131396174430847168e+00,-6.256859898567199707e-01,-1.167449116706848145e+00,-1.820196062326431274e-01,-1.256802231073379517e-01,-1.701711863279342651e-01
-3.629678487777709961e-02,7.881851792335510254e-01,3.425599634647369385e-01,-2.062712460756301880e-01,8.620873093605041504e-02,8.015368580818176270e-01,5.545799732208251953e-01,-1.863403439521789551e+00,3.307860344648361206e-02,-2.449970692396163940e-01,1.793780088424682617e+00,-7.269629240036010742e-01,1.296614706516265869e-01,-9.966617822647094727e-01,-5.518439412117004395e-01,-2.123150527477264404e-01,1.515110015869140625e+00,-6.734718680381774902e-01,-1.640999764204025269e-01,3.907233178615570068e-01,3.140000104904174805e-01,-1.375297307968139648e-01,3.039096295833587646e-01,7.582932710647583008e-01,1.427584439516067505e-01,-1.251627564430236816e+00,4.137023389339447021e-01,-3.468460738658905029e-01,2.838289439678192139e-01,-4.147965610027313232e-01,-1.201920270919799805e+00,-6.986819505691528320e-01,-1.065449118614196777e+00,-2.179066687822341919e-01,-1.050803214311599731e-01,-1.642313897609710693e-01
-4.811144620180130005e-02,8.029330372810363770e-01,3.914075791835784912e-01,-1.624576300382614136e-01,5.724010244011878967e-02,8.092916607856750488e-01,5.615853667259216309e-01,-1.761403441429138184e+00,8.015727996826171875e-02,-1.941101700067520142e-01,1.714041948318481445e+00,-6.864797472953796387e-01,1.144571155309677124e-01,-8.946617841720581055e-01,-5.327635407447814941e-01,-2.588019371032714844e-01,1.413110017776489258e+00,-5.714718699455261230e-01,-6.209997460246086121e-02,2.887233197689056396e-01,3.140000104904174805e-01,-2.224282026290893555e-01,2.026337683200836182e-01,8.602932691574096680e-01,2.446240633726119995e-01,-1.283930897712707520e+00,4.026556313037872314e-01,-3.162871301174163818e-01,2.314477413892745972e-01,-3.451030552387237549e-01,-1.266839504241943359e+00,-7.940441370010375977e-01,-9.634491205215454102e-01,-3.126788437366485596e-01,-1.051295474171638489e-01,-1.882772147655487061e-01
-6.136339902877807617e-02,8.160375356674194336e-01,4.315038025379180908e-01,-1.281120032072067261e-01,3.406960144639015198e-02,8.007364869117736816e-01,5.841640830039978027e-01,-1.659403443336486816e+00,1.336510777473449707e-01,-1.557531654834747314e-01,1.645273566246032715e+00,-6.580024957656860352e-01,1.162607744336128235e-01,-7.926617860794067383e-01,-5.348726511001586914e-01,-2.976665496826171875e-01,1.311110019683837891e+00,-4.694718420505523682e-01,3.590337187051773071e-02,1.867233216762542725e-01,3.140000104904174805e-01,-2.502745687961578369e-01,1.384002119302749634e-01,9.622932672500610352e-01,2.453967034816741943e-01,-1.245395779609680176e+00,3.665775656700134277e-01,-2.979279160499572754e-01,1.477280408143997192e-01,-2.909595072269439697e-01,-1.346655964851379395e+00,-7.690301537513732910e-01,-1.036154866218566895e+00,-3.672917485237121582e-01,-1.176978126168251038e-01,-1.540516316890716553e-01
-7.437953352928161621e-02,8.280658125877380371e-01,4.745366871356964111e-01,-9.159442782402038574e-02,9.554322808980941772e-03,7.839207649230957031e-01,6.139929890632629395e-01,-1.557403445243835449e+00,1.981717497110366821e-01,-1.039611399173736572e-01,1.557700037956237793e+00,-6.266937851905822754e-01,1.144632473587989807e-01,-6.906617879867553711e-01,-5.225704908370971680e-01,-3.027521073818206787e-01,1.209110021591186523e+00,-3.674718439579010010e-01,1.016177013516426086e-01,8.472333103418350220e-02,3.140000104904174805e-01,-2.635302245616912842e-01,1.245269104838371277e-01,1.064293265342712402e+00,1.534697562456130981e-01,-1.143395781517028809e+00,2.829002737998962402e-01,-3.073064982891082764e-01,4.572803527116775513e-02,-2.101882994174957275e-01,-1.428041934967041016e+00,-6.670301556587219238e-01,-1.138154864311218262e+00,-3.974049687385559082e-01,-1.302013695240020752e-01,-8.153679966926574707e-02
-8.602587133646011353e-02,8.383724689483642578e-01,5.215653181076049805e-01,-6.414580345153808594e-02,-1.501832623034715652e-02,7.601293325424194336e-01,6.464233398437500000e-01,-1.455403447151184082e+00,2.592536509037017822e-01,-5.237741768360137939e-02,1.455700039863586426e+00,-5.854087471961975098e-01,1.039986461400985718e-01,-5.886617898941040039e-01,-4.939199090003967285e-01,-2.793489694595336914e-01,1.107110023498535156e+00,-2.654718458652496338e-01,1.645892858505249023e-01,-1.727667078375816345e-02,3.139999508857727051e-01,-2.864638864994049072e-01,1.646181493997573853e-01,1.166293263435363770e+00,5.146975815296173096e-02,-1.041395783424377441e+00,1.809002757072448730e-01,-3.177338540554046631e-01,-5.627196654677391052e-02,-1.269074976444244385e-01,-1.530041933059692383e+00,-5.650301575660705566e-01,-1.240154862403869629e+00,-3.628201782703399658e-01,-1.498633474111557007e-01,2.046319656074047089e-02
-9.589967876672744751e-02,8.457278609275817871e-01,5.581847429275512695e-01,-5.307970941066741943e-02,-4.153025150299072266e-02,7.264327406883239746e-01,6.839249134063720703e-01,-1.353403449058532715e+00,3.335307240486145020e-01,1.083638146519660950e-02,1.353700041770935059e+00,-5.577825903892517090e-01,1.057423427700996399e-01,-6.185985207557678223e-01,-4.687983691692352295e-01,-2.312973141670227051e-01,1.116394162178039551e+00,-1.634718477725982666e-01,1.906646937131881714e-01,-1.192766726016998291e-01,3.124810755252838135e-01,-3.257258534431457520e-01,2.269580811262130737e-01,1.268293261528015137e+00,-5.053023993968963623e-02,-9.393957257270812988e-01,7.890027761459350586e-02,-3.018113970756530762e-01,-1.582719683647155762e-01,-4.135247319936752319e-02,-1.632041931152343750e+00,-4.630301594734191895e-01,-1.246770739555358887e+00,-3.137361407279968262e-01,-1.635561883449554443e-01,1.224631965160369873e-01
-1.036253347992897034e-01,8.514603972434997559e-01,5.886089801788330078e-01,-4.701254889369010925e-02,-5.740061774849891663e-02,6.808479428291320801e-01,7.286570072174072266e-01,-1.251403450965881348e+00,3.904626369476318359e-01,1.042847707867622375e-01,1.251700043678283691e+00,-4.557825922966003418e-01,8.117150515317916870e-02,-7.205985188484191895e-01,-4.414097964763641357e-01,-2.047996670007705688e-01,1.218394160270690918e+00,-6.147184595465660095e-02,1.496147066354751587e-01,-2.212766706943511963e-01,2.978833317756652832e-01,-3.458371758460998535e-01,2.716064751148223877e-01,1.346515655517578125e+00,-1.525302380323410034e-01,-8.373957276344299316e-01,-2.309972234070301056e-02,-2.682276964187622070e-01,-2.602719664573669434e-01,4.391359165310859680e-03,-1.688755273818969727e+00,-3.610301613807678223e-01,-1.151179790496826172e+00,-2.191468477249145508e-01,-1.847405880689620972e-01,2.244631946086883545e-01
-1.116280332207679749e-01,8.547300696372985840e-01,6.117626428604125977e-01,-4.118255525827407837e-02,-7.144243270158767700e-02,6.476159691810607910e-01,7.574916481971740723e-01,-1.149403452873229980e+00,3.961572945117950439e-01,1.643093228340148926e-01,1.149699926376342773e+00,-3.537825942039489746e-01,3.840394318103790283e-02,-8.225985169410705566e-01,-4.045029282569885254e-01,-1.779634505510330200e-01,1.320394158363342285e+00,2.763522416353225708e-02,1.030675321817398071e-01,-3.101639747619628906e-01,2.843821048736572266e-01,-3.401823341846466064e-01,2.747834324836730957e-01,1.383275628089904785e+00,-2.545302510261535645e-01,-7.353957295417785645e-01,-1.192688643932342529e-01,-2.266510128974914551e-01,-3.622719645500183105e-01,4.505707416683435440e-03,-1.670537948608398438e+00,-2.590301632881164551e-01,-1.049179792404174805e+00,-1.171468421816825867e-01,-2.034125924110412598e-01,3.264631927013397217e-01
-1.191601306200027466e-01,8.559589982032775879e-01,6.296299695968627930e-01,-3.494899719953536987e-02,-8.847334980964660645e-02,6.208286881446838379e-01,7.781534790992736816e-01,-1.047403454780578613e+00,4.005066454410552979e-01,2.045351713895797729e-01,1.047699928283691406e+00,-2.560657560825347900e-01,3.255853056907653809e-02,-9.245985150337219238e-01,-3.625914454460144043e-01,-1.561448425054550171e-01,1.422394156455993652e+00,-1.635792315937578678e-03,6.830214709043502808e-02,-3.623526692390441895e-01,2.789541780948638916e-01,-3.330370187759399414e-01,2.427881658077239990e-01,1.427322149276733398e+00,-3.307062685489654541e-01,-6.333957314491271973e-01,-1.847368180751800537e-01,-1.988028585910797119e-01,-4.642719626426696777e-01,-2.383333072066307068e-02,-1.645559310913085938e+00,-1.570301651954650879e-01,-9.471797943115234375e-01,-1.514684315770864487e-02,-2.203635424375534058e-01,4.284631907939910889e-01
-1.267163157463073730e-01,8.558760881423950195e-01,6.410396099090576172e-01,-2.568128891289234161e-02,-1.042483448982238770e-01,5.973191261291503906e-01,7.947846651077270508e-01,-9.454033970832824707e-01,3.982886075973510742e-01,2.531282305717468262e-01,9.456999897956848145e-01,-2.229718565940856934e-01,4.055035486817359924e-02,-1.026598572731018066e+00,-3.339617252349853516e-01,-1.497028619050979614e-01,1.524394154548645020e+00,-3.471863269805908203e-02,3.625836968421936035e-02,-4.002956449985504150e-01,2.799835205078125000e-01,-3.283159732818603516e-01,1.895854622125625610e-01,1.476333856582641602e+00,-3.436690568923950195e-01,-5.313957333564758301e-01,-2.004875391721725464e-01,-1.844307035207748413e-01,-5.607427954673767090e-01,-4.982548579573631287e-02,-1.640244841575622559e+00,-5.503016710281372070e-02,-8.451797962188720703e-01,8.226621896028518677e-02,-2.179054468870162964e-01,5.304632186889648438e-01
-1.333094090223312378e-01,8.548790216445922852e-01,6.489377021789550781e-01,-1.565831340849399567e-02,-1.141452193260192871e-01,5.783193111419677734e-01,8.076338768005371094e-01,-8.434033989906311035e-01,3.949291706085205078e-01,3.001149892807006836e-01,9.029750227928161621e-01,-2.089038640260696411e-01,4.833766072988510132e-02,-1.128598570823669434e+00,-3.086158335208892822e-01,-1.501012891530990601e-01,1.626394152641296387e+00,-6.147537007927894592e-02,9.569000452756881714e-03,-4.280283749103546143e-01,2.813727259635925293e-01,-3.251759111881256104e-01,1.344045549631118774e-01,1.525670289993286133e+00,-3.416672646999359131e-01,-4.293957352638244629e-01,-2.161925137042999268e-01,-1.851394772529602051e-01,-5.663959383964538574e-01,-6.423489004373550415e-02,-1.641016244888305664e+00,4.696983471512794495e-02,-7.431797981262207031e-01,1.452743262052536011e-01,-2.130709141492843628e-01,5.432139039039611816e-01
-1.383895426988601685e-01,8.542454242706298828e-01,6.534879207611083984e-01,-2.593731740489602089e-03,-1.234557330608367920e-01,5.676576495170593262e-01,8.139513134956359863e-01,-7.414034008979797363e-01,3.862724006175994873e-01,3.383461534976959229e-01,8.775826692581176758e-01,-2.011533081531524658e-01,6.613001972436904907e-02,-1.230598568916320801e+00,-2.923076748847961426e-01,-1.448277533054351807e-01,1.728394150733947754e+00,-8.827709406614303589e-02,-2.012997679412364960e-02,-4.626913666725158691e-01,2.899184823036193848e-01,-3.289853930473327637e-01,7.541210949420928955e-02,1.576918482780456543e+00,-3.331674933433532715e-01,-3.375698029994964600e-01,-2.288721352815628052e-01,-1.846605688333511353e-01,-5.465654730796813965e-01,-7.447363436222076416e-02,-1.638232469558715820e+00,1.489698290824890137e-01,-6.411798000335693359e-01,1.785797178745269775e-01,-2.013328224420547485e-01,5.202146768569946289e-01
-1.419464200735092163e-01,8.535317182540893555e-01,6.544411182403564453e-01,-3.926490026060491800e-04,-1.279039531946182251e-01,5.614022016525268555e-01,8.175989389419555664e-01,-6.394034028053283691e-01,3.831185698509216309e-01,3.586383461952209473e-01,8.666509389877319336e-01,-1.939344108104705811e-01,7.483959943056106567e-02,-1.332598567008972168e+00,-2.839560508728027344e-01,-1.439075171947479248e-01,1.830394148826599121e+00,-1.102118715643882751e-01,-4.222758114337921143e-02,-4.888349771499633789e-01,2.944663465023040771e-01,-3.275257349014282227e-01,1.835871487855911255e-02,1.610060214996337891e+00,-3.105424642562866211e-01,-3.443091511726379395e-01,-2.385479360818862915e-01,-1.893210709095001221e-01,-5.166729688644409180e-01,-7.704796642065048218e-02,-1.623990774154663086e+00,2.461664676666259766e-01,-5.391798019409179688e-01,1.816938370466232300e-01,-1.893224716186523438e-01,4.957516491413116455e-01
-1.437269896268844604e-01,8.534351587295532227e-01,6.513224840164184570e-01,-2.971387293655425310e-04,-1.288202404975891113e-01,5.567121505737304688e-01,8.206563591957092285e-01,-5.374034047126770020e-01,3.796697556972503662e-01,3.672029376029968262e-01,8.672068715095520020e-01,-1.970392018556594849e-01,7.888430356979370117e-02,-1.385925769805908203e+00,-2.784727513790130615e-01,-1.352378427982330322e-01,1.932394146919250488e+00,-1.078090369701385498e-01,-4.757951572537422180e-02,-5.078418254852294922e-01,2.959026694297790527e-01,-3.209650814533233643e-01,-3.012734092772006989e-02,1.639887928962707520e+00,-2.853348851203918457e-01,-3.603580594062805176e-01,-2.515545487403869629e-01,-1.852820515632629395e-01,-4.857594072818756104e-01,-7.501537352800369263e-02,-1.603578567504882812e+00,2.669475972652435303e-01,-4.371798038482666016e-01,1.686896979808807373e-01,-1.734179258346557617e-01,4.777079224586486816e-01
-1.441038250923156738e-01,8.537822365760803223e-01,6.438922882080078125e-01,9.447669726796448231e-04,-1.267634928226470947e-01,5.567590594291687012e-01,8.209442496299743652e-01,-4.354034066200256348e-01,3.814563751220703125e-01,3.721466958522796631e-01,8.778738975524902344e-01,-2.116478681564331055e-01,8.619787544012069702e-02,-1.413291811943054199e+00,-2.809743285179138184e-01,-1.207767501473426819e-01,1.946498274803161621e+00,-1.095574796199798584e-01,-5.023103207349777222e-02,-5.296152234077453613e-01,3.029008507728576660e-01,-3.190124630928039551e-01,-7.463441789150238037e-02,1.662665843963623047e+00,-2.563551068305969238e-01,-3.843271434307098389e-01,-2.561580538749694824e-01,-1.831711232662200928e-01,-4.525899589061737061e-01,-6.226445361971855164e-02,-1.586021661758422852e+00,2.704218327999114990e-01,-3.621309995651245117e-01,1.572523713111877441e-01,-1.635504961013793945e-01,4.572058618068695068e-01
-1.433978974819183350e-01,8.546870946884155273e-01,6.318250894546508789e-01,4.744066391140222549e-03,-1.282805055379867554e-01,5.556368231773376465e-01,8.214555978775024414e-01,-3.428996503353118896e-01,3.845391869544982910e-01,3.735511898994445801e-01,8.938683867454528809e-01,-2.296702265739440918e-01,9.556119143962860107e-02,-1.420355200767517090e+00,-2.826518714427947998e-01,-9.903334081172943115e-02,1.926961302757263184e+00,-1.078444570302963257e-01,-4.699377343058586121e-02,-5.499466657638549805e-01,3.122431635856628418e-01,-3.270066082477569580e-01,-1.228167042136192322e-01,1.679373621940612793e+00,-2.226449996232986450e-01,-4.060277640819549561e-01,-2.610380947589874268e-01,-1.750409007072448730e-01,-4.190302193164825439e-01,-3.646419197320938110e-02,-1.554334163665771484e+00,2.701073586940765381e-01,-3.020639121532440186e-01,1.399509161710739136e-01,-1.461731344461441040e-01,4.474708735942840576e-01
-1.420083045959472656e-01,8.559852838516235352e-01,6.156204938888549805e-01,9.602218866348266602e-03,-1.269593685865402222e-01,5.542883276939392090e-01,8.225287795066833496e-01,-3.426613509654998779e-01,3.849187493324279785e-01,3.743483722209930420e-01,9.216216206550598145e-01,-2.665199637413024902e-01,1.052637919783592224e-01,-1.426140069961547852e+00,-2.905440926551818848e-01,-7.348793745040893555e-02,1.895209431648254395e+00,-1.073659360408782959e-01,-4.249652847647666931e-02,-5.655038952827453613e-01,3.137356936931610107e-01,-3.443866670131683350e-01,-1.709329783916473389e-01,1.697174072265625000e+00,-1.851412355899810791e-01,-4.314144551753997803e-01,-2.655017673969268799e-01,-1.656116098165512085e-01,-3.732084929943084717e-01,3.836766351014375687e-03,-1.516585707664489746e+00,2.701723277568817139e-01,-2.367392480373382568e-01,1.190013438463211060e-01,-1.199911907315254211e-01,4.424887299537658691e-01
-1.402043551206588745e-01,8.570262193679809570e-01,5.940222740173339844e-01,9.670084342360496521e-03,-1.238262504339218140e-01,5.608862638473510742e-01,8.185231685638427734e-01,-3.920194506645202637e-01,3.901455402374267578e-01,3.543609380722045898e-01,9.814065098762512207e-01,-3.271940946578979492e-01,1.227391362190246582e-01,-1.435023903846740723e+00,-3.055363893508911133e-01,-4.730995371937751770e-02,1.850852489471435547e+00,-1.088336929678916931e-01,-3.232643753290176392e-02,-5.862272381782531738e-01,3.139603435993194580e-01,-3.566367030143737793e-01,-2.235705107450485229e-01,1.706198453903198242e+00,-1.408185511827468872e-01,-4.683338105678558350e-01,-2.666666507720947266e-01,-1.539330184459686279e-01,-3.079740703105926514e-01,6.002822145819664001e-02,-1.460661530494689941e+00,2.615826129913330078e-01,-1.575768440961837769e-01,8.554292470216751099e-02,-8.511611074209213257e-02,4.272502362728118896e-01
-1.382818222045898438e-01,8.577305674552917480e-01,5.676345825195312500e-01,-3.528519766405224800e-03,-1.179288327693939209e-01,5.699478387832641602e-01,8.131664991378784180e-01,-4.940194487571716309e-01,3.986349105834960938e-01,3.033432662487030029e-01,1.083406448364257812e+00,-4.221875667572021484e-01,1.485706269741058350e-01,-1.460636496543884277e+00,-3.279978930950164795e-01,-2.566746436059474945e-02,1.799995899200439453e+00,-1.055669635534286499e-01,-5.445744376629590988e-03,-6.061851978302001953e-01,3.139940500259399414e-01,-3.501793146133422852e-01,-2.924396395683288574e-01,1.697629809379577637e+00,-8.534140139818191528e-02,-5.336561799049377441e-01,-2.547782957553863525e-01,-1.374302655458450317e-01,-2.059740722179412842e-01,1.453993767499923706e-01,-1.369193673133850098e+00,2.440090030431747437e-01,-6.191972643136978149e-02,3.366597741842269897e-02,-3.890377283096313477e-02,3.868854641914367676e-01
-1.364044100046157837e-01,8.585813641548156738e-01,5.339179039001464844e-01,-4.180113226175308228e-02,-5.897273868322372437e-02,5.732735395431518555e-01,8.161693215370178223e-01,-5.960194468498229980e-01,3.931394815444946289e-01,2.490312010049819946e-01,1.185406446456909180e+00,-5.241875648498535156e-01,1.757245659828186035e-01,-1.562636494636535645e+00,-3.383001685142517090e-01,1.639144495129585266e-02,1.748975276947021484e+00,-1.171115413308143616e-01,2.530707418918609619e-02,-5.468360185623168945e-01,3.139991164207458496e-01,-3.705161511898040771e-01,-3.831247985363006592e-01,1.729996323585510254e+00,1.665859855711460114e-02,-6.356562376022338867e-01,-2.068167328834533691e-01,-1.330576837062835693e-01,-1.039740741252899170e-01,2.473993748426437378e-01,-1.267193675041198730e+00,1.420090049505233765e-01,-9.287958964705467224e-03,-3.418212756514549255e-02,6.309622526168823242e-02,3.403027951717376709e-01
-1.320872008800506592e-01,8.586414456367492676e-01,4.985063970088958740e-01,-7.432371377944946289e-02,-1.774778030812740326e-02,5.821968913078308105e-01,8.094490766525268555e-01,-6.980194449424743652e-01,3.780046701431274414e-01,1.772689223289489746e-01,1.287406444549560547e+00,-6.180703639984130859e-01,1.993503719568252563e-01,-1.647834181785583496e+00,-3.517373204231262207e-01,3.040781058371067047e-02,1.669921517372131348e+00,-1.498160958290100098e-01,5.099587142467498779e-02,-5.321076512336730957e-01,3.139998614788055420e-01,-3.414129614830017090e-01,-4.659647345542907715e-01,1.638385653495788574e+00,1.186586022377014160e-01,-7.376562356948852539e-01,-1.048167422413825989e-01,-1.617647111415863037e-01,-1.974071376025676727e-03,3.493993878364562988e-01,-1.165193676948547363e+00,1.031749621033668518e-01,-1.393193844705820084e-03,-9.417143464088439941e-02,9.138265997171401978e-02,2.657289206981658936e-01
-1.268220692873001099e-01,8.583911657333374023e-01,4.650157392024993896e-01,-1.232312172651290894e-01,3.590945526957511902e-02,5.924685597419738770e-01,7.953021526336669922e-01,-8.000194430351257324e-01,3.501885533332824707e-01,9.723492711782455444e-02,1.389406442642211914e+00,-6.735861301422119141e-01,2.156670689582824707e-01,-1.703501820564270020e+00,-3.618390262126922607e-01,4.350613057613372803e-02,1.592132687568664551e+00,-1.843569278717041016e-01,8.856028318405151367e-02,-5.068069696426391602e-01,3.139999806880950928e-01,-2.905883491039276123e-01,-5.679647326469421387e-01,1.536385655403137207e+00,2.097631245851516724e-01,-8.396562337875366211e-01,-2.816739026457071304e-03,-2.058739215135574341e-01,1.000259295105934143e-01,4.513993859291076660e-01,-1.063193678855895996e+00,7.967502623796463013e-02,-9.526750072836875916e-03,-1.734572649002075195e-01,6.019716709852218628e-02,1.847384870052337646e-01
-1.211003139615058899e-01,8.582583069801330566e-01,4.255157411098480225e-01,-1.734891533851623535e-01,8.824209123849868774e-02,5.946183800697326660e-01,7.800922393798828125e-01,-9.020194411277770996e-01,3.208380639553070068e-01,2.441156841814517975e-02,1.491406559944152832e+00,-7.296559214591979980e-01,2.296475470066070557e-01,-1.756416440010070801e+00,-3.745472729206085205e-01,6.235015764832496643e-02,1.527357816696166992e+00,-2.358607649803161621e-01,1.035896539688110352e-01,-4.850009381771087646e-01,3.140000104904174805e-01,-2.489437013864517212e-01,-6.699647307395935059e-01,1.434385657310485840e+00,2.067304402589797974e-01,-9.416562318801879883e-01,9.918326139450073242e-02,-2.568265199661254883e-01,1.918642520904541016e-01,5.533993840217590332e-01,-9.611936807632446289e-01,7.206478714942932129e-02,-1.115267500281333923e-01,-2.696069180965423584e-01,4.706845805048942566e-02,9.164196252822875977e-02
-1.131672263145446777e-01,8.577846288681030273e-01,3.988943397998809814e-01,-2.182100117206573486e-01,1.306250095367431641e-01,5.987150073051452637e-01,7.595142126083374023e-01,-1.004019498825073242e+00,2.990255355834960938e-01,-2.069525420665740967e-02,1.593406558036804199e+00,-7.564066052436828613e-01,2.249023765325546265e-01,-1.803797364234924316e+00,-3.698113858699798584e-01,7.452398538589477539e-02,1.503074765205383301e+00,-2.728489637374877930e-01,9.630753099918365479e-02,-4.532552063465118408e-01,3.140000104904174805e-01,-1.847838610410690308e-01,-7.719647288322448730e-01,1.332385659217834473e+00,1.226826161146163940e-01,-1.043656229972839355e+00,1.891125589609146118e-01,-2.543681561946868896e-01,2.668095827102661133e-01,6.451519727706909180e-01,-8.591936826705932617e-01,1.323785483837127686e-01,-2.135267555713653564e-01,-3.117423653602600098e-01,3.436344861984252930e-02,-7.586454157717525959e-04
-1.031441912055015564e-01,8.574161529541015625e-01,3.648038208484649658e-01,-2.473262846469879150e-01,1.597803831100463867e-01,6.015362739562988281e-01,7.425995469093322754e-01,-1.106019496917724609e+00,2.947605848312377930e-01,-4.150544852018356323e-02,1.695406556129455566e+00,-7.747802734375000000e-01,2.313766926527023315e-01,-1.870898604393005371e+00,-3.675657808780670166e-01,9.911031275987625122e-02,1.524044394493103027e+00,-3.214095234870910645e-01,6.043800339102745056e-02,-4.362491965293884277e-01,3.140000104904174805e-01,-1.353067159652709961e-01,-8.739647269248962402e-01,1.230385661125183105e+00,2.296924404799938202e-02,-1.145656228065490723e+00,1.753747612237930298e-01,-2.360104471445083618e-01,3.153036534786224365e-01,6.577287316322326660e-01,-7.571936845779418945e-01,1.756152659654617310e-01,-3.155267536640167236e-01,-3.538990020751953125e-01,3.534412011504173279e-02,-7.994063943624496460e-02
-9.080459177494049072e-02,8.571363091468811035e-01,3.327367007732391357e-01,-2.612957358360290527e-01,1.879667937755584717e-01,6.066867113113403320e-01,7.268591523170471191e-01,-1.208019495010375977e+00,2.940960526466369629e-01,-3.632301092147827148e-02,1.775663256645202637e+00,-7.843059301376342773e-01,2.305725365877151489e-01,-1.971831440925598145e+00,-3.620069921016693115e-01,1.295525580644607544e-01,1.599175453186035156e+00,-3.970103561878204346e-01,1.080714911222457886e-02,-4.256578385829925537e-01,3.140000104904174805e-01,-8.679352700710296631e-02,-9.759647250175476074e-01,1.128385663032531738e+00,-6.637671589851379395e-02,-1.247656226158142090e+00,1.217421665787696838e-01,-2.168177366256713867e-01,3.676523268222808838e-01,6.479756832122802734e-01,-6.551936864852905273e-01,2.169537991285324097e-01,-4.175267517566680908e-01,-3.687212169170379639e-01,2.985003404319286346e-02,-1.369185149669647217e-01
-7.667642086744308472e-02,8.575151562690734863e-01,3.070840537548065186e-01,-2.568982839584350586e-01,2.138946652412414551e-01,6.068574190139770508e-01,7.210938930511474609e-01,-1.310019493103027344e+00,3.054521083831787109e-01,-8.732129819691181183e-03,1.823562622070312500e+00,-8.001958727836608887e-01,2.294096499681472778e-01,-2.073831319808959961e+00,-3.473690450191497803e-01,1.967517435550689697e-01,1.690730452537536621e+00,-4.818822145462036133e-01,-3.556878492236137390e-02,-4.460257887840270996e-01,3.140000104904174805e-01,-7.103259861469268799e-02,-1.041916608810424805e+00,1.026385664939880371e+00,-1.548005491495132446e-01,-1.349656224250793457e+00,9.782002121210098267e-02,-2.245470285415649414e-01,3.824034333229064941e-01,6.571903824806213379e-01,-5.531936883926391602e-01,2.410137355327606201e-01,-5.195267200469970703e-01,-3.781586289405822754e-01,2.876881882548332214e-02,-1.648093312978744507e-01
-6.011534854769706726e-02,8.581926226615905762e-01,2.938421070575714111e-01,-2.458244264125823975e-01,2.430119514465332031e-01,6.097950935363769531e-01,7.132079005241394043e-01,-1.412019491195678711e+00,3.221071958541870117e-01,3.437596559524536133e-02,1.830454707145690918e+00,-8.025794029235839844e-01,2.295726686716079712e-01,-2.163136005401611328e+00,-3.371163010597229004e-01,2.337398678064346313e-01,1.766757369041442871e+00,-5.437389016151428223e-01,-6.443469226360321045e-02,-4.455250203609466553e-01,3.140000104904174805e-01,-4.472316056489944458e-02,-1.040894031524658203e+00,9.243856668472290039e-01,-2.568005621433258057e-01,-1.451656222343444824e+00,6.242993101477622986e-02,-2.173838466405868530e-01,3.978507220745086670e-01,6.098702549934387207e-01,-4.511937201023101807e-01,2.306900471448898315e-01,-6.215267777442932129e-01,-3.417800962924957275e-01,3.777223452925682068e-02,-1.926787942647933960e-01
-4.157862067222595215e-02,8.593447208404541016e-01,2.743276059627532959e-01,-2.326057702302932739e-01,2.649959027767181396e-01,6.109189987182617188e-01,7.088368535041809082e-01,-1.514019489288330078e+00,3.249022364616394043e-01,4.456662014126777649e-02,1.848379850387573242e+00,-8.029369115829467773e-01,2.254859060049057007e-01,-2.239849567413330078e+00,-3.220650255680084229e-01,2.605583965778350830e-01,1.836931109428405762e+00,-5.655570626258850098e-01,-8.892944455146789551e-02,-4.722738862037658691e-01,3.140000104904174805e-01,-2.587940171360969543e-02,-1.004818916320800781e+00,8.223856687545776367e-01,-3.392798602581024170e-01,-1.553656220436096191e+00,4.950227215886116028e-02,-2.125483006238937378e-01,3.620805740356445312e-01,6.099868416786193848e-01,-4.033037424087524414e-01,2.266417741775512695e-01,-6.377413868904113770e-01,-3.241629600524902344e-01,4.454791545867919922e-02,-1.933726370334625244e-01
-2.138565480709075928e-02,8.621260523796081543e-01,2.679331600666046143e-01,-2.129762768745422363e-01,2.804447412490844727e-01,6.118134856224060059e-01,7.082909941673278809e-01,-1.616019487380981445e+00,3.434724211692810059e-01,6.599588692188262939e-02,1.843501925468444824e+00,-8.029905557632446289e-01,2.207629680633544922e-01,-2.279144763946533203e+00,-3.056333959102630615e-01,2.773269116878509521e-01,1.892933487892150879e+00,-5.868390798568725586e-01,-1.028695404529571533e-01,-5.046122670173645020e-01,3.140000104904174805e-01,-1.216515898704528809e-02,-9.375084638595581055e-01,7.769981622695922852e-01,-3.879795074462890625e-01,-1.655656218528747559e+00,2.647353895008563995e-02,-1.845709681510925293e-01,3.429361581802368164e-01,5.695843696594238281e-01,-4.961799085140228271e-01,2.086750268936157227e-01,-6.088687181472778320e-01,-2.791999876499176025e-01,4.946085438132286072e-02,-2.169328182935714722e-01
-6.883036694489419460e-04,8.656849861145019531e-01,2.668614685535430908e-01,-2.105301171541213989e-01,2.981541156768798828e-01,6.076734066009521484e-01,7.053468823432922363e-01,-1.718019485473632812e+00,3.594216108322143555e-01,6.169606372714042664e-02,1.834504008293151855e+00,-8.029986023902893066e-01,2.245136499404907227e-01,-2.316063642501831055e+00,-2.951731979846954346e-01,2.650234103202819824e-01,1.931683897972106934e+00,-6.157738566398620605e-01,-1.228707134723663330e-01,-4.984540641307830811e-01,3.140000104904174805e-01,1.418539602309465408e-02,-8.907651901245117188e-01,8.005688786506652832e-01,-4.431053400039672852e-01,-1.656309604644775391e+00,-2.898524049669504166e-03,-1.464347988367080688e-01,3.347547650337219238e-01,4.771419763565063477e-01,-5.546762347221374512e-01,1.819877028465270996e-01,-5.885612368583679199e-01,-2.293160557746887207e-01,4.603940993547439575e-02,-2.443348616361618042e-01
2.083694189786911011e-02,8.701582551002502441e-01,2.709411084651947021e-01,-1.970337629318237305e-01,3.028582632541656494e-01,6.079905033111572266e-01,7.069668769836425781e-01,-1.820019483566284180e+00,3.769526183605194092e-01,6.250181049108505249e-02,1.811562299728393555e+00,-7.816142439842224121e-01,2.217346429824829102e-01,-2.312452316284179688e+00,-2.919295728206634521e-01,2.436040788888931274e-01,1.956770300865173340e+00,-6.571385264396667480e-01,-1.523175686597824097e-01,-5.077551603317260742e-01,3.140000104904174805e-01,3.579385951161384583e-02,-8.361820578575134277e-01,8.236172795295715332e-01,-4.748438894748687744e-01,-1.575423955917358398e+00,-3.497772663831710815e-02,-1.053245142102241516e-01,3.334437012672424316e-01,3.751419782638549805e-01,-6.363797187805175781e-01,1.541446745395660400e-01,-5.903996229171752930e-01,-2.000207751989364624e-01,4.019042849540710449e-02,-2.738301157951354980e-01
4.281382262706756592e-02,8.756794929504394531e-01,2.883233129978179932e-01,-1.882607340812683105e-01,3.122290968894958496e-01,6.028980612754821777e-01,7.096371054649353027e-01,-1.846412062644958496e+00,3.861943781375885010e-01,6.275355815887451172e-02,1.762720823287963867e+00,-7.556486725807189941e-01,2.202521711587905884e-01,-2.286467552185058594e+00,-2.816870212554931641e-01,2.103886604309082031e-01,1.953730463981628418e+00,-6.962370276451110840e-01,-1.706845611333847046e-01,-5.109956264495849609e-01,3.140000104904174805e-01,6.163049116730690002e-02,-7.749142050743103027e-01,8.100053668022155762e-01,-4.897093474864959717e-01,-1.473423957824707031e+00,-3.732614219188690186e-02,-6.321530789136886597e-02,3.251747190952301025e-01,2.731419801712036133e-01,-7.110248804092407227e-01,1.408778429031372070e-01,-6.315652132034301758e-01,-1.628599911928176880e-01,1.973178423941135406e-02,-2.979777157306671143e-01
6.437443196773529053e-02,8.816174268722534180e-01,3.081126511096954346e-01,-1.843915283679962158e-01,3.240257203578948975e-01,5.989984273910522461e-01,7.086663246154785156e-01,-1.814978599548339844e+00,3.916628062725067139e-01,6.640160083770751953e-02,1.702575087547302246e+00,-7.370768785476684570e-01,2.283607870340347290e-01,-2.259707450866699219e+00,-2.772191464900970459e-01,1.779098212718963623e-01,1.939143896102905273e+00,-7.302502393722534180e-01,-1.884317398071289062e-01,-4.788637161254882812e-01,3.140000104904174805e-01,8.660622686147689819e-02,-7.398855090141296387e-01,7.712048292160034180e-01,-5.112817287445068359e-01,-1.371423959732055664e+00,-3.511884436011314392e-02,-3.974739089608192444e-02,3.156812489032745361e-01,1.711419820785522461e-01,-7.384671568870544434e-01,1.030157208442687988e-01,-6.953992247581481934e-01,-1.591743230819702148e-01,-3.498882520943880081e-03,-3.169136643409729004e-01
8.678457885980606079e-02,8.878973722457885742e-01,3.395060598850250244e-01,-1.709776818752288818e-01,3.180066049098968506e-01,5.997114181518554688e-01,7.141321301460266113e-01,-1.726023435592651367e+00,3.997011780738830566e-01,7.811956852674484253e-02,1.613704800605773926e+00,-7.296449542045593262e-01,2.421271204948425293e-01,-2.168348789215087891e+00,-2.817397117614746094e-01,1.308676153421401978e-01,1.895898461341857910e+00,-7.363663911819458008e-01,-1.838693767786026001e-01,-4.709772169589996338e-01,3.140000104904174805e-01,1.092586666345596313e-01,-6.661268472671508789e-01,7.491112351417541504e-01,-5.084299445152282715e-01,-1.269423961639404297e+00,-5.536351818591356277e-03,-3.948188386857509613e-03,2.886337935924530029e-01,6.914198398590087891e-02,-7.741464972496032715e-01,7.278372347354888916e-02,-7.973992228507995605e-01,-1.651266664266586304e-01,-4.594549909234046936e-02,-3.179059028625488281e-01
1.075350716710090637e-01,8.951604366302490234e-01,3.727841079235076904e-01,-1.551045477390289307e-01,3.123491108417510986e-01,6.059542298316955566e-01,7.149825692176818848e-01,-1.624023437500000000e+00,4.047312438488006592e-01,1.192557588219642639e-01,1.511704802513122559e+00,-7.082194089889526367e-01,2.462492436170578003e-01,-2.066348791122436523e+00,-3.076223731040954590e-01,8.569675683975219727e-02,1.845447778701782227e+00,-7.358368039131164551e-01,-1.846144944429397583e-01,-4.184581935405731201e-01,3.140000104904174805e-01,1.312111020088195801e-01,-5.897054672241210938e-01,7.304250597953796387e-01,-5.123170614242553711e-01,-1.167423963546752930e+00,3.284173086285591125e-02,2.044207975268363953e-02,2.557621300220489502e-01,-3.285801410675048828e-02,-7.060111761093139648e-01,-9.027812629938125610e-03,-8.993992209434509277e-01,-2.452291697263717651e-01,-7.938145101070404053e-02,-3.171186745166778564e-01
1.268529593944549561e-01,9.023533463478088379e-01,4.169468581676483154e-01,-1.419104486703872681e-01,2.974995076656341553e-01,6.222149729728698730e-01,7.100732326507568359e-01,-1.522023439407348633e+00,4.017403423786163330e-01,1.888124495744705200e-01,1.409704804420471191e+00,-6.122775673866271973e-01,1.982069611549377441e-01,-1.964348793029785156e+00,-3.441478312015533447e-01,2.911631949245929718e-02,1.766034364700317383e+00,-7.194554209709167480e-01,-1.787072420120239258e-01,-3.265042304992675781e-01,3.140000104904174805e-01,1.880483478307723999e-01,-5.030410289764404297e-01,7.382426857948303223e-01,-5.062812566757202148e-01,-1.065423965454101562e+00,5.443034321069717407e-02,3.896794468164443970e-02,2.129525989294052124e-01,-1.348580121994018555e-01,-6.040111780166625977e-01,-8.968403190374374390e-02,-1.001399159431457520e+00,-3.472291529178619385e-01,-9.952372312545776367e-02,-3.069171905517578125e-01
1.446870416402816772e-01,9.091500043869018555e-01,4.574352800846099854e-01,-1.297266632318496704e-01,2.747079730033874512e-01,6.378312706947326660e-01,7.077271938323974609e-01,-1.420023441314697266e+00,3.781926631927490234e-01,2.235817015171051025e-01,1.307704806327819824e+00,-5.102775692939758301e-01,1.438088268041610718e-01,-1.862348794937133789e+00,-3.658339083194732666e-01,-3.254113346338272095e-02,1.672890901565551758e+00,-7.069011330604553223e-01,-1.774857789278030396e-01,-2.279891520738601685e-01,3.140000104904174805e-01,2.492839694023132324e-01,-4.218503534793853760e-01,7.736365199089050293e-01,-4.864205420017242432e-01,-9.634240269660949707e-01,4.181355983018875122e-02,5.060679838061332703e-02,1.722686141729354858e-01,-2.368580102920532227e-01,-5.054751634597778320e-01,-9.362731128931045532e-02,-1.103399157524108887e+00,-4.351789355278015137e-01,-1.195497959852218628e-01,-2.792335450649261475e-01
1.602713465690612793e-01,9.156402349472045898e-01,5.024493932723999023e-01,-1.060405820608139038e-01,2.410467565059661865e-01,6.600655317306518555e-01,7.035377621650695801e-01,-1.318023443222045898e+00,3.572326004505157471e-01,2.432176321744918823e-01,1.205704689025878906e+00,-4.082775413990020752e-01,9.444441646337509155e-02,-1.760348796844482422e+00,-3.941336870193481445e-01,-1.008778735995292664e-01,1.570890903472900391e+00,-7.004471421241760254e-01,-1.757400184869766235e-01,-1.259891539812088013e-01,3.140000104904174805e-01,3.111384809017181396e-01,-3.588314056396484375e-01,8.040975928306579590e-01,-4.634994268417358398e-01,-8.614240288734436035e-01,1.903652027249336243e-02,6.048092246055603027e-02,1.432459056377410889e-01,-3.388580083847045898e-01,-4.520213603973388672e-01,-3.204044327139854431e-02,-1.205399274826049805e+00,-5.120385289192199707e-01,-1.466059833765029907e-01,-2.437443137168884277e-01
1.720890700817108154e-01,9.227696657180786133e-01,5.360217094421386719e-01,-7.666198164224624634e-02,2.037239968776702881e-01,7.042940258979797363e-01,6.757140159606933594e-01,-1.216023445129394531e+00,3.290629982948303223e-01,2.345833927392959595e-01,1.103704690933227539e+00,-3.062775433063507080e-01,4.563323780894279480e-02,-1.658348798751831055e+00,-4.591472446918487549e-01,-1.673471629619598389e-01,1.493697762489318848e+00,-7.103220224380493164e-01,-1.951567232608795166e-01,-9.158962965011596680e-02,3.140000104904174805e-01,4.131384789943695068e-01,-3.842110931873321533e-01,7.020975947380065918e-01,-3.957829177379608154e-01,-7.594240307807922363e-01,-4.010969772934913635e-02,6.224033981561660767e-02,1.396207809448242188e-01,-4.408580064773559570e-01,-4.101135134696960449e-01,6.995955854654312134e-02,-1.307399272918701172e+00,-5.213691592216491699e-01,-1.362377405166625977e-01,-2.569673955440521240e-01
1.812463998794555664e-01,9.312204122543334961e-01,5.699784755706787109e-01,-3.623961284756660461e-02,1.572016924619674683e-01,7.391560673713684082e-01,6.539285778999328613e-01,-1.114023447036743164e+00,3.277378678321838379e-01,2.451125383377075195e-01,1.079190015792846680e+00,-2.042775452136993408e-01,3.660538233816623688e-03,-1.556348800659179688e+00,-5.039093494415283203e-01,-2.467998564243316650e-01,1.407135128974914551e+00,-6.915802359580993652e-01,-2.050873935222625732e-01,-1.848310790956020355e-02,3.140000104904174805e-01,4.767707586288452148e-01,-3.925381004810333252e-01,7.184269428253173828e-01,-3.848819732666015625e-01,-6.574240326881408691e-01,-4.350171238183975220e-02,5.396351218223571777e-02,1.093717291951179504e-01,-5.428580045700073242e-01,-3.934184014797210693e-01,1.719595491886138916e-01,-1.409399271011352539e+00,-5.613582134246826172e-01,-1.437422186136245728e-01,-1.954319775104522705e-01
1.872471570968627930e-01,9.405675530433654785e-01,6.055543422698974609e-01,1.630845107138156891e-02,1.121836453676223755e-01,7.650176882743835449e-01,6.339533329010009766e-01,-1.012023448944091797e+00,3.369149863719940186e-01,2.838627696037292480e-01,1.181190013885498047e+00,-1.598639190196990967e-01,-3.919949755072593689e-03,-1.454348802566528320e+00,-5.379325151443481445e-01,-3.322845697402954102e-01,1.310858607292175293e+00,-6.362717151641845703e-01,-1.868262887001037598e-01,5.189422890543937683e-02,3.140000104904174805e-01,4.863156080245971680e-01,-4.122587740421295166e-01,8.204269409179687500e-01,-4.422389268875122070e-01,-5.894942879676818848e-01,-2.518381364643573761e-02,4.353375360369682312e-02,8.114346116781234741e-02,-6.448580026626586914e-01,-3.895862102508544922e-01,2.739595472812652588e-01,-1.511399269104003906e+00,-6.393473148345947266e-01,-1.455219686031341553e-01,-1.591624766588211060e-01
1.907210797071456909e-01,9.501921534538269043e-01,6.363555192947387695e-01,5.787389352917671204e-02,7.250943779945373535e-02,7.913143634796142578e-01,6.043298840522766113e-01,-1.024679780006408691e+00,2.846902012825012207e-01,2.665226161479949951e-01,1.283190011978149414e+00,-1.213779523968696594e-01,-1.588951610028743744e-02,-1.352348804473876953e+00,-5.449401736259460449e-01,-4.342845678329467773e-01,1.208858609199523926e+00,-5.342763662338256836e-01,-1.317726224660873413e-01,1.424854546785354614e-01,2.605128288269042969e-01,4.877473413944244385e-01,-4.410642981529235840e-01,9.224269390106201172e-01,-5.442389249801635742e-01,-6.914942860603332520e-01,4.085738211870193481e-02,-6.455754395574331284e-03,1.463187485933303833e-02,-7.468580007553100586e-01,-4.300269484519958496e-01,3.759595453739166260e-01,-1.613399267196655273e+00,-6.504380106925964355e-01,-1.204058825969696045e-01,-1.203003674745559692e-01
1.942328810691833496e-01,9.607266187667846680e-01,6.601548194885253906e-01,7.220614701509475708e-02,5.064031109213829041e-02,8.206855058670043945e-01,5.645326375961303711e-01,-1.075283765792846680e+00,2.134273499250411987e-01,2.562985122203826904e-01,1.385190010070800781e+00,-6.450287252664566040e-02,-5.747751146554946899e-02,-1.250348806381225586e+00,-4.858943521976470947e-01,-5.224216580390930176e-01,1.106858611106872559e+00,-4.322763979434967041e-01,-8.065879344940185547e-02,2.145338356494903564e-01,1.656259149312973022e-01,4.879620969295501709e-01,-4.343543946743011475e-01,1.024426937103271484e+00,-6.071998476982116699e-01,-7.934942841529846191e-01,8.795990794897079468e-02,-6.230610236525535583e-02,-1.579582691192626953e-02,-8.047171831130981445e-01,-5.320269465446472168e-01,4.779595434665679932e-01,-1.715399265289306641e+00,-6.119728088378906250e-01,-1.332880109548568726e-01,-6.335600465536117554e-02
1.973868012428283691e-01,9.719662070274353027e-01,6.776247024536132812e-01,8.838251978158950806e-02,1.552422344684600830e-02,8.475791811943054199e-01,5.230267643928527832e-01,-1.103898882865905762e+00,1.453375965356826782e-01,2.661516368389129639e-01,1.487190008163452148e+00,-1.599774882197380066e-02,-1.235100775957107544e-01,-1.148348808288574219e+00,-4.151452779769897461e-01,-6.107186675071716309e-01,1.004858613014221191e+00,-3.302763700485229492e-01,-5.499151349067687988e-02,2.601869702339172363e-01,7.065596431493759155e-02,4.879943132400512695e-01,-4.313925206661224365e-01,1.126426935195922852e+00,-5.446394681930541992e-01,-8.954942822456359863e-01,1.174743622541427612e-01,-1.177320852875709534e-01,-4.846309497952461243e-02,-8.628879189491271973e-01,-6.340269446372985840e-01,5.799595713615417480e-01,-1.817399263381958008e+00,-5.359550118446350098e-01,-1.298013329505920410e-01,2.142480388283729553e-02
1.960653215646743774e-01,9.786638617515563965e-01,6.877646446228027344e-01,1.107733547687530518e-01,3.330367058515548706e-02,8.488562703132629395e-01,5.158131122589111328e-01,-1.132024049758911133e+00,7.513789087533950806e-02,3.391124904155731201e-01,1.589190006256103516e+00,4.712253808975219727e-02,-1.954061239957809448e-01,-1.046348810195922852e+00,-4.387739598751068115e-01,-5.697733759880065918e-01,9.028586149215698242e-01,-2.282763868570327759e-01,-2.991076000034809113e-02,3.621869683265686035e-01,2.762675099074840546e-02,4.185780584812164307e-01,-5.333925485610961914e-01,1.228426933288574219e+00,-4.426394402980804443e-01,-9.974943399429321289e-01,1.547436509281396866e-02,-2.197320908308029175e-01,-2.540615852922201157e-03,-7.608879208564758301e-01,-7.360269427299499512e-01,4.779595434665679932e-01,-1.919399261474609375e+00,-4.339549839496612549e-01,-2.227007597684860229e-01,1.234248057007789612e-01
1.958948522806167603e-01,9.903596639633178711e-01,6.931831836700439453e-01,1.200379207730293274e-01,3.590804710984230042e-02,8.671028614044189453e-01,4.821141958236694336e-01,-1.166568040847778320e+00,2.395294234156608582e-02,3.716307580471038818e-01,1.691190004348754883e+00,7.425973564386367798e-02,-2.386420965194702148e-01,-9.443488121032714844e-01,-4.326492249965667725e-01,-5.752321481704711914e-01,8.608770966529846191e-01,-1.637359112501144409e-01,-2.468609251081943512e-02,4.641869664192199707e-01,-4.263948183506727219e-03,3.165780603885650635e-01,-6.353925466537475586e-01,1.330426931381225586e+00,-3.406394422054290771e-01,-1.099494338035583496e+00,-4.395201802253723145e-02,-3.217320740222930908e-01,9.108354337513446808e-03,-6.588879227638244629e-01,-8.380269408226013184e-01,3.759595453739166260e-01,-2.021399259567260742e+00,-3.319549858570098877e-01,-2.989484965801239014e-01,2.254248112440109253e-01
1.927972882986068726e-01,1.001885056495666504e+00,6.950428485870361328e-01,1.234292015433311462e-01,3.071632422506809235e-02,8.798404932022094727e-01,4.579328298568725586e-01,-1.204218149185180664e+00,-9.339101612567901611e-03,3.589735627174377441e-01,1.793190002441406250e+00,9.995079785585403442e-02,-2.558463215827941895e-01,-8.423488140106201172e-01,-4.120755493640899658e-01,-5.941646099090576172e-01,8.364426493644714355e-01,-1.487805545330047607e-01,1.796716707758605480e-03,5.661869645118713379e-01,-1.586865633726119995e-02,2.332236468791961670e-01,-7.373925447463989258e-01,1.432426929473876953e+00,-2.386394441127777100e-01,-1.201494336128234863e+00,-7.731513679027557373e-02,-3.431572914123535156e-01,-1.821189187467098236e-02,-5.568879246711730957e-01,-9.400269389152526855e-01,2.739595472812652588e-01,-2.123399257659912109e+00,-2.299549877643585205e-01,-2.828652560710906982e-01,3.014340400695800781e-01
1.902671754360198975e-01,1.013486146926879883e+00,6.988238096237182617e-01,1.230943799018859863e-01,3.266949951648712158e-02,8.927865624427795410e-01,4.321025609970092773e-01,-1.222449302673339844e+00,-2.542920596897602081e-02,3.463318943977355957e-01,1.895190000534057617e+00,1.028807908296585083e-01,-2.528206706047058105e-01,-7.403488159179687500e-01,-3.818973302841186523e-01,-6.170124411582946777e-01,8.182972669601440430e-01,-1.842978000640869141e-01,1.273730210959911346e-02,6.675167679786682129e-01,-2.346908114850521088e-02,1.735320240259170532e-01,-8.393925428390502930e-01,1.534426927566528320e+00,-1.366394460201263428e-01,-1.303494334220886230e+00,-4.051379114389419556e-02,-3.413705825805664062e-01,-6.932514160871505737e-02,-4.548879563808441162e-01,-1.042026996612548828e+00,1.719595491886138916e-01,-2.225399255752563477e+00,-2.009098231792449951e-01,-2.448950707912445068e-01,3.366069495677947998e-01
1.878428310155868530e-01,1.023524641990661621e+00,7.010691165924072266e-01,1.241516992449760437e-01,3.623521327972412109e-02,9.010017514228820801e-01,4.140884280204772949e-01,-1.216093659400939941e+00,-4.100302234292030334e-02,3.339156806468963623e-01,1.957945346832275391e+00,1.028627976775169373e-01,-2.508131265640258789e-01,-6.383488178253173828e-01,-3.511854112148284912e-01,-6.198081374168395996e-01,7.983226180076599121e-01,-1.978647559881210327e-01,1.552138384431600571e-02,6.818426251411437988e-01,-2.896584570407867432e-02,1.331327110528945923e-01,-9.369111657142639160e-01,1.636426925659179688e+00,-6.978406757116317749e-02,-1.405494332313537598e+00,-8.948137983679771423e-03,-3.258976042270660400e-01,-1.203712895512580872e-01,-3.528879582881927490e-01,-1.144026994705200195e+00,1.075385287404060364e-01,-2.327399253845214844e+00,-2.247936129570007324e-01,-1.878826767206192017e-01,3.468181788921356201e-01
1.851768791675567627e-01,1.032328844070434570e+00,7.026565074920654297e-01,1.255489438772201538e-01,3.292211890220642090e-02,9.070146679878234863e-01,4.005970656871795654e-01,-1.187290787696838379e+00,-4.609936103224754333e-02,3.265651762485504150e-01,1.952806353569030762e+00,1.080020964145660400e-01,-2.483747899532318115e-01,-5.363488197326660156e-01,-3.288240432739257812e-01,-6.378454566001892090e-01,7.840943336486816406e-01,-2.234623134136199951e-01,1.663577742874622345e-02,6.814402341842651367e-01,-4.856347292661666870e-02,1.150281205773353577e-01,-9.773052930831909180e-01,1.685004353523254395e+00,-5.613751336932182312e-02,-1.507494330406188965e+00,1.644699089229106903e-02,-2.977178096771240234e-01,-1.766977161169052124e-01,-2.508879601955413818e-01,-1.246026992797851562e+00,7.539664953947067261e-02,-2.350682973861694336e+00,-2.708932459354400635e-01,-1.371285766363143921e-01,3.699885308742523193e-01
1.832980215549468994e-01,1.040068268775939941e+00,7.046486139297485352e-01,1.228858679533004761e-01,3.227972611784934998e-02,9.125936627388000488e-01,3.886255919933319092e-01,-1.146409273147583008e+00,-4.453187808394432068e-02,3.289321959018707275e-01,1.939421534538269043e+00,1.011068597435951233e-01,-2.444682121276855469e-01,-4.343487918376922607e-01,-3.101633191108703613e-01,-6.478621363639831543e-01,7.697980999946594238e-01,-2.425749748945236206e-01,1.435420289635658264e-02,6.769970059394836426e-01,-6.862661987543106079e-02,1.088979020714759827e-01,-9.980562925338745117e-01,1.698123693466186523e+00,-5.763450637459754944e-02,-1.609494328498840332e+00,2.756846323609352112e-02,-2.682639360427856445e-01,-2.180095165967941284e-01,-1.488879472017288208e-01,-1.348026990890502930e+00,4.719836637377738953e-02,-2.343067646026611328e+00,-3.029845952987670898e-01,-1.012900918722152710e-01,3.852851390838623047e-01
1.822694689035415649e-01,1.046663284301757812e+00,7.073321342468261719e-01,1.190834939479827881e-01,3.016414120793342590e-02,9.175165295600891113e-01,3.782494962215423584e-01,-1.096778631210327148e+00,-4.102862626314163208e-02,3.400026857852935791e-01,1.922472596168518066e+00,1.023804694414138794e-01,-2.454122155904769897e-01,-3.323487937450408936e-01,-2.939553558826446533e-01,-6.531993150711059570e-01,7.563129067420959473e-01,-2.570121884346008301e-01,9.372945874929428101e-03,6.684570312500000000e-01,-8.641785383224487305e-02,1.115087047219276428e-01,-1.009156227111816406e+00,1.701526761054992676e+00,-6.334277242422103882e-02,-1.711494326591491699e+00,2.084064856171607971e-02,-2.389191240072250366e-01,-2.426729202270507812e-01,-1.122223064303398132e-01,-1.450026988983154297e+00,2.794462628662586212e-02,-2.311259508132934570e+00,-3.261057734489440918e-01,-8.501364290714263916e-02,3.910808861255645752e-01
1.817868053913116455e-01,1.051415443420410156e+00,7.103039026260375977e-01,1.154216080904006958e-01,2.433324418962001801e-02,9.204519391059875488e-01,3.726311326026916504e-01,-1.049211978912353516e+00,-4.141995310783386230e-02,3.527402877807617188e-01,1.904518723487854004e+00,1.161271110177040100e-01,-2.547353804111480713e-01,-2.303487956523895264e-01,-2.823791801929473877e-01,-6.602302193641662598e-01,7.366858124732971191e-01,-2.444734424352645874e-01,7.087386213243007660e-03,6.617699265480041504e-01,-1.039582341909408569e-01,1.193063706159591675e-01,-1.011680006980895996e+00,1.704603433609008789e+00,-7.981814444065093994e-02,-1.694975614547729492e+00,1.145741809159517288e-02,-2.173636853694915771e-01,-2.666971981525421143e-01,-1.139895319938659668e-01,-1.552026987075805664e+00,2.279609814286231995e-02,-2.281864166259765625e+00,-3.545803725719451904e-01,-8.053246140480041504e-02,3.968232274055480957e-01
1.817200034856796265e-01,1.054951548576354980e+00,7.139048576354980469e-01,1.118012666702270508e-01,1.798314042389392853e-02,9.205844998359680176e-01,3.737663030624389648e-01,-1.006971836090087891e+00,-4.138530790805816650e-02,3.661212027072906494e-01,1.886033892631530762e+00,1.322918981313705444e-01,-2.609103024005889893e-01,-1.283487975597381592e-01,-2.721589207649230957e-01,-6.691062450408935547e-01,7.127498984336853027e-01,-2.245596796274185181e-01,4.846281372010707855e-03,6.553719043731689453e-01,-1.188252419233322144e-01,1.366116702556610107e-01,-1.003547072410583496e+00,1.704046845436096191e+00,-9.742025285959243774e-02,-1.637555360794067383e+00,2.927641326095908880e-04,-2.050769627094268799e-01,-2.922301888465881348e-01,-1.284369081258773804e-01,-1.654026985168457031e+00,2.449067495763301849e-02,-2.260066747665405273e+00,-3.746411502361297607e-01,-8.165987581014633179e-02,3.988385200500488281e-01
1.810767650604248047e-01,1.056968927383422852e+00,7.174472808837890625e-01,1.044659242033958435e-01,1.085640210658311844e-02,9.191230535507202148e-01,3.797128498554229736e-01,-9.762155413627624512e-01,-4.035606980323791504e-02,3.687466084957122803e-01,1.864875793457031250e+00,1.436256468296051025e-01,-2.618365585803985596e-01,-2.634880132973194122e-02,-2.664345800876617432e-01,-6.778460741043090820e-01,6.891899704933166504e-01,-1.947271376848220825e-01,9.282603859901428223e-03,6.516708135604858398e-01,-1.306063383817672729e-01,1.580423265695571899e-01,-9.926513433456420898e-01,1.711880803108215332e+00,-1.159001290798187256e-01,-1.555938959121704102e+00,-1.332875248044729233e-02,-1.977959424257278442e-01,-3.152087628841400146e-01,-1.532015353441238403e-01,-1.756026983261108398e+00,2.193421497941017151e-02,-2.251752376556396484e+00,-3.841507136821746826e-01,-8.233285695314407349e-02,4.034241437911987305e-01
1.799590587615966797e-01,1.058125972747802734e+00,7.194243669509887695e-01,9.988380968570709229e-02,3.912241198122501373e-03,9.135766029357910156e-01,3.941899240016937256e-01,-9.560903906822204590e-01,-3.120750561356544495e-02,3.624489009380340576e-01,1.836858272552490234e+00,1.510542333126068115e-01,-2.619754672050476074e-01,1.925794780254364014e-02,-2.640528082847595215e-01,-6.883568763732910156e-01,6.668518185615539551e-01,-1.457435488700866699e-01,1.791347377002239227e-02,6.553965806961059570e-01,-1.347125470638275146e-01,1.807281225919723511e-01,-9.760763049125671387e-01,1.712149620056152344e+00,-1.319518685340881348e-01,-1.462668061256408691e+00,-3.596499189734458923e-02,-1.942317485809326172e-01,-3.234092593193054199e-01,-1.789598166942596436e-01,-1.858026981353759766e+00,2.453228272497653961e-02,-2.244995355606079102e+00,-3.811046481132507324e-01,-9.359166771173477173e-02,3.814315199851989746e-01
1.771178692579269409e-01,1.058292508125305176e+00,7.190176248550415039e-01,9.451340138912200928e-02,-3.183207008987665176e-03,9.064624905586242676e-01,4.115613996982574463e-01,-9.523981809616088867e-01,-1.842503994703292847e-02,3.294486999511718750e-01,1.792542219161987305e+00,1.473803073167800903e-01,-2.565409839153289795e-01,2.583198808133602142e-02,-2.658394575119018555e-01,-6.897216439247131348e-01,6.561437249183654785e-01,-1.065019592642784119e-01,2.509103901684284210e-02,6.645400524139404297e-01,-1.323649287223815918e-01,2.090220600366592407e-01,-9.391166567802429199e-01,1.720043778419494629e+00,-1.435689330101013184e-01,-1.360668063163757324e+00,-6.349078565835952759e-02,-1.884916722774505615e-01,-3.104351758956909180e-01,-2.031398266553878784e-01,-1.960026979446411133e+00,3.231975063681602478e-02,-2.234252214431762695e+00,-3.611399531364440918e-01,-1.088762134313583374e-01,3.440888524055480957e-01
1.725335419178009033e-01,1.057377696037292480e+00,7.148842811584472656e-01,8.459542691707611084e-02,-1.011050958186388016e-02,8.941153287887573242e-01,4.396580755710601807e-01,-9.613801836967468262e-01,9.598059579730033875e-03,2.895467877388000488e-01,1.745296597480773926e+00,1.292034685611724854e-01,-2.325874865055084229e-01,1.306581031531095505e-02,-2.784498035907745361e-01,-6.905307769775390625e-01,6.637990474700927734e-01,-9.127293527126312256e-02,2.497507072985172272e-02,6.831749081611633301e-01,-1.208852156996726990e-01,2.420703023672103882e-01,-8.837928175926208496e-01,1.723272442817687988e+00,-1.524125635623931885e-01,-1.258668065071105957e+00,-7.857909798622131348e-02,-1.722080260515213013e-01,-2.892278730869293213e-01,-2.336046248674392700e-01,-2.001861095428466797e+00,4.248805716633796692e-02,-2.226763963699340820e+00,-3.395926058292388916e-01,-1.237113922834396362e-01,2.909553050994873047e-01
1.653117239475250244e-01,1.055202603340148926e+00,7.052739858627319336e-01,7.864657044410705566e-02,-1.634863764047622681e-02,8.767300248146057129e-01,4.742276966571807861e-01,-9.810134172439575195e-01,5.260692909359931946e-02,2.280677407979965210e-01,1.667649149894714355e+00,1.074703037738800049e-01,-1.998500227928161621e-01,-1.762673258781433105e-02,-3.106698393821716309e-01,-6.995176076889038086e-01,7.067624926567077637e-01,-1.030882149934768677e-01,2.326830103993415833e-02,7.194478511810302734e-01,-9.579320251941680908e-02,2.786683440208435059e-01,-8.029238581657409668e-01,1.727947711944580078e+00,-1.535167992115020752e-01,-1.156668066978454590e+00,-1.064362376928329468e-01,-1.494870334863662720e-01,-2.369772195816040039e-01,-2.648094594478607178e-01,-2.004570484161376953e+00,5.054052174091339111e-02,-2.212455749511718750e+00,-2.856351733207702637e-01,-1.469347476959228516e-01,2.078344672918319702e-01
1.562601774930953979e-01,1.051932334899902344e+00,6.893757581710815430e-01,7.860029488801956177e-02,-1.655349135398864746e-02,8.559066653251647949e-01,5.108540058135986328e-01,-9.873901009559631348e-01,1.079102978110313416e-01,1.712744385004043579e-01,1.565649151802062988e+00,7.868590950965881348e-02,-1.690850108861923218e-01,-8.276113867759704590e-02,-3.621459603309631348e-01,-6.956277489662170410e-01,7.984848022460937500e-01,-1.657214909791946411e-01,7.658359390916302800e-05,7.599529623985290527e-01,-5.284325405955314636e-02,3.251481354236602783e-01,-7.009238600730895996e-01,1.701039791107177734e+00,-1.459454894065856934e-01,-1.054668068885803223e+00,-1.232115179300308228e-01,-1.016068458557128906e-01,-1.788843423128128052e-01,-2.959002554416656494e-01,-1.970040917396545410e+00,6.761942803859710693e-02,-2.192321062088012695e+00,-2.135180830955505371e-01,-1.741412281990051270e-01,1.088021770119667053e-01
1.460119932889938354e-01,1.047970890998840332e+00,6.624768972396850586e-01,7.539577782154083252e-02,9.442415903322398663e-04,8.342130780220031738e-01,5.462629199028015137e-01,-9.873621463775634766e-01,1.845200657844543457e-01,1.410682201385498047e-01,1.463649153709411621e+00,2.508381567895412445e-02,-1.289628595113754272e-01,-1.847611367702484131e-01,-4.233900308609008789e-01,-6.505432128906250000e-01,9.004848003387451172e-01,-2.677215039730072021e-01,-3.989262878894805908e-02,6.914401650428771973e-01,1.870577782392501831e-02,3.746978044509887695e-01,-5.989238619804382324e-01,1.662374377250671387e+00,-1.544870883226394653e-01,-9.526680111885070801e-01,-1.397986263036727905e-01,-4.494683817028999329e-02,-1.061795949935913086e-01,-3.118805289268493652e-01,-1.869917035102844238e+00,3.762610256671905518e-02,-2.282759189605712891e+00,-1.115180924534797668e-01,-2.213238030672073364e-01,6.802173797041177750e-03
1.315224468708038330e-01,1.042379975318908691e+00,6.353597640991210938e-01,7.758843153715133667e-02,2.407734654843807220e-02,8.040403723716735840e-01,5.889986753463745117e-01,-9.376456141471862793e-01,2.289108484983444214e-01,1.388507187366485596e-01,1.361649155616760254e+00,-2.655228227376937866e-02,-9.728650003671646118e-02,-2.867611348628997803e-01,-4.914943277835845947e-01,-5.752136707305908203e-01,1.002484798431396484e+00,-3.697215020656585693e-01,-1.050999984145164490e-01,7.137913107872009277e-01,1.207057759165763855e-01,3.931649625301361084e-01,-4.969238936901092529e-01,1.560374379158020020e+00,-6.562849134206771851e-02,-8.506680130958557129e-01,-1.336806714534759521e-01,-1.430337410420179367e-02,-3.309393301606178284e-02,-3.756161332130432129e-01,-1.767917037010192871e+00,5.394612997770309448e-02,-2.294462442398071289e+00,-5.570477619767189026e-02,-2.411943823099136353e-01,-9.519782662391662598e-02
1.140441074967384338e-01,1.035935878753662109e+00,6.049011945724487305e-01,7.150351256132125854e-02,4.858082160353660583e-02,7.733567953109741211e-01,6.280496716499328613e-01,-8.758800625801086426e-01,2.317766547203063965e-01,1.197841018438339233e-01,1.259649157524108887e+00,-5.723925307393074036e-02,-7.363786548376083374e-02,-3.887611329555511475e-01,-5.316093564033508301e-01,-4.732136726379394531e-01,1.104484796524047852e+00,-4.717215001583099365e-01,-1.738238781690597534e-01,7.212734222412109375e-01,2.227057814598083496e-01,4.128052294254302979e-01,-3.949238657951354980e-01,1.458374381065368652e+00,3.637150675058364868e-02,-7.486680150032043457e-01,-1.321321576833724976e-01,-6.588782183825969696e-03,3.127145022153854370e-02,-4.493893086910247803e-01,-1.665917038917541504e+00,6.733021885156631470e-02,-2.304851770401000977e+00,8.643398177810013294e-04,-2.570498585700988770e-01,-1.733752936124801636e-01
9.374420344829559326e-02,1.029217123985290527e+00,5.717123746871948242e-01,5.092370510101318359e-02,7.291331887245178223e-02,7.480484843254089355e-01,6.576578617095947266e-01,-8.769654035568237305e-01,2.337892800569534302e-01,7.305058091878890991e-02,1.157649159431457520e+00,-1.218098402023315430e-01,-3.544667363166809082e-02,-4.907611310482025146e-01,-5.191197991371154785e-01,-3.712136745452880859e-01,1.206484794616699219e+00,-5.737214684486389160e-01,-2.087548822164535522e-01,7.389852404594421387e-01,3.003030419349670410e-01,4.196311831474304199e-01,-2.929238677024841309e-01,1.356374382972717285e+00,1.383715122938156128e-01,-6.466680169105529785e-01,-1.252501308917999268e-01,-2.587391063570976257e-02,1.140536218881607056e-01,-5.072895884513854980e-01,-1.563917040824890137e+00,7.218009233474731445e-02,-2.294375419616699219e+00,3.267050534486770630e-02,-2.880396544933319092e-01,-2.394942343235015869e-01
6.816306710243225098e-02,1.020898818969726562e+00,5.261521339416503906e-01,-4.054111428558826447e-03,9.298371523618698120e-02,7.288498878479003906e-01,6.783180832862854004e-01,-9.789654016494750977e-01,2.413368225097656250e-01,1.565141417086124420e-02,1.111850976943969727e+00,-2.238098382949829102e-01,2.843135409057140350e-02,-5.927611589431762695e-01,-4.658234119415283203e-01,-2.692136764526367188e-01,1.308484792709350586e+00,-6.757214665412902832e-01,-2.280522882938385010e-01,7.282655239105224609e-01,3.119454681873321533e-01,4.141139686107635498e-01,-1.909238845109939575e-01,1.254374384880065918e+00,2.403715103864669800e-01,-5.446680188179016113e-01,-1.055950149893760681e-01,-3.346176818013191223e-02,1.685948222875595093e-01,-5.461215376853942871e-01,-1.461917042732238770e+00,8.272505551576614380e-02,-2.339705228805541992e+00,2.080533653497695923e-02,-3.018329441547393799e-01,-2.640446722507476807e-01
4.171118885278701782e-02,1.013235449790954590e+00,4.997453391551971436e-01,-4.857741668820381165e-02,1.047992631793022156e-01,7.184427380561828613e-01,6.859281063079833984e-01,-1.080965399742126465e+00,2.479446679353713989e-01,-3.402208536863327026e-02,1.208830356597900391e+00,-3.258098363876342773e-01,7.970799505710601807e-02,-6.947611570358276367e-01,-4.296144843101501465e-01,-2.044090479612350464e-01,1.410484790802001953e+00,-7.777214646339416504e-01,-2.154817134141921997e-01,7.227016091346740723e-01,3.136918246746063232e-01,4.064492881298065186e-01,-8.892387896776199341e-02,1.152374386787414551e+00,2.979039549827575684e-01,-4.426680207252502441e-01,-9.078266471624374390e-02,-5.788172408938407898e-02,2.032809108495712280e-01,-5.701029300689697266e-01,-1.359917044639587402e+00,9.973111748695373535e-02,-2.345564365386962891e+00,-8.584960363805294037e-03,-3.120670616626739502e-01,-2.892756760120391846e-01
1.495313737541437149e-02,1.005409836769104004e+00,4.663622677326202393e-01,-9.099000692367553711e-02,1.068888604640960693e-01,7.130860686302185059e-01,6.868798136711120605e-01,-1.182965397834777832e+00,2.437352240085601807e-01,-9.606115520000457764e-02,1.310830354690551758e+00,-4.278098344802856445e-01,1.317464262247085571e-01,-7.967611551284790039e-01,-4.069987535476684570e-01,-1.714697331190109253e-01,1.512484788894653320e+00,-7.992082238197326660e-01,-2.126161158084869385e-01,7.178843021392822266e-01,3.139537870883941650e-01,4.039037227630615234e-01,1.307612005621194839e-02,1.050374388694763184e+00,2.948034405708312988e-01,-3.406680226325988770e-01,-5.263596773147583008e-02,-1.020397841930389404e-01,2.168962359428405762e-01,-5.872632265090942383e-01,-1.257917046546936035e+00,1.336622834205627441e-01,-2.343332767486572266e+00,-9.863439947366714478e-02,-3.064620196819305420e-01,-2.820975482463836670e-01
-9.748341515660285950e-03,9.988608360290527344e-01,4.361328780651092529e-01,-1.326001435518264771e-01,1.191802546381950378e-01,7.116720080375671387e-01,6.795117855072021484e-01,-1.284965395927429199e+00,2.226911038160324097e-01,-1.428443044424057007e-01,1.412830352783203125e+00,-5.298098325729370117e-01,1.638717204332351685e-01,-8.987611532211303711e-01,-4.045631885528564453e-01,-1.385323703289031982e-01,1.614484786987304688e+00,-8.024312257766723633e-01,-2.098836302757263184e-01,6.962031722068786621e-01,3.139930665493011475e-01,3.916960954666137695e-01,1.150761172175407410e-01,9.483743309974670410e-01,2.786943018436431885e-01,-2.386680245399475098e-01,-1.436093822121620178e-02,-1.365040987730026245e-01,2.405753135681152344e-01,-6.368069648742675781e-01,-1.155917048454284668e+00,2.183334529399871826e-01,-2.323941946029663086e+00,-2.006343901157379150e-01,-2.741616666316986084e-01,-2.947319746017456055e-01
-3.236132860183715820e-02,9.940839409828186035e-01,4.023797214031219482e-01,-1.621121019124984741e-01,1.160684153437614441e-01,7.008802294731140137e-01,6.848464608192443848e-01,-1.386965394020080566e+00,2.070637792348861694e-01,-1.980320513248443604e-01,1.514830350875854492e+00,-6.261864900588989258e-01,1.913608014583587646e-01,-1.000761151313781738e+00,-3.994867801666259766e-01,-1.168044432997703552e-01,1.711501479148864746e+00,-8.029146790504455566e-01,-2.191186547279357910e-01,7.332587838172912598e-01,3.139989674091339111e-01,4.040057063102722168e-01,2.170761227607727051e-01,8.463743329048156738e-01,1.976781040430068970e-01,-2.223538607358932495e-01,7.595621794462203979e-02,-1.510201096534729004e-01,2.147403210401535034e-01,-6.790081262588500977e-01,-1.053917050361633301e+00,2.570739686489105225e-01,-2.221941947937011719e+00,-3.026343882083892822e-01,-2.207804918289184570e-01,-2.856841981410980225e-01
-5.190293118357658386e-02,9.911899566650390625e-01,3.764300644397735596e-01,-1.835329234600067139e-01,1.073731333017349243e-01,7.036505341529846191e-01,6.779841780662536621e-01,-1.488965392112731934e+00,1.777278333902359009e-01,-2.361363470554351807e-01,1.616830348968505859e+00,-7.026358842849731445e-01,2.028054445981979370e-01,-1.102761149406433105e+00,-4.099867343902587891e-01,-1.010654866695404053e-01,1.754197716712951660e+00,-8.029872179031372070e-01,-2.237217873334884644e-01,7.912345528602600098e-01,3.139998316764831543e-01,4.350510835647583008e-01,3.190761208534240723e-01,7.443743348121643066e-01,1.347652077674865723e-01,-3.092751502990722656e-01,1.678924560546875000e-01,-1.616003960371017456e-01,2.184397727251052856e-01,-7.154192328453063965e-01,-9.519170522689819336e-01,2.422241568565368652e-01,-2.119941949844360352e+00,-3.991405367851257324e-01,-1.907200366258621216e-01,-3.113567233085632324e-01
-6.781676411628723145e-02,9.913097620010375977e-01,3.616063296794891357e-01,-2.056085914373397827e-01,1.042905002832412720e-01,7.090939283370971680e-01,6.663590669631958008e-01,-1.590965390205383301e+00,1.465390920639038086e-01,-2.549714148044586182e-01,1.718830347061157227e+00,-7.383844852447509766e-01,2.114781290292739868e-01,-1.204761147499084473e+00,-4.244212508201599121e-01,-9.359282255172729492e-02,1.772184252738952637e+00,-8.029980659484863281e-01,-2.338699400424957275e-01,8.223615884780883789e-01,3.139999806880950928e-01,4.459051489830017090e-01,4.210761189460754395e-01,6.423743367195129395e-01,4.147553071379661560e-02,-3.857770860195159912e-01,2.006626129150390625e-01,-1.664785891771316528e-01,2.024807333946228027e-01,-7.639883160591125488e-01,-8.499170541763305664e-01,1.800088435411453247e-01,-2.017941951751708984e+00,-4.917073547840118408e-01,-1.616062372922897339e-01,-3.303362429141998291e-01
-8.014189451932907104e-02,9.941903948783874512e-01,3.503299057483673096e-01,-2.210186272859573364e-01,9.765219688415527344e-02,7.149424552917480469e-01,6.561037302017211914e-01,-1.692965388298034668e+00,1.299812942743301392e-01,-2.571398913860321045e-01,1.795742511749267578e+00,-7.903277277946472168e-01,2.358810156583786011e-01,-1.306761145591735840e+00,-4.375756084918975830e-01,-9.355922788381576538e-02,1.782647967338562012e+00,-8.029997348785400391e-01,-2.276974469423294067e-01,8.416949510574340820e-01,3.140000104904174805e-01,4.501676559448242188e-01,5.230761170387268066e-01,5.403743386268615723e-01,-3.624975681304931641e-02,-4.574443101882934570e-01,2.267315685749053955e-01,-1.603792011737823486e-01,1.775661110877990723e-01,-8.106613755226135254e-01,-7.479170560836791992e-01,1.233492791652679443e-01,-1.915941834449768066e+00,-5.710997581481933594e-01,-1.231499314308166504e-01,-3.152858614921569824e-01
-9.065493196249008179e-02,9.992662668228149414e-01,3.484434187412261963e-01,-2.336778789758682251e-01,9.973651915788650513e-02,7.188030481338500977e-01,6.471239924430847168e-01,-1.794965386390686035e+00,1.047170534729957581e-01,-2.583330571651458740e-01,1.823689579963684082e+00,-7.977296113967895508e-01,2.324307113885879517e-01,-1.408761143684387207e+00,-4.430658817291259766e-01,-8.571639657020568848e-02,1.781264662742614746e+00,-8.029999732971191406e-01,-2.328205257654190063e-01,8.736745119094848633e-01,3.140000104904174805e-01,4.518030583858489990e-01,6.127554774284362793e-01,4.383743405342102051e-01,-7.791239023208618164e-02,-5.124494433403015137e-01,2.225028723478317261e-01,-1.685240715742111206e-01,1.885938197374343872e-01,-8.419632911682128906e-01,-6.459170579910278320e-01,7.344422489404678345e-02,-1.813941836357116699e+00,-5.875548124313354492e-01,-1.080976724624633789e-01,-3.489681482315063477e-01
-9.889360517263412476e-02,1.006774306297302246e+00,3.521876633167266846e-01,-2.358235567808151245e-01,9.720753878355026245e-02,7.265663743019104004e-01,6.379962563514709473e-01,-1.896965384483337402e+00,9.123477339744567871e-02,-2.465187013149261475e-01,1.831247448921203613e+00,-7.941309213638305664e-01,2.287342101335525513e-01,-1.441440701484680176e+00,-4.505543112754821777e-01,-8.188582211732864380e-02,1.772251963615417480e+00,-8.029999732971191406e-01,-2.322363108396530151e-01,8.962291479110717773e-01,3.140000104904174805e-01,4.481171071529388428e-01,6.443303227424621582e-01,3.363743424415588379e-01,-1.015033423900604248e-01,-5.611820816993713379e-01,2.403137385845184326e-01,-1.669900864362716675e-01,1.784105747938156128e-01,-8.710725903511047363e-01,-5.439170598983764648e-01,3.118092007935047150e-02,-1.711941838264465332e+00,-5.650528669357299805e-01,-8.916252851486206055e-02,-3.483611047267913818e-01
-1.061424165964126587e-01,1.016092061996459961e+00,3.610059320926666260e-01,-2.343934178352355957e-01,9.870716929435729980e-02,7.336732149124145508e-01,6.301112771034240723e-01,-1.916037678718566895e+00,9.264568984508514404e-02,-2.211626619100570679e-01,1.823305249214172363e+00,-7.868673205375671387e-01,2.233061790466308594e-01,-1.415324449539184570e+00,-4.678498506546020508e-01,-8.436867594718933105e-02,1.755892395973205566e+00,-8.029999732971191406e-01,-2.335609793663024902e-01,8.841561079025268555e-01,3.140000104904174805e-01,4.058817028999328613e-01,6.464453339576721191e-01,2.343743443489074707e-01,-1.199340149760246277e-01,-5.946292877197265625e-01,2.418194711208343506e-01,-1.700608730316162109e-01,1.573685854673385620e-01,-8.944848179817199707e-01,-4.419170618057250977e-01,-1.110372319817543030e-02,-1.609941840171813965e+00,-5.695897936820983887e-01,-8.332941681146621704e-02,-3.403416872024536133e-01
-1.134257912635803223e-01,1.026787757873535156e+00,3.733967840671539307e-01,-2.308551967144012451e-01,9.952906519174575806e-02,7.383499145507812500e-01,6.258108615875244141e-01,-1.892035841941833496e+00,1.013770475983619690e-01,-1.980787217617034912e-01,1.811751842498779297e+00,-7.879432439804077148e-01,2.237482964992523193e-01,-1.374215722084045410e+00,-4.777294099330902100e-01,-8.821950852870941162e-02,1.728901743888854980e+00,-8.029999732971191406e-01,-2.325785011053085327e-01,8.639652729034423828e-01,3.140000104904174805e-01,3.628785610198974609e-01,6.014551520347595215e-01,1.604146957397460938e-01,-9.189075231552124023e-02,-6.328801512718200684e-01,2.562513947486877441e-01,-1.650954037904739380e-01,1.451087296009063721e-01,-9.172756075859069824e-01,-3.399170637130737305e-01,-4.198516160249710083e-02,-1.507941842079162598e+00,-5.787148475646972656e-01,-8.572637289762496948e-02,-3.132099211215972900e-01
-1.217360123991966248e-01,1.038519144058227539e+00,3.929913341999053955e-01,-2.155919373035430908e-01,9.568125009536743164e-02,7.476710081100463867e-01,6.207683086395263672e-01,-1.828682780265808105e+00,1.046838685870170593e-01,-1.757727265357971191e-01,1.788560152053833008e+00,-7.622689604759216309e-01,2.092933654785156250e-01,-1.300639510154724121e+00,-4.893190562725067139e-01,-9.385940432548522949e-02,1.687478303909301758e+00,-8.029999732971191406e-01,-2.354216873645782471e-01,8.530687689781188965e-01,3.140000104904174805e-01,3.285303711891174316e-01,4.994551837444305420e-01,1.521131992340087891e-01,1.010924670845270157e-02,-7.170628309249877930e-01,2.711986303329467773e-01,-1.789527833461761475e-01,1.828985512256622314e-01,-9.409471154212951660e-01,-2.379170656204223633e-01,-8.856435120105743408e-02,-1.484298467636108398e+00,-5.980378389358520508e-01,-7.662091404199600220e-02,-2.988251745700836182e-01
-1.312364041805267334e-01,1.051138401031494141e+00,4.170450866222381592e-01,-2.004401385784149170e-01,8.819747716188430786e-02,7.527132630348205566e-01,6.208604574203491211e-01,-1.742007374763488770e+00,1.045037582516670227e-01,-1.580279171466827393e-01,1.753696918487548828e+00,-7.366997003555297852e-01,2.070002257823944092e-01,-1.211061477661132812e+00,-4.916564226150512695e-01,-1.086595430970191956e-01,1.623430490493774414e+00,-8.029999732971191406e-01,-2.390898913145065308e-01,8.310641050338745117e-01,3.140000104904174805e-01,2.869099378585815430e-01,3.974551558494567871e-01,2.112471163272857666e-01,1.121092438697814941e-01,-8.190628290176391602e-01,3.219211995601654053e-01,-1.805614084005355835e-01,2.117043435573577881e-01,-9.733938574790954590e-01,-1.748423278331756592e-01,-1.243861764669418335e-01,-1.586298465728759766e+00,-6.511062383651733398e-01,-6.184185668826103210e-02,-2.467998713254928589e-01
-1.412538290023803711e-01,1.064991474151611328e+00,4.499563276767730713e-01,-1.880864799022674561e-01,9.062801301479339600e-02,7.516609430313110352e-01,6.256323456764221191e-01,-1.644597291946411133e+00,1.068886071443557739e-01,-1.342787742614746094e-01,1.694132328033447266e+00,-6.954619884490966797e-01,1.962035000324249268e-01,-1.125137686729431152e+00,-5.125532746315002441e-01,-1.533573716878890991e-01,1.543142080307006836e+00,-8.029999732971191406e-01,-2.284524440765380859e-01,7.957471609115600586e-01,3.140000104904174805e-01,2.297711223363876343e-01,2.954551577568054199e-01,3.096607625484466553e-01,2.141092419624328613e-01,-9.210628271102905273e-01,3.771144151687622070e-01,-1.777494102716445923e-01,2.173557132482528687e-01,-1.005184173583984375e+00,-1.547019034624099731e-01,-1.783319860696792603e-01,-1.688298463821411133e+00,-6.524590253829956055e-01,-6.173138320446014404e-02,-1.788058280944824219e-01
-1.518173515796661377e-01,1.077974438667297363e+00,4.834297597408294678e-01,-1.631174832582473755e-01,7.958799600601196289e-02,7.506675124168395996e-01,6.352611184120178223e-01,-1.542597293853759766e+00,1.245187222957611084e-01,-9.792190045118331909e-02,1.628218293190002441e+00,-6.441355943679809570e-01,2.009362280368804932e-01,-1.023137688636779785e+00,-5.451999902725219727e-01,-2.157858461141586304e-01,1.451322078704833984e+00,-7.009999752044677734e-01,-1.849939674139022827e-01,7.326006889343261719e-01,3.140000104904174805e-01,1.600309461355209351e-01,1.934551745653152466e-01,4.116607606410980225e-01,2.897829711437225342e-01,-1.023062825202941895e+00,3.826518952846527100e-01,-1.513702124357223511e-01,2.095272094011306763e-01,-1.101099848747253418e+00,-1.023719161748886108e-01,-2.744632065296173096e-01,-1.790298461914062500e+00,-6.221723556518554688e-01,-9.091771394014358521e-02,-1.724333763122558594e-01
-1.627685576677322388e-01,1.090878367424011230e+00,5.258705615997314453e-01,-1.406699866056442261e-01,6.875952333211898804e-02,7.367839813232421875e-01,6.577487587928771973e-01,-1.440597295761108398e+00,1.562145352363586426e-01,-5.680756643414497375e-02,1.543662786483764648e+00,-6.026164889335632324e-01,2.154664695262908936e-01,-9.211376309394836426e-01,-5.693603754043579102e-01,-2.825248837471008301e-01,1.360390901565551758e+00,-5.989999771118164062e-01,-1.350093483924865723e-01,6.306006908416748047e-01,3.139999508857727051e-01,8.976859599351882935e-02,9.145516902208328247e-02,5.136607885360717773e-01,2.443794906139373779e-01,-1.125062823295593262e+00,3.729807436466217041e-01,-1.550209969282150269e-01,2.029169350862503052e-01,-1.195868730545043945e+00,-1.073412969708442688e-01,-3.240617513656616211e-01,-1.892298460006713867e+00,-5.905402898788452148e-01,-1.187522485852241516e-01,-1.945560127496719360e-01
-1.723773032426834106e-01,1.104526758193969727e+00,5.701957941055297852e-01,-1.137317866086959839e-01,5.482766032218933105e-02,7.078869342803955078e-01,6.949496865272521973e-01,-1.338597297668457031e+00,2.009747326374053955e-01,-2.993768976011779159e-05,1.445401549339294434e+00,-5.679320693016052246e-01,2.154732495546340942e-01,-8.295396566390991211e-01,-5.599853992462158203e-01,-3.131475150585174561e-01,1.303545951843261719e+00,-4.970000088214874268e-01,-6.191880628466606140e-02,5.286006927490234375e-01,3.139910101890563965e-01,9.272397495806217194e-03,-1.054483093321323395e-02,6.156607866287231445e-01,1.423794925212860107e-01,-1.227062821388244629e+00,3.110980391502380371e-01,-1.834525614976882935e-01,1.881399452686309814e-01,-1.292415380477905273e+00,-1.883406639099121094e-01,-3.215463757514953613e-01,-1.994298458099365234e+00,-5.588486790657043457e-01,-1.304560899734497070e-01,-2.146929204463958740e-01
-1.799295991659164429e-01,1.118286848068237305e+00,6.094834804534912109e-01,-8.546092361211776733e-02,3.507184982299804688e-02,6.625901460647583008e-01,7.432635426521301270e-01,-1.236597299575805664e+00,2.699680924415588379e-01,9.521760046482086182e-02,1.343401551246643066e+00,-5.726242065429687500e-01,1.923539042472839355e-01,-8.123497962951660156e-01,-5.441182851791381836e-01,-3.060226738452911377e-01,1.335344791412353516e+00,-3.950000107288360596e-01,3.459996357560157776e-02,4.266006648540496826e-01,3.006004691123962402e-01,-9.272760152816772461e-02,-1.125448271632194519e-01,7.176607847213745117e-01,4.037948697805404663e-02,-1.329062819480895996e+00,2.090980410575866699e-01,-2.541631758213043213e-01,9.275802969932556152e-02,-1.307532906532287598e+00,-2.903406620025634766e-01,-2.251271903514862061e-01,-2.096298456192016602e+00,-4.986477792263031006e-01,-1.422341912984848022e-01,-2.555310428142547607e-01
-1.831750869750976562e-01,1.130115270614624023e+00,6.485285758972167969e-01,-4.522533342242240906e-02,-1.776157529093325138e-03,6.434378027915954590e-01,7.641592621803283691e-01,-1.134597301483154297e+00,2.714783251285552979e-01,1.482890248298645020e-01,1.241401553153991699e+00,-4.755024611949920654e-01,1.339283287525177002e-01,-7.812827825546264648e-01,-5.157405734062194824e-01,-3.278385698795318604e-01,1.437344789505004883e+00,-2.930000126361846924e-01,8.571479469537734985e-02,3.246006667613983154e-01,2.920455932617187500e-01,-1.947275996208190918e-01,-2.145448327064514160e-01,8.196607828140258789e-01,-6.162051111459732056e-02,-1.431062817573547363e+00,1.070980504155158997e-01,-3.561631739139556885e-01,2.505358681082725525e-02,-1.205532908439636230e+00,-3.923406600952148438e-01,-2.117212563753128052e-01,-2.118291616439819336e+00,-3.966477811336517334e-01,-1.523083448410034180e-01,-2.218367159366607666e-01
-1.865068376064300537e-01,1.141790509223937988e+00,6.857564449310302734e-01,-3.439116105437278748e-02,-3.352949395775794983e-02,6.219238042831420898e-01,7.816033363342285156e-01,-1.032597303390502930e+00,2.673658430576324463e-01,1.721478402614593506e-01,1.139401555061340332e+00,-3.735024631023406982e-01,8.503447473049163818e-02,-8.241267800331115723e-01,-4.570608139038085938e-01,-3.235327005386352539e-01,1.539344787597656250e+00,-1.909999996423721313e-01,9.099259972572326660e-02,2.226006686687469482e-01,1.940698921680450439e-01,-2.967275977134704590e-01,-2.469834387302398682e-01,9.216607809066772461e-01,-1.636205166578292847e-01,-1.533062815666198730e+00,5.098047200590372086e-03,-4.517870545387268066e-01,-1.940057985484600067e-02,-1.122156262397766113e+00,-4.943406581878662109e-01,-1.243337690830230713e-01,-2.037545442581176758e+00,-2.946477830410003662e-01,-1.712680011987686157e-01,-1.397221982479095459e-01
-1.888371855020523071e-01,1.153923511505126953e+00,7.209683656692504883e-01,-3.569094836711883545e-02,-3.594813495874404907e-02,5.912379026412963867e-01,8.049046993255615234e-01,-9.305973052978515625e-01,2.613821923732757568e-01,2.088716030120849609e-01,1.037401556968688965e+00,-2.715024650096893311e-01,6.506651639938354492e-02,-8.978294134140014648e-01,-3.874226212501525879e-01,-3.292078077793121338e-01,1.641344785690307617e+00,-8.900000154972076416e-02,7.563479244709014893e-02,1.206006705760955811e-01,9.206988662481307983e-02,-2.973182797431945801e-01,-1.714155822992324829e-01,1.023660778999328613e+00,-2.556951940059661865e-01,-1.635062813758850098e+00,-9.690195322036743164e-02,-4.554552435874938965e-01,-1.156825646758079529e-01,-1.089859485626220703e+00,-5.963406562805175781e-01,-3.162702545523643494e-02,-1.935545325279235840e+00,-1.926477700471878052e-01,-1.738545447587966919e-01,-3.772219642996788025e-02
-1.902187913656234741e-01,1.165264844894409180e+00,7.502168416976928711e-01,-3.181893005967140198e-02,-3.581181168556213379e-02,5.509253144264221191e-01,8.331784605979919434e-01,-8.285973072052001953e-01,2.576991617679595947e-01,2.880735993385314941e-01,9.354016184806823730e-01,-1.695024520158767700e-01,5.927001684904098511e-02,-9.748327732086181641e-01,-3.039721250534057617e-01,-3.410547375679016113e-01,1.743344783782958984e+00,-2.356998063623905182e-02,5.953458696603775024e-02,1.860066875815391541e-02,-9.930112399160861969e-03,-2.579958140850067139e-01,-1.099459305405616760e-01,1.125660777091979980e+00,-3.165660500526428223e-01,-1.737062811851501465e+00,-1.989019513130187988e-01,-3.971691429615020752e-01,-2.176825553178787231e-01,-1.084708809852600098e+00,-6.983406543731689453e-01,1.735976524651050568e-02,-1.833545327186584473e+00,-9.064777195453643799e-02,-1.543688029050827026e-01,6.427780538797378540e-02
-1.882087886333465576e-01,1.174427747726440430e+00,7.716974020004272461e-01,-2.379562705755233765e-02,-5.622965842485427856e-02,5.238581299781799316e-01,8.496144413948059082e-01,-7.265973091125488281e-01,2.394673079252243042e-01,3.586816191673278809e-01,8.334016203880310059e-01,-6.750245392322540283e-02,3.504943847656250000e-02,-1.041287302970886230e+00,-2.167154848575592041e-01,-3.574744462966918945e-01,1.845344781875610352e+00,3.099853172898292542e-02,7.707623392343521118e-02,-8.339933305978775024e-02,-9.011358767747879028e-02,-2.108674347400665283e-01,-1.108519360423088074e-01,1.227660775184631348e+00,-3.476336598396301270e-01,-1.839062809944152832e+00,-2.492510229349136353e-01,-3.918611705303192139e-01,-2.386600375175476074e-01,-1.077427029609680176e+00,-8.003406524658203125e-01,-3.678987547755241394e-02,-1.731545329093933105e+00,1.135222800076007843e-02,-1.417933553457260132e-01,1.662778109312057495e-01
-1.842684894800186157e-01,1.184051156044006348e+00,7.880591154098510742e-01,-1.935558393597602844e-02,-6.936394423246383667e-02,4.910372793674468994e-01,8.681569099426269531e-01,-6.245973110198974609e-01,2.077807635068893433e-01,3.767813146114349365e-01,7.314016222953796387e-01,3.449754789471626282e-02,1.623323187232017517e-02,-1.101239681243896484e+00,-1.342328041791915894e-01,-3.850582540035247803e-01,1.947344779968261719e+00,5.988945811986923218e-02,1.055535078048706055e-01,-1.853993386030197144e-01,-1.229526326060295105e-01,-1.665800064802169800e-01,-1.259331405162811279e-01,1.329660773277282715e+00,-3.525835275650024414e-01,-1.874510169029235840e+00,-2.831565439701080322e-01,-3.966927528381347656e-01,-2.265013307332992554e-01,-1.066301465034484863e+00,-9.023406505584716797e-01,-1.122827455401420593e-01,-1.629545331001281738e+00,1.133522242307662964e-01,-1.291761100292205811e-01,1.750117689371109009e-01
-1.751925200223922729e-01,1.193259119987487793e+00,8.017146587371826172e-01,-4.841986577957868576e-03,-7.666816562414169312e-02,4.652441442012786865e-01,8.818426132202148438e-01,-5.225972533226013184e-01,1.726100742816925049e-01,3.800529837608337402e-01,6.294016242027282715e-01,1.364975422620773315e-01,3.064913209527730942e-03,-1.137356519699096680e+00,-8.775148540735244751e-02,-3.912507593631744385e-01,2.030893802642822266e+00,8.367010205984115601e-02,1.225828677415847778e-01,-2.873993217945098877e-01,-1.391161233186721802e-01,-1.373696923255920410e-01,-1.617999076843261719e-01,1.431660771369934082e+00,-3.462721109390258789e-01,-1.868216872215270996e+00,-3.022092878818511963e-01,-3.911069631576538086e-01,-2.125932276248931885e-01,-1.068814992904663086e+00,-1.004340648651123047e+00,-1.683841794729232788e-01,-1.527545332908630371e+00,2.153522223234176636e-01,-1.198420673608779907e-01,1.561169773340225220e-01
-1.613111644983291626e-01,1.201527237892150879e+00,8.117575645446777344e-01,1.115055568516254425e-02,-7.936453074216842651e-02,4.474008381366729736e-01,8.907353281974792480e-01,-4.205972850322723389e-01,1.318235546350479126e-01,3.720660507678985596e-01,5.274016261100769043e-01,2.037597298622131348e-01,1.169574563391506672e-03,-1.152469515800476074e+00,-5.898860469460487366e-02,-3.869573771953582764e-01,2.015649557113647461e+00,1.029870063066482544e-01,1.357278525829315186e-01,-3.893993198871612549e-01,-1.501923352479934692e-01,-1.242026537656784058e-01,-2.084773778915405273e-01,1.533660769462585449e+00,-3.234501779079437256e-01,-1.870728969573974609e+00,-3.114353120326995850e-01,-3.922031819820404053e-01,-1.943852007389068604e-01,-1.079601764678955078e+00,-1.106340646743774414e+00,-2.095270752906799316e-01,-1.425545334815979004e+00,2.536564171314239502e-01,-1.159044057130813599e-01,1.381951719522476196e-01
-1.445251554250717163e-01,1.209460020065307617e+00,8.189222812652587891e-01,2.474323101341724396e-02,-8.192574977874755859e-02,4.343207478523254395e-01,8.966835737228393555e-01,-3.185972869396209717e-01,9.721694141626358032e-02,3.633922040462493896e-01,4.254015982151031494e-01,2.447854280471801758e-01,6.674241274595260620e-03,-1.148936748504638672e+00,-5.724561959505081177e-02,-3.663601577281951904e-01,1.971993923187255859e+00,1.123501434922218323e-01,1.255661845207214355e-01,-4.913993179798126221e-01,-1.679887026548385620e-01,-1.187385320663452148e-01,-2.588050365447998047e-01,1.635660767555236816e+00,-2.982465028762817383e-01,-1.864362955093383789e+00,-3.055709600448608398e-01,-3.772794008255004883e-01,-1.832116097211837769e-01,-1.095154762268066406e+00,-1.208340644836425781e+00,-2.242395281791687012e-01,-1.323545336723327637e+00,2.409384995698928833e-01,-1.068147048354148865e-01,1.432243287563323975e-01
-1.248286068439483643e-01,1.217064142227172852e+00,8.252285718917846680e-01,3.896411135792732239e-02,-7.607022672891616821e-02,4.228763878345489502e-01,9.021478295326232910e-01,-2.165972888469696045e-01,6.278504431247711182e-02,3.468318879604339600e-01,3.234016001224517822e-01,2.649935781955718994e-01,1.269413623958826065e-02,-1.117777943611145020e+00,-7.101265341043472290e-02,-3.479286134243011475e-01,1.918920278549194336e+00,9.745837748050689697e-02,1.047077998518943787e-01,-5.933993458747863770e-01,-1.998000591993331909e-01,-1.158091351389884949e-01,-3.103089630603790283e-01,1.737660765647888184e+00,-2.692840099334716797e-01,-1.844550013542175293e+00,-3.118616938591003418e-01,-3.529660999774932861e-01,-1.859223395586013794e-01,-1.106663346290588379e+00,-1.310340642929077148e+00,-2.207949012517929077e-01,-1.221545338630676270e+00,2.217490226030349731e-01,-1.033522114157676697e-01,1.664430499076843262e-01
-1.033408567309379578e-01,1.223522067070007324e+00,8.294949531555175781e-01,5.255172401666641235e-02,-6.459072977304458618e-02,4.134954810142517090e-01,9.066905975341796875e-01,-1.145972833037376404e-01,2.947005443274974823e-02,3.333070576190948486e-01,2.225973606109619141e-01,2.675973176956176758e-01,1.837949082255363464e-02,-1.079862356185913086e+00,-8.551778644323348999e-02,-3.375313580036163330e-01,1.870770335197448730e+00,7.858288288116455078e-02,8.909200876951217651e-02,-6.953993439674377441e-01,-2.311128228902816772e-01,-1.217277720570564270e-01,-3.540781438350677490e-01,1.839660763740539551e+00,-2.510419785976409912e-01,-1.809820890426635742e+00,-3.155549466609954834e-01,-3.271206021308898926e-01,-1.928419321775436401e-01,-1.111579298973083496e+00,-1.381188392639160156e+00,-2.160023748874664307e-01,-1.119545340538024902e+00,1.949271708726882935e-01,-1.026166751980781555e-01,1.807587593793869019e-01
-8.130332082509994507e-02,1.228740930557250977e+00,8.308407068252563477e-01,6.170472502708435059e-02,-5.590568482875823975e-02,4.048073589801788330e-01,9.106031656265258789e-01,-1.259728241711854935e-02,3.672740887850522995e-03,3.304224908351898193e-01,1.499516069889068604e-01,2.839198410511016846e-01,2.793188765645027161e-02,-1.036738038063049316e+00,-8.383751660585403442e-02,-3.389154374599456787e-01,1.842274904251098633e+00,7.701999694108963013e-02,8.406729996204376221e-02,-7.973993420600891113e-01,-2.607825100421905518e-01,-1.271520406007766724e-01,-3.975301682949066162e-01,1.941660761833190918e+00,-2.425224035978317261e-01,-1.761046767234802246e+00,-3.149236738681793213e-01,-2.980461418628692627e-01,-2.101037949323654175e-01,-1.113401412963867188e+00,-1.405622482299804688e+00,-2.037845999002456665e-01,-1.063348412513732910e+00,1.777567118406295776e-01,-1.047663390636444092e-01,1.966251134872436523e-01
-5.738455057144165039e-02,1.232913255691528320e+00,8.302819728851318359e-01,6.907752901315689087e-02,-4.220525175333023071e-02,3.970430791378021240e-01,9.142230749130249023e-01,8.940272033214569092e-02,-1.623318903148174286e-02,3.251460194587707520e-01,9.662066400051116943e-02,2.971611022949218750e-01,3.089985623955726624e-02,-1.001190304756164551e+00,-7.487313449382781982e-02,-3.344589769840240479e-01,1.817892313003540039e+00,8.487676829099655151e-02,8.689714968204498291e-02,-8.407366871833801270e-01,-2.848162651062011719e-01,-1.345342844724655151e-01,-4.338913559913635254e-01,2.043660879135131836e+00,-2.361780256032943726e-01,-1.717492341995239258e+00,-3.228583633899688721e-01,-2.737087309360504150e-01,-2.298283427953720093e-01,-1.103550195693969727e+00,-1.429336667060852051e+00,-1.923098415136337280e-01,-1.068647384643554688e+00,1.784009188413619995e-01,-1.104406490921974182e-01,2.115069180727005005e-01
-3.062204271554946899e-02,1.237096786499023438e+00,8.282012939453125000e-01,8.188833296298980713e-02,-2.495813928544521332e-02,3.823775947093963623e-01,9.200319647789001465e-01,1.414999365806579590e-01,-3.879142552614212036e-02,3.154470920562744141e-01,4.034874215722084045e-02,2.939494848251342773e-01,3.195515275001525879e-02,-9.828494191169738770e-01,-7.442276179790496826e-02,-3.297004103660583496e-01,1.778922200202941895e+00,6.463983654975891113e-02,8.274874836206436157e-02,-8.375899791717529297e-01,-3.037745952606201172e-01,-1.477187424898147583e-01,-4.792006909847259521e-01,2.040822029113769531e+00,-2.214417159557342529e-01,-1.688760399818420410e+00,-3.165602385997772217e-01,-2.548692226409912109e-01,-2.458585351705551147e-01,-1.095802187919616699e+00,-1.448531985282897949e+00,-1.815527677536010742e-01,-1.112992048263549805e+00,1.629222184419631958e-01,-1.286017149686813354e-01,2.194871157407760620e-01
-1.630039652809500694e-03,1.241034984588623047e+00,8.248569965362548828e-01,9.663618355989456177e-02,-1.296845637261867523e-02,3.688730597496032715e-01,9.243516325950622559e-01,1.709799319505691528e-01,-5.509876087307929993e-02,2.988488376140594482e-01,6.064682267606258392e-03,2.755119800567626953e-01,3.181426972150802612e-02,-9.757042527198791504e-01,-7.887960225343704224e-02,-2.962930202484130859e-01,1.710008263587951660e+00,5.169631168246269226e-02,7.365831732749938965e-02,-8.273316025733947754e-01,-3.105273544788360596e-01,-1.650033444166183472e-01,-5.300297141075134277e-01,1.994375228881835938e+00,-1.994382292032241821e-01,-1.683240890502929688e+00,-2.976466417312622070e-01,-2.381535768508911133e-01,-2.579199969768524170e-01,-1.074313282966613770e+00,-1.461670875549316406e+00,-1.704880148172378540e-01,-1.179569125175476074e+00,1.283120363950729370e-01,-1.399012804031372070e-01,2.326945513486862183e-01
3.128620982170104980e-02,1.245002865791320801e+00,8.201084136962890625e-01,1.105736345052719116e-01,1.184115186333656311e-03,3.607687056064605713e-01,9.260767102241516113e-01,1.870960146188735962e-01,-6.652627885341644287e-02,2.600653469562530518e-01,9.097023284994065762e-04,2.308958768844604492e-01,2.814091183245182037e-02,-9.765778183937072754e-01,-7.494419813156127930e-02,-2.451280951499938965e-01,1.608008265495300293e+00,3.968404233455657959e-02,7.668079435825347900e-02,-8.298088312149047852e-01,-3.112218081951141357e-01,-1.892478018999099731e-01,-5.920725464820861816e-01,1.914477705955505371e+00,-1.725115180015563965e-01,-1.702971100807189941e+00,-2.610704302787780762e-01,-2.291828095912933350e-01,-2.634477615356445312e-01,-1.051172733306884766e+00,-1.467823386192321777e+00,-1.583250463008880615e-01,-1.281569123268127441e+00,6.378730386495590210e-02,-1.495590955018997192e-01,2.306613475084304810e-01
6.038175150752067566e-02,1.247105956077575684e+00,8.103460073471069336e-01,1.429941803216934204e-01,1.946322992444038391e-02,3.485792875289916992e-01,9.261027574539184570e-01,1.979971081018447876e-01,-1.095855310559272766e-01,2.125906348228454590e-01,1.364553463645279408e-04,1.974488943815231323e-01,1.116209663450717926e-02,-9.966025948524475098e-01,-1.010764315724372864e-01,-1.769747287034988403e-01,1.506008267402648926e+00,1.676808344200253487e-03,7.250367105007171631e-02,-7.278088331222534180e-01,-3.135628700256347656e-01,-2.912478148937225342e-01,-6.389328241348266602e-01,1.812477707862854004e+00,-1.032548695802688599e-01,-1.804971098899841309e+00,-2.120401263236999512e-01,-2.245462834835052490e-01,-2.560767233371734619e-01,-9.862344861030578613e-01,-1.569823384284973145e+00,-1.175266578793525696e-01,-1.359205484390258789e+00,2.909118495881557465e-02,-1.190980896353721619e-01,2.339437156915664673e-01
9.459787607192993164e-02,1.250968813896179199e+00,8.051871061325073242e-01,1.505431830883026123e-01,4.023334011435508728e-02,3.436514437198638916e-01,9.260786771774291992e-01,1.908866465091705322e-01,-1.155878379940986633e-01,1.865606456995010376e-01,5.935576744377613068e-03,1.573846489191055298e-01,2.211384708061814308e-03,-1.004885435104370117e+00,-9.693719446659088135e-02,-1.109564378857612610e-01,1.404008269309997559e+00,-3.566264361143112183e-02,6.917119771242141724e-02,-6.495765447616577148e-01,-3.138601183891296387e-01,-3.323262631893157959e-01,-7.114664316177368164e-01,1.710477709770202637e+00,-9.636206924915313721e-02,-1.906971096992492676e+00,-1.355659663677215576e-01,-2.053310871124267578e-01,-2.669012844562530518e-01,-9.233857393264770508e-01,-1.641871213912963867e+00,-1.459736526012420654e-01,-1.461205482482910156e+00,-5.508195981383323669e-02,-1.032445207238197327e-01,2.365657389163970947e-01
1.292786896228790283e-01,1.254786968231201172e+00,8.028935194015502930e-01,1.462146341800689697e-01,6.550442427396774292e-02,3.369916677474975586e-01,9.277753233909606934e-01,1.595330983400344849e-01,-9.782081842422485352e-02,1.833491325378417969e-01,6.774910539388656616e-02,1.009075343608856201e-01,-1.801748014986515045e-02,-9.898633360862731934e-01,-9.887096285820007324e-02,-6.382793933153152466e-02,1.302008271217346191e+00,-1.151882186532020569e-01,5.152466148138046265e-02,-6.407476663589477539e-01,-2.767457067966461182e-01,-3.585590124130249023e-01,-7.993918061256408691e-01,1.608477711677551270e+00,-1.072677522897720337e-01,-2.008970975875854492e+00,-3.356596082448959351e-02,-2.158138006925582886e-01,-2.346637547016143799e-01,-8.213856816291809082e-01,-1.571061730384826660e+00,-1.961771547794342041e-01,-1.563205480575561523e+00,-1.570819616317749023e-01,-1.025724932551383972e-01,1.876565515995025635e-01
1.647097319364547729e-01,1.259409546852111816e+00,7.945863008499145508e-01,1.360059976577758789e-01,7.735136896371841431e-02,3.346203267574310303e-01,9.292730093002319336e-01,1.054491177201271057e-01,-4.623267054557800293e-02,2.115522325038909912e-01,1.697491109371185303e-01,4.058185592293739319e-02,-2.657143212854862213e-02,-9.579036831855773926e-01,-1.029082611203193665e-01,-9.688694775104522705e-02,1.200008273124694824e+00,-1.902029365301132202e-01,1.837415993213653564e-02,-6.611976623535156250e-01,-1.966538280248641968e-01,-3.725545406341552734e-01,-9.013918042182922363e-01,1.506477713584899902e+00,-1.402235329151153564e-01,-2.110970973968505859e+00,6.843403726816177368e-02,-2.939827740192413330e-01,-1.460748165845870972e-01,-7.911719083786010742e-01,-1.469061732292175293e+00,-1.483030170202255249e-01,-1.665205478668212891e+00,-2.590819597244262695e-01,-1.662278920412063599e-01,1.605427265167236328e-01
1.945932805538177490e-01,1.268258452415466309e+00,7.601933479309082031e-01,9.278876334428787231e-02,1.150406897068023682e-01,3.429643809795379639e-01,9.276482462882995605e-01,3.449120093137025833e-03,5.101440474390983582e-02,2.322801351547241211e-01,2.717491090297698975e-01,-6.141814589500427246e-02,-1.886945031583309174e-02,-1.018488883972167969e+00,-9.108313918113708496e-02,-1.579224616289138794e-01,1.098008275032043457e+00,-2.877169549465179443e-01,-6.331426650285720825e-02,-5.591976642608642578e-01,-1.102733686566352844e-01,-4.147217273712158203e-01,-1.003391861915588379e+00,1.404477715492248535e+00,-2.422235310077667236e-01,-2.212970972061157227e+00,1.704340428113937378e-01,-1.981060653924942017e-01,-6.010696664452552795e-02,-8.931719064712524414e-01,-1.367061734199523926e+00,-4.630301520228385925e-02,-1.767205476760864258e+00,-3.610819578170776367e-01,-7.999956607818603516e-02,8.798974007368087769e-02
2.299065440893173218e-01,1.276662349700927734e+00,7.368150949478149414e-01,6.334572285413742065e-02,1.261997222900390625e-01,3.616945445537567139e-01,9.215410947799682617e-01,-9.855087846517562866e-02,1.069012582302093506e-01,2.164786309003829956e-01,3.737491071224212646e-01,-1.321314424276351929e-01,1.899860985577106476e-02,-1.054405212402343750e+00,-9.702230244874954224e-02,-2.075320035219192505e-01,1.102683901786804199e+00,-3.626061677932739258e-01,-1.306096613407135010e-01,-4.696839153766632080e-01,-8.273370563983917236e-03,-4.161881208419799805e-01,-1.105391860008239746e+00,1.302477717399597168e+00,-3.442235291004180908e-01,-2.261928558349609375e+00,2.724340260028839111e-01,-1.942015886306762695e-01,4.189303517341613770e-02,-9.951719045639038086e-01,-1.265061736106872559e+00,5.569698289036750793e-02,-1.869205474853515625e+00,-4.630819559097290039e-01,-7.970979064702987671e-02,-1.281427312642335892e-02
2.681777179241180420e-01,1.286153912544250488e+00,7.165161371231079102e-01,4.639152809977531433e-02,1.340001523494720459e-01,3.834885358810424805e-01,9.125943183898925781e-01,-2.005508840084075928e-01,1.333892941474914551e-01,2.060744911432266235e-01,4.757491052150726318e-01,-2.050711959600448608e-01,1.130770444869995117e-01,-1.078227400779724121e+00,-1.095057353377342224e-01,-2.526448071002960205e-01,1.196204900741577148e+00,-4.265684783458709717e-01,-1.839919388294219971e-01,-3.676839172840118408e-01,9.372662752866744995e-02,-3.978048861026763916e-01,-1.207391858100891113e+00,1.200477719306945801e+00,-3.508009612560272217e-01,-2.297648668289184570e+00,3.744340538978576660e-01,-1.776178926229476929e-01,1.149701029062271118e-01,-1.097171902656555176e+00,-1.163061738014221191e+00,1.576969772577285767e-01,-1.971205472946166992e+00,-5.650819540023803711e-01,-8.978444337844848633e-02,-9.197707474231719971e-02
3.083907365798950195e-01,1.298025012016296387e+00,6.994769573211669922e-01,2.364618889987468719e-02,1.599693894386291504e-01,3.954142928123474121e-01,9.041560888290405273e-01,-3.025508821010589600e-01,9.274575859308242798e-02,1.677296608686447144e-01,5.777491331100463867e-01,-2.983367145061492920e-01,2.150770425796508789e-01,-1.110527634620666504e+00,-1.198581978678703308e-01,-3.232091963291168213e-01,1.294481515884399414e+00,-5.147582888603210449e-01,-2.429410368204116821e-01,-2.656839191913604736e-01,1.957266330718994141e-01,-3.405766189098358154e-01,-1.105391860008239746e+00,1.098477721214294434e+00,-2.488009631633758545e-01,-2.205068349838256836e+00,4.764340519905090332e-01,-1.338216811418533325e-01,1.433750987052917480e-01,-1.164756059646606445e+00,-1.061061739921569824e+00,5.569698289036750793e-02,-2.073205471038818359e+00,-6.670819520950317383e-01,-7.641892135143280029e-02,-1.067422032356262207e-01
3.506831526756286621e-01,1.312578797340393066e+00,6.853046417236328125e-01,8.534215390682220459e-03,1.567939221858978271e-01,4.115555286407470703e-01,8.977554440498352051e-01,-4.045508801937103271e-01,2.858140319585800171e-02,1.687822192907333374e-01,6.797491312026977539e-01,-3.410991132259368896e-01,2.549615502357482910e-01,-1.076058149337768555e+00,-1.187640726566314697e-01,-3.833793401718139648e-01,1.352783203125000000e+00,-5.790118575096130371e-01,-2.595661580562591553e-01,-1.636839061975479126e-01,2.962365150451660156e-01,-2.889763116836547852e-01,-1.003391861915588379e+00,9.964777827262878418e-01,-1.468009650707244873e-01,-2.103068351745605469e+00,4.487661421298980713e-01,-1.478496193885803223e-01,1.570137590169906616e-01,-1.077538371086120605e+00,-9.590616822242736816e-01,-4.630301520228385925e-02,-1.985436081886291504e+00,-7.048252820968627930e-01,-9.750312566757202148e-02,-1.315266340970993042e-01
3.938471972942352295e-01,1.329857349395751953e+00,6.741763353347778320e-01,-1.987840048968791962e-02,1.586534380912780762e-01,4.299844205379486084e-01,8.885647654533386230e-01,-5.065509080886840820e-01,-4.186676070094108582e-02,2.265615016222000122e-01,7.817491292953491211e-01,-3.365058004856109619e-01,2.609442472457885742e-01,-1.035643935203552246e+00,-9.341959655284881592e-02,-4.277851879596710205e-01,1.371974229812622070e+00,-6.191169023513793945e-01,-2.620599269866943359e-01,-6.168390810489654541e-02,3.113354742527008057e-01,-2.103281766176223755e-01,-9.013918042182922363e-01,8.944777846336364746e-01,-4.480095952749252319e-02,-2.001068353652954102e+00,5.507661700248718262e-01,-1.746613830327987671e-01,2.547114789485931396e-01,-1.098960995674133301e+00,-8.570616841316223145e-01,-1.483030170202255249e-01,-1.883436083793640137e+00,-8.068252801895141602e-01,-1.176737472414970398e-01,-2.335266321897506714e-01
4.382381439208984375e-01,1.350101709365844727e+00,6.661026477813720703e-01,-2.919290773570537567e-02,1.423524469137191772e-01,4.356817305088043213e-01,8.882932662963867188e-01,-6.085509061813354492e-01,-1.025631278753280640e-01,2.738317847251892090e-01,8.837491273880004883e-01,-2.769022881984710693e-01,2.539081275463104248e-01,-9.585920572280883789e-01,-6.264860928058624268e-02,-4.551942944526672363e-01,1.359774947166442871e+00,-6.427496671676635742e-01,-2.624339759349822998e-01,4.031608998775482178e-02,3.136003315448760986e-01,-1.497990190982818604e-01,-7.993918061256408691e-01,7.924777269363403320e-01,5.719903856515884399e-02,-1.899068355560302734e+00,6.527661681175231934e-01,-1.801660954952239990e-01,3.034043014049530029e-01,-1.086579442024230957e+00,-7.550616860389709473e-01,-2.207448631525039673e-01,-1.781436085700988770e+00,-9.088252782821655273e-01,-1.199658960103988647e-01,-3.167167603969573975e-01
4.824994206428527832e-01,1.372807145118713379e+00,6.603050231933593750e-01,-2.914429455995559692e-02,1.089393347501754761e-01,4.534161388874053955e-01,8.841360807418823242e-01,-7.105509042739868164e-01,-1.541588753461837769e-01,3.543621599674224854e-01,9.446806311607360840e-01,-1.968996226787567139e-01,1.867293268442153931e-01,-8.565920591354370117e-01,-3.618976101279258728e-02,-5.030235648155212402e-01,1.347559213638305664e+00,-6.787456274032592773e-01,-2.624900937080383301e-01,1.423160880804061890e-01,3.139400482177734375e-01,-8.076696842908859253e-02,-6.973918080329895020e-01,6.904777288436889648e-01,1.591990441083908081e-01,-1.797068357467651367e+00,7.547661662101745605e-01,-1.764806360006332397e-01,3.349875509738922119e-01,-9.897870421409606934e-01,-6.530616879463195801e-01,-2.048764377832412720e-01,-1.679436087608337402e+00,-1.010825276374816895e+00,-1.125985160470008850e-01,-3.673999011516571045e-01
5.254312753677368164e-01,1.397087097167968750e+00,6.573268175125122070e-01,-2.578383684158325195e-02,6.657648086547851562e-02,4.680471420288085938e-01,8.808147907257080078e-01,-8.125509023666381836e-01,-1.919902265071868896e-01,4.196974933147430420e-01,8.426806330680847168e-01,-1.476960033178329468e-01,1.423082798719406128e-01,-7.545920610427856445e-01,-1.083984319120645523e-02,-5.445759892463684082e-01,1.340226292610168457e+00,-7.023240923881530762e-01,-2.624985277652740479e-01,2.443160861730575562e-01,3.139910101890563965e-01,-3.200560063123703003e-02,-5.953918099403381348e-01,5.884777307510375977e-01,1.766238957643508911e-01,-1.695068359375000000e+00,7.127721905708312988e-01,-1.420505493879318237e-01,3.381917774677276611e-01,-8.877870440483093262e-01,-5.510616898536682129e-01,-1.028764322400093079e-01,-1.577436089515686035e+00,-1.075207471847534180e+00,-9.957316517829895020e-02,-3.763132989406585693e-01
5.675226449966430664e-01,1.421740174293518066e+00,6.553913354873657227e-01,-1.714092097245156765e-03,-1.285095117054879665e-03,4.875679612159729004e-01,8.730823993682861328e-01,-8.486602306365966797e-01,-2.073089480400085449e-01,5.216975212097167969e-01,7.406806349754333496e-01,-1.672246605157852173e-01,1.399640738964080811e-01,-6.525920629501342773e-01,3.528027981519699097e-02,-5.245514512062072754e-01,1.335226893424987793e+00,-6.715621948242187500e-01,-2.624997794628143311e-01,3.463160991668701172e-01,3.139948546886444092e-01,-2.923228591680526733e-02,-4.933918118476867676e-01,4.864777624607086182e-01,7.462389022111892700e-02,-1.593068361282348633e+00,6.107721924781799316e-01,-1.139899417757987976e-01,3.275004327297210693e-01,-7.857870459556579590e-01,-4.490616917610168457e-01,-8.764357771724462509e-04,-1.475436091423034668e+00,-9.732074737548828125e-01,-1.299065053462982178e-01,-3.889542818069458008e-01
6.100543141365051270e-01,1.444223165512084961e+00,6.534570455551147461e-01,1.849729381501674652e-02,-4.080507904291152954e-02,4.769726693630218506e-01,8.777755498886108398e-01,-7.502556443214416504e-01,-1.650802940130233765e-01,5.658988356590270996e-01,7.815679311752319336e-01,-2.479850798845291138e-01,1.973063647747039795e-01,-5.505920648574829102e-01,4.721418023109436035e-02,-4.991818368434906006e-01,1.344265699386596680e+00,-6.164434552192687988e-01,-2.533172070980072021e-01,3.921502828598022461e-01,3.139977157115936279e-01,-8.235938102006912231e-02,-3.913918137550354004e-01,3.844777643680572510e-01,-2.737610600888729095e-02,-1.491068363189697266e+00,5.087721943855285645e-01,-7.707405835390090942e-02,2.311257869005203247e-01,-6.837870478630065918e-01,-3.470616936683654785e-01,1.011235639452934265e-01,-1.373436093330383301e+00,-8.712074756622314453e-01,-1.057835593819618225e-01,-3.389381170272827148e-01
6.475070118904113770e-01,1.463339567184448242e+00,6.580034494400024414e-01,3.052193112671375275e-02,-5.959989130496978760e-02,4.717906713485717773e-01,8.791642785072326660e-01,-6.885018348693847656e-01,-1.452506184577941895e-01,5.418215990066528320e-01,8.692091703414916992e-01,-3.305437266826629639e-01,2.410538643598556519e-01,-4.485920667648315430e-01,4.871878027915954590e-02,-4.789552688598632812e-01,1.317518472671508789e+00,-5.144434571266174316e-01,-2.014437913894653320e-01,4.028795957565307617e-01,3.116731941699981689e-01,-1.389274299144744873e-01,-2.893918156623840332e-01,3.079224824905395508e-01,-1.293761134147644043e-01,-1.389068245887756348e+00,4.067722260951995850e-01,-5.503479391336441040e-02,1.291257888078689575e-01,-5.817870497703552246e-01,-2.450616955757141113e-01,2.031235694885253906e-01,-1.271436095237731934e+00,-7.692074775695800781e-01,-5.350064113736152649e-02,-2.369381189346313477e-01
6.812700629234313965e-01,1.477792739868164062e+00,6.662331819534301758e-01,3.720615059137344360e-02,-7.094760984182357788e-02,4.720565974712371826e-01,8.779206871986389160e-01,-6.454160213470458984e-01,-1.345395445823669434e-01,5.026108622550964355e-01,9.285317063331604004e-01,-3.698825240135192871e-01,2.340373843908309937e-01,-3.465920686721801758e-01,4.609668254852294922e-02,-4.565583765506744385e-01,1.265229105949401855e+00,-4.124434590339660645e-01,-1.400513350963592529e-01,3.985939025878906250e-01,2.845572233200073242e-01,-2.054958492517471313e-01,-1.873918175697326660e-01,4.099224805831909180e-01,-2.313761115074157715e-01,-1.287068247795104980e+00,3.047721982002258301e-01,-4.502449557185173035e-02,2.712578326463699341e-02,-5.038151741027832031e-01,-3.124765753746032715e-01,3.051235675811767578e-01,-1.182593226432800293e+00,-6.672074794769287109e-01,1.294991932809352875e-02,-1.349381208419799805e-01
7.109674215316772461e-01,1.487612605094909668e+00,6.808989048004150391e-01,3.455417230725288391e-02,-6.196599826216697693e-02,4.736158549785614014e-01,8.778691291809082031e-01,-6.260151863098144531e-01,-1.255113482475280762e-01,4.718354642391204834e-01,9.414613842964172363e-01,-3.821646273136138916e-01,2.177355140447616577e-01,-2.445920705795288086e-01,3.471121191978454590e-02,-4.466864764690399170e-01,1.198292851448059082e+00,-3.486354947090148926e-01,-1.104344725608825684e-01,3.944503962993621826e-01,2.425328940153121948e-01,-2.643040418624877930e-01,-8.539181202650070190e-02,5.119224786758422852e-01,-3.333761096000671387e-01,-1.185068249702453613e+00,2.027722150087356567e-01,-5.392628908157348633e-02,-7.487421482801437378e-02,-5.083068609237670898e-01,-4.144765734672546387e-01,4.071235656738281250e-01,-1.284593224525451660e+00,-5.716297030448913574e-01,3.130747377872467041e-02,-3.293812274932861328e-02
7.365093231201171875e-01,1.493050575256347656e+00,6.982227563858032227e-01,2.481266111135482788e-02,-5.076250061392784119e-02,4.813553392887115479e-01,8.747025728225708008e-01,-6.202255487442016602e-01,-1.176478266716003418e-01,4.268039464950561523e-01,9.188960194587707520e-01,-3.641001582145690918e-01,1.839285790920257568e-01,-1.425920724868774414e-01,2.424759790301322937e-02,-4.299576878547668457e-01,1.096292853355407715e+00,-3.352837860584259033e-01,-9.330874681472778320e-02,3.769086897373199463e-01,1.830970495939254761e-01,-3.193671107292175293e-01,1.660818792879581451e-02,6.139224767684936523e-01,-4.353761076927185059e-01,-1.083068251609802246e+00,1.007722094655036926e-01,-8.221298456192016602e-02,-1.768742203712463379e-01,-4.192606508731842041e-01,-5.164765715599060059e-01,5.091235637664794922e-01,-1.386593222618103027e+00,-4.696297049522399902e-01,1.933830231428146362e-02,6.906187534332275391e-02
7.580531239509582520e-01,1.492918968200683594e+00,7.147434949874877930e-01,2.216165699064731598e-02,-5.686339735984802246e-02,4.878637790679931641e-01,8.707837462425231934e-01,-5.882937908172607422e-01,-1.088746115565299988e-01,3.767614364624023438e-01,8.797394037246704102e-01,-3.321294784545898438e-01,1.607742160558700562e-01,-8.906190097332000732e-02,3.279488533735275269e-02,-4.084914326667785645e-01,9.942927956581115723e-01,-3.128936588764190674e-01,-8.001336455345153809e-02,3.846787214279174805e-01,1.963801085948944092e-01,-3.313544392585754395e-01,1.186081916093826294e-01,7.159224748611450195e-01,-4.850929677486419678e-01,-1.061221837997436523e+00,-1.027509220875799656e-03,-8.951762318611145020e-02,-2.788742184638977051e-01,-3.172606527805328369e-01,-6.184765696525573730e-01,5.833796262741088867e-01,-1.488593220710754395e+00,-4.202980995178222656e-01,-1.749999821186065674e-02,1.710618734359741211e-01
7.756064534187316895e-01,1.489239454269409180e+00,7.292280197143554688e-01,1.988624036312103271e-02,-5.042920634150505066e-02,4.925675690174102783e-01,8.685842752456665039e-01,-5.688911676406860352e-01,-1.050378382205963135e-01,3.455168306827545166e-01,8.234439492225646973e-01,-2.982776463031768799e-01,1.285901665687561035e-01,-8.262828737497329712e-02,3.681030496954917908e-02,-4.086730778217315674e-01,9.038510918617248535e-01,-3.070814609527587891e-01,-7.790739089250564575e-02,3.765805959701538086e-01,1.742019206285476685e-01,-3.513440489768981934e-01,1.854303628206253052e-01,8.179224729537963867e-01,-4.800823330879211426e-01,-1.040944933891296387e+00,-3.212015610188245773e-03,-1.029190719127655029e-01,-3.808742165565490723e-01,-2.152606546878814697e-01,-7.204765677452087402e-01,5.869767069816589355e-01,-1.590593218803405762e+00,-4.239537417888641357e-01,-3.610689938068389893e-02,2.730618715286254883e-01
7.896225452423095703e-01,1.482881188392639160e+00,7.391566038131713867e-01,2.031425014138221741e-02,-4.271044209599494934e-02,4.962385892868041992e-01,8.668969869613647461e-01,-5.591590404510498047e-01,-1.067057102918624878e-01,3.200427293777465820e-01,7.680590152740478516e-01,-2.684490978717803955e-01,1.061591953039169312e-01,-7.814493775367736816e-02,4.368400573730468750e-02,-4.178897440433502197e-01,8.351463675498962402e-01,-3.020937144756317139e-01,-7.207426428794860840e-02,3.712936043739318848e-01,1.486322581768035889e-01,-3.730048537254333496e-01,1.955051273107528687e-01,9.199224710464477539e-01,-4.577365517616271973e-01,-1.009429574012756348e+00,1.653311075642704964e-03,-1.208742856979370117e-01,-4.451065063476562500e-01,-1.132606640458106995e-01,-8.224765658378601074e-01,5.688790082931518555e-01,-1.692593216896057129e+00,-4.265133142471313477e-01,-4.962139949202537537e-02,3.750618696212768555e-01
8.007552027702331543e-01,1.475157022476196289e+00,7.452625036239624023e-01,2.125089801847934723e-02,-3.756156936287879944e-02,5.023208260536193848e-01,8.636037111282348633e-01,-5.538468956947326660e-01,-1.104099601507186890e-01,2.980665564537048340e-01,7.181562185287475586e-01,-2.407941669225692749e-01,8.760239928960800171e-02,-7.741966843605041504e-02,5.205309391021728516e-02,-4.246803522109985352e-01,7.894913554191589355e-01,-3.123400211334228516e-01,-7.145888358354568481e-02,3.632051944732666016e-01,1.324281096458435059e-01,-3.908151984214782715e-01,1.914491951465606689e-01,1.021922469139099121e+00,-4.227991104125976562e-01,-9.712566137313842773e-01,9.314986877143383026e-03,-1.339053362607955933e-01,-4.462575912475585938e-01,-1.126066129654645920e-02,-9.244765639305114746e-01,5.537711977958679199e-01,-1.794593214988708496e+00,-4.384915828704833984e-01,-6.207926943898200989e-02,4.119543433189392090e-01
8.097307682037353516e-01,1.467176795005798340e+00,7.497286796569824219e-01,2.334489673376083374e-02,-3.288024663925170898e-02,5.087633728981018066e-01,8.599615097045898438e-01,-5.467725396156311035e-01,-1.178442910313606262e-01,2.775230407714843750e-01,6.624158024787902832e-01,-2.102182358503341675e-01,6.907528638839721680e-02,-7.846946269273757935e-02,5.698731169104576111e-02,-4.352020323276519775e-01,7.563037872314453125e-01,-3.351955711841583252e-01,-7.846476137638092041e-02,3.539842069149017334e-01,1.151873543858528137e-01,-4.056521952152252197e-01,1.850397586822509766e-01,1.080258607864379883e+00,-3.862009048461914062e-01,-9.268967509269714355e-01,1.494503021240234375e-02,-1.446152925491333008e-01,-4.437577128410339355e-01,9.073933959007263184e-02,-1.026476621627807617e+00,5.297864079475402832e-01,-1.867541313171386719e+00,-4.516553580760955811e-01,-7.254926115274429321e-02,4.090854823589324951e-01
8.174112439155578613e-01,1.459961175918579102e+00,7.522132396697998047e-01,2.482482232153415680e-02,-2.705890871584415436e-02,5.163549184799194336e-01,8.555870056152343750e-01,-5.441483259201049805e-01,-1.248869225382804871e-01,2.608597576618194580e-01,6.175231933593750000e-01,-1.823066025972366333e-01,5.335375666618347168e-02,-8.570763468742370605e-02,6.108601763844490051e-02,-4.430918395519256592e-01,7.376746535301208496e-01,-3.590941429138183594e-01,-8.775584399700164795e-02,3.393236398696899414e-01,1.035524234175682068e-01,-4.156222939491271973e-01,1.749921888113021851e-01,1.104365468025207520e+00,-3.509636819362640381e-01,-8.911489844322204590e-01,1.849620603024959564e-02,-1.460091322660446167e-01,-4.425668418407440186e-01,1.826015263795852661e-01,-1.128476619720458984e+00,5.155403017997741699e-01,-1.846478819847106934e+00,-4.639135301113128662e-01,-8.017890155315399170e-02,4.020658135414123535e-01
8.243296146392822266e-01,1.454298138618469238e+00,7.538020610809326172e-01,2.607097290456295013e-02,-2.175616845488548279e-02,5.217764377593994141e-01,8.524062037467956543e-01,-5.419350862503051758e-01,-1.312805414199829102e-01,2.450530380010604858e-01,5.852487683296203613e-01,-1.636913418769836426e-01,4.230481386184692383e-02,-9.336251765489578247e-02,6.288667023181915283e-02,-4.506770372390747070e-01,7.272050380706787109e-01,-3.822621405124664307e-01,-9.538117051124572754e-02,3.273397088050842285e-01,9.111846238374710083e-02,-4.242701232433319092e-01,1.639531552791595459e-01,1.119320034980773926e+00,-3.146291375160217285e-01,-8.522662520408630371e-01,1.345562376081943512e-02,-1.473025679588317871e-01,-4.424199163913726807e-01,2.061627656221389771e-01,-1.230476617813110352e+00,4.969457387924194336e-01,-1.817436218261718750e+00,-4.748353064060211182e-01,-8.907873928546905518e-02,3.966939449310302734e-01
8.310079574584960938e-01,1.450421214103698730e+00,7.549592256546020508e-01,2.780647575855255127e-02,-1.571900397539138794e-02,5.273994207382202148e-01,8.490168452262878418e-01,-5.393644571304321289e-01,-1.383661478757858276e-01,2.326267510652542114e-01,5.586778521537780762e-01,-1.489266008138656616e-01,3.435651212930679321e-02,-1.014443337917327881e-01,6.590719521045684814e-02,-4.497415721416473389e-01,7.201803922653198242e-01,-4.037839174270629883e-01,-1.054755374789237976e-01,3.154494464397430420e-01,8.062132447957992554e-02,-4.297625124454498291e-01,1.526717692613601685e-01,1.134123921394348145e+00,-2.807404994964599609e-01,-8.213540315628051758e-01,9.223409928381443024e-03,-1.440392583608627319e-01,-4.492033421993255615e-01,2.149244844913482666e-01,-1.332476615905761719e+00,4.864798486232757568e-01,-1.803023457527160645e+00,-4.794930815696716309e-01,-9.092656522989273071e-02,4.023166298866271973e-01
8.375293016433715820e-01,1.448425769805908203e+00,7.557493448257446289e-01,2.859835885465145111e-02,-1.092126034200191498e-02,5.349501371383666992e-01,8.443288803100585938e-01,-5.373837351799011230e-01,-1.432470232248306274e-01,2.257582396268844604e-01,5.414258837699890137e-01,-1.411512196063995361e-01,2.665168233215808868e-02,-1.057660207152366638e-01,7.078388333320617676e-02,-4.505966007709503174e-01,7.117269635200500488e-01,-4.163518846035003662e-01,-1.123930066823959351e-01,3.024236559867858887e-01,6.811707466840744019e-02,-4.359838068485260010e-01,1.457457095384597778e-01,1.145854949951171875e+00,-2.454061806201934814e-01,-7.927854061126708984e-01,4.039676859974861145e-03,-1.372077912092208862e-01,-4.597234427928924561e-01,2.235640883445739746e-01,-1.434476613998413086e+00,4.727553427219390869e-01,-1.784657001495361328e+00,-4.868000149726867676e-01,-9.012018889188766479e-02,4.126630425453186035e-01
8.438898921012878418e-01,1.448068380355834961e+00,7.561273574829101562e-01,3.120342455804347992e-02,-8.688348345458507538e-03,5.411891341209411621e-01,8.402768373489379883e-01,-5.309556126594543457e-01,-1.499721556901931763e-01,2.144290953874588013e-01,5.277752280235290527e-01,-1.346840411424636841e-01,2.973112836480140686e-02,-1.048084869980812073e-01,7.798645645380020142e-02,-4.423718452453613281e-01,7.047216892242431641e-01,-4.250449240207672119e-01,-1.143065094947814941e-01,2.899002730846405029e-01,6.430004537105560303e-02,-4.433887898921966553e-01,1.380734890699386597e-01,1.160218119621276855e+00,-2.138684988021850586e-01,-7.607252597808837891e-01,-6.380546838045120239e-03,-1.382621377706527710e-01,-4.651994109153747559e-01,2.323055863380432129e-01,-1.507002472877502441e+00,4.542362689971923828e-01,-1.772253155708312988e+00,-4.826334416866302490e-01,-9.201665222644805908e-02,4.125765860080718994e-01
8.499603271484375000e-01,1.449251294136047363e+00,7.568402290344238281e-01,3.043137863278388977e-02,-3.698026761412620544e-03,5.471652746200561523e-01,8.364630341529846191e-01,-5.319300889968872070e-01,-1.562402844429016113e-01,2.012703418731689453e-01,5.206604599952697754e-01,-1.330880969762802124e-01,2.769852802157402039e-02,-1.068157032132148743e-01,8.848568052053451538e-02,-4.300901591777801514e-01,6.930537223815917969e-01,-4.237546920776367188e-01,-1.146442666649818420e-01,2.776299715042114258e-01,5.280132219195365906e-02,-4.500510096549987793e-01,1.339234411716461182e-01,1.173275232315063477e+00,-1.843492984771728516e-01,-7.324261069297790527e-01,-1.362804882228374481e-02,-1.347859948873519897e-01,-4.712260067462921143e-01,2.400846034288406372e-01,-1.527871489524841309e+00,4.431596100330352783e-01,-1.756559967994689941e+00,-4.844280779361724854e-01,-9.120357781648635864e-02,4.205375909805297852e-01
8.554557561874389648e-01,1.451456427574157715e+00,7.576482295989990234e-01,3.068770281970500946e-02,6.014113896526396275e-04,5.521224141120910645e-01,8.331978917121887207e-01,-5.302208065986633301e-01,-1.618853062391281128e-01,1.949594765901565552e-01,5.129894018173217773e-01,-1.327912956476211548e-01,2.713450975716114044e-02,-1.070906594395637512e-01,9.675511717796325684e-02,-4.173343479633331299e-01,6.823455691337585449e-01,-4.129288196563720703e-01,-1.147924959659576416e-01,2.665896713733673096e-01,3.986410424113273621e-02,-4.568470716476440430e-01,1.292871832847595215e-01,1.186727285385131836e+00,-1.616522520780563354e-01,-7.064685821533203125e-01,-1.692942157387733459e-02,-1.314191967248916626e-01,-4.800626039505004883e-01,2.486453354358673096e-01,-1.542828917503356934e+00,4.360871911048889160e-01,-1.746289014816284180e+00,-4.829995334148406982e-01,-9.202373027801513672e-02,4.316695928573608398e-01
8.605012893676757812e-01,1.454472422599792480e+00,7.582492828369140625e-01,3.121547028422355652e-02,4.031711257994174957e-03,5.555738210678100586e-01,8.308712840080261230e-01,-5.275276303291320801e-01,-1.658284515142440796e-01,1.925758719444274902e-01,5.084776282310485840e-01,-1.337126642465591431e-01,2.702242136001586914e-02,-1.051112562417984009e-01,1.027122586965560913e-01,-4.070879518985748291e-01,6.732566952705383301e-01,-4.019388556480407715e-01,-1.164719015359878540e-01,2.579402327537536621e-01,2.775493264198303223e-02,-4.606410562992095947e-01,1.211834326386451721e-01,1.196873426437377930e+00,-1.386160552501678467e-01,-6.755014657974243164e-01,-1.158640719950199127e-02,-1.271862536668777466e-01,-4.901485443115234375e-01,2.566936910152435303e-01,-1.556709647178649902e+00,4.316764473915100098e-01,-1.737358331680297852e+00,-4.824801087379455566e-01,-9.119998663663864136e-02,4.434908330440521240e-01
8.650490045547485352e-01,1.458065509796142578e+00,7.593514919281005859e-01,3.138707578182220459e-02,7.593630813062191010e-03,5.588771104812622070e-01,8.286215066909790039e-01,-5.231939554214477539e-01,-1.701367497444152832e-01,1.899379640817642212e-01,5.012235045433044434e-01,-1.316455751657485962e-01,2.643065154552459717e-02,-1.017743721604347229e-01,1.084460988640785217e-01,-3.970732092857360840e-01,6.616079211235046387e-01,-3.874040544033050537e-01,-1.163938641548156738e-01,2.515004873275756836e-01,1.796258054673671722e-02,-4.644895792007446289e-01,1.123100593686103821e-01,1.205378651618957520e+00,-1.198031082749366760e-01,-6.495254635810852051e-01,-6.610872689634561539e-03,-1.241668388247489929e-01,-4.992771446704864502e-01,2.598153054714202881e-01,-1.565688729286193848e+00,4.271724522113800049e-01,-1.721897006034851074e+00,-4.798547327518463135e-01,-9.147182852029800415e-02,4.523239135742187500e-01
8.691547513008117676e-01,1.462076783180236816e+00,7.611914873123168945e-01,3.195423632860183716e-02,9.628830477595329285e-03,5.613902211189270020e-01,8.268780112266540527e-01,-5.140277147293090820e-01,-1.743580847978591919e-01,1.851834952831268311e-01,4.894353747367858887e-01,-1.250841468572616577e-01,2.586556226015090942e-02,-9.384891390800476074e-02,1.155236735939979553e-01,-3.843070864677429199e-01,6.442116498947143555e-01,-3.655805587768554688e-01,-1.138053387403488159e-01,2.450318038463592529e-01,4.670384805649518967e-03,-4.683633148670196533e-01,1.019225269556045532e-01,1.215349435806274414e+00,-1.019258275628089905e-01,-6.224372386932373047e-01,-4.419977311044931412e-03,-1.228129789233207703e-01,-5.029714703559875488e-01,2.626609802246093750e-01,-1.573290109634399414e+00,4.243586659431457520e-01,-1.703930497169494629e+00,-4.772485196590423584e-01,-9.235035628080368042e-02,4.580398797988891602e-01
8.726628422737121582e-01,1.466250658035278320e+00,7.631934881210327148e-01,3.242436423897743225e-02,1.247895229607820511e-02,5.636149048805236816e-01,8.253067135810852051e-01,-5.033339858055114746e-01,-1.794224232435226440e-01,1.820634901523590088e-01,4.722135365009307861e-01,-1.193248555064201355e-01,2.628353051841259003e-02,-8.612616360187530518e-02,1.204968839883804321e-01,-3.732941150665283203e-01,6.256277561187744141e-01,-3.399245440959930420e-01,-1.094988137483596802e-01,2.383359521627426147e-01,-6.261929869651794434e-03,-4.717016816139221191e-01,8.913671225309371948e-02,1.224557876586914062e+00,-8.403871953487396240e-02,-5.976693630218505859e-01,1.302291639149188995e-03,-1.186946630477905273e-01,-5.094695687294006348e-01,2.597869932651519775e-01,-1.583956003189086914e+00,4.238726496696472168e-01,-1.684924602508544922e+00,-4.690640270709991455e-01,-9.097163379192352295e-02,4.674794971942901611e-01
8.759177327156066895e-01,1.470813512802124023e+00,7.651331424713134766e-01,3.218794241547584534e-02,1.380602829158306122e-02,5.655174851417541504e-01,8.239923119544982910e-01,-4.933821260929107666e-01,-1.818187683820724487e-01,1.806079894304275513e-01,4.606529772281646729e-01,-1.163461357355117798e-01,2.595309726893901825e-02,-7.596156001091003418e-02,1.286921203136444092e-01,-3.580358624458312988e-01,6.037670969963073730e-01,-3.133024573326110840e-01,-1.016192138195037842e-01,2.298892438411712646e-01,-1.642066985368728638e-02,-4.751779437065124512e-01,7.722149789333343506e-02,1.233784556388854980e+00,-6.538068503141403198e-02,-5.745477080345153809e-01,2.040752908214926720e-03,-1.199942007660865784e-01,-4.959270060062408447e-01,2.575725913047790527e-01,-1.584880352020263672e+00,4.187254905700683594e-01,-1.658743977546691895e+00,-4.647392332553863525e-01,-9.388638287782669067e-02,4.585290551185607910e-01
8.786264061927795410e-01,1.475491046905517578e+00,7.669055461883544922e-01,3.325386345386505127e-02,1.665163598954677582e-02,5.688042044639587402e-01,8.216317296028137207e-01,-4.809541106224060059e-01,-1.881529241800308228e-01,1.803725361824035645e-01,4.411343634128570557e-01,-1.124327927827835083e-01,2.232880517840385437e-02,-6.846898794174194336e-02,1.334408074617385864e-01,-3.425666093826293945e-01,5.866143703460693359e-01,-2.865224182605743408e-01,-9.699505567550659180e-02,2.191131114959716797e-01,-2.341078408062458038e-02,-4.806259274482727051e-01,6.447475403547286987e-02,1.238919973373413086e+00,-3.792743384838104248e-02,-5.555817484855651855e-01,9.242169559001922607e-03,-1.183180660009384155e-01,-4.885226786136627197e-01,2.570584416389465332e-01,-1.587607264518737793e+00,4.127035439014434814e-01,-1.629073143005371094e+00,-4.564442932605743408e-01,-9.541817009449005127e-02,4.610275328159332275e-01
8.810818195343017578e-01,1.480381488800048828e+00,7.689348459243774414e-01,3.313676267862319946e-02,1.788303442299365997e-02,5.708211660385131836e-01,8.202105760574340820e-01,-4.696026444435119629e-01,-1.913666427135467529e-01,1.800359040498733521e-01,4.272231161594390869e-01,-1.098559051752090454e-01,2.081554941833019257e-02,-5.781194940209388733e-02,1.397535353899002075e-01,-3.288754820823669434e-01,5.649362206459045410e-01,-2.542731761932373047e-01,-8.998931944370269775e-02,2.098126113414764404e-01,-3.092833422124385834e-02,-4.831792414188385010e-01,5.451060831546783447e-02,1.241865634918212891e+00,-1.386697497218847275e-02,-5.402756929397583008e-01,1.397388335317373276e-02,-1.162465214729309082e-01,-4.835364818572998047e-01,2.567715048789978027e-01,-1.586971402168273926e+00,4.061084091663360596e-01,-1.593624711036682129e+00,-4.490068852901458740e-01,-9.473107755184173584e-02,4.629554748535156250e-01
8.833905458450317383e-01,1.485504865646362305e+00,7.702107429504394531e-01,3.301722183823585510e-02,1.904872059822082520e-02,5.735623836517333984e-01,8.182744979858398438e-01,-4.612863063812255859e-01,-1.943148374557495117e-01,1.788706183433532715e-01,4.193812608718872070e-01,-1.095019802451133728e-01,2.056654542684555054e-02,-4.831252992153167725e-02,1.476946622133255005e-01,-3.100214302539825439e-01,5.457673668861389160e-01,-2.241333872079849243e-01,-8.422826975584030151e-02,1.987445503473281860e-01,-3.846650570631027222e-02,-4.843211770057678223e-01,4.349581524729728699e-02,1.244530320167541504e+00,1.162261888384819031e-02,-5.269131660461425781e-01,1.600002311170101166e-02,-1.122857034206390381e-01,-4.823770821094512939e-01,2.555819749832153320e-01,-1.588752150535583496e+00,3.990982472896575928e-01,-1.561266183853149414e+00,-4.388559758663177490e-01,-9.158308058977127075e-02,4.682960212230682373e-01
8.854644894599914551e-01,1.490682840347290039e+00,7.716171741485595703e-01,3.169385716319084167e-02,2.108253538608551025e-02,5.754193663597106934e-01,8.169721961021423340e-01,-4.561366140842437744e-01,-1.972466111183166504e-01,1.732868850231170654e-01,4.138146042823791504e-01,-1.117102131247520447e-01,2.195318974554538727e-02,-4.030868411064147949e-02,1.572902202606201172e-01,-2.860397398471832275e-01,5.246863961219787598e-01,-1.959714144468307495e-01,-7.581150531768798828e-02,1.878047883510589600e-01,-4.737549647688865662e-02,-4.870207607746124268e-01,3.291348740458488464e-02,1.250162482261657715e+00,3.940589353442192078e-02,-5.093393921852111816e-01,1.897429861128330231e-02,-1.084328666329383850e-01,-4.807452559471130371e-01,2.539927065372467041e-01,-1.589998602867126465e+00,3.916681408882141113e-01,-1.525493979454040527e+00,-4.277547895908355713e-01,-8.817033469676971436e-02,4.725697934627532959e-01
8.871867656707763672e-01,1.495858430862426758e+00,7.726347446441650391e-01,3.104047849774360657e-02,2.141644246876239777e-02,5.775983333587646484e-01,8.154495358467102051e-01,-4.504427909851074219e-01,-1.998598128557205200e-01,1.668397933244705200e-01,4.116737544536590576e-01,-1.138580888509750366e-01,2.462240494787693024e-02,-3.002562560141086578e-02,1.664022058248519897e-01,-2.639846801757812500e-01,5.052437782287597656e-01,-1.674737930297851562e-01,-6.723832339048385620e-02,1.796426922082901001e-01,-4.895126074552536011e-02,-4.878531098365783691e-01,2.314028516411781311e-02,1.253832340240478516e+00,5.903121456503868103e-02,-4.978735744953155518e-01,2.403257414698600769e-02,-1.084320992231369019e-01,-4.757946431636810303e-01,2.533790469169616699e-01,-1.593796610832214355e+00,3.832621574401855469e-01,-1.491417169570922852e+00,-4.174907505512237549e-01,-8.557412773370742798e-02,4.732546508312225342e-01
8.886948227882385254e-01,1.500954151153564453e+00,7.734944820404052734e-01,3.007579781115055084e-02,2.277804538607597351e-02,5.794547200202941895e-01,8.141307234764099121e-01,-4.465816915035247803e-01,-2.028212398290634155e-01,1.604897081851959229e-01,4.100747704505920410e-01,-1.160359457135200500e-01,2.653828077018260956e-02,-2.158017084002494812e-02,1.745522022247314453e-01,-2.417635470628738403e-01,4.877780973911285400e-01,-1.415454894304275513e-01,-6.075326353311538696e-02,1.696093827486038208e-01,-5.570086836814880371e-02,-4.879779815673828125e-01,1.491803582757711411e-02,1.256844162940979004e+00,7.834125310182571411e-02,-4.873779416084289551e-01,2.135135978460311890e-02,-1.081765443086624146e-01,-4.733463227748870850e-01,2.519952654838562012e-01,-1.591266870498657227e+00,3.793568909168243408e-01,-1.452331542968750000e+00,-4.048946499824523926e-01,-8.496395498514175415e-02,4.766112864017486572e-01
8.898238539695739746e-01,1.505787253379821777e+00,7.740571498870849609e-01,2.969934232532978058e-02,2.371758408844470978e-02,5.816811323165893555e-01,8.125284314155578613e-01,-4.427572488784790039e-01,-2.060256898403167725e-01,1.565832644701004028e-01,4.093113243579864502e-01,-1.176957711577415466e-01,2.824168093502521515e-02,-1.389047596603631973e-02,1.818773448467254639e-01,-2.192789465188980103e-01,4.740565419197082520e-01,-1.155152022838592529e-01,-5.492162331938743591e-02,1.609913557767868042e-01,-6.205422803759574890e-02,-4.879966974258422852e-01,9.272492490708827972e-03,1.258851647377014160e+00,9.293761104345321655e-02,-4.757781922817230225e-01,2.238200046122074127e-02,-1.081102415919303894e-01,-4.744659364223480225e-01,2.500030696392059326e-01,-1.593997836112976074e+00,3.744612634181976318e-01,-1.420867323875427246e+00,-3.944787085056304932e-01,-8.334622532129287720e-02,4.807424843311309814e-01
8.907714486122131348e-01,1.510354161262512207e+00,7.742927074432373047e-01,2.964876592159271240e-02,2.502232603728771210e-02,5.830893516540527344e-01,8.114811182022094727e-01,-4.404413104057312012e-01,-2.089254260063171387e-01,1.559863686561584473e-01,4.111493825912475586e-01,-1.227668821811676025e-01,2.914984151721000671e-02,-7.841465063393115997e-03,1.855670064687728882e-01,-2.045061141252517700e-01,4.647164046764373779e-01,-9.420821070671081543e-02,-4.900971800088882446e-02,1.539030522108078003e-01,-6.810364872217178345e-02,-4.879994988441467285e-01,5.796031095087528229e-03,1.256132125854492188e+00,1.074276864528656006e-01,-4.732212722301483154e-01,2.593171223998069763e-02,-1.079147085547447205e-01,-4.691663682460784912e-01,2.511737048625946045e-01,-1.593707084655761719e+00,3.778214752674102783e-01,-1.397372126579284668e+00,-3.825630843639373779e-01,-8.371215313673019409e-02,4.800379574298858643e-01
8.915522694587707520e-01,1.514619231224060059e+00,7.740367650985717773e-01,2.982910349965095520e-02,2.472659014165401459e-02,5.835903882980346680e-01,8.111233115196228027e-01,-4.403096735477447510e-01,-2.099962085485458374e-01,1.560691744089126587e-01,4.221268296241760254e-01,-1.292794048786163330e-01,3.215782716870307922e-02,-1.438378007151186466e-03,1.891954690217971802e-01,-1.914139091968536377e-01,4.596863090991973877e-01,-7.515955716371536255e-02,-4.203503578901290894e-02,1.516716480255126953e-01,-7.138212770223617554e-02,-4.879999160766601562e-01,2.278005005791783333e-03,1.254165887832641602e+00,1.156351938843727112e-01,-4.732984304428100586e-01,2.729242853820323944e-02,-1.081220954656600952e-01,-4.654093682765960693e-01,2.517381906509399414e-01,-1.590946197509765625e+00,3.789964616298675537e-01,-1.379110932350158691e+00,-3.721311092376708984e-01,-8.319917321205139160e-02,4.775045514106750488e-01
8.920632004737854004e-01,1.518425345420837402e+00,7.733051776885986328e-01,3.044547885656356812e-02,2.481998689472675323e-02,5.843487381935119629e-01,8.105514049530029297e-01,-4.413925111293792725e-01,-2.121448367834091187e-01,1.558775156736373901e-01,4.345154464244842529e-01,-1.375587433576583862e-01,3.534606844186782837e-02,1.635682652704417706e-03,1.915182322263717651e-01,-1.794328242540359497e-01,4.614462852478027344e-01,-6.250827014446258545e-02,-3.753745555877685547e-02,1.500938832759857178e-01,-7.340388000011444092e-02,-4.879999756813049316e-01,1.133756479248404503e-03,1.250729680061340332e+00,1.212024092674255371e-01,-4.743783771991729736e-01,2.811480499804019928e-02,-1.061846315860748291e-01,-4.654438793659210205e-01,2.538440823554992676e-01,-1.587593197822570801e+00,3.774060010910034180e-01,-1.366152763366699219e+00,-3.658962845802307129e-01,-8.128616213798522949e-02,4.774224758148193359e-01
8.924528360366821289e-01,1.521781682968139648e+00,7.726765871047973633e-01,3.106482326984405518e-02,2.513200417160987854e-02,5.837779045104980469e-01,8.109295368194580078e-01,-4.425575137138366699e-01,-2.146160751581192017e-01,1.543489247560501099e-01,4.456775188446044922e-01,-1.446248739957809448e-01,3.954614698886871338e-02,2.900904975831508636e-03,1.927316933870315552e-01,-1.681164354085922241e-01,4.660631120204925537e-01,-5.120544508099555969e-02,-3.334788233041763306e-02,1.502082198858261108e-01,-7.370432466268539429e-02,-4.880000054836273193e-01,-4.605596186593174934e-04,1.247130393981933594e+00,1.297435164451599121e-01,-4.771777391433715820e-01,3.274462744593620300e-02,-1.038220524787902832e-01,-4.632363617420196533e-01,2.573116421699523926e-01,-1.581003069877624512e+00,3.752571344375610352e-01,-1.354210376739501953e+00,-3.643127977848052979e-01,-7.757634669542312622e-02,4.767951667308807373e-01
8.926143646240234375e-01,1.524598121643066406e+00,7.719204425811767578e-01,3.194867447018623352e-02,2.522864565253257751e-02,5.838302373886108398e-01,8.108545541763305664e-01,-4.426758289337158203e-01,-2.167718708515167236e-01,1.560458838939666748e-01,4.542973339557647705e-01,-1.521418541669845581e-01,4.288929328322410583e-02,3.355355234816670418e-03,1.930153667926788330e-01,-1.605346798896789551e-01,4.723016917705535889e-01,-4.206537455320358276e-02,-2.974750287830829620e-02,1.492886394262313843e-01,-7.099694013595581055e-02,-4.880000054836273193e-01,-2.676907461136579514e-03,1.243374943733215332e+00,1.384249031543731689e-01,-4.797663390636444092e-01,4.113366827368736267e-02,-1.012214496731758118e-01,-4.655703902244567871e-01,2.598072886466979980e-01,-1.577469706535339355e+00,3.729229271411895752e-01,-1.346181035041809082e+00,-3.627249300479888916e-01,-7.423710823059082031e-02,4.825955033302307129e-01
8.928676247596740723e-01,1.527091383934020996e+00,7.710047960281372070e-01,3.293535858392715454e-02,2.468986064195632935e-02,5.839629769325256348e-01,8.107360601425170898e-01,-4.427196681499481201e-01,-2.182319462299346924e-01,1.574590355157852173e-01,4.640366137027740479e-01,-1.587410271167755127e-01,4.524078220129013062e-02,4.596981219947338104e-03,1.940392255783081055e-01,-1.536513566970825195e-01,4.782345890998840332e-01,-3.712580353021621704e-02,-2.716226503252983093e-02,1.479586660861968994e-01,-6.812183558940887451e-02,-4.880000054836273193e-01,-5.258808378130197525e-03,1.240851283073425293e+00,1.469799578189849854e-01,-4.835951626300811768e-01,4.644573479890823364e-02,-9.962395578622817993e-02,-4.647660553455352783e-01,2.616485059261322021e-01,-1.572854280471801758e+00,3.692711591720581055e-01,-1.339833021163940430e+00,-3.632254600524902344e-01,-7.194884121417999268e-02,4.855287075042724609e-01
8.930037021636962891e-01,1.529183745384216309e+00,7.702291011810302734e-01,3.387281671166419983e-02,2.435755543410778046e-02,5.840041637420654297e-01,8.106777667999267578e-01,-4.425600171089172363e-01,-2.194828391075134277e-01,1.595314145088195801e-01,4.720433950424194336e-01,-1.640580743551254272e-01,4.704068973660469055e-02,5.170563701540231705e-03,1.950489133596420288e-01,-1.471209228038787842e-01,4.843161404132843018e-01,-3.342035412788391113e-02,-2.524779736995697021e-02,1.465217620134353638e-01,-6.544976681470870972e-02,-4.880000054836273193e-01,-6.671196781098842621e-03,1.237504124641418457e+00,1.542943865060806274e-01,-4.888386428356170654e-01,5.219617486000061035e-02,-9.773714840412139893e-02,-4.651503860950469971e-01,2.620785832405090332e-01,-1.569038748741149902e+00,3.657790720462799072e-01,-1.335091114044189453e+00,-3.632739782333374023e-01,-6.973177194595336914e-02,4.890364408493041992e-01
8.930424451828002930e-01,1.530984878540039062e+00,7.695451974868774414e-01,3.477583825588226318e-02,2.415408194065093994e-02,5.841434001922607422e-01,8.105453252792358398e-01,-4.422584772109985352e-01,-2.208631038665771484e-01,1.613579392433166504e-01,4.785343110561370850e-01,-1.684283167123794556e-01,4.813791438937187195e-02,5.389004945755004883e-03,1.960875689983367920e-01,-1.411610990762710571e-01,4.900613725185394287e-01,-3.107588179409503937e-02,-2.383608557283878326e-02,1.452793180942535400e-01,-6.309816241264343262e-02,-4.880000054836273193e-01,-6.878160405904054642e-03,1.233458042144775391e+00,1.604966223239898682e-01,-4.957473874092102051e-01,5.859524756669998169e-02,-9.645783156156539917e-02,-4.655202627182006836e-01,2.618193328380584717e-01,-1.564444303512573242e+00,3.623141646385192871e-01,-1.330837368965148926e+00,-3.638776838779449463e-01,-6.812823563814163208e-02,4.917840659618377686e-01
8.929199576377868652e-01,1.532550930976867676e+00,7.690217494964599609e-01,3.546538949012756348e-02,2.404948696494102478e-02,5.838721394538879395e-01,8.107139468193054199e-01,-4.419988691806793213e-01,-2.219011783599853516e-01,1.634055674076080322e-01,4.838655292987823486e-01,-1.718155741691589355e-01,4.948653280735015869e-02,5.550801288336515427e-03,1.971552371978759766e-01,-1.352421790361404419e-01,4.945793151855468750e-01,-2.839444950222969055e-02,-2.223019674420356750e-02,1.447023898363113403e-01,-6.142859533429145813e-02,-4.880000054836273193e-01,-5.601954646408557892e-03,1.229387521743774414e+00,1.650347262620925903e-01,-4.996835291385650635e-01,6.286402791738510132e-02,-9.452421963214874268e-02,-4.681396782398223877e-01,2.608365118503570557e-01,-1.559803605079650879e+00,3.584087491035461426e-01,-1.327010512351989746e+00,-3.633070588111877441e-01,-6.666574627161026001e-02,4.951107501983642578e-01
8.926064968109130859e-01,1.533948183059692383e+00,7.687847614288330078e-01,3.592275828123092651e-02,2.381660230457782745e-02,5.836953520774841309e-01,8.108280301094055176e-01,-4.407089650630950928e-01,-2.229549586772918701e-01,1.643845289945602417e-01,4.862386584281921387e-01,-1.738008856773376465e-01,5.111485347151756287e-02,6.991188507527112961e-03,1.985258013010025024e-01,-1.298618912696838379e-01,4.954583644866943359e-01,-2.362875081598758698e-02,-2.021268382668495178e-02,1.443507969379425049e-01,-6.070913374423980713e-02,-4.880000054836273193e-01,-3.100479952991008759e-03,1.226938605308532715e+00,1.676646023988723755e-01,-4.996902942657470703e-01,6.384959071874618530e-02,-9.219634532928466797e-02,-4.716765582561492920e-01,2.601670324802398682e-01,-1.555670142173767090e+00,3.559349477291107178e-01,-1.324163913726806641e+00,-3.619281053543090820e-01,-6.495631486177444458e-02,4.984878897666931152e-01
8.919855356216430664e-01,1.535199403762817383e+00,7.686728239059448242e-01,3.628720715641975403e-02,2.361427061259746552e-02,5.834805965423583984e-01,8.109722137451171875e-01,-4.389607310295104980e-01,-2.242618352174758911e-01,1.651154905557632446e-01,4.865534305572509766e-01,-1.748003363609313965e-01,5.239134281873703003e-02,8.301942609250545502e-03,1.995033174753189087e-01,-1.254784464836120605e-01,4.957076311111450195e-01,-1.819060929119586945e-02,-1.761536300182342529e-02,1.439073234796524048e-01,-6.106920540332794189e-02,-4.880000054836273193e-01,-3.687597636599093676e-04,1.226200461387634277e+00,1.682082265615463257e-01,-4.968371391296386719e-01,6.258185952901840210e-02,-9.055535495281219482e-02,-4.739946722984313965e-01,2.602066397666931152e-01,-1.552928686141967773e+00,3.547968268394470215e-01,-1.321927905082702637e+00,-3.615746200084686279e-01,-6.333169341087341309e-02,5.003358125686645508e-01
8.910990357398986816e-01,1.536330461502075195e+00,7.687712907791137695e-01,3.658266738057136536e-02,2.351545169949531555e-02,5.832024216651916504e-01,8.111619353294372559e-01,-4.365381598472595215e-01,-2.259122878313064575e-01,1.658098548650741577e-01,4.844589829444885254e-01,-1.742231249809265137e-01,5.267181992530822754e-02,9.292463771998882294e-03,1.995634883642196655e-01,-1.233265846967697144e-01,4.959416687488555908e-01,-1.184430904686450958e-02,-1.442809030413627625e-02,1.429708451032638550e-01,-6.179561838507652283e-02,-4.880000054836273193e-01,9.883854072540998459e-04,1.226625561714172363e+00,1.673543006181716919e-01,-4.949960112571716309e-01,6.158698722720146179e-02,-8.976342529058456421e-02,-4.739748239517211914e-01,2.598275542259216309e-01,-1.551380753517150879e+00,3.554585874080657959e-01,-1.320586442947387695e+00,-3.620831072330474854e-01,-6.208195537328720093e-02,4.992424249649047852e-01
8.900298476219177246e-01,1.537343740463256836e+00,7.691159248352050781e-01,3.663900122046470642e-02,2.358137629926204681e-02,5.829012989997863770e-01,8.113738894462585449e-01,-4.335776865482330322e-01,-2.278088331222534180e-01,1.660523712635040283e-01,4.799324572086334229e-01,-1.725973188877105713e-01,5.258048698306083679e-02,9.850385598838329315e-03,1.994839906692504883e-01,-1.206641495227813721e-01,4.956859946250915527e-01,-5.172541365027427673e-03,-9.787089191377162933e-03,1.414758116006851196e-01,-6.299141794443130493e-02,-4.880000054836273193e-01,1.137733925133943558e-03,1.226898908615112305e+00,1.654694527387619019e-01,-4.947044551372528076e-01,6.251767277717590332e-02,-8.983384817838668823e-02,-4.716824889183044434e-01,2.583818137645721436e-01,-1.551296710968017578e+00,3.566005229949951172e-01,-1.319727778434753418e+00,-3.634564280509948730e-01,-6.181891262531280518e-02,4.959970712661743164e-01
8.888259530067443848e-01,1.538178920745849609e+00,7.695989608764648438e-01,3.646738454699516296e-02,2.374501340091228485e-02,5.827887654304504395e-01,8.114576935768127441e-01,-4.305196404457092285e-01,-2.296669185161590576e-01,1.668021082878112793e-01,4.740843772888183594e-01,-1.705256998538970947e-01,5.302865430712699890e-02,9.417597204446792603e-03,1.989423781633377075e-01,-1.187140792608261108e-01,4.963918328285217285e-01,2.847878960892558098e-03,-3.735741367563605309e-03,1.388295888900756836e-01,-6.369182467460632324e-02,-4.880000054836273193e-01,2.465691941324621439e-04,1.226969718933105469e+00,1.623687446117401123e-01,-4.960509836673736572e-01,6.408070772886276245e-02,-8.971571922302246094e-02,-4.694703519344329834e-01,2.550253272056579590e-01,-1.553257703781127930e+00,3.588519394397735596e-01,-1.320103168487548828e+00,-3.637353181838989258e-01,-6.223045662045478821e-02,4.924558997154235840e-01
8.872994780540466309e-01,1.538099408149719238e+00,7.698616981506347656e-01,3.695023059844970703e-02,2.502850256860256195e-02,5.826975703239440918e-01,8.114627599716186523e-01,-4.288307726383209229e-01,-2.333276718854904175e-01,1.692810207605361938e-01,4.656543135643005371e-01,-1.639889925718307495e-01,5.689278990030288696e-02,-5.583027377724647522e-04,1.952000111341476440e-01,-1.173837929964065552e-01,5.126308798789978027e-01,1.941572129726409912e-02,6.928386166691780090e-03,1.316717416048049927e-01,-6.118669733405113220e-02,-4.880000054836273193e-01,-5.893297493457794189e-03,1.226873993873596191e+00,1.588757187128067017e-01,-4.923694431781768799e-01,7.046128064393997192e-02,-8.900392800569534302e-02,-4.710175693035125732e-01,2.426718324422836304e-01,-1.556506991386413574e+00,3.556165993213653564e-01,-1.323565602302551270e+00,-3.735437989234924316e-01,-6.232685223221778870e-02,4.916187226772308350e-01
