-4.493341781198978424e-03,-1.582761853933334351e-02,3.877876102924346924e-01,5.377046391367912292e-02,-9.812505543231964111e-02,6.128063797950744629e-01,7.822713851928710938e-01,-1.019999980926513672e-01,1.019999980926513672e-01,1.019999980926513672e-01,1.019999980926513672e-01,-1.019999980926513672e-01,6.038270890712738037e-02,-1.019999980926513672e-01,-1.019999980926513672e-01,2.354885265231132507e-02,1.019999980926513672e-01,-1.019999980926513672e-01,4.606854170560836792e-02,-1.019999980926513672e-01,1.019999980926513672e-01,7.006072439253330231e-03,-1.019999980926513672e-01,1.019999980926513672e-01,-1.019999980926513672e-01,-1.019999980926513672e-01,1.019999980926513672e-01,-1.019999980926513672e-01,1.019999980926513672e-01,-1.019999980926513672e-01,-4.586759582161903381e-02,1.019999980926513672e-01,-1.019999980926513672e-01,-1.019999980926513672e-01,-1.019999980926513672e-01,-1.019999980926513672e-01
-4.960639402270317078e-03,-1.609080471098423004e-02,3.842660486698150635e-01,3.108217939734458923e-02,-9.995196759700775146e-02,6.296917200088500977e-01,7.697609066963195801e-01,-2.039999961853027344e-01,2.039999961853027344e-01,2.039999961853027344e-01,2.039999961853027344e-01,-2.039999961853027344e-01,7.119330763816833496e-02,-2.039999961853027344e-01,-2.039999961853027344e-01,-3.502544760704040527e-02,2.039999961853027344e-01,-2.039999961853027344e-01,5.823453515768051147e-02,-1.919080764055252075e-01,2.039999961853027344e-01,4.261266440153121948e-02,-2.039999961853027344e-01,2.039999961853027344e-01,-2.039999961853027344e-01,-2.039999961853027344e-01,2.039999961853027344e-01,-2.039999961853027344e-01,2.039999961853027344e-01,-2.039999961853027344e-01,-1.414198428392410278e-01,2.039999961853027344e-01,-2.039999961853027344e-01,-2.039999961853027344e-01,-2.039999961853027344e-01,-2.039999961853027344e-01
-5.545928142964839935e-03,-1.666611246764659882e-02,3.839400708675384521e-01,2.850570157170295715e-02,-9.987807273864746094e-02,6.299251914024353027e-01,7.696791887283325195e-01,-3.059999942779541016e-01,3.059999942779541016e-01,2.243161201477050781e-01,3.059999942779541016e-01,-3.059999942779541016e-01,7.142224907875061035e-02,-3.059999942779541016e-01,-3.059999942779541016e-01,-4.755393043160438538e-02,3.059999942779541016e-01,-3.059999942779541016e-01,6.195006519556045532e-02,-2.052669674158096313e-01,2.975000143051147461e-01,5.214381963014602661e-02,-3.059999942779541016e-01,2.722280025482177734e-01,-3.059999942779541016e-01,-3.059999942779541016e-01,3.059999942779541016e-01,-3.059999942779541016e-01,2.424733787775039673e-01,-3.059999942779541016e-01,-1.759565919637680054e-01,3.059999942779541016e-01,-3.059999942779541016e-01,-3.059999942779541016e-01,-3.059999942779541016e-01,-2.805082499980926514e-01
-5.503314081579446793e-03,-1.674284227192401886e-02,3.838842213153839111e-01,2.770648896694183350e-02,-9.929981827735900879e-02,6.294697523117065430e-01,7.701556682586669922e-01,-4.079999923706054688e-01,3.830595910549163818e-01,2.270248085260391235e-01,4.079999923706054688e-01,-4.079999923706054688e-01,7.074310630559921265e-02,-4.079999923706054688e-01,-3.649753034114837646e-01,-4.986462742090225220e-02,4.079999923706054688e-01,-4.079999923706054688e-01,6.354043632745742798e-02,-2.068258821964263916e-01,3.115249872207641602e-01,5.515724420547485352e-02,-4.079999923706054688e-01,3.742280006408691406e-01,-4.079999923706054688e-01,-4.079999923706054688e-01,4.079999923706054688e-01,-4.079999923706054688e-01,2.405831068754196167e-01,-4.079999923706054688e-01,-1.994244009256362915e-01,4.079999923706054688e-01,-4.079999923706054688e-01,-4.079999923706054688e-01,-4.079999923706054688e-01,-2.927792668342590332e-01
-5.123690702021121979e-03,-1.650708727538585663e-02,3.839615285396575928e-01,2.759011648595333099e-02,-9.895721077919006348e-02,6.286515593528747559e-01,7.708718776702880859e-01,-5.099999904632568359e-01,3.959044516086578369e-01,2.282673716545104980e-01,5.099999904632568359e-01,-5.099999904632568359e-01,7.048539817333221436e-02,-5.099999904632568359e-01,-3.733621239662170410e-01,-5.023029446601867676e-02,5.099999904632568359e-01,-5.099999904632568359e-01,6.432354450225830078e-02,-2.068434059619903564e-01,3.136287629604339600e-01,5.623756721615791321e-02,-5.099999904632568359e-01,4.762280285358428955e-01,-5.099999904632568359e-01,-5.099999904632568359e-01,4.345013499259948730e-01,-5.099999904632568359e-01,2.306026667356491089e-01,-5.099999904632568359e-01,-2.452642023563385010e-01,5.099999904632568359e-01,-5.099999904632568359e-01,-4.543341398239135742e-01,-4.475140273571014404e-01,-2.918569445610046387e-01
-5.219911225140094757e-03,-1.634625159204006195e-02,3.839861452579498291e-01,2.700288221240043640e-02,-9.872195869684219360e-02,6.281064152717590332e-01,7.713670730590820312e-01,-6.119999885559082031e-01,3.986354470252990723e-01,2.282464355230331421e-01,6.119999885559082031e-01,-6.119999885559082031e-01,6.998349726200103760e-02,-6.119999885559082031e-01,-3.737867474555969238e-01,-5.027204751968383789e-02,6.119999885559082031e-01,-5.321059823036193848e-01,6.541105359792709351e-02,-2.071628272533416748e-01,3.139443099498748779e-01,5.720642209053039551e-02,-5.490232110023498535e-01,5.782279968261718750e-01,-6.119999885559082031e-01,-6.119999885559082031e-01,4.339873790740966797e-01,-5.405982136726379395e-01,2.186618298292160034e-01,-6.119999885559082031e-01,-3.050921857357025146e-01,6.119999885559082031e-01,-6.119999885559082031e-01,-4.541541934013366699e-01,-4.497485756874084473e-01,-2.878949940204620361e-01
-5.577281583100557327e-03,-1.637203991413116455e-02,3.838590681552886963e-01,2.560154534876346588e-02,-9.799151122570037842e-02,6.277235150337219238e-01,7.718195319175720215e-01,-6.936451196670532227e-01,3.999685049057006836e-01,2.274107486009597778e-01,7.139999866485595703e-01,-7.139999866485595703e-01,6.896786391735076904e-02,-7.139999866485595703e-01,-3.728146255016326904e-01,-5.040899664163589478e-02,7.139999866485595703e-01,-5.336276888847351074e-01,6.675663590431213379e-02,-2.077872306108474731e-01,3.139916062355041504e-01,5.864256992936134338e-02,-5.204693675041198730e-01,6.802279949188232422e-01,-7.139999866485595703e-01,-7.139999866485595703e-01,4.370166361331939697e-01,-5.395950078964233398e-01,2.057967782020568848e-01,-7.139999866485595703e-01,-3.782587945461273193e-01,7.139999866485595703e-01,-7.139999866485595703e-01,-4.541980326175689697e-01,-4.453670382499694824e-01,-2.840490341186523438e-01
-6.266470532864332199e-03,-1.667975634336471558e-02,3.836559355258941650e-01,2.413721941411495209e-02,-9.720443189144134521e-02,6.277068853378295898e-01,7.719798088073730469e-01,-7.102136611938476562e-01,4.003259837627410889e-01,2.260934412479400635e-01,8.159999847412109375e-01,-7.493407726287841797e-01,6.756068766117095947e-02,-7.481479644775390625e-01,-3.722721636295318604e-01,-5.073335766792297363e-02,8.159999847412109375e-01,-5.300738811492919922e-01,6.856296211481094360e-02,-2.093184441328048706e-01,3.139986991882324219e-01,5.965130403637886047e-02,-4.715214073657989502e-01,7.822279930114746094e-01,-8.159999847412109375e-01,-8.159999847412109375e-01,4.512690007686614990e-01,-5.335432887077331543e-01,1.911202222108840942e-01,-8.159999847412109375e-01,-4.639928340911865234e-01,8.159999847412109375e-01,-8.159999847412109375e-01,-4.640835821628570557e-01,-4.388382732868194580e-01,-2.777881026268005371e-01
-6.827468518167734146e-03,-1.713257655501365662e-02,3.834776580333709717e-01,2.308029867708683014e-02,-9.652344137430191040e-02,6.276013255119323730e-01,7.721832990646362305e-01,-7.161388397216796875e-01,4.004738628864288330e-01,2.251964509487152100e-01,9.179999828338623047e-01,-7.518597841262817383e-01,6.555272638797760010e-02,-7.560965418815612793e-01,-3.714847862720489502e-01,-5.020477995276451111e-02,9.179999828338623047e-01,-5.253660678863525391e-01,7.056872546672821045e-02,-2.108260691165924072e-01,3.139996528625488281e-01,5.942408740520477295e-02,-3.886193037033081055e-01,8.842279911041259766e-01,-9.179999828338623047e-01,-9.179999828338623047e-01,4.616058468818664551e-01,-5.287534594535827637e-01,1.734361350536346436e-01,-8.440042734146118164e-01,-5.505594015121459961e-01,9.179999828338623047e-01,-9.179999828338623047e-01,-4.681991338729858398e-01,-4.324320852756500244e-01,-2.672737240791320801e-01
-7.543085608631372452e-03,-1.767709292471408844e-02,3.832785785198211670e-01,2.182448096573352814e-02,-9.583557397127151489e-02,6.274849176406860352e-01,7.724001407623291016e-01,-7.209299206733703613e-01,4.007030129432678223e-01,2.243267744779586792e-01,1.019999980926513672e+00,-7.497810125350952148e-01,6.359282135963439941e-02,-7.602781057357788086e-01,-3.704580664634704590e-01,-4.952206462621688843e-02,1.019999980926513672e+00,-5.199405550956726074e-01,7.256913930177688599e-02,-2.107788920402526855e-01,3.139995336532592773e-01,5.802970379590988159e-02,-2.866193056106567383e-01,9.862279891967773438e-01,-1.019999980926513672e+00,-1.019999980926513672e+00,4.745449721813201904e-01,-5.256099104881286621e-01,1.583767980337142944e-01,-8.326115012168884277e-01,-6.525593996047973633e-01,1.019999980926513672e+00,-1.019999980926513672e+00,-4.717487692832946777e-01,-4.249561131000518799e-01,-2.512874305248260498e-01
-8.144491352140903473e-03,-1.814688183367252350e-02,3.830787241458892822e-01,2.042832970619201660e-02,-9.526982158422470093e-02,6.273424029350280762e-01,7.726240158081054688e-01,-7.255592346191406250e-01,4.015181958675384521e-01,2.234184294939041138e-01,1.121999979019165039e+00,-7.480539679527282715e-01,6.197709217667579651e-02,-7.635892629623413086e-01,-3.691818416118621826e-01,-4.922027140855789185e-02,1.121999979019165039e+00,-5.155280232429504395e-01,7.434578984975814819e-02,-2.071867436170578003e-01,3.139993250370025635e-01,5.628957599401473999e-02,-1.846193075180053711e-01,1.088227987289428711e+00,-9.745854139328002930e-01,-1.121999979019165039e+00,4.887129068374633789e-01,-5.246020555496215820e-01,1.510829925537109375e-01,-7.936764955520629883e-01,-7.545593976974487305e-01,1.121999979019165039e+00,-1.121999979019165039e+00,-4.750831425189971924e-01,-4.163386225700378418e-01,-2.297637760639190674e-01
-8.497056551277637482e-03,-1.828875020146369934e-02,3.828454911708831787e-01,1.887676306068897247e-02,-9.444827586412429810e-02,6.271933317184448242e-01,7.728853225708007812e-01,-7.302970290184020996e-01,4.026587903499603271e-01,2.224993109703063965e-01,1.223999977111816406e+00,-7.480172514915466309e-01,6.111350283026695251e-02,-7.670983672142028809e-01,-3.680830001831054688e-01,-4.922453314065933228e-02,1.223999977111816406e+00,-5.128889083862304688e-01,7.579912245273590088e-02,-1.999035030603408813e-01,3.139993548393249512e-01,5.450929328799247742e-02,-8.261930197477340698e-02,1.190227985382080078e+00,-8.725854158401489258e-01,-1.223999977111816406e+00,5.054998993873596191e-01,-5.249618887901306152e-01,1.497286707162857056e-01,-7.125004529953002930e-01,-8.565593957901000977e-01,1.223999977111816406e+00,-1.223999977111816406e+00,-4.792480468750000000e-01,-4.084741473197937012e-01,-2.049313038587570190e-01
-8.474347181618213654e-03,-1.812002435326576233e-02,3.826140463352203369e-01,1.724494062364101410e-02,-9.316527843475341797e-02,6.269038915634155273e-01,7.733138799667358398e-01,-7.349771261215209961e-01,4.042977392673492432e-01,2.221654206514358521e-01,1.325999975204467773e+00,-7.488210201263427734e-01,6.056348606944084167e-02,-7.715159058570861816e-01,-3.670226335525512695e-01,-4.903413355350494385e-02,1.325999975204467773e+00,-5.120319128036499023e-01,7.670409977436065674e-02,-1.906344741582870483e-01,3.139974474906921387e-01,5.483433231711387634e-02,1.938069984316825867e-02,1.292227983474731445e+00,-7.705854177474975586e-01,-1.325999975204467773e+00,5.166996121406555176e-01,-5.267674326896667480e-01,1.526850014925003052e-01,-6.105004549026489258e-01,-9.585593938827514648e-01,1.186870813369750977e+00,-1.325999975204467773e+00,-4.809943735599517822e-01,-4.069933295249938965e-01,-1.831585019826889038e-01
-8.335084654390811920e-03,-1.767488755285739899e-02,3.826200664043426514e-01,1.652221381664276123e-02,-9.265751391649246216e-02,6.268658638000488281e-01,7.734214663505554199e-01,-7.369698882102966309e-01,4.050882160663604736e-01,2.217895090579986572e-01,1.427999973297119141e+00,-7.502810955047607422e-01,6.063558533787727356e-02,-7.731733918190002441e-01,-3.666901886463165283e-01,-4.933288320899009705e-02,1.351687192916870117e+00,-5.121843218803405762e-01,7.727733254432678223e-02,-1.801836192607879639e-01,3.139993548393249512e-01,5.895239114761352539e-02,1.213807016611099243e-01,1.367608070373535156e+00,-6.685854196548461914e-01,-1.427999973297119141e+00,5.232625007629394531e-01,-5.314863324165344238e-01,1.528361141681671143e-01,-5.085004568099975586e-01,-1.060559391975402832e+00,1.084870815277099609e+00,-1.427999973297119141e+00,-4.897710382938385010e-01,-4.268308579921722412e-01,-1.560718864202499390e-01
-8.869185112416744232e-03,-1.913614198565483093e-02,3.853540122509002686e-01,2.786789555102586746e-03,-7.425088435411453247e-02,6.220325827598571777e-01,7.794578075408935547e-01,-7.662991285324096680e-01,4.098258912563323975e-01,2.331699430942535400e-01,1.499024868011474609e+00,-7.364704608917236328e-01,5.909157544374465942e-02,-8.142994046211242676e-01,-3.577866554260253906e-01,-4.391986876726150513e-02,1.341625928878784180e+00,-4.914589226245880127e-01,7.682821154594421387e-02,-1.419590264558792114e-01,2.938317954540252686e-01,5.780848860740661621e-02,2.233806997537612915e-01,1.411981582641601562e+00,-5.665854215621948242e-01,-1.529999971389770508e+00,5.234244465827941895e-01,-5.523642897605895996e-01,1.358473747968673706e-01,-4.065004587173461914e-01,-1.162559390068054199e+00,9.828708767890930176e-01,-1.529999971389770508e+00,-4.254191517829895020e-01,-4.712548851966857910e-01,-1.397909820079803467e-01
-8.620839565992355347e-03,-1.861503534018993378e-02,3.855336606502532959e-01,4.235325846821069717e-03,-7.746388018131256104e-02,6.217287778854370117e-01,7.793809771537780762e-01,-7.645829916000366211e-01,4.126790761947631836e-01,2.344131022691726685e-01,1.510568976402282715e+00,-7.358897328376770020e-01,5.864061787724494934e-02,-8.131828904151916504e-01,-3.546149432659149170e-01,-4.394656419754028320e-02,1.339162349700927734e+00,-4.877912700176239014e-01,7.640831172466278076e-02,-1.316250562667846680e-01,2.960797250270843506e-01,6.310728937387466431e-02,3.051471412181854248e-01,1.422087788581848145e+00,-4.803001582622528076e-01,-1.631999969482421875e+00,5.388480424880981445e-01,-5.571544170379638672e-01,1.292189210653305054e-01,-3.045004606246948242e-01,-1.232893824577331543e+00,8.808708786964416504e-01,-1.631999969482421875e+00,-4.402194619178771973e-01,-4.956781566143035889e-01,-1.350369900465011597e-01
-8.219853974878787994e-03,-1.837767660617828369e-02,3.857176601886749268e-01,5.334571003913879395e-03,-7.923972606658935547e-02,6.218979954719543457e-01,7.790606617927551270e-01,-7.606626749038696289e-01,4.137981832027435303e-01,2.342109680175781250e-01,1.512299180030822754e+00,-7.358860969543457031e-01,5.840256810188293457e-02,-8.085262179374694824e-01,-3.537128865718841553e-01,-4.465838149189949036e-02,1.338719487190246582e+00,-4.877742230892181396e-01,7.578575611114501953e-02,-1.291047185659408569e-01,2.990633249282836914e-01,6.571795791387557983e-02,3.285765051841735840e-01,1.424215197563171387e+00,-4.547299146652221680e-01,-1.733999967575073242e+00,5.512899160385131836e-01,-5.578731298446655273e-01,1.226389557123184204e-01,-2.025004625320434570e-01,-1.254201650619506836e+00,7.788708806037902832e-01,-1.733999967575073242e+00,-4.574345052242279053e-01,-5.082233548164367676e-01,-1.287582814693450928e-01
-7.753750775009393692e-03,-1.821409910917282104e-02,3.858396708965301514e-01,5.661078263074159622e-03,-7.954666018486022949e-02,6.222111582756042480e-01,7.787770032882690430e-01,-7.592913508415222168e-01,4.140381813049316406e-01,2.338527441024780273e-01,1.512441873550415039e+00,-7.354429364204406738e-01,5.806997790932655334e-02,-8.066251873970031738e-01,-3.537218868732452393e-01,-4.514979571104049683e-02,1.339329242706298828e+00,-4.888218343257904053e-01,7.526953518390655518e-02,-1.290658563375473022e-01,2.999030649662017822e-01,6.676094979047775269e-02,3.345726430416107178e-01,1.422208070755004883e+00,-4.487985074520111084e-01,-1.835999965667724609e+00,5.573284029960632324e-01,-5.579809546470642090e-01,1.169052794575691223e-01,-1.005004644393920898e-01,-1.260277867317199707e+00,6.768708229064941406e-01,-1.835999965667724609e+00,-4.679375290870666504e-01,-5.128065347671508789e-01,-1.229213625192642212e-01
-7.368417922407388687e-03,-1.803155057132244110e-02,3.859802782535552979e-01,6.076124496757984161e-03,-8.003076165914535522e-02,6.224363446235656738e-01,7.785442471504211426e-01,-7.578762173652648926e-01,4.142600893974304199e-01,2.336045503616333008e-01,1.512406587600708008e+00,-7.348639965057373047e-01,5.771334841847419739e-02,-8.047965168952941895e-01,-3.539257645606994629e-01,-4.577057808637619019e-02,1.339965462684631348e+00,-4.900859296321868896e-01,7.511860877275466919e-02,-1.295167207717895508e-01,3.006507456302642822e-01,6.802127510309219360e-02,3.358928859233856201e-01,1.417033791542053223e+00,-4.494288861751556396e-01,-1.937999963760375977e+00,5.595875978469848633e-01,-5.579971671104431152e-01,1.092575863003730774e-01,-1.585964672267436981e-02,-1.264984250068664551e+00,6.343157887458801270e-01,-1.937999963760375977e+00,-4.793285727500915527e-01,-5.174319744110107422e-01,-1.131936386227607727e-01
-7.094542961567640305e-03,-1.761409267783164978e-02,3.862160742282867432e-01,6.991338450461626053e-03,-8.147326111793518066e-02,6.224818229675292969e-01,7.783505916595458984e-01,-7.542271614074707031e-01,4.148517549037933350e-01,2.334826588630676270e-01,1.512365579605102539e+00,-7.343633770942687988e-01,5.729198083281517029e-02,-8.006637692451477051e-01,-3.539039790630340576e-01,-4.670972377061843872e-02,1.339975833892822266e+00,-4.914423227310180664e-01,7.527483254671096802e-02,-1.292646974325180054e-01,3.028958439826965332e-01,6.982652842998504639e-02,3.388605713844299316e-01,1.413138389587402344e+00,-4.498397111892700195e-01,-2.039999961853027344e+00,5.602262616157531738e-01,-5.579995512962341309e-01,1.038788184523582458e-01,1.151304133236408234e-02,-1.274042844772338867e+00,6.126986145973205566e-01,-2.039999961853027344e+00,-4.901912510395050049e-01,-5.249453783035278320e-01,-1.056455522775650024e-01
-7.014577277004718781e-03,-1.710206642746925354e-02,3.865269124507904053e-01,7.422367576509714127e-03,-8.262180536985397339e-02,6.222432255744934082e-01,7.784162759780883789e-01,-7.508511543273925781e-01,4.158939123153686523e-01,2.335998266935348511e-01,1.512348532676696777e+00,-7.335354685783386230e-01,5.685446411371231079e-02,-7.969464063644409180e-01,-3.532685637474060059e-01,-4.757368192076683044e-02,1.339167714118957520e+00,-4.919047653675079346e-01,7.552349567413330078e-02,-1.280521154403686523e-01,3.052627146244049072e-01,7.153927534818649292e-02,3.435383141040802002e-01,1.413249492645263672e+00,-4.474048912525177002e-01,-2.141999959945678711e+00,5.607689619064331055e-01,-5.579999089241027832e-01,1.024417355656623840e-01,2.957020141184329987e-02,-1.284064412117004395e+00,5.938829183578491211e-01,-2.141999959945678711e+00,-5.004158020019531250e-01,-5.309643149375915527e-01,-1.010121926665306091e-01
-7.016532123088836670e-03,-1.652393303811550140e-02,3.867566287517547607e-01,7.646786049008369446e-03,-8.331889659166336060e-02,6.221906542778015137e-01,7.783818244934082031e-01,-7.486202120780944824e-01,4.162570536136627197e-01,2.333239912986755371e-01,1.512574672698974609e+00,-7.332622408866882324e-01,5.668782442808151245e-02,-7.942412495613098145e-01,-3.529645204544067383e-01,-4.814713820815086365e-02,1.338780283927917480e+00,-4.922204911708831787e-01,7.576453685760498047e-02,-1.279354393482208252e-01,3.067314922809600830e-01,7.237788289785385132e-02,3.465066552162170410e-01,1.412399768829345703e+00,-4.467312991619110107e-01,-2.243999958038330078e+00,5.603705644607543945e-01,-5.579999685287475586e-01,1.003234833478927612e-01,3.802517428994178772e-02,-1.289802789688110352e+00,5.850279331207275391e-01,-2.243999958038330078e+00,-5.067825317382812500e-01,-5.344087481498718262e-01,-9.612464904785156250e-02
-6.919057108461856842e-03,-1.593443006277084351e-02,3.869379460811614990e-01,7.918607443571090698e-03,-8.387685567140579224e-02,6.222878694534301758e-01,7.782414555549621582e-01,-7.468999028205871582e-01,4.159933924674987793e-01,2.325330525636672974e-01,1.512915015220642090e+00,-7.331773042678833008e-01,5.673638731241226196e-02,-7.919383049011230469e-01,-3.529632389545440674e-01,-4.852310195565223694e-02,1.338941335678100586e+00,-4.928793013095855713e-01,7.589077949523925781e-02,-1.283073425292968750e-01,3.079035580158233643e-01,7.299293577671051025e-02,3.485552668571472168e-01,1.412052869796752930e+00,-4.472674429416656494e-01,-2.338856935501098633e+00,5.596420168876647949e-01,-5.580000281333923340e-01,9.952331334352493286e-02,4.219012334942817688e-02,-1.293780565261840820e+00,5.812923908233642578e-01,-2.338859319686889648e+00,-5.104716420173645020e-01,-5.354165434837341309e-01,-9.268070012331008911e-02
-6.680779624730348587e-03,-1.558109093457460403e-02,3.872701823711395264e-01,7.998988032341003418e-03,-8.408062160015106201e-02,6.222355961799621582e-01,7.782604694366455078e-01,-7.456085681915283203e-01,4.158960580825805664e-01,2.320754081010818481e-01,1.512478709220886230e+00,-7.323739528656005859e-01,5.662838369607925415e-02,-7.904469966888427734e-01,-3.527476787567138672e-01,-4.898417741060256958e-02,1.338480472564697266e+00,-4.932648241519927979e-01,7.584278285503387451e-02,-1.276780515909194946e-01,3.084469735622406006e-01,7.351234555244445801e-02,3.500874042510986328e-01,1.413426280021667480e+00,-4.468523859977722168e-01,-2.353088378906250000e+00,5.592639446258544922e-01,-5.580000281333923340e-01,9.906262904405593872e-02,4.619305580854415894e-02,-1.296310424804687500e+00,5.773916840553283691e-01,-2.353088855743408203e+00,-5.133506655693054199e-01,-5.360609889030456543e-01,-8.971125632524490356e-02
-6.341125816106796265e-03,-1.545940432697534561e-02,3.876362740993499756e-01,8.191473782062530518e-03,-8.409905433654785156e-02,6.223402023315429688e-01,7.781727910041809082e-01,-7.445157766342163086e-01,4.158553779125213623e-01,2.322028428316116333e-01,1.511397004127502441e+00,-7.323171496391296387e-01,5.642511323094367981e-02,-7.893800735473632812e-01,-3.528215885162353516e-01,-4.943683370947837830e-02,1.337969183921813965e+00,-4.939774274826049805e-01,7.562407851219177246e-02,-1.270690560340881348e-01,3.084333539009094238e-01,7.404845207929611206e-02,3.505378365516662598e-01,1.414262652397155762e+00,-4.464576542377471924e-01,-2.355223178863525391e+00,5.586531758308410645e-01,-5.580000281333923340e-01,9.881757944822311401e-02,4.895176365971565247e-02,-1.297621846199035645e+00,5.749599337577819824e-01,-2.355223417282104492e+00,-5.153244733810424805e-01,-5.366755723953247070e-01,-8.757618814706802368e-02
-6.165693979710340500e-03,-1.564695499837398529e-02,3.880055248737335205e-01,8.457655087113380432e-03,-8.414898067712783813e-02,6.223862171173095703e-01,7.781277298927307129e-01,-7.434557080268859863e-01,4.159899950027465820e-01,2.329414486885070801e-01,1.510004401206970215e+00,-7.326836585998535156e-01,5.606523901224136353e-02,-7.885844111442565918e-01,-3.530847728252410889e-01,-4.994166269898414612e-02,1.337113261222839355e+00,-4.946140050888061523e-01,7.560038566589355469e-02,-1.264686435461044312e-01,3.081238865852355957e-01,7.432134449481964111e-02,3.500584661960601807e-01,1.415286898612976074e+00,-4.455878138542175293e-01,-2.355543375015258789e+00,5.569444298744201660e-01,-5.580000281333923340e-01,9.969303756952285767e-02,5.072838440537452698e-02,-1.298359870910644531e+00,5.737506747245788574e-01,-2.355543613433837891e+00,-5.166380405426025391e-01,-5.373325347900390625e-01,-8.646815270185470581e-02
-6.237511057406663895e-03,-1.588222011923789978e-02,3.883278667926788330e-01,8.684789761900901794e-03,-8.424935489892959595e-02,6.224408745765686035e-01,7.780706882476806641e-01,-7.425678968429565430e-01,4.161168336868286133e-01,2.338986694812774658e-01,1.508809208869934082e+00,-7.332348227500915527e-01,5.566371232271194458e-02,-7.878788709640502930e-01,-3.533762991428375244e-01,-5.026944354176521301e-02,1.336145758628845215e+00,-4.939987063407897949e-01,7.606712728738784790e-02,-1.261075288057327271e-01,3.077412843704223633e-01,7.416878640651702881e-02,3.492029309272766113e-01,1.415984034538269043e+00,-4.445402026176452637e-01,-2.355591535568237305e+00,5.545111298561096191e-01,-5.580000281333923340e-01,1.016995459794998169e-01,5.169196799397468567e-02,-1.298521876335144043e+00,5.732029676437377930e-01,-2.355591535568237305e+00,-5.173954367637634277e-01,-5.380682945251464844e-01,-8.640809357166290283e-02
-6.304432637989521027e-03,-1.582650095224380493e-02,3.886174857616424561e-01,8.709782734513282776e-03,-8.421121537685394287e-02,6.224817037582397461e-01,7.780418992042541504e-01,-7.419618964195251465e-01,4.162349998950958252e-01,2.346843630075454712e-01,1.508011937141418457e+00,-7.332975864410400391e-01,5.506050959229469299e-02,-7.873662710189819336e-01,-3.536594212055206299e-01,-5.056853219866752625e-02,1.335324168205261230e+00,-4.932925403118133545e-01,7.666549831628799438e-02,-1.259485185146331787e-01,3.074132502079010010e-01,7.389778643846511841e-02,3.487989306449890137e-01,1.416641831398010254e+00,-4.438633024692535400e-01,-2.355598688125610352e+00,5.517885088920593262e-01,-5.580000281333923340e-01,1.043756753206253052e-01,5.167849361896514893e-02,-1.298254132270812988e+00,5.732765793800354004e-01,-2.355598688125610352e+00,-5.177093744277954102e-01,-5.391556024551391602e-01,-8.661063015460968018e-02
-6.469568703323602676e-03,-1.571353524923324585e-02,3.888278305530548096e-01,8.551417849957942963e-03,-8.420037478208541870e-02,6.224062442779541016e-01,7.781051397323608398e-01,-7.417702674865722656e-01,4.164603054523468018e-01,2.351229339838027954e-01,1.507913470268249512e+00,-7.315595746040344238e-01,5.430147051811218262e-02,-7.871017456054687500e-01,-3.541213870048522949e-01,-5.139244720339775085e-02,1.334595918655395508e+00,-4.919538199901580811e-01,7.726487517356872559e-02,-1.260085254907608032e-01,3.071162998676300049e-01,7.375542074441909790e-02,3.485425710678100586e-01,1.417244672775268555e+00,-4.442310631275177002e-01,-2.355599880218505859e+00,5.505585670471191406e-01,-5.580000281333923340e-01,1.074053198099136353e-01,5.092075467109680176e-02,-1.297168731689453125e+00,5.744370818138122559e-01,-2.355599880218505859e+00,-5.186967253684997559e-01,-5.404536724090576172e-01,-8.712279051542282104e-02
-6.401147227734327316e-03,-1.548148412257432938e-02,3.891519606113433838e-01,8.373476564884185791e-03,-8.404165506362915039e-02,6.225296258926391602e-01,7.780255675315856934e-01,-7.416284680366516113e-01,4.164121150970458984e-01,2.352225482463836670e-01,1.507280826568603516e+00,-7.313199043273925781e-01,5.372047796845436096e-02,-7.866007089614868164e-01,-3.544462323188781738e-01,-5.210477113723754883e-02,1.333667516708374023e+00,-4.934441745281219482e-01,7.685847580432891846e-02,-1.256489157676696777e-01,3.069763779640197754e-01,7.404684275388717651e-02,3.485904335975646973e-01,1.417882561683654785e+00,-4.450098276138305664e-01,-2.355599880218505859e+00,5.502973198890686035e-01,-5.580000281333923340e-01,1.088762208819389343e-01,4.974991455674171448e-02,-1.295941710472106934e+00,5.756568312644958496e-01,-2.355599880218505859e+00,-5.195930004119873047e-01,-5.406319499015808105e-01,-8.647660166025161743e-02
-6.908046081662178040e-03,-1.513557322323322296e-02,3.894018232822418213e-01,7.944287732243537903e-03,-8.403152972459793091e-02,6.222855448722839355e-01,7.782263755798339844e-01,-7.415687441825866699e-01,4.165491461753845215e-01,2.354300022125244141e-01,1.507296562194824219e+00,-7.306072711944580078e-01,5.343240499496459961e-02,-7.862764596939086914e-01,-3.544433414936065674e-01,-5.262805148959159851e-02,1.332269191741943359e+00,-4.936611354351043701e-01,7.678154855966567993e-02,-1.257518529891967773e-01,3.067873120307922363e-01,7.415490597486495972e-02,3.486027419567108154e-01,1.418553233146667480e+00,-4.455699920654296875e-01,-2.355599880218505859e+00,5.507287979125976562e-01,-5.580000281333923340e-01,1.087157502770423889e-01,4.813394695520401001e-02,-1.295264124870300293e+00,5.769770145416259766e-01,-2.355599880218505859e+00,-5.211439728736877441e-01,-5.398613214492797852e-01,-8.482012897729873657e-02
-7.284485269337892532e-03,-1.495344378054141998e-02,3.896946609020233154e-01,7.653157692402601242e-03,-8.412786573171615601e-02,6.223683357238769531e-01,7.781526446342468262e-01,-7.416095137596130371e-01,4.164179265499114990e-01,2.353433221578598022e-01,1.507065176963806152e+00,-7.300594449043273926e-01,5.270224437117576599e-02,-7.853987812995910645e-01,-3.545396029949188232e-01,-5.326376855373382568e-02,1.330699086189270020e+00,-4.944082796573638916e-01,7.654019445180892944e-02,-1.252471208572387695e-01,3.064367771148681641e-01,7.486710697412490845e-02,3.484292924404144287e-01,1.418534517288208008e+00,-4.473984837532043457e-01,-2.355599880218505859e+00,5.538765192031860352e-01,-5.580000281333923340e-01,1.056000068783760071e-01,4.671073704957962036e-02,-1.294004321098327637e+00,5.787039399147033691e-01,-2.355599880218505859e+00,-5.241267085075378418e-01,-5.382387638092041016e-01,-8.189909160137176514e-02
-7.595815695822238922e-03,-1.459125336259603500e-02,3.899729549884796143e-01,7.387629710137844086e-03,-8.432132750749588013e-02,6.225193142890930176e-01,7.780135273933410645e-01,-7.415063977241516113e-01,4.162189066410064697e-01,2.349499464035034180e-01,1.506978034973144531e+00,-7.295926213264465332e-01,5.188955739140510559e-02,-7.840535044670104980e-01,-3.549332618713378906e-01,-5.436286330223083496e-02,1.329369068145751953e+00,-4.943719804286956787e-01,7.668413966894149780e-02,-1.245296075940132141e-01,3.059977591037750244e-01,7.569286972284317017e-02,3.482286930084228516e-01,1.417947530746459961e+00,-4.491360187530517578e-01,-2.355600118637084961e+00,5.581712722778320312e-01,-5.580000281333923340e-01,1.012236997485160828e-01,4.622576013207435608e-02,-1.292123436927795410e+00,5.803905129432678223e-01,-2.355600118637084961e+00,-5.283520221710205078e-01,-5.360745191574096680e-01,-7.862742245197296143e-02
-7.756287697702646255e-03,-1.442189887166023254e-02,3.902689516544342041e-01,7.298073731362819672e-03,-8.457133173942565918e-02,6.227979660034179688e-01,7.777642011642456055e-01,-7.412557005882263184e-01,4.161229133605957031e-01,2.347037643194198608e-01,1.506655931472778320e+00,-7.293734550476074219e-01,5.077062919735908508e-02,-7.824831604957580566e-01,-3.555143177509307861e-01,-5.565772578120231628e-02,1.328250885009765625e+00,-4.938759803771972656e-01,7.710128277540206909e-02,-1.238761246204376221e-01,3.054834604263305664e-01,7.653177529573440552e-02,3.482636809349060059e-01,1.417081475257873535e+00,-4.508194029331207275e-01,-2.355600118637084961e+00,5.627042651176452637e-01,-5.580000281333923340e-01,9.616610407829284668e-02,4.634482041001319885e-02,-1.289986968040466309e+00,5.816684961318969727e-01,-2.355600118637084961e+00,-5.333910584449768066e-01,-5.338682532310485840e-01,-7.543795555830001831e-02
-7.550533395260572433e-03,-1.426216959953308105e-02,3.905877768993377686e-01,7.301325909793376923e-03,-8.461482077836990356e-02,6.231893897056579590e-01,7.774457931518554688e-01,-7.410021424293518066e-01,4.160625636577606201e-01,2.345158755779266357e-01,1.505960345268249512e+00,-7.298462390899658203e-01,4.991839081048965454e-02,-7.811569571495056152e-01,-3.562645912170410156e-01,-5.701921135187149048e-02,1.327752590179443359e+00,-4.929264187812805176e-01,7.751659303903579712e-02,-1.233287528157234192e-01,3.049294352531433105e-01,7.734509557485580444e-02,3.488469421863555908e-01,1.416659116744995117e+00,-4.523877501487731934e-01,-2.355600118637084961e+00,5.668669342994689941e-01,-5.580000281333923340e-01,9.093701839447021484e-02,4.707368090748786926e-02,-1.287852764129638672e+00,5.827995538711547852e-01,-2.355600118637084961e+00,-5.382742881774902344e-01,-5.316784381866455078e-01,-7.168382406234741211e-02
-6.998274009674787521e-03,-1.402478385716676712e-02,3.909290134906768799e-01,7.378860842436552048e-03,-8.447808772325515747e-02,6.236023902893066406e-01,7.771286964416503906e-01,-7.405896186828613281e-01,4.161320328712463379e-01,2.344513833522796631e-01,1.504935503005981445e+00,-7.308115959167480469e-01,4.911416769027709961e-02,-7.800952196121215820e-01,-3.573196530342102051e-01,-5.865797027945518494e-02,1.327772259712219238e+00,-4.930025041103363037e-01,7.765491306781768799e-02,-1.226095333695411682e-01,3.045198619365692139e-01,7.797011733055114746e-02,3.499357402324676514e-01,1.415879249572753906e+00,-4.541106820106506348e-01,-2.355600118637084961e+00,5.714926123619079590e-01,-5.580000281333923340e-01,8.692461252212524414e-02,4.862250760197639465e-02,-1.285569548606872559e+00,5.835050344467163086e-01,-2.355600118637084961e+00,-5.429775714874267578e-01,-5.298791527748107910e-01,-6.949295103549957275e-02
-6.319213658571243286e-03,-1.371102407574653625e-02,3.912204802036285400e-01,7.534144446253776550e-03,-8.430194854736328125e-02,6.238579750061035156e-01,7.769411802291870117e-01,-7.398838996887207031e-01,4.163130819797515869e-01,2.344553619623184204e-01,1.503976225852966309e+00,-7.318116426467895508e-01,4.843834415078163147e-02,-7.793552279472351074e-01,-3.584206402301788330e-01,-6.024037674069404602e-02,1.328244090080261230e+00,-4.934543967247009277e-01,7.766352593898773193e-02,-1.220464855432510376e-01,3.042687177658081055e-01,7.837536185979843140e-02,3.511711657047271729e-01,1.415145635604858398e+00,-4.557237029075622559e-01,-2.355600118637084961e+00,5.758980512619018555e-01,-5.580000281333923340e-01,8.397448807954788208e-02,5.006733536720275879e-02,-1.283451080322265625e+00,5.843425989151000977e-01,-2.355600118637084961e+00,-5.473247766494750977e-01,-5.285813212394714355e-01,-6.835225224494934082e-02
-5.549350287765264511e-03,-1.323467772454023361e-02,3.914735615253448486e-01,7.776671554893255234e-03,-8.412835001945495605e-02,6.241099238395690918e-01,7.767552733421325684e-01,-7.388370037078857422e-01,4.165198504924774170e-01,2.345469146966934204e-01,1.503125786781311035e+00,-7.325763702392578125e-01,4.751425981521606445e-02,-7.785936594009399414e-01,-3.596162199974060059e-01,-6.167256832122802734e-02,1.329052090644836426e+00,-4.950910806655883789e-01,7.749869674444198608e-02,-1.217472851276397705e-01,3.041056692600250244e-01,7.866709679365158081e-02,3.523658215999603271e-01,1.414405107498168945e+00,-4.573813378810882568e-01,-2.355600118637084961e+00,5.806005001068115234e-01,-5.580000281333923340e-01,8.243913203477859497e-02,5.116265267133712769e-02,-1.281367778778076172e+00,5.855311751365661621e-01,-2.355600118637084961e+00,-5.511522889137268066e-01,-5.278714895248413086e-01,-6.856173276901245117e-02
-4.885058384388685226e-03,-1.276370603591203690e-02,3.916761577129364014e-01,8.109575137495994568e-03,-8.407294750213623047e-02,6.242426037788391113e-01,7.766512632369995117e-01,-7.375175952911376953e-01,4.164878129959106445e-01,2.344399243593215942e-01,1.502461791038513184e+00,-7.328413724899291992e-01,4.660957679152488708e-02,-7.777968645095825195e-01,-3.607888817787170410e-01,-6.289569288492202759e-02,1.329916000366210938e+00,-4.969600439071655273e-01,7.736459374427795410e-02,-1.215653717517852783e-01,3.039677739143371582e-01,7.887423783540725708e-02,3.533369004726409912e-01,1.413817405700683594e+00,-4.590293467044830322e-01,-2.355600118637084961e+00,5.855625271797180176e-01,-5.580000281333923340e-01,8.108534663915634155e-02,5.183828249573707581e-02,-1.279433131217956543e+00,5.871769189834594727e-01,-2.355600118637084961e+00,-5.544404387474060059e-01,-5.271694064140319824e-01,-6.874412298202514648e-02
-4.351723939180374146e-03,-1.213189586997032166e-02,3.918654620647430420e-01,8.369683288037776947e-03,-8.405841141939163208e-02,6.243299245834350586e-01,7.765798568725585938e-01,-7.361580133438110352e-01,4.161216020584106445e-01,2.339201718568801880e-01,1.502018094062805176e+00,-7.324680685997009277e-01,4.568847641348838806e-02,-7.768741846084594727e-01,-3.617457449436187744e-01,-6.378219276666641235e-02,1.330643534660339355e+00,-4.988729953765869141e-01,7.716692239046096802e-02,-1.214768290519714355e-01,3.037390410900115967e-01,7.891570776700973511e-02,3.543731272220611572e-01,1.413047313690185547e+00,-4.610208272933959961e-01,-2.355600118637084961e+00,5.907000899314880371e-01,-5.580000281333923340e-01,7.833450287580490112e-02,5.226596444845199585e-02,-1.277705073356628418e+00,5.892221927642822266e-01,-2.355600118637084961e+00,-5.570738911628723145e-01,-5.260559916496276855e-01,-6.764974445104598999e-02
-3.787707071751356125e-03,-1.171103026717901230e-02,3.920840322971343994e-01,8.707656525075435638e-03,-8.417994529008865356e-02,6.244388222694396973e-01,7.764754295349121094e-01,-7.347363829612731934e-01,4.157963097095489502e-01,2.332957983016967773e-01,1.501416087150573730e+00,-7.315404415130615234e-01,4.449149593710899353e-02,-7.757201194763183594e-01,-3.626750409603118896e-01,-6.489157676696777344e-02,1.331169962882995605e+00,-5.008679032325744629e-01,7.699140161275863647e-02,-1.211968287825584412e-01,3.033393621444702148e-01,7.896120846271514893e-02,3.553800284862518311e-01,1.411908507347106934e+00,-4.637694656848907471e-01,-2.355600118637084961e+00,5.970299839973449707e-01,-5.580000281333923340e-01,7.360118627548217773e-02,5.232653766870498657e-02,-1.275553464889526367e+00,5.919052958488464355e-01,-2.355600118637084961e+00,-5.603287816047668457e-01,-5.241354703903198242e-01,-6.454770267009735107e-02
-3.109880024567246437e-03,-1.134216226637363434e-02,3.923689424991607666e-01,9.011426009237766266e-03,-8.427210897207260132e-02,6.245030164718627930e-01,7.764103412628173828e-01,-7.332520484924316406e-01,4.157843589782714844e-01,2.328274697065353394e-01,1.500559210777282715e+00,-7.301911711692810059e-01,4.303878545761108398e-02,-7.745628356933593750e-01,-3.634859323501586914e-01,-6.622527539730072021e-02,1.331538081169128418e+00,-5.035243630409240723e-01,7.671567052602767944e-02,-1.206725835800170898e-01,3.028725981712341309e-01,7.916034013032913208e-02,3.567400872707366943e-01,1.410278201103210449e+00,-4.671396911144256592e-01,-2.355600118637084961e+00,6.046900153160095215e-01,-5.580000281333923340e-01,6.691025197505950928e-02,5.210977792739868164e-02,-1.272978663444519043e+00,5.950416326522827148e-01,-2.355600118637084961e+00,-5.645229220390319824e-01,-5.214549899101257324e-01,-5.930113419890403748e-02
-2.609820105135440826e-03,-1.120652444660663605e-02,3.926841318607330322e-01,9.321393445134162903e-03,-8.446116000413894653e-02,6.245711445808410645e-01,7.763313055038452148e-01,-7.318173646926879883e-01,4.160849750041961670e-01,2.327930778264999390e-01,1.499574661254882812e+00,-7.283108234405517578e-01,4.127409681677818298e-02,-7.733387351036071777e-01,-3.643425107002258301e-01,-6.777635961771011353e-02,1.331567406654357910e+00,-5.057282447814941406e-01,7.653889060020446777e-02,-1.202303245663642883e-01,3.024545013904571533e-01,7.917889207601547241e-02,3.577921688556671143e-01,1.408705234527587891e+00,-4.703409075736999512e-01,-2.355600118637084961e+00,6.128224134445190430e-01,-5.580000281333923340e-01,5.885536968708038330e-02,5.165015906095504761e-02,-1.270764589309692383e+00,5.979476571083068848e-01,-2.355600118637084961e+00,-5.694538950920104980e-01,-5.178397297859191895e-01,-5.258755013346672058e-02
-2.222019480541348457e-03,-1.102472934871912003e-02,3.930284082889556885e-01,9.501461870968341827e-03,-8.463305979967117310e-02,6.247443556785583496e-01,7.761710286140441895e-01,-7.306575775146484375e-01,4.165867865085601807e-01,2.329609394073486328e-01,1.498680710792541504e+00,-7.257173657417297363e-01,3.923990577459335327e-02,-7.719707489013671875e-01,-3.653044998645782471e-01,-6.955010443925857544e-02,1.331351280212402344e+00,-5.076370239257812500e-01,7.656282186508178711e-02,-1.197756230831146240e-01,3.019700646400451660e-01,7.930858433246612549e-02,3.585584461688995361e-01,1.407495141029357910e+00,-4.728386104106903076e-01,-2.355600118637084961e+00,6.203135848045349121e-01,-5.580000281333923340e-01,5.067966505885124207e-02,5.174186825752258301e-02,-1.268761873245239258e+00,6.004819869995117188e-01,-2.355600118637084961e+00,-5.751025676727294922e-01,-5.138366222381591797e-01,-4.587993398308753967e-02
-1.907207188196480274e-03,-1.085088122636079788e-02,3.933978974819183350e-01,9.612360037863254547e-03,-8.476794511079788208e-02,6.249945759773254395e-01,7.759534716606140137e-01,-7.297120690345764160e-01,4.173491299152374268e-01,2.334553599357604980e-01,1.497804522514343262e+00,-7.226347923278808594e-01,3.700561821460723877e-02,-7.705463171005249023e-01,-3.664478063583374023e-01,-7.154662907123565674e-02,1.330956459045410156e+00,-5.093371272087097168e-01,7.688710838556289673e-02,-1.188273429870605469e-01,3.015010952949523926e-01,7.975877821445465088e-02,3.590304851531982422e-01,1.406769275665283203e+00,-4.741506874561309814e-01,-2.355600118637084961e+00,6.261906027793884277e-01,-5.578969120979309082e-01,4.416305944323539734e-02,5.252981558442115784e-02,-1.267335057258605957e+00,6.019210815429687500e-01,-2.355600118637084961e+00,-5.802714824676513672e-01,-5.097519159317016602e-01,-4.012701287865638733e-02
-1.508022192865610123e-03,-1.060960907489061356e-02,3.937607705593109131e-01,9.645965881645679474e-03,-8.484986424446105957e-02,6.253422498703002930e-01,7.756639122962951660e-01,-7.290650606155395508e-01,4.182661175727844238e-01,2.338540703058242798e-01,1.497062087059020996e+00,-7.191183567047119141e-01,3.456653282046318054e-02,-7.690854072570800781e-01,-3.676029741764068604e-01,-7.363887876272201538e-02,1.330618262290954590e+00,-5.112689733505249023e-01,7.738518714904785156e-02,-1.175934374332427979e-01,3.009910881519317627e-01,8.044387400150299072e-02,3.593207597732543945e-01,1.406796574592590332e+00,-4.747474193572998047e-01,-2.355600118637084961e+00,6.303138136863708496e-01,-5.574997067451477051e-01,3.942706063389778137e-02,5.403206124901771545e-02,-1.266808032989501953e+00,6.023359894752502441e-01,-2.355600118637084961e+00,-5.843393206596374512e-01,-5.059106945991516113e-01,-3.583940863609313965e-02
-1.021684613078832626e-03,-1.030300557613372803e-02,3.940881192684173584e-01,9.586381725966930389e-03,-8.484990149736404419e-02,6.256684064865112305e-01,7.754015922546386719e-01,-7.287684679031372070e-01,4.191755056381225586e-01,2.338137775659561157e-01,1.496520519256591797e+00,-7.159083485603332520e-01,3.246238082647323608e-02,-7.678135633468627930e-01,-3.686700463294982910e-01,-7.575071603059768677e-02,1.330384731292724609e+00,-5.133939385414123535e-01,7.794579863548278809e-02,-1.161602661013603210e-01,3.004640340805053711e-01,8.124720305204391479e-02,3.595521152019500732e-01,1.407603025436401367e+00,-4.753151535987854004e-01,-2.355600118637084961e+00,6.334270238876342773e-01,-5.571771264076232910e-01,3.560046479105949402e-02,5.577687919139862061e-02,-1.267565011978149414e+00,6.021115779876708984e-01,-2.355600118637084961e+00,-5.871113538742065430e-01,-5.025737285614013672e-01,-3.254784271121025085e-02
-3.789970360230654478e-04,-9.773250669240951538e-03,3.943687379360198975e-01,9.357122704386711121e-03,-8.465974032878875732e-02,6.259452700614929199e-01,7.752017378807067871e-01,-7.288955450057983398e-01,4.199244379997253418e-01,2.330490052700042725e-01,1.496205210685729980e+00,-7.139292955398559570e-01,3.141284361481666565e-02,-7.668949961662292480e-01,-3.696422576904296875e-01,-7.787879556417465210e-02,1.330392003059387207e+00,-5.160844922065734863e-01,7.832026481628417969e-02,-1.144876405596733093e-01,2.999421358108520508e-01,8.197715878486633301e-02,3.598540127277374268e-01,1.409008860588073730e+00,-4.765868186950683594e-01,-2.355600118637084961e+00,6.369262337684631348e-01,-5.569278001785278320e-01,3.115081787109375000e-02,5.743228271603584290e-02,-1.269438147544860840e+00,6.018718481063842773e-01,-2.355600118637084961e+00,-5.890951752662658691e-01,-4.998998939990997314e-01,-2.957514114677906036e-02
2.245440118713304400e-04,-9.157771244645118713e-03,3.945742547512054443e-01,8.900104090571403503e-03,-8.431275188922882080e-02,6.262254714965820312e-01,7.750185728073120117e-01,-7.297385334968566895e-01,4.204740524291992188e-01,2.316622734069824219e-01,1.496263504028320312e+00,-7.129804491996765137e-01,3.145052492618560791e-02,-7.663999199867248535e-01,-3.705905675888061523e-01,-8.004982769489288330e-02,1.330495119094848633e+00,-5.190700292587280273e-01,7.852557301521301270e-02,-1.127280890941619873e-01,2.995899319648742676e-01,8.306527137756347656e-02,3.602265119552612305e-01,1.410728216171264648e+00,-4.784914255142211914e-01,-2.355600118637084961e+00,6.416719555854797363e-01,-5.566673278808593750e-01,2.528836019337177277e-02,5.851681903004646301e-02,-1.271881222724914551e+00,6.020231842994689941e-01,-2.355600118637084961e+00,-5.912141203880310059e-01,-4.976086020469665527e-01,-2.635539695620536804e-02
9.600193588994443417e-04,-8.635943755507469177e-03,3.947148025035858154e-01,8.319629356265068054e-03,-8.378545194864273071e-02,6.267974972724914551e-01,7.746196985244750977e-01,-7.314819693565368652e-01,4.210507273674011230e-01,2.301173657178878784e-01,1.496516108512878418e+00,-7.120331525802612305e-01,3.144038468599319458e-02,-7.662103772163391113e-01,-3.715541958808898926e-01,-8.214515447616577148e-02,1.330896139144897461e+00,-5.231631994247436523e-01,7.827657461166381836e-02,-1.114032417535781860e-01,2.994045019149780273e-01,8.469704538583755493e-02,3.607240617275238037e-01,1.412765026092529297e+00,-4.805581867694854736e-01,-2.355600118637084961e+00,6.478033661842346191e-01,-5.565815567970275879e-01,1.936311647295951843e-02,5.857805535197257996e-02,-1.273633360862731934e+00,6.027070283889770508e-01,-2.355600118637084961e+00,-5.945903062820434570e-01,-4.964010715484619141e-01,-2.388758957386016846e-02
1.022687880322337151e-03,-8.437106385827064514e-03,3.947322070598602295e-01,7.486741989850997925e-03,-8.342882245779037476e-02,6.276676058769226074e-01,7.739618420600891113e-01,-7.345955371856689453e-01,4.212970733642578125e-01,2.282843142747879028e-01,1.497538805007934570e+00,-7.104368209838867188e-01,3.087439388036727905e-02,-7.659383416175842285e-01,-3.726126849651336670e-01,-8.420913666486740112e-02,1.330843091011047363e+00,-5.249634385108947754e-01,7.882125675678253174e-02,-1.108550578355789185e-01,2.994378805160522461e-01,8.657703548669815063e-02,3.609763085842132568e-01,1.414289236068725586e+00,-4.824924170970916748e-01,-2.355600118637084961e+00,6.550188064575195312e-01,-5.563332438468933105e-01,1.340701524168252945e-02,5.815870687365531921e-02,-1.274540901184082031e+00,6.039051413536071777e-01,-2.355600118637084961e+00,-5.993146300315856934e-01,-4.953593015670776367e-01,-2.151440083980560303e-02
1.106468494981527328e-03,-8.305610157549381256e-03,3.947325050830841064e-01,6.440051831305027008e-03,-8.278214931488037109e-02,6.288945674896240234e-01,7.730441689491271973e-01,-7.388741374015808105e-01,4.214546978473663330e-01,2.265650182962417603e-01,1.498689174652099609e+00,-7.082531452178955078e-01,2.958060987293720245e-02,-7.659752368927001953e-01,-3.738477826118469238e-01,-8.622246235609054565e-02,1.330780386924743652e+00,-5.264379978179931641e-01,7.926142215728759766e-02,-1.107904240489006042e-01,2.995967268943786621e-01,8.904126286506652832e-02,3.615122437477111816e-01,1.415781855583190918e+00,-4.839623272418975830e-01,-2.355600118637084961e+00,6.620367169380187988e-01,-5.558380484580993652e-01,7.818440906703472137e-03,5.750187113881111145e-02,-1.273788809776306152e+00,6.063268780708312988e-01,-2.355600118637084961e+00,-6.058201193809509277e-01,-4.945611953735351562e-01,-1.762804947793483734e-02
8.943309658206999302e-04,-8.080840110778808594e-03,3.947015106678009033e-01,5.192270502448081970e-03,-8.221335709095001221e-02,6.301034688949584961e-01,7.721292972564697266e-01,-7.435857057571411133e-01,4.216504991054534912e-01,2.248042970895767212e-01,1.500235438346862793e+00,-7.067645788192749023e-01,2.820025384426116943e-02,-7.659451365470886230e-01,-3.746940195560455322e-01,-8.788213878870010376e-02,1.330358743667602539e+00,-5.271189212799072266e-01,7.999414205551147461e-02,-1.110551282763481140e-01,2.996153831481933594e-01,9.135532379150390625e-02,3.620376884937286377e-01,1.416267156600952148e+00,-4.854906499385833740e-01,-2.355600118637084961e+00,6.695407032966613770e-01,-5.547010302543640137e-01,2.542315283790230751e-03,5.695097148418426514e-02,-1.271933674812316895e+00,6.095808148384094238e-01,-2.355600118637084961e+00,-6.138554215431213379e-01,-4.928007125854492188e-01,-1.251620426774024963e-02
1.030196668580174446e-03,-7.788099814206361771e-03,3.946299850940704346e-01,3.978800494223833084e-03,-8.153250813484191895e-02,6.313558816909790039e-01,7.711850404739379883e-01,-7.484253048896789551e-01,4.217690527439117432e-01,2.226886898279190063e-01,1.501807451248168945e+00,-7.047315835952758789e-01,2.646626159548759460e-02,-7.660688161849975586e-01,-3.751254677772521973e-01,-8.903860300779342651e-02,1.330209136009216309e+00,-5.296790003776550293e-01,8.002743870019912720e-02,-1.116990074515342712e-01,2.995698451995849609e-01,9.452897310256958008e-02,3.629916310310363770e-01,1.416635870933532715e+00,-4.878991842269897461e-01,-2.355600118637084961e+00,6.786090135574340820e-01,-5.523550510406494141e-01,-3.524954197928309441e-03,5.658576264977455139e-02,-1.268999814987182617e+00,6.136909723281860352e-01,-2.355600118637084961e+00,-6.237312555313110352e-01,-4.897195100784301758e-01,-5.056092049926519394e-03
1.015678979456424713e-03,-7.896084338426589966e-03,3.944570720195770264e-01,3.103385912254452705e-03,-8.123772591352462769e-02,6.323307156562805176e-01,7.704210877418518066e-01,-7.527253627777099609e-01,4.219029545783996582e-01,2.205165028572082520e-01,1.503399729728698730e+00,-7.025417089462280273e-01,2.517948858439922333e-02,-7.661851048469543457e-01,-3.750227093696594238e-01,-8.949565887451171875e-02,1.330058455467224121e+00,-5.325216650962829590e-01,7.956783473491668701e-02,-1.124936714768409729e-01,2.994963228702545166e-01,9.761623293161392212e-02,3.628608584403991699e-01,1.417007446289062500e+00,-4.894027411937713623e-01,-2.355600118637084961e+00,6.876387000083923340e-01,-5.487106442451477051e-01,-9.879403747618198395e-03,5.614374205470085144e-02,-1.266491413116455078e+00,6.181388497352600098e-01,-2.355600118637084961e+00,-6.342853903770446777e-01,-4.847325086593627930e-01,4.180799238383769989e-03
1.090990495868027210e-03,-7.773269899189472198e-03,3.942637741565704346e-01,2.458203118294477463e-03,-8.122216910123825073e-02,6.330306529998779297e-01,7.698500156402587891e-01,-7.559046149253845215e-01,4.223745763301849365e-01,2.184638381004333496e-01,1.505122780799865723e+00,-7.000512480735778809e-01,2.405268140137195587e-02,-7.657539844512939453e-01,-3.749402463436126709e-01,-9.013457596302032471e-02,1.329899907112121582e+00,-5.373865962028503418e-01,7.929906994104385376e-02,-1.127390861511230469e-01,2.991342544555664062e-01,1.008472368121147156e-01,3.619992136955261230e-01,1.417246818542480469e+00,-4.913288950920104980e-01,-2.355600118637084961e+00,6.975655555725097656e-01,-5.440415143966674805e-01,-1.723191887140274048e-02,5.641867592930793762e-02,-1.264195680618286133e+00,6.233641505241394043e-01,-2.355600118637084961e+00,-6.465132236480712891e-01,-4.781753122806549072e-01,1.341771986335515976e-02
1.589517807587981224e-03,-7.183978334069252014e-03,3.941641151905059814e-01,2.295237500220537186e-03,-8.141312748193740845e-02,6.335977315902709961e-01,7.693637013435363770e-01,-7.571693062782287598e-01,4.233430624008178711e-01,2.168650776147842407e-01,1.506412148475646973e+00,-6.986610293388366699e-01,2.312313206493854523e-02,-7.642279863357543945e-01,-3.749691545963287354e-01,-9.073974937200546265e-02,1.329980373382568359e+00,-5.451934933662414551e-01,7.873527705669403076e-02,-1.123563870787620544e-01,2.981625199317932129e-01,1.045416891574859619e-01,3.608129322528839111e-01,1.417067050933837891e+00,-4.943162798881530762e-01,-2.355600118637084961e+00,7.089485526084899902e-01,-5.382658243179321289e-01,-2.540655247867107391e-02,5.695561319589614868e-02,-1.262383460998535156e+00,6.289875507354736328e-01,-2.355600118637084961e+00,-6.595705151557922363e-01,-4.711293578147888184e-01,2.169637382030487061e-02
2.163677942007780075e-03,-6.612372118979692459e-03,3.941667973995208740e-01,2.618933329358696938e-03,-8.198823779821395874e-02,6.339724659919738770e-01,7.689928412437438965e-01,-7.569180727005004883e-01,4.247363209724426270e-01,2.155369967222213745e-01,1.507502675056457520e+00,-6.977085471153259277e-01,2.252330072224140167e-02,-7.616693973541259766e-01,-3.748837709426879883e-01,-9.114494919776916504e-02,1.329893112182617188e+00,-5.538036823272705078e-01,7.828079909086227417e-02,-1.103608459234237671e-01,2.968535125255584717e-01,1.080949977040290833e-01,3.588030338287353516e-01,1.416720867156982422e+00,-4.969870448112487793e-01,-2.355600118637084961e+00,7.192998528480529785e-01,-5.321347713470458984e-01,-3.416128456592559814e-02,5.733160674571990967e-02,-1.261083841323852539e+00,6.344987750053405762e-01,-2.355600118637084961e+00,-6.727085709571838379e-01,-4.636083543300628662e-01,2.963363751769065857e-02
2.964307554066181183e-03,-5.804933607578277588e-03,3.943624198436737061e-01,3.077496308833360672e-03,-8.246739953756332397e-02,6.343727111816406250e-01,7.686097621917724609e-01,-7.561100125312805176e-01,4.266897141933441162e-01,2.143556624650955200e-01,1.508572697639465332e+00,-6.983866691589355469e-01,2.253549732267856598e-02,-7.585236430168151855e-01,-3.746183216571807861e-01,-9.124419093132019043e-02,1.329560637474060059e+00,-5.628622770309448242e-01,7.787988334894180298e-02,-1.077857241034507751e-01,2.954543530941009521e-01,1.111809238791465759e-01,3.571819663047790527e-01,1.416252017021179199e+00,-4.999729990959167480e-01,-2.355600118637084961e+00,7.288665771484375000e-01,-5.265840291976928711e-01,-4.222026094794273376e-02,5.682900547981262207e-02,-1.259509921073913574e+00,6.397885084152221680e-01,-2.355600118637084961e+00,-6.856578588485717773e-01,-4.566110372543334961e-01,3.692533448338508606e-02
2.965123625472187996e-03,-5.588700063526630402e-03,3.947655260562896729e-01,3.394571132957935333e-03,-8.306959271430969238e-02,6.351079940795898438e-01,7.679360508918762207e-01,-7.564186453819274902e-01,4.285585880279541016e-01,2.129894942045211792e-01,1.510084509849548340e+00,-7.022380232810974121e-01,2.471985109150409698e-02,-7.547621726989746094e-01,-3.743884563446044922e-01,-9.123831242322921753e-02,1.327463269233703613e+00,-5.687179565429687500e-01,7.774686068296432495e-02,-1.055680364370346069e-01,2.941567003726959229e-01,1.136671975255012512e-01,3.560992777347564697e-01,1.415292263031005859e+00,-5.042233467102050781e-01,-2.355600118637084961e+00,7.382615208625793457e-01,-5.219362974166870117e-01,-5.067549645900726318e-02,5.470569804310798645e-02,-1.256380915641784668e+00,6.456324458122253418e-01,-2.355600118637084961e+00,-6.981680393218994141e-01,-4.502385854721069336e-01,4.526421055197715759e-02
1.821457990445196629e-03,-4.856445360928773880e-03,3.956950008869171143e-01,2.994720125570893288e-03,-8.368910849094390869e-02,6.360552906990051270e-01,7.670859694480895996e-01,-7.571343779563903809e-01,4.301781654357910156e-01,2.116326987743377686e-01,1.511908173561096191e+00,-7.119827866554260254e-01,3.191170841455459595e-02,-7.492653727531433105e-01,-3.740045428276062012e-01,-9.147020429372787476e-02,1.321767210960388184e+00,-5.738318562507629395e-01,7.688534259796142578e-02,-1.028959006071090698e-01,2.927820682525634766e-01,1.169236451387405396e-01,3.550910949707031250e-01,1.413942456245422363e+00,-5.095569491386413574e-01,-2.355600118637084961e+00,7.477596998214721680e-01,-5.178430080413818359e-01,-5.684926733374595642e-02,5.145241692662239075e-02,-1.251309633255004883e+00,6.508902907371520996e-01,-2.355600118637084961e+00,-7.097783684730529785e-01,-4.454531967639923096e-01,5.074837803840637207e-02
-1.552849425934255123e-03,-2.928659087046980858e-03,3.978492915630340576e-01,1.852397108450531960e-04,-8.364272117614746094e-02,6.369636058807373047e-01,7.663427591323852539e-01,-7.588130831718444824e-01,4.324220716953277588e-01,2.123912721872329712e-01,1.512150764465332031e+00,-7.274277210235595703e-01,4.498697817325592041e-02,-7.418431639671325684e-01,-3.721388578414916992e-01,-9.233951568603515625e-02,1.307762145996093750e+00,-5.766798257827758789e-01,7.564632594585418701e-02,-9.855664521455764771e-02,2.913148999214172363e-01,1.234692260622978210e-01,3.541537821292877197e-01,1.413218617439270020e+00,-5.135992765426635742e-01,-2.355600118637084961e+00,7.574341893196105957e-01,-5.140323042869567871e-01,-6.026668474078178406e-02,4.728255420923233032e-02,-1.243084907531738281e+00,6.513531804084777832e-01,-2.355600118637084961e+00,-7.205032110214233398e-01,-4.413492679595947266e-01,5.413293838500976562e-02
-8.948562666773796082e-03,-9.000421268865466118e-04,4.017470777034759521e-01,-4.523489158600568771e-03,-8.341521024703979492e-02,6.386807560920715332e-01,7.649237513542175293e-01,-7.611944079399108887e-01,4.317975044250488281e-01,2.155399024486541748e-01,1.507775306701660156e+00,-7.453443408012390137e-01,5.939797312021255493e-02,-7.301514744758605957e-01,-3.697574734687805176e-01,-9.329707920551300049e-02,1.280950188636779785e+00,-5.753658413887023926e-01,7.541663944721221924e-02,-9.476786106824874878e-02,2.894837856292724609e-01,1.347869336605072021e-01,3.513770699501037598e-01,1.412587881088256836e+00,-5.190964341163635254e-01,-2.355600118637084961e+00,7.661138176918029785e-01,-5.097894072532653809e-01,-6.682241708040237427e-02,3.869812190532684326e-02,-1.231871604919433594e+00,6.559113860130310059e-01,-2.355600118637084961e+00,-7.306616902351379395e-01,-4.342320859432220459e-01,6.496436893939971924e-02
-1.916917972266674042e-02,1.366524840705096722e-03,4.087579548358917236e-01,-1.244284398853778839e-02,-8.247035741806030273e-02,6.409872770309448242e-01,7.630066871643066406e-01,-7.643875479698181152e-01,4.274092316627502441e-01,2.191376984119415283e-01,1.494765877723693848e+00,-7.586045861244201660e-01,7.482216507196426392e-02,-7.121338844299316406e-01,-3.634087443351745605e-01,-9.568946063518524170e-02,1.235031127929687500e+00,-5.639005303382873535e-01,7.604964822530746460e-02,-9.001012891530990601e-02,2.868379652500152588e-01,1.532636582851409912e-01,3.429678380489349365e-01,1.407041192054748535e+00,-5.282251834869384766e-01,-2.355600118637084961e+00,7.852794528007507324e-01,-5.031022429466247559e-01,-7.398213446140289307e-02,2.871432527899742126e-02,-1.209162354469299316e+00,6.601901650428771973e-01,-2.355600118637084961e+00,-7.434938549995422363e-01,-4.247231483459472656e-01,7.478186488151550293e-02
-3.694891184568405151e-02,1.816085306927561760e-03,4.197346866130828857e-01,-2.340344712138175964e-02,-8.183272182941436768e-02,6.421172022819519043e-01,7.618669271469116211e-01,-7.642939090728759766e-01,4.206382334232330322e-01,2.313718199729919434e-01,1.468714356422424316e+00,-7.640555500984191895e-01,8.992687612771987915e-02,-6.839575767517089844e-01,-3.529494404792785645e-01,-9.941251575946807861e-02,1.153489589691162109e+00,-5.269628763198852539e-01,8.031327277421951294e-02,-8.571946620941162109e-02,2.832892239093780518e-01,1.851871311664581299e-01,3.295858502388000488e-01,1.401632785797119141e+00,-5.396406054496765137e-01,-2.355600118637084961e+00,8.085018396377563477e-01,-4.895941913127899170e-01,-9.425471723079681396e-02,1.791731826961040497e-02,-1.183835625648498535e+00,6.667577028274536133e-01,-2.355600118637084961e+00,-7.664960622787475586e-01,-4.003461897373199463e-01,9.005404263734817505e-02
-5.451050773262977600e-02,-1.055184751749038696e-02,4.340922534465789795e-01,-3.600032255053520203e-02,-8.160803467035293579e-02,6.440836191177368164e-01,7.597370743751525879e-01,-7.690429687500000000e-01,4.073145091533660889e-01,2.417670190334320068e-01,1.424850583076477051e+00,-7.513234019279479980e-01,1.043082624673843384e-01,-6.474888324737548828e-01,-3.370552957057952881e-01,-1.175817102193832397e-01,1.051489472389221191e+00,-4.343105554580688477e-01,9.883353859186172485e-02,-7.673563808202743530e-02,2.797710299491882324e-01,2.201426327228546143e-01,3.099339306354522705e-01,1.394460916519165039e+00,-5.396608710289001465e-01,-2.355600118637084961e+00,8.095998167991638184e-01,-4.854449927806854248e-01,-1.161961778998374939e-01,2.701806370168924332e-03,-1.151856660842895508e+00,6.694122552871704102e-01,-2.355600118637084961e+00,-7.775982618331909180e-01,-3.752166330814361572e-01,1.106887534260749817e-01
-7.450103014707565308e-02,-7.579256780445575714e-03,4.504804909229278564e-01,-4.907257854938507080e-02,-7.737079262733459473e-02,6.414289474487304688e-01,7.616918683052062988e-01,-7.561491727828979492e-01,3.911467790603637695e-01,2.628611326217651367e-01,1.372492313385009766e+00,-7.416008114814758301e-01,1.267704069614410400e-01,-5.969254970550537109e-01,-3.230840861797332764e-01,-1.464057862758636475e-01,9.494895339012145996e-01,-3.323105573654174805e-01,1.302059441804885864e-01,-6.071200221776962280e-02,2.758608460426330566e-01,2.528549730777740479e-01,2.857119739055633545e-01,1.372350096702575684e+00,-5.488970875740051270e-01,-2.355600118637084961e+00,8.115843534469604492e-01,-4.850348234176635742e-01,-1.374205648899078369e-01,6.187789840623736382e-04,-1.118458509445190430e+00,6.651984453201293945e-01,-2.355600118637084961e+00,-7.811869978904724121e-01,-3.584861755371093750e-01,1.084417179226875305e-01
-8.726188540458679199e-02,-7.491264026612043381e-03,4.665763676166534424e-01,-5.255860462784767151e-02,-7.403433322906494141e-02,6.369186043739318848e-01,7.655659317970275879e-01,-7.297369241714477539e-01,3.780418932437896729e-01,2.905207872390747070e-01,1.316732406616210938e+00,-7.050445079803466797e-01,1.396379172801971436e-01,-5.663664937019348145e-01,-3.055840730667114258e-01,-1.771796345710754395e-01,8.474895358085632324e-01,-2.303105741739273071e-01,1.597149819135665894e-01,-4.606781154870986938e-02,2.724679410457611084e-01,2.729974687099456787e-01,2.624622881412506104e-01,1.351341366767883301e+00,-5.521094202995300293e-01,-2.355600118637084961e+00,8.086413741111755371e-01,-4.887530207633972168e-01,-1.449957787990570068e-01,1.459365896880626678e-02,-1.107091426849365234e+00,6.543243527412414551e-01,-2.355600118637084961e+00,-7.766097784042358398e-01,-3.452216088771820068e-01,9.942427277565002441e-02
-1.014731228351593018e-01,1.188614638522267342e-03,4.834559857845306396e-01,-5.426121503114700317e-02,-6.761404126882553101e-02,6.386831998825073242e-01,7.645703554153442383e-01,-6.956664919853210449e-01,3.523520231246948242e-01,3.196433484554290771e-01,1.252780914306640625e+00,-6.866356134414672852e-01,1.546443551778793335e-01,-5.559710860252380371e-01,-2.948550283908843994e-01,-1.985626071691513062e-01,7.454895377159118652e-01,-1.283105760812759399e-01,1.532300412654876709e-01,-4.735084623098373413e-02,2.712714076042175293e-01,2.827494442462921143e-01,2.420885264873504639e-01,1.337994575500488281e+00,-5.648372173309326172e-01,-2.355600118637084961e+00,7.924459576606750488e-01,-4.948488771915435791e-01,-1.632107198238372803e-01,5.765086412429809570e-02,-1.112740159034729004e+00,6.321740746498107910e-01,-2.355600118637084961e+00,-7.665055990219116211e-01,-3.332696557044982910e-01,7.608815282583236694e-02
-1.142712235450744629e-01,5.875530652701854706e-03,4.974878728389739990e-01,-4.752428829669952393e-02,-6.012777239084243774e-02,6.403716206550598145e-01,7.642318606376647949e-01,-6.555998325347900391e-01,3.202236592769622803e-01,3.561560809612274170e-01,1.189866065979003906e+00,-6.648806929588317871e-01,1.665799915790557861e-01,-5.470913648605346680e-01,-2.924950122833251953e-01,-2.357654720544815063e-01,7.505924105644226074e-01,-1.040159389376640320e-01,1.255162060260772705e-01,-4.943000525236129761e-02,2.652892768383026123e-01,2.725553214550018311e-01,2.221046090126037598e-01,1.319965362548828125e+00,-5.677374005317687988e-01,-2.355600118637084961e+00,7.632089853286743164e-01,-5.033281445503234863e-01,-1.790610104799270630e-01,9.934314340353012085e-02,-1.137014508247375488e+00,6.253570914268493652e-01,-2.355600118637084961e+00,-7.376272082328796387e-01,-3.305148780345916748e-01,5.611084401607513428e-02
-1.273180544376373291e-01,1.243775896728038788e-02,5.072076320648193359e-01,-3.694302216172218323e-02,-4.717744886875152588e-02,6.447817683219909668e-01,7.620143890380859375e-01,-6.205155849456787109e-01,2.785509824752807617e-01,3.985494077205657959e-01,1.137132525444030762e+00,-6.345418095588684082e-01,1.663994789123535156e-01,-5.404306650161743164e-01,-2.925715744495391846e-01,-2.761181592941284180e-01,8.455553054809570312e-01,-1.502367854118347168e-01,7.389490306377410889e-02,-6.925394386053085327e-02,2.584664821624755859e-01,2.396651804447174072e-01,2.064767777919769287e-01,1.319396734237670898e+00,-5.621699690818786621e-01,-2.355600118637084961e+00,7.064753174781799316e-01,-5.102296471595764160e-01,-1.884225159883499146e-01,1.277529895305633545e-01,-1.164180397987365723e+00,6.146552562713623047e-01,-2.355600118637084961e+00,-6.895511150360107422e-01,-3.360662162303924561e-01,4.724039509892463684e-02
-1.430762261152267456e-01,2.360681816935539246e-02,5.135325193405151367e-01,-1.647125557065010071e-02,-2.749734558165073395e-02,6.446564793586730957e-01,7.638000845909118652e-01,-5.770577788352966309e-01,2.099650800228118896e-01,4.447841644287109375e-01,1.081431865692138672e+00,-6.006569862365722656e-01,1.693600118160247803e-01,-5.297212600708007812e-01,-2.785885930061340332e-01,-3.117363750934600830e-01,9.475553035736083984e-01,-2.177745103836059570e-01,1.601915806531906128e-02,-8.933328092098236084e-02,2.460437417030334473e-01,1.806512922048568726e-01,2.018167078495025635e-01,1.311904311180114746e+00,-5.659050941467285156e-01,-2.355600118637084961e+00,6.510209441184997559e-01,-5.121982097625732422e-01,-1.995081156492233276e-01,1.515961140394210815e-01,-1.182222247123718262e+00,6.216927766799926758e-01,-2.355600118637084961e+00,-6.648275852203369141e-01,-3.352490365505218506e-01,4.661284014582633972e-02
-1.552066653966903687e-01,2.763160318136215210e-02,5.184015035629272461e-01,3.941621165722608566e-03,-6.577773485332727432e-03,6.446757912635803223e-01,7.644176483154296875e-01,-5.434303879737854004e-01,1.348128467798233032e-01,4.825638234615325928e-01,1.018127679824829102e+00,-5.578994154930114746e-01,1.729771941900253296e-01,-4.884409308433532715e-01,-2.285953611135482788e-01,-3.529839813709259033e-01,1.049555301666259766e+00,-2.200761586427688599e-01,1.675675739534199238e-03,-1.000241488218307495e-01,2.151709944009780884e-01,1.157561317086219788e-01,2.112235575914382935e-01,1.309527516365051270e+00,-5.797687172889709473e-01,-2.355600118637084961e+00,6.186677217483520508e-01,-5.038574934005737305e-01,-2.141226828098297119e-01,1.764641404151916504e-01,-1.181723475456237793e+00,6.395856738090515137e-01,-2.355600118637084961e+00,-6.668264865875244141e-01,-3.329685628414154053e-01,3.786933422088623047e-02
-1.603010743856430054e-01,2.673068270087242126e-02,5.231248140335083008e-01,2.102942392230033875e-02,1.827114634215831757e-02,6.397851109504699707e-01,7.680487632751464844e-01,-5.249657630920410156e-01,6.159837171435356140e-02,5.063569545745849609e-01,9.476944208145141602e-01,-5.020006299018859863e-01,1.733255684375762939e-01,-4.310199618339538574e-01,-1.564904302358627319e-01,-3.868027925491333008e-01,1.129422903060913086e+00,-1.789289265871047974e-01,3.011753223836421967e-02,-8.470738679170608521e-02,1.738122403621673584e-01,5.026028305292129517e-02,2.220264673233032227e-01,1.304271936416625977e+00,-5.807554125785827637e-01,-2.355600118637084961e+00,5.991185307502746582e-01,-4.827640652656555176e-01,-2.233484685420989990e-01,2.017263770103454590e-01,-1.174969792366027832e+00,6.472379565238952637e-01,-2.355600118637084961e+00,-6.690217256546020508e-01,-3.295929729938507080e-01,2.285509184002876282e-02
-1.746117770671844482e-01,1.920171827077865601e-02,5.267013311386108398e-01,3.007901832461357117e-02,3.526598215103149414e-02,6.346217393875122070e-01,7.714316248893737793e-01,-5.192697644233703613e-01,5.945322569459676743e-03,5.327314734458923340e-01,8.858711123466491699e-01,-4.545341134071350098e-01,1.636810302734375000e-01,-3.767983615398406982e-01,-8.267541974782943726e-02,-4.114099144935607910e-01,1.114709496498107910e+00,-1.406927555799484253e-01,6.732319295406341553e-02,-5.940704047679901123e-02,1.406685560941696167e-01,3.699777880683541298e-03,2.341165542602539062e-01,1.293622851371765137e+00,-5.669597387313842773e-01,-2.355600118637084961e+00,5.851405262947082520e-01,-4.630204737186431885e-01,-2.426917105913162231e-01,2.197959274053573608e-01,-1.161447763442993164e+00,6.442469954490661621e-01,-2.355600118637084961e+00,-6.630339026451110840e-01,-3.312298953533172607e-01,1.558890100568532944e-02
-1.788520067930221558e-01,1.614749245345592499e-02,5.300694704055786133e-01,3.152685612440109253e-02,5.910278111696243286e-02,6.269832253456115723e-01,7.761474847793579102e-01,-5.260710120201110840e-01,-2.993599884212017059e-02,5.670572519302368164e-01,8.296752572059631348e-01,-4.299795925617218018e-01,1.516207605600357056e-01,-3.311202526092529297e-01,-1.882090978324413300e-02,-4.129645526409149170e-01,1.053608417510986328e+00,-1.213949471712112427e-01,9.660241752862930298e-02,-3.766223415732383728e-02,1.079263240098953247e-01,-2.994182892143726349e-02,2.546510398387908936e-01,1.270302891731262207e+00,-5.508120059967041016e-01,-2.355600118637084961e+00,5.654781460762023926e-01,-4.450600147247314453e-01,-2.562750577926635742e-01,2.180972248315811157e-01,-1.148761987686157227e+00,6.407181620597839355e-01,-2.355600118637084961e+00,-6.495265960693359375e-01,-3.249212205410003662e-01,2.113238535821437836e-02
-1.932982206344604492e-01,-7.766664028167724609e-03,5.342924594879150391e-01,2.496130391955375671e-02,7.535044848918914795e-02,6.214783787727355957e-01,7.793996930122375488e-01,-5.511370897293090820e-01,-5.485452339053153992e-02,5.934609174728393555e-01,7.876527905464172363e-01,-4.079290926456451416e-01,1.144036799669265747e-01,-3.053041100502014160e-01,3.033397160470485687e-02,-4.005759358406066895e-01,9.569228291511535645e-01,-1.430083066225051880e-01,1.067434847354888916e-01,-2.205057814717292786e-02,8.703457564115524292e-02,-4.523691907525062561e-02,2.707490622997283936e-01,1.255173206329345703e+00,-5.492154359817504883e-01,-2.355600118637084961e+00,5.449957847595214844e-01,-4.260649681091308594e-01,-2.732358276844024658e-01,2.075361758470535278e-01,-1.146298408508300781e+00,6.476077437400817871e-01,-2.355600118637084961e+00,-6.479452848434448242e-01,-3.101246654987335205e-01,5.054963752627372742e-02
-2.080015242099761963e-01,-1.138085406273603439e-02,5.375220775604248047e-01,1.434842962771654129e-02,8.270727097988128662e-02,6.197046041488647461e-01,7.803331613540649414e-01,-5.638362169265747070e-01,-5.301352590322494507e-02,6.316700577735900879e-01,7.649242281913757324e-01,-3.637601435184478760e-01,7.867509126663208008e-02,-2.932589352130889893e-01,6.773143261671066284e-02,-3.814495205879211426e-01,8.722932934761047363e-01,-2.074803858995437622e-01,8.907239884138107300e-02,-1.525958441197872162e-02,6.990808248519897461e-02,-3.583676367998123169e-02,2.809814810752868652e-01,1.240079402923583984e+00,-5.450613498687744141e-01,-2.355600118637084961e+00,5.159063339233398438e-01,-4.128465950489044189e-01,-2.687765359878540039e-01,2.020253539085388184e-01,-1.134804725646972656e+00,6.474729776382446289e-01,-2.355600118637084961e+00,-6.420817971229553223e-01,-2.953629791736602783e-01,6.683513522148132324e-02
-2.223974019289016724e-01,-1.504805218428373337e-02,5.395419597625732422e-01,8.225495927035808563e-03,7.711060345172882080e-02,6.261789202690124512e-01,7.758132815361022949e-01,-5.691630244255065918e-01,-4.639454558491706848e-02,6.496750116348266602e-01,7.640103101730346680e-01,-3.398946821689605713e-01,6.927791237831115723e-02,-2.976515591144561768e-01,8.554839342832565308e-02,-3.634808957576751709e-01,8.472845554351806641e-01,-2.595453560352325439e-01,6.806404888629913330e-02,-1.736750826239585876e-02,6.813880056142807007e-02,-2.176179923117160797e-02,2.738938927650451660e-01,1.243222355842590332e+00,-5.498483777046203613e-01,-2.355600118637084961e+00,4.950595498085021973e-01,-4.256468713283538818e-01,-2.576369643211364746e-01,2.058762311935424805e-01,-1.143252253532409668e+00,6.525988578796386719e-01,-2.355600118637084961e+00,-6.331720948219299316e-01,-2.925532460212707520e-01,6.088750436902046204e-02
-2.353869080543518066e-01,-1.688298396766185760e-02,5.423794984817504883e-01,5.016028881072998047e-03,6.861960142850875854e-02,6.338765621185302734e-01,7.703679203987121582e-01,-5.698950290679931641e-01,-3.926490992307662964e-02,6.616266369819641113e-01,7.648320198059082031e-01,-3.306367993354797363e-01,6.654897332191467285e-02,-3.016749918460845947e-01,8.542724698781967163e-02,-3.638138175010681152e-01,8.347102403640747070e-01,-2.699750065803527832e-01,6.186524778604507446e-02,-2.033164352178573608e-02,6.762719899415969849e-02,-9.316660463809967041e-03,2.697584331035614014e-01,1.252686500549316406e+00,-5.532982349395751953e-01,-2.355600118637084961e+00,4.859316647052764893e-01,-4.461972415447235107e-01,-2.545506954193115234e-01,2.234950512647628784e-01,-1.167114138603210449e+00,6.477251648902893066e-01,-2.355600118637084961e+00,-6.222811937332153320e-01,-2.961923182010650635e-01,5.554575473070144653e-02
-2.464397251605987549e-01,-3.482005745172500610e-02,5.470203161239624023e-01,4.597300663590431213e-03,6.106044352054595947e-02,6.337982416152954102e-01,7.710708975791931152e-01,-5.741105079650878906e-01,-4.258614405989646912e-02,6.635681986808776855e-01,7.507315278053283691e-01,-3.298420310020446777e-01,6.847269088029861450e-02,-3.080936372280120850e-01,7.697034627199172974e-02,-3.576863110065460205e-01,8.394516110420227051e-01,-2.631297409534454346e-01,6.522256135940551758e-02,-2.567579783499240875e-02,6.836741417646408081e-02,5.393646424636244774e-04,2.706088721752166748e-01,1.258514404296875000e+00,-5.623893141746520996e-01,-2.355600118637084961e+00,4.875961840152740479e-01,-4.799704849720001221e-01,-2.511261999607086182e-01,2.388268560171127319e-01,-1.193959712982177734e+00,6.574112176895141602e-01,-2.355600118637084961e+00,-6.168715953826904297e-01,-3.015753030776977539e-01,5.175397917628288269e-02
-2.381022274494171143e-01,-3.187491744756698608e-02,5.539652109146118164e-01,6.507104262709617615e-03,6.249869987368583679e-02,6.296852231025695801e-01,7.743049263954162598e-01,-5.555571913719177246e-01,-6.714881956577301025e-02,6.676695942878723145e-01,6.988014578819274902e-01,-3.442078232765197754e-01,9.571721404790878296e-02,-3.180147111415863037e-01,5.839658156037330627e-02,-3.568776547908782959e-01,8.404600024223327637e-01,-1.881424039602279663e-01,8.190836012363433838e-02,-2.553836070001125336e-02,6.563143432140350342e-02,3.617679001763463020e-03,2.665392160415649414e-01,1.281417012214660645e+00,-5.667510032653808594e-01,-2.355600118637084961e+00,4.587094485759735107e-01,-5.105301737785339355e-01,-2.449415773153305054e-01,2.344596832990646362e-01,-1.222523450851440430e+00,6.734608411788940430e-01,-2.355600118637084961e+00,-6.088840365409851074e-01,-3.076557219028472900e-01,5.678441748023033142e-02
-2.289171665906906128e-01,-2.837296947836875916e-02,5.611276626586914062e-01,3.482726635411381721e-03,5.816050618886947632e-02,6.276149153709411621e-01,7.763406038284301758e-01,-5.341170430183410645e-01,-8.293470740318298340e-02,6.714473366737365723e-01,6.505865454673767090e-01,-3.391600549221038818e-01,1.172867119312286377e-01,-3.290390372276306152e-01,4.492345452308654785e-02,-3.538068532943725586e-01,8.365213274955749512e-01,-1.513543874025344849e-01,8.948665857315063477e-02,-2.591650001704692841e-02,6.657730042934417725e-02,1.781855337321758270e-02,2.681247591972351074e-01,1.302670001983642578e+00,-5.669390559196472168e-01,-2.355600118637084961e+00,4.254122674465179443e-01,-5.350410938262939453e-01,-2.340924143791198730e-01,2.235905826091766357e-01,-1.241208314895629883e+00,6.854451894760131836e-01,-2.355600118637084961e+00,-6.016227006912231445e-01,-3.139511346817016602e-01,6.200484931468963623e-02
-2.407602667808532715e-01,-2.423648349940776825e-02,5.659108161926269531e-01,9.227799018844962120e-04,5.287649482488632202e-02,6.296640038490295410e-01,7.750654816627502441e-01,-5.136913061141967773e-01,-1.202175319194793701e-01,6.516502499580383301e-01,5.878370404243469238e-01,-2.832810580730438232e-01,1.020752415060997009e-01,-3.435512483119964600e-01,4.259643703699111938e-02,-3.471967279911041260e-01,8.308936357498168945e-01,-1.327433288097381592e-01,9.712900221347808838e-02,-3.133575990796089172e-02,7.258157432079315186e-02,3.906914219260215759e-02,2.666682302951812744e-01,1.310096263885498047e+00,-5.662122964859008789e-01,-2.355600118637084961e+00,4.010845422744750977e-01,-5.496885180473327637e-01,-2.163016945123672485e-01,2.049158960580825806e-01,-1.247629642486572266e+00,6.888483762741088867e-01,-2.355600118637084961e+00,-5.848645567893981934e-01,-3.272281885147094727e-01,5.690020695328712463e-02
-2.361978441476821899e-01,-2.214761637151241302e-02,5.669071674346923828e-01,-8.933691424317657948e-04,4.708991572260856628e-02,6.299266815185546875e-01,7.752252221107482910e-01,-5.065116882324218750e-01,-1.446863710880279541e-01,6.343793869018554688e-01,5.584094524383544922e-01,-2.272508293390274048e-01,7.886274158954620361e-02,-3.655495941638946533e-01,4.620229080319404602e-02,-3.415784537792205811e-01,8.382783532142639160e-01,-1.449762135744094849e-01,9.687808156013488770e-02,-3.768011182546615601e-02,7.619324326515197754e-02,6.056733429431915283e-02,2.695603370666503906e-01,1.311627149581909180e+00,-5.669888854026794434e-01,-2.355600118637084961e+00,3.811185956001281738e-01,-5.559445023536682129e-01,-2.000535279512405396e-01,1.867501288652420044e-01,-1.240468263626098633e+00,6.985018849372863770e-01,-2.355600118637084961e+00,-5.784191489219665527e-01,-3.378739655017852783e-01,4.965543001890182495e-02
-2.336150407791137695e-01,-2.162895910441875458e-02,5.650773048400878906e-01,-7.213837932795286179e-03,3.868247196078300476e-02,6.296363472938537598e-01,7.758928537368774414e-01,-5.217275619506835938e-01,-1.526463478803634644e-01,6.210114955902099609e-01,5.731605291366577148e-01,-1.703949719667434692e-01,2.821209467947483063e-02,-3.860239684581756592e-01,6.030795350670814514e-02,-3.318888545036315918e-01,8.392040133476257324e-01,-1.922228783369064331e-01,8.539819717407226562e-02,-3.877487033605575562e-02,8.376836031675338745e-02,8.722905814647674561e-02,2.824610173702239990e-01,1.299219131469726562e+00,-5.791871547698974609e-01,-2.355600118637084961e+00,3.821203112602233887e-01,-5.530580878257751465e-01,-1.864137649536132812e-01,1.678035557270050049e-01,-1.224124073982238770e+00,7.093908786773681641e-01,-2.355600118637084961e+00,-5.719722509384155273e-01,-3.505769968032836914e-01,4.604536294937133789e-02
-2.296205610036849976e-01,-2.244958840310573578e-02,5.568277835845947266e-01,-1.801933161914348602e-02,2.801400423049926758e-02,6.386123895645141602e-01,7.688073515892028809e-01,-5.715762972831726074e-01,-9.734435379505157471e-02,6.248048543930053711e-01,6.751605272293090820e-01,-1.815312802791595459e-01,-6.705783307552337646e-04,-4.179288148880004883e-01,7.319420576095581055e-02,-3.361996710300445557e-01,8.542959690093994141e-01,-2.535190880298614502e-01,6.871654838323593140e-02,-7.382325828075408936e-02,5.769317969679832458e-02,1.220406740903854370e-01,1.804610192775726318e-01,1.197219133377075195e+00,-6.811871528625488281e-01,-2.253599882125854492e+00,3.627089560031890869e-01,-5.014786124229431152e-01,-1.216472312808036804e-01,6.580355763435363770e-02,-1.122124075889587402e+00,8.113908767700195312e-01,-2.253599882125854492e+00,-5.661646723747253418e-01,-3.168027698993682861e-01,-3.199490159749984741e-02
-2.270855158567428589e-01,-2.447060868144035339e-02,5.508356094360351562e-01,-8.030437864363193512e-03,1.644039712846279144e-02,6.400325298309326172e-01,7.681299448013305664e-01,-5.889323949813842773e-01,-3.534640744328498840e-02,6.118271946907043457e-01,7.771605253219604492e-01,-1.910747140645980835e-01,-1.350931823253631592e-03,-4.236985146999359131e-01,5.970342829823493958e-02,-3.429425656795501709e-01,8.811073899269104004e-01,-2.899661958217620850e-01,5.579076334834098816e-02,-9.142676740884780884e-02,7.443441450595855713e-02,1.298451870679855347e-01,7.846101373434066772e-02,1.146035075187683105e+00,-7.831871509552001953e-01,-2.198249816894531250e+00,3.907074630260467529e-01,-4.925282597541809082e-01,-1.077989116311073303e-01,-3.619644045829772949e-02,-1.020124077796936035e+00,9.133908748626708984e-01,-2.151599884033203125e+00,-6.165608167648315430e-01,-3.146859109401702881e-01,-3.067691810429096222e-02
-2.251085191965103149e-01,-2.593190036714076996e-02,5.448000431060791016e-01,6.471570115536451340e-03,1.004100963473320007e-02,6.449586749076843262e-01,7.641240954399108887e-01,-5.920405983924865723e-01,4.205597192049026489e-02,5.942910909652709961e-01,8.791605234146118164e-01,-2.102275341749191284e-01,1.116683986037969589e-02,-4.237684309482574463e-01,3.060906752943992615e-02,-3.482086658477783203e-01,9.195140600204467773e-01,-3.249613046646118164e-01,6.058047711849212646e-02,-1.079187691211700439e-01,9.388598799705505371e-02,1.089476719498634338e-01,-1.718861423432826996e-02,1.225527286529541016e+00,-8.851871490478515625e-01,-2.258096933364868164e+00,4.082654416561126709e-01,-4.927151799201965332e-01,-9.818914532661437988e-02,-1.381964385509490967e-01,-1.014532446861267090e+00,1.015390872955322266e+00,-2.185165166854858398e+00,-6.464393734931945801e-01,-3.213934004306793213e-01,-1.379499118775129318e-02
-2.560119330883026123e-01,-3.289137408137321472e-02,5.404425859451293945e-01,2.550709992647171021e-02,1.537268399260938168e-03,6.506283283233642578e-01,7.589662671089172363e-01,-5.980184674263000488e-01,1.264469921588897705e-01,5.496214628219604492e-01,9.811605215072631836e-01,-2.547869384288787842e-01,3.277633339166641235e-02,-4.258005321025848389e-01,-3.414737060666084290e-02,-3.531422615051269531e-01,9.854792952537536621e-01,-3.831340074539184570e-01,4.755698516964912415e-02,-1.167025342583656311e-01,1.145713031291961670e-01,7.587657868862152100e-02,8.481138199567794800e-02,1.326241970062255859e+00,-8.538756966590881348e-01,-2.324489355087280273e+00,4.075860381126403809e-01,-4.970499575138092041e-01,-9.414571523666381836e-02,-2.401964366436004639e-01,-1.107366085052490234e+00,1.117390871047973633e+00,-2.275898933410644531e+00,-6.525695919990539551e-01,-3.261512517929077148e-01,1.496011484414339066e-02
-2.929462790489196777e-01,-3.583452850580215454e-02,5.398408174514770508e-01,4.028131440281867981e-02,6.974071729928255081e-04,6.525846719741821289e-01,7.566440105438232422e-01,-6.124724149703979492e-01,2.124786376953125000e-01,4.779789149761199951e-01,1.083160519599914551e+00,-3.221286833286285400e-01,5.970198288559913635e-02,-4.336845874786376953e-01,-1.017832607030868530e-01,-3.368043601512908936e-01,1.032685279846191406e+00,-4.338290095329284668e-01,4.016282781958580017e-02,-1.266633719205856323e-01,1.219658330082893372e-01,4.122100770473480225e-02,1.868113875389099121e-01,1.385833382606506348e+00,-7.649429440498352051e-01,-2.348678350448608398e+00,4.153584837913513184e-01,-5.063917040824890137e-01,-8.691649138927459717e-02,-3.083175122737884521e-01,-1.167177915573120117e+00,1.144030809402465820e+00,-2.333656072616577148e+00,-6.531234383583068848e-01,-3.333398699760437012e-01,3.086409717798233032e-02
-3.329173624515533447e-01,-3.573701903223991394e-02,5.402760505676269531e-01,5.157757923007011414e-02,3.603901714086532593e-03,6.499008536338806152e-01,7.582582831382751465e-01,-6.135385632514953613e-01,2.953319549560546875e-01,4.090838730335235596e-01,1.185160517692565918e+00,-3.761408030986785889e-01,7.670574635267257690e-02,-4.495204985141754150e-01,-1.655480861663818359e-01,-3.043569326400756836e-01,1.067807555198669434e+00,-4.501259922981262207e-01,5.122563615441322327e-02,-1.322796195745468140e-01,1.248461380600929260e-01,2.714675152674317360e-03,2.679832577705383301e-01,1.423729658126831055e+00,-6.856377720832824707e-01,-2.353110551834106445e+00,4.397691190242767334e-01,-5.002297759056091309e-01,-9.451150894165039062e-02,-2.874445617198944092e-01,-1.182887911796569824e+00,1.094089627265930176e+00,-2.352308511734008789e+00,-6.644301414489746094e-01,-3.353914916515350342e-01,6.491713225841522217e-02
-3.649878799915313721e-01,-3.036826848983764648e-02,5.444145202636718750e-01,5.045510083436965942e-02,9.300534613430500031e-03,6.393542289733886719e-01,7.671987414360046387e-01,-5.890983343124389648e-01,3.773630261421203613e-01,3.657006621360778809e-01,1.159591555595397949e+00,-3.858631551265716553e-01,7.068523764610290527e-02,-4.691360294818878174e-01,-1.962987631559371948e-01,-2.628996968269348145e-01,1.060729026794433594e+00,-4.354642927646636963e-01,6.028256937861442566e-02,-8.884830772876739502e-02,1.720174401998519897e-01,-9.766422212123870850e-03,3.030442595481872559e-01,1.475473880767822266e+00,-5.836377739906311035e-01,-2.355226516723632812e+00,4.670244753360748291e-01,-5.152708292007446289e-01,-9.537737816572189331e-02,-1.854445487260818481e-01,-1.223600149154663086e+00,9.920896291732788086e-01,-2.355106353759765625e+00,-6.388674378395080566e-01,-3.860962092876434326e-01,1.050358116626739502e-01
-3.970772325992584229e-01,-2.336191385984420776e-02,5.430624485015869141e-01,5.006437376141548157e-02,1.408476009964942932e-02,6.356217861175537109e-01,7.702468037605285645e-01,-5.642808675765991211e-01,4.060916304588317871e-01,3.126426637172698975e-01,1.086832523345947266e+00,-3.797751665115356445e-01,4.162202030420303345e-02,-4.921523034572601318e-01,-2.304428219795227051e-01,-2.275879383087158203e-01,1.071361660957336426e+00,-4.448667764663696289e-01,6.172736734151840210e-02,-7.940454781055450439e-02,1.766839474439620972e-01,-1.924119889736175537e-02,3.232363462448120117e-01,1.502143502235412598e+00,-5.231513977050781250e-01,-2.355544090270996094e+00,4.939452111721038818e-01,-5.082839727401733398e-01,-9.843146800994873047e-02,-8.344455063343048096e-02,-1.232020378112792969e+00,8.900896310806274414e-01,-2.355525970458984375e+00,-6.541972756385803223e-01,-3.939313292503356934e-01,1.265324056148529053e-01
-3.998921513557434082e-01,-1.727513782680034637e-02,5.360465049743652344e-01,4.765295609831809998e-02,1.464871130883693695e-02,6.332626342773437500e-01,7.723296284675598145e-01,-5.468126535415649414e-01,4.032364785671234131e-01,2.645888030529022217e-01,1.044324398040771484e+00,-3.755627274513244629e-01,1.261011231690645218e-02,-5.150961279869079590e-01,-2.473483979701995850e-01,-2.101667970418930054e-01,1.101382613182067871e+00,-4.823423027992248535e-01,6.675865501165390015e-02,-7.815087586641311646e-02,1.762033998966217041e-01,-1.761613786220550537e-02,3.371714651584625244e-01,1.512128710746765137e+00,-4.986388087272644043e-01,-2.355591535568237305e+00,5.207015275955200195e-01,-4.992650747299194336e-01,-9.564208984375000000e-02,-3.529409691691398621e-02,-1.220882534980773926e+00,7.880896329879760742e-01,-2.355588912963867188e+00,-6.703662872314453125e-01,-3.942280709743499756e-01,1.384947150945663452e-01
-4.032507538795471191e-01,-3.073978796601295471e-02,5.253614187240600586e-01,3.985546901822090149e-02,7.591824047267436981e-03,6.353957653045654297e-01,7.711200714111328125e-01,-5.363825559616088867e-01,3.929280936717987061e-01,2.402448207139968872e-01,1.043607354164123535e+00,-3.907663524150848389e-01,9.994778083637356758e-04,-5.459024906158447266e-01,-2.544218599796295166e-01,-1.932586878538131714e-01,1.135897874832153320e+00,-5.340559482574462891e-01,7.717505097389221191e-02,-8.224329352378845215e-02,1.839411705732345581e-01,-3.124525770545005798e-03,3.431671857833862305e-01,1.504109859466552734e+00,-4.792557656764984131e-01,-2.355598688125610352e+00,5.380157232284545898e-01,-4.966052770614624023e-01,-8.220097422599792480e-02,-1.939176954329013824e-02,-1.201459527015686035e+00,6.860896348953247070e-01,-2.355598449707031250e+00,-6.826823949813842773e-01,-3.938689529895782471e-01,1.373318433761596680e-01
-4.243227839469909668e-01,-2.560225315392017365e-02,5.114015340805053711e-01,3.046673908829689026e-02,-2.658128971233963966e-03,6.412971615791320801e-01,7.666829228401184082e-01,-5.471865534782409668e-01,3.874362111091613770e-01,2.337013483047485352e-01,1.092464447021484375e+00,-4.398772120475769043e-01,9.251668117940425873e-03,-5.593098998069763184e-01,-2.816285789012908936e-01,-1.766154021024703979e-01,1.173884153366088867e+00,-5.584737658500671387e-01,8.197736740112304688e-02,-9.577003121376037598e-02,1.973858475685119629e-01,1.429138705134391785e-02,3.375496566295623779e-01,1.481768012046813965e+00,-4.699167907238006592e-01,-2.355599880218505859e+00,5.506159067153930664e-01,-5.026711821556091309e-01,-6.227618828415870667e-02,6.430703680962324142e-03,-1.176008701324462891e+00,6.327086091041564941e-01,-2.355599641799926758e+00,-6.975497007369995117e-01,-3.935877382755279541e-01,1.149449869990348816e-01
-4.214328825473785400e-01,-2.147688530385494232e-02,4.962117373943328857e-01,2.618390880525112152e-02,-1.475977990776300430e-02,6.508783102035522461e-01,7.585868239402770996e-01,-5.694256424903869629e-01,3.893131017684936523e-01,2.293771952390670776e-01,1.162758827209472656e+00,-5.135512948036193848e-01,3.598527610301971436e-02,-5.616115927696228027e-01,-3.132882416248321533e-01,-1.754655539989471436e-01,1.217221975326538086e+00,-5.788783431053161621e-01,8.610834181308746338e-02,-1.100417599081993103e-01,2.127310037612915039e-01,2.305012941360473633e-02,3.139391839504241943e-01,1.456621646881103516e+00,-4.679693281650543213e-01,-2.355599880218505859e+00,5.598346590995788574e-01,-5.175986886024475098e-01,-4.178977757692337036e-02,5.650990456342697144e-02,-1.154701471328735352e+00,6.118816733360290527e-01,-2.355599880218505859e+00,-7.247684001922607422e-01,-3.846122324466705322e-01,6.659696251153945923e-02
-4.320145249366760254e-01,-1.785365119576454163e-02,4.819999039173126221e-01,2.716038376092910767e-02,-3.106627799570560455e-02,6.548711061477661133e-01,7.546131610870361328e-01,-5.910328626632690430e-01,3.960088193416595459e-01,2.106255292892456055e-01,1.239407181739807129e+00,-5.808787345886230469e-01,6.178534403443336487e-02,-5.589852333068847656e-01,-3.641180694103240967e-01,-1.882837414741516113e-01,1.259093761444091797e+00,-5.963082313537597656e-01,7.748658955097198486e-02,-1.182180568575859070e-01,2.291390597820281982e-01,2.430916205048561096e-02,2.781048417091369629e-01,1.448413014411926270e+00,-4.726455807685852051e-01,-2.355599880218505859e+00,5.645797848701477051e-01,-5.401567220687866211e-01,-2.834148332476615906e-02,1.180874928832054138e-01,-1.157763242721557617e+00,6.056045889854431152e-01,-2.355599880218505859e+00,-7.511050701141357422e-01,-3.681194186210632324e-01,6.672949064522981644e-03
-4.385855197906494141e-01,-1.775563508272171021e-02,4.724203646183013916e-01,3.007108718156814575e-02,-4.238462075591087341e-02,6.573055386543273926e-01,7.518302202224731445e-01,-6.039062738418579102e-01,3.959260582923889160e-01,1.886681765317916870e-01,1.292366147041320801e+00,-6.169762015342712402e-01,7.186979055404663086e-02,-5.534747838973999023e-01,-4.056985080242156982e-01,-1.985242515802383423e-01,1.290687203407287598e+00,-6.274801492691040039e-01,6.581181287765502930e-02,-1.160190328955650330e-01,2.363935261964797974e-01,2.174622751772403717e-02,2.443847954273223877e-01,1.460710763931274414e+00,-4.679735898971557617e-01,-2.355599880218505859e+00,5.437244176864624023e-01,-5.520403385162353516e-01,-3.956289961934089661e-02,1.731274873018264771e-01,-1.181439399719238281e+00,6.070618629455566406e-01,-2.355599880218505859e+00,-7.614593505859375000e-01,-3.473409414291381836e-01,-2.609748765826225281e-02
-4.359730482101440430e-01,-1.948164775967597961e-02,4.662412106990814209e-01,3.513868525624275208e-02,-5.027025192975997925e-02,6.625565886497497559e-01,7.464964389801025391e-01,-6.133663654327392578e-01,3.900000154972076416e-01,1.602306962013244629e-01,1.323830842971801758e+00,-6.239710450172424316e-01,7.249228656291961670e-02,-5.403301715850830078e-01,-4.315050542354583740e-01,-2.110769748687744141e-01,1.317142128944396973e+00,-6.645297408103942871e-01,5.219906195998191833e-02,-1.167515739798545837e-01,2.429009974002838135e-01,1.666021160781383514e-02,2.089049518108367920e-01,1.470951437950134277e+00,-4.735563993453979492e-01,-2.355600118637084961e+00,5.281476378440856934e-01,-5.571060180664062500e-01,-6.951051950454711914e-02,2.181010544300079346e-01,-1.219917416572570801e+00,6.010938882827758789e-01,-2.355600118637084961e+00,-7.716785073280334473e-01,-3.312270641326904297e-01,-3.337173908948898315e-02
-4.227157533168792725e-01,-1.836976036429405212e-02,4.659010469913482666e-01,3.975886851549148560e-02,-5.147057399153709412e-02,6.669242978096008301e-01,7.422816157341003418e-01,-6.112262606620788574e-01,3.871380090713500977e-01,1.396890431642532349e-01,1.323722362518310547e+00,-6.051339507102966309e-01,6.210504844784736633e-02,-5.249803066253662109e-01,-4.420942664146423340e-01,-2.247783988714218140e-01,1.331264495849609375e+00,-6.999857425689697266e-01,4.276792332530021667e-02,-1.168515682220458984e-01,2.383557707071304321e-01,4.047840368002653122e-03,1.812857538461685181e-01,1.489099621772766113e+00,-4.807152450084686279e-01,-2.355600118637084961e+00,5.168559551239013672e-01,-5.578659176826477051e-01,-1.215993613004684448e-01,2.443553954362869263e-01,-1.260208010673522949e+00,6.114440560340881348e-01,-2.355600118637084961e+00,-7.899586558341979980e-01,-3.147486150264739990e-01,-6.863669957965612411e-03
-4.054837226867675781e-01,-1.531081739813089371e-02,4.707489907741546631e-01,4.314464330673217773e-02,-4.702389985322952271e-02,6.697372198104858398e-01,7.398509383201599121e-01,-5.998777747154235840e-01,3.796583712100982666e-01,1.228649839758872986e-01,1.297121167182922363e+00,-5.667449235916137695e-01,4.567323625087738037e-02,-5.109969377517700195e-01,-4.424648582935333252e-01,-2.344723343849182129e-01,1.331327795982360840e+00,-7.282840013504028320e-01,3.624566644430160522e-02,-1.150895729660987854e-01,2.268266379833221436e-01,-1.377726998180150986e-02,1.573246866464614868e-01,1.505962014198303223e+00,-4.815803468227386475e-01,-2.355600118637084961e+00,5.096508860588073730e-01,-5.579798817634582520e-01,-1.698314696550369263e-01,2.627903819084167480e-01,-1.292174577713012695e+00,6.145808696746826172e-01,-2.355600118637084961e+00,-8.119630217552185059e-01,-3.043704926967620850e-01,2.280913479626178741e-02
-3.790970444679260254e-01,-1.314746122807264328e-02,4.795652329921722412e-01,4.698978364467620850e-02,-3.721748292446136475e-02,6.719529628753662109e-01,7.381639480590820312e-01,-5.802218317985534668e-01,3.714366853237152100e-01,1.100471541285514832e-01,1.241362094879150391e+00,-5.113465785980224609e-01,2.531468123197555542e-02,-5.001012086868286133e-01,-4.359636306762695312e-01,-2.454589754343032837e-01,1.322477579116821289e+00,-7.602721452713012695e-01,2.588191442191600800e-02,-1.083139702677726746e-01,2.094060629606246948e-01,-3.881614655256271362e-02,1.412484347820281982e-01,1.519353628158569336e+00,-4.772430956363677979e-01,-2.355600118637084961e+00,4.988626241683959961e-01,-5.579969882965087891e-01,-2.099963128566741943e-01,2.742822468280792236e-01,-1.313059806823730469e+00,6.101456284523010254e-01,-2.355600118637084961e+00,-8.224992156028747559e-01,-3.013730645179748535e-01,5.090069770812988281e-02
-3.511434793472290039e-01,-1.974433474242687225e-02,4.901494681835174561e-01,5.148921534419059753e-02,-2.735975012183189392e-02,6.715983152389526367e-01,7.386175990104675293e-01,-5.595394372940063477e-01,3.639581203460693359e-01,9.984765201807022095e-02,1.170033574104309082e+00,-4.523814618587493896e-01,9.793090634047985077e-03,-4.980060756206512451e-01,-4.189332425594329834e-01,-2.494572252035140991e-01,1.307429194450378418e+00,-7.884091138839721680e-01,1.487291790544986725e-02,-1.027358993887901306e-01,1.899947524070739746e-01,-6.959807872772216797e-02,1.388894766569137573e-01,1.522079706192016602e+00,-4.762502908706665039e-01,-2.355600118637084961e+00,4.845159053802490234e-01,-5.579995512962341309e-01,-2.330122590065002441e-01,2.756135463714599609e-01,-1.318767786026000977e+00,6.184440255165100098e-01,-2.355600118637084961e+00,-8.306815028190612793e-01,-3.034539818763732910e-01,7.157921046018600464e-02
-3.321429789066314697e-01,-2.017094194889068604e-02,5.019868612289428711e-01,5.300281941890716553e-02,-1.283640041947364807e-02,6.656057238578796387e-01,7.443083524703979492e-01,-5.369826555252075195e-01,3.460577726364135742e-01,8.063196390867233276e-02,1.087895631790161133e+00,-3.963253498077392578e-01,1.258907839655876160e-03,-5.039377808570861816e-01,-4.035722911357879639e-01,-2.464056611061096191e-01,1.284600615501403809e+00,-7.956829071044921875e-01,-3.537556855008006096e-03,-9.119450300931930542e-02,1.720592677593231201e-01,-1.000718548893928528e-01,1.520598977804183960e-01,1.510776996612548828e+00,-4.684418737888336182e-01,-2.355600118637084961e+00,4.557092487812042236e-01,-5.579999089241027832e-01,-1.953676789999008179e-01,2.643013596534729004e-01,-1.304913878440856934e+00,6.189010739326477051e-01,-2.355600118637084961e+00,-8.178970813751220703e-01,-3.353267014026641846e-01,5.010828748345375061e-02
-2.945907413959503174e-01,-2.031985670328140259e-02,5.138704776763916016e-01,5.254924669861793518e-02,3.730377415195107460e-03,6.567678451538085938e-01,7.522504329681396484e-01,-5.102911591529846191e-01,3.466901183128356934e-01,8.603405207395553589e-02,9.858956933021545410e-01,-3.084463775157928467e-01,1.213363744318485260e-02,-5.165904164314270020e-01,-3.654549717903137207e-01,-2.416668236255645752e-01,1.259210944175720215e+00,-8.019024133682250977e-01,-3.256930783390998840e-02,-7.963601499795913696e-02,1.557046473026275635e-01,-1.341137290000915527e-01,1.743884384632110596e-01,1.495532751083374023e+00,-4.680536687374114990e-01,-2.355600118637084961e+00,4.049853384494781494e-01,-5.579999685287475586e-01,-1.241909563541412354e-01,2.226229757070541382e-01,-1.289934754371643066e+00,6.415282487869262695e-01,-2.355600118637084961e+00,-7.989409565925598145e-01,-3.791729807853698730e-01,1.580394431948661804e-02
-2.539729177951812744e-01,-2.267830073833465576e-02,5.243890285491943359e-01,5.372678861021995544e-02,1.754998788237571716e-02,6.422254443168640137e-01,7.644291520118713379e-01,-4.915230274200439453e-01,3.377566039562225342e-01,8.437772095203399658e-02,8.977943062782287598e-01,-2.438703179359436035e-01,2.699252776801586151e-02,-5.304243564605712891e-01,-3.195165395736694336e-01,-2.349384129047393799e-01,1.231792449951171875e+00,-8.028353452682495117e-01,-5.534436553716659546e-02,-6.072682887315750122e-02,1.422598659992218018e-01,-1.622593849897384644e-01,2.079538106918334961e-01,1.481134295463562012e+00,-4.713650047779083252e-01,-2.355600118637084961e+00,3.494445979595184326e-01,-5.580000281333923340e-01,-2.652091905474662781e-02,1.723615080118179321e-01,-1.278962254524230957e+00,6.568521857261657715e-01,-2.355600118637084961e+00,-7.578619122505187988e-01,-4.217894673347473145e-01,-3.793714568018913269e-02
-2.199617475271224976e-01,-2.624650672078132629e-02,5.319442749023437500e-01,5.547209829092025757e-02,2.438205108046531677e-02,6.284558773040771484e-01,7.754815220832824707e-01,-4.971752464771270752e-01,3.199090957641601562e-01,7.665444165468215942e-02,8.629723191261291504e-01,-2.202103585004806519e-01,4.795563220977783203e-02,-5.349844098091125488e-01,-2.765888273715972900e-01,-2.307597547769546509e-01,1.205757737159729004e+00,-8.029752969741821289e-01,-6.895815581083297729e-02,-3.081778809428215027e-02,1.384525597095489502e-01,-1.850187331438064575e-01,2.359653413295745850e-01,1.484070539474487305e+00,-4.776018261909484863e-01,-2.355600118637084961e+00,3.140642642974853516e-01,-5.580000281333923340e-01,3.070335648953914642e-02,1.390305459499359131e-01,-1.270877718925476074e+00,6.702204942703247070e-01,-2.355600118637084961e+00,-7.322899103164672852e-01,-4.455025792121887207e-01,-5.945887789130210876e-02
-1.937391310930252075e-01,-3.243589028716087341e-02,5.385043621063232422e-01,5.545667186379432678e-02,2.493380941450595856e-02,6.212570071220397949e-01,7.812442779541015625e-01,-5.216601490974426270e-01,3.078510165214538574e-01,9.232195466756820679e-02,8.721690773963928223e-01,-2.359372824430465698e-01,7.583542913198471069e-02,-5.262033343315124512e-01,-2.368232011795043945e-01,-2.339788526296615601e-01,1.172873020172119141e+00,-8.029962778091430664e-01,-7.934518158435821533e-02,-4.163654055446386337e-03,1.432126611471176147e-01,-1.916074305772781372e-01,2.509324550628662109e-01,1.487952351570129395e+00,-4.843926429748535156e-01,-2.355600118637084961e+00,2.941384911537170410e-01,-5.580000281333923340e-01,4.320335388183593750e-02,1.107914820313453674e-01,-1.276660084724426270e+00,6.863859295845031738e-01,-2.355600118637084961e+00,-7.148696780204772949e-01,-4.527585208415985107e-01,-4.581166431307792664e-02
-1.758191734552383423e-01,-3.777002170681953430e-02,5.431892871856689453e-01,4.867564514279365540e-02,2.215545810759067535e-02,6.180493235588073730e-01,7.843180894851684570e-01,-5.549020767211914062e-01,2.928112447261810303e-01,1.241737231612205505e-01,9.022682309150695801e-01,-2.591109275817871094e-01,1.021125912666320801e-01,-5.138549208641052246e-01,-1.969316005706787109e-01,-2.440034151077270508e-01,1.135007262229919434e+00,-8.029994368553161621e-01,-8.506323397159576416e-02,1.232721377164125443e-02,1.435139626264572144e-01,-1.821941584348678589e-01,2.719396054744720459e-01,1.482869625091552734e+00,-5.048404335975646973e-01,-2.355600118637084961e+00,3.011993467807769775e-01,-5.580000281333923340e-01,4.892214387655258179e-02,9.056322276592254639e-02,-1.289899110794067383e+00,6.974135637283325195e-01,-2.355600118637084961e+00,-6.905702948570251465e-01,-4.492494463920593262e-01,-3.273558616638183594e-02
-1.557046622037887573e-01,-4.035544767975807190e-02,5.464198589324951172e-01,3.745202347636222839e-02,1.936008967459201813e-02,6.270287036895751953e-01,7.778544425964355469e-01,-5.992380380630493164e-01,2.688557803630828857e-01,1.804319769144058228e-01,9.420509934425354004e-01,-2.976458072662353516e-01,1.209571659564971924e-01,-4.901440441608428955e-01,-1.626003831624984741e-01,-2.799963057041168213e-01,1.090362548828125000e+00,-7.907300591468811035e-01,-9.219172596931457520e-02,1.983820088207721710e-02,1.396618187427520752e-01,-1.521744579076766968e-01,2.747825384140014648e-01,1.475749611854553223e+00,-5.200747251510620117e-01,-2.355600118637084961e+00,3.046745657920837402e-01,-5.580000281333923340e-01,3.276320174336433411e-02,8.461955934762954712e-02,-1.304960966110229492e+00,6.995584964752197266e-01,-2.355600118637084961e+00,-6.582828164100646973e-01,-4.452582001686096191e-01,-1.762093976140022278e-02
-1.469446569681167603e-01,-4.193832725286483765e-02,5.477043390274047852e-01,1.866585016250610352e-02,1.192106865346431732e-02,6.414760351181030273e-01,7.668232917785644531e-01,-6.435666680335998535e-01,2.251923382282257080e-01,2.457159161567687988e-01,9.867110848426818848e-01,-3.309036791324615479e-01,1.176987439393997192e-01,-4.575466215610504150e-01,-1.265355795621871948e-01,-3.328256011009216309e-01,1.032376170158386230e+00,-7.536830306053161621e-01,-8.949167281389236450e-02,2.055902592837810516e-02,1.332179009914398193e-01,-9.724614024162292480e-02,2.741263210773468018e-01,1.458947658538818359e+00,-5.355330109596252441e-01,-2.355600118637084961e+00,3.186224400997161865e-01,-5.580000281333923340e-01,-9.428516961634159088e-03,9.388715773820877075e-02,-1.314884662628173828e+00,6.890997886657714844e-01,-2.355600118637084961e+00,-6.330241560935974121e-01,-4.465309977531433105e-01,1.078210398554801941e-02
-1.389622688293457031e-01,-4.134148359298706055e-02,5.475070476531982422e-01,-1.339313341304659843e-03,5.693259183317422867e-03,6.536633372306823730e-01,7.567628622055053711e-01,-6.708438992500305176e-01,1.657388806343078613e-01,3.328973352909088135e-01,9.949785470962524414e-01,-3.513052165508270264e-01,9.903779625892639160e-02,-4.244818687438964844e-01,-8.260902762413024902e-02,-3.837389647960662842e-01,9.721793532371520996e-01,-6.922463774681091309e-01,-7.396377623081207275e-02,2.263097278773784637e-02,1.185963526368141174e-01,-3.686243668198585510e-02,2.696239352226257324e-01,1.431230306625366211e+00,-5.514628291130065918e-01,-2.355600118637084961e+00,3.267740905284881592e-01,-5.580000281333923340e-01,-2.986900880932807922e-02,1.154203265905380249e-01,-1.323876738548278809e+00,6.792047619819641113e-01,-2.355600118637084961e+00,-6.133453249931335449e-01,-4.511576890945434570e-01,1.173577923327684402e-02
-1.319659203290939331e-01,-3.798493370413780212e-02,5.451946258544921875e-01,-1.428704522550106049e-02,-3.170534269884228706e-03,6.597211360931396484e-01,7.513679862022399902e-01,-6.784089803695678711e-01,1.006251126527786255e-01,4.348973631858825684e-01,9.639483690261840820e-01,-3.592423200607299805e-01,7.621500641107559204e-02,-3.909308612346649170e-01,-4.405776411294937134e-02,-4.316833317279815674e-01,9.293097257614135742e-01,-6.292082667350769043e-01,-5.855831131339073181e-02,3.261255100369453430e-02,1.044239848852157593e-01,1.475951634347438812e-02,2.593817412853240967e-01,1.396327376365661621e+00,-5.745915770530700684e-01,-2.355600118637084961e+00,3.373846709728240967e-01,-5.580000281333923340e-01,-6.301606446504592896e-02,1.293496489524841309e-01,-1.322264194488525391e+00,6.791898608207702637e-01,-2.355600118637084961e+00,-6.061962246894836426e-01,-4.526103436946868896e-01,1.129891257733106613e-02
-1.249484643340110779e-01,-3.205297142267227173e-02,5.424417257308959961e-01,-2.677279524505138397e-02,-6.703488528728485107e-03,6.605607271194458008e-01,7.502651214599609375e-01,-6.741769313812255859e-01,5.048966407775878906e-02,5.368973612785339355e-01,8.989053368568420410e-01,-3.604916930198669434e-01,6.185515224933624268e-02,-3.702920973300933838e-01,-6.611691205762326717e-04,-4.525372982025146484e-01,8.915073871612548828e-01,-5.796770453453063965e-01,-3.897975385189056396e-02,4.085597768425941467e-02,9.271639585494995117e-02,5.351777002215385437e-02,2.493983805179595947e-01,1.353340029716491699e+00,-5.963032841682434082e-01,-2.355600118637084961e+00,3.388698995113372803e-01,-5.580000281333923340e-01,-8.137523382902145386e-02,1.379923522472381592e-01,-1.305037975311279297e+00,6.654784083366394043e-01,-2.355600118637084961e+00,-5.756818652153015137e-01,-4.528805911540985107e-01,-1.392965950071811676e-02
-1.177463307976722717e-01,-2.490554004907608032e-02,5.394216775894165039e-01,-3.151882812380790710e-02,-4.739200696349143982e-03,6.564201712608337402e-01,7.537218928337097168e-01,-6.525216698646545410e-01,1.449754345230758190e-03,6.297898888587951660e-01,7.993147373199462891e-01,-3.806308805942535400e-01,7.201668620109558105e-02,-3.586361408233642578e-01,3.547701984643936157e-02,-4.399081468582153320e-01,8.718017339706420898e-01,-5.288977026939392090e-01,-1.820217445492744446e-02,5.117417126893997192e-02,7.624666392803192139e-02,7.107546180486679077e-02,2.490014731884002686e-01,1.312303185462951660e+00,-6.154400706291198730e-01,-2.355600118637084961e+00,3.176657557487487793e-01,-5.580000281333923340e-01,-8.146941661834716797e-02,1.583946645259857178e-01,-1.284498929977416992e+00,6.482041478157043457e-01,-2.355600118637084961e+00,-5.202414393424987793e-01,-4.599949121475219727e-01,-6.067696213722229004e-02
-1.114000901579856873e-01,-1.606975495815277100e-02,5.378431081771850586e-01,-3.316258266568183899e-02,-4.081181716173887253e-03,6.524779796600341797e-01,7.570707201957702637e-01,-6.265071034431457520e-01,-3.632202371954917908e-02,6.679660677909851074e-01,7.251409292221069336e-01,-4.076229333877563477e-01,9.643958508968353271e-02,-3.437756299972534180e-01,6.311826407909393311e-02,-4.024931192398071289e-01,8.492235541343688965e-01,-4.721943438053131104e-01,1.396053191274404526e-02,5.831899121403694153e-02,6.518983840942382812e-02,7.264243066310882568e-02,2.457371950149536133e-01,1.289410114288330078e+00,-6.097989678382873535e-01,-2.355600118637084961e+00,3.104272782802581787e-01,-5.580000281333923340e-01,-9.461711347103118896e-02,1.668300032615661621e-01,-1.260074496269226074e+00,6.360511183738708496e-01,-2.355600118637084961e+00,-4.986518621444702148e-01,-4.601551890373229980e-01,-7.325616478919982910e-02
-1.066068932414054871e-01,-7.664730306714773178e-03,5.401256084442138672e-01,-3.335767984390258789e-02,4.641590639948844910e-03,6.472685933113098145e-01,7.615176439285278320e-01,-6.124444007873535156e-01,-6.368902325630187988e-02,6.599501371383666992e-01,6.779858469963073730e-01,-4.172285795211791992e-01,1.196251511573791504e-01,-3.266397118568420410e-01,7.750613242387771606e-02,-3.593334853649139404e-01,8.109146952629089355e-01,-3.989166021347045898e-01,3.929800167679786682e-02,7.046491652727127075e-02,6.043132022023200989e-02,6.118680536746978760e-02,2.416972517967224121e-01,1.284195303916931152e+00,-5.961518287658691406e-01,-2.355600118637084961e+00,3.037965297698974609e-01,-5.580000281333923340e-01,-1.110920011997222900e-01,1.616262644529342651e-01,-1.257757425308227539e+00,6.344439387321472168e-01,-2.355600118637084961e+00,-4.756075441837310791e-01,-4.576334059238433838e-01,-6.812275201082229614e-02
-1.042983084917068481e-01,-2.191861858591437340e-03,5.479567050933837891e-01,-4.145315289497375488e-02,1.435260660946369171e-02,6.427639126777648926e-01,7.648072838783264160e-01,-6.130457520484924316e-01,-7.454520463943481445e-02,6.461612582206726074e-01,6.273144483566284180e-01,-3.730269074440002441e-01,1.115258485078811646e-01,-3.007299304008483887e-01,9.719600528478622437e-02,-3.225136697292327881e-01,7.144348621368408203e-01,-3.194979727268218994e-01,5.207023024559020996e-02,8.289752155542373657e-02,6.513774394989013672e-02,5.701897665858268738e-02,2.436037808656692505e-01,1.302334666252136230e+00,-5.987653732299804688e-01,-2.355600118637084961e+00,3.075398504734039307e-01,-5.580000281333923340e-01,-1.087360158562660217e-01,1.365948021411895752e-01,-1.271665334701538086e+00,6.495659351348876953e-01,-2.355600118637084961e+00,-4.588226079940795898e-01,-4.651240706443786621e-01,-7.176171988248825073e-02
-1.046896204352378845e-01,1.474859076552093029e-03,5.572743415832519531e-01,-4.396815970540046692e-02,1.999132521450519562e-02,6.350419521331787109e-01,7.709661722183227539e-01,-6.058245897293090820e-01,-1.020505204796791077e-01,5.938909053802490234e-01,5.583180785179138184e-01,-2.938184738159179688e-01,9.234264492988586426e-02,-2.788082361221313477e-01,1.070300117135047913e-01,-2.982969880104064941e-01,6.256055831909179688e-01,-2.386329770088195801e-01,4.818541929125785828e-02,1.111744791269302368e-01,7.366488128900527954e-02,5.302792787551879883e-02,2.543929815292358398e-01,1.331467986106872559e+00,-5.998257994651794434e-01,-2.355600118637084961e+00,2.873097658157348633e-01,-5.580000281333923340e-01,-7.251063734292984009e-02,1.127722710371017456e-01,-1.289319515228271484e+00,6.699175238609313965e-01,-2.355600118637084961e+00,-4.385309517383575439e-01,-4.772359132766723633e-01,-7.297204434871673584e-02
-1.057917997241020203e-01,3.507387591525912285e-03,5.674022436141967773e-01,-4.808494448661804199e-02,2.363158948719501495e-02,6.259068846702575684e-01,7.780552506446838379e-01,-6.004197597503662109e-01,-1.245671138167381287e-01,5.230243206024169922e-01,5.003664493560791016e-01,-1.981334239244461060e-01,6.143107265233993530e-02,-2.606472969055175781e-01,1.217863783240318298e-01,-2.981548905372619629e-01,5.405845642089843750e-01,-1.906725466251373291e-01,2.742378599941730499e-02,1.488809436559677124e-01,8.326172828674316406e-02,5.156011134386062622e-02,2.640189826488494873e-01,1.369584321975708008e+00,-5.984017252922058105e-01,-2.355600118637084961e+00,2.314144074916839600e-01,-5.580000281333923340e-01,-2.173382416367530823e-02,1.015782430768013000e-01,-1.322233319282531738e+00,6.828090548515319824e-01,-2.355600118637084961e+00,-4.041534960269927979e-01,-4.937411248683929443e-01,-7.681657373905181885e-02
-1.079353317618370056e-01,3.749247407540678978e-03,5.758520364761352539e-01,-5.148127675056457520e-02,2.835327200591564178e-02,6.254304051399230957e-01,7.780633568763732910e-01,-6.178236007690429688e-01,-1.138261780142784119e-01,4.799898564815521240e-01,5.173727869987487793e-01,-1.582164466381072998e-01,3.843210265040397644e-02,-2.442981749773025513e-01,1.375518292188644409e-01,-3.019432127475738525e-01,4.762456119060516357e-01,-1.727897822856903076e-01,1.041659153997898102e-02,1.733482182025909424e-01,8.774241060018539429e-02,4.685597866773605347e-02,2.725013792514801025e-01,1.391705632209777832e+00,-6.024918556213378906e-01,-2.355600118637084961e+00,2.104208767414093018e-01,-5.580000281333923340e-01,-2.537600509822368622e-02,1.111451908946037292e-01,-1.348781466484069824e+00,6.906241178512573242e-01,-2.355600118637084961e+00,-3.845092356204986572e-01,-5.021901130676269531e-01,-6.819267570972442627e-02
-1.108385846018791199e-01,5.274267867207527161e-03,5.817261934280395508e-01,-5.625219643115997314e-02,3.320596739649772644e-02,6.313975453376770020e-01,7.727031707763671875e-01,-6.340806484222412109e-01,-9.129317849874496460e-02,4.723068773746490479e-01,5.800926089286804199e-01,-1.523880958557128906e-01,3.082286752760410309e-02,-2.248191237449645996e-01,1.551020592451095581e-01,-3.007128536701202393e-01,4.313156604766845703e-01,-1.631023138761520386e-01,9.929453954100608826e-04,1.849794685840606689e-01,8.087334781885147095e-02,4.016081616282463074e-02,2.863212525844573975e-01,1.398301482200622559e+00,-6.123799681663513184e-01,-2.355600118637084961e+00,2.072165459394454956e-01,-5.580000281333923340e-01,-7.289589941501617432e-02,1.348025947809219360e-01,-1.363028049468994141e+00,6.959627866744995117e-01,-2.355600118637084961e+00,-3.719139993190765381e-01,-5.008052587509155273e-01,-3.528246656060218811e-02
-1.127491071820259094e-01,1.172438822686672211e-02,5.845127105712890625e-01,-6.082140654325485229e-02,3.626974672079086304e-02,6.420896649360656738e-01,7.633519172668457031e-01,-6.299617886543273926e-01,-6.836917996406555176e-02,5.049539208412170410e-01,6.434579491615295410e-01,-1.631023138761520386e-01,3.279364481568336487e-02,-2.012033164501190186e-01,1.693665087223052979e-01,-3.115297257900238037e-01,3.988077938556671143e-01,-1.284520775079727173e-01,4.185665398836135864e-03,1.808749288320541382e-01,5.977138876914978027e-02,3.231799975037574768e-02,2.926220297813415527e-01,1.398510575294494629e+00,-6.166853904724121094e-01,-2.355600118637084961e+00,2.103136777877807617e-01,-5.580000281333923340e-01,-1.481155306100845337e-01,1.668122559785842896e-01,-1.370062828063964844e+00,6.955778002738952637e-01,-2.355600118637084961e+00,-3.647204339504241943e-01,-4.907934665679931641e-01,1.883653178811073303e-02
-1.132740825414657593e-01,2.588136307895183563e-02,5.791889429092407227e-01,-6.316181272268295288e-02,4.674623534083366394e-02,6.567497253417968750e-01,7.500034570693969727e-01,-6.249066591262817383e-01,-6.546241790056228638e-02,5.370553135871887207e-01,6.857501864433288574e-01,-2.158832103013992310e-01,4.783076047897338867e-02,-2.193116694688796997e-01,1.618843674659729004e-01,-3.310295045375823975e-01,4.586384296417236328e-01,-9.992751479148864746e-02,2.241202630102634430e-02,1.373138278722763062e-01,-3.132213652133941650e-02,7.519116159528493881e-03,1.906220316886901855e-01,1.380192995071411133e+00,-7.186853885650634766e-01,-2.354820251464843750e+00,2.093896716833114624e-01,-5.445604920387268066e-01,-1.625379323959350586e-01,6.481225043535232544e-02,-1.268062829971313477e+00,7.975777983665466309e-01,-2.311478137969970703e+00,-3.574338853359222412e-01,-3.887934684753417969e-01,-1.686494052410125732e-02
-1.136009320616722107e-01,4.246122017502784729e-02,5.739672183990478516e-01,-4.671630635857582092e-02,5.118345841765403748e-02,6.774882078170776367e-01,7.322619557380676270e-01,-5.791701078414916992e-01,-1.107389107346534729e-01,5.434707403182983398e-01,6.586816310882568359e-01,-2.288896441459655762e-01,6.661724299192428589e-02,-2.170258760452270508e-01,1.355096399784088135e-01,-3.235901594161987305e-01,5.423090457916259766e-01,-1.115800347179174423e-02,5.876765400171279907e-02,1.089250817894935608e-01,-5.471451207995414734e-02,-2.180834300816059113e-02,8.862203359603881836e-02,1.329474925994873047e+00,-8.206853866577148438e-01,-2.329016923904418945e+00,2.023687511682510376e-01,-5.455760359764099121e-01,-1.557694375514984131e-01,-3.718775138258934021e-02,-1.166062831878662109e+00,8.995777964591979980e-01,-2.241902828216552734e+00,-3.503750264644622803e-01,-3.534623086452484131e-01,-3.809086605906486511e-02
-1.141122356057167053e-01,6.002013385295867920e-02,5.656554698944091797e-01,-2.506022527813911438e-02,5.001392215490341187e-02,6.959052085876464844e-01,7.159515023231506348e-01,-5.241555571556091309e-01,-1.695390790700912476e-01,4.951430261135101318e-01,6.322223544120788574e-01,-2.630179226398468018e-01,1.116304621100425720e-01,-2.229187041521072388e-01,1.025730073451995850e-01,-3.033578693866729736e-01,6.443090438842773438e-01,9.084199368953704834e-02,1.172440201044082642e-01,8.121976256370544434e-02,-5.900116264820098877e-02,-3.940267115831375122e-02,-1.337796263396739960e-02,1.281545042991638184e+00,-9.226853847503662109e-01,-2.308617591857910156e+00,1.595723778009414673e-01,-5.556557178497314453e-01,-1.117993593215942383e-01,-1.391877532005310059e-01,-1.089228272438049316e+00,1.001577854156494141e+00,-2.209951162338256836e+00,-3.300696015357971191e-01,-3.606110215187072754e-01,-7.335097342729568481e-02
-1.166530847549438477e-01,7.234068959951400757e-02,5.633311271667480469e-01,-6.058157421648502350e-03,3.534620627760887146e-02,7.297165393829345703e-01,6.828086972236633301e-01,-4.624654948711395264e-01,-2.096680998802185059e-01,4.196614921092987061e-01,6.100038290023803711e-01,-3.163133561611175537e-01,1.870375573635101318e-01,-2.481591999530792236e-01,7.093746215105056763e-02,-2.669879794120788574e-01,7.463090419769287109e-01,1.928419917821884155e-01,1.733551770448684692e-01,3.823124570772051811e-03,8.057598024606704712e-03,-1.052193436771631241e-02,8.862203359603881836e-02,1.266803264617919922e+00,-8.206853866577148438e-01,-2.348552703857421875e+00,1.572465002536773682e-01,-5.576483607292175293e-01,-1.421910077333450317e-01,-3.718775138258934021e-02,-1.191228270530700684e+00,8.995777964591979980e-01,-2.311951160430908203e+00,-3.076464533805847168e-01,-4.354075193405151367e-01,-2.894883789122104645e-02
-1.157492771744728088e-01,8.427575975656509399e-02,5.612366199493408203e-01,-2.926699351519346237e-03,2.207871526479721069e-02,7.665004134178161621e-01,6.418575048446655273e-01,-4.339515864849090576e-01,-2.307096123695373535e-01,3.176614940166473389e-01,6.097660064697265625e-01,-3.736179172992706299e-01,2.507556378841400146e-01,-2.849848270416259766e-01,9.090639650821685791e-02,-1.924853473901748657e-01,8.483090400695800781e-01,2.948420047760009766e-01,2.091056704521179199e-01,-9.204087406396865845e-02,2.314578741788864136e-02,2.361881732940673828e-02,1.906220316886901855e-01,1.255834937095642090e+00,-7.186853885650634766e-01,-2.354542970657348633e+00,1.408306360244750977e-01,-5.579472780227661133e-01,-1.084420457482337952e-01,6.481225043535232544e-02,-1.246492147445678711e+00,7.975777983665466309e-01,-2.349052667617797852e+00,-2.671659588813781738e-01,-4.398065209388732910e-01,-4.416800290346145630e-02
-1.161242797970771790e-01,9.592297673225402832e-02,5.636574029922485352e-01,-9.641578420996665955e-03,7.500202860683202744e-03,7.949531674385070801e-01,6.065477728843688965e-01,-4.092489182949066162e-01,-2.338895797729492188e-01,2.208897769451141357e-01,5.995108485221862793e-01,-4.249313473701477051e-01,2.603133320808410645e-01,-3.139109015464782715e-01,1.111274957656860352e-01,-1.501322388648986816e-01,9.503090381622314453e-01,3.670905828475952148e-01,2.238889485597610474e-01,-1.777072548866271973e-01,3.165065869688987732e-02,6.058445572853088379e-02,2.851544916629791260e-01,1.265898108482360840e+00,-6.272451877593994141e-01,-2.355441331863403320e+00,1.231066957116127014e-01,-5.579921007156372070e-01,-9.535324573516845703e-02,1.668122559785842896e-01,-1.259426832199096680e+00,7.041162848472595215e-01,-2.354617834091186523e+00,-2.388544380664825439e-01,-4.364925324916839600e-01,-2.648460492491722107e-02
-1.130821481347084045e-01,1.173878163099288940e-01,5.689928531646728516e-01,-1.639138534665107727e-02,5.455594509840011597e-03,8.164207339286804199e-01,5.771991014480590820e-01,-3.805179595947265625e-01,-2.342194318771362305e-01,1.537590175867080688e-01,5.689526796340942383e-01,-4.476492702960968018e-01,2.617470026016235352e-01,-3.340562582015991211e-01,1.185071691870689392e-01,-1.111427322030067444e-01,1.052309036254882812e+00,3.955945372581481934e-01,2.274079918861389160e-01,-2.479278147220611572e-01,3.886021673679351807e-02,8.910896629095077515e-02,3.305085301399230957e-01,1.277497768402099609e+00,-6.004990935325622559e-01,-2.355576276779174805e+00,1.149039193987846375e-01,-5.579988360404968262e-01,-9.668563306331634521e-02,2.662146389484405518e-01,-1.265350937843322754e+00,6.721709966659545898e-01,-2.355452775955200195e+00,-2.147895991802215576e-01,-4.410552084445953369e-01,2.561973873525857925e-03
-1.155049577355384827e-01,1.363146007061004639e-01,5.731333494186401367e-01,-2.178855054080486298e-02,4.291468765586614609e-03,8.319640755653381348e-01,5.543848872184753418e-01,-3.568589091300964355e-01,-2.344111055135726929e-01,1.091215610504150391e-01,5.479456186294555664e-01,-4.377265274524688721e-01,2.619620561599731445e-01,-3.802856206893920898e-01,1.008421182632446289e-01,-5.004226788878440857e-02,1.154309034347534180e+00,3.621200621128082275e-01,1.896696835756301880e-01,-3.131785988807678223e-01,4.685276374220848083e-02,1.026092320680618286e-01,3.601797223091125488e-01,1.291099190711975098e+00,-5.941690802574157715e-01,-2.355596542358398438e+00,1.247489750385284424e-01,-5.579998493194580078e-01,-1.122973859310150146e-01,3.090524077415466309e-01,-1.267372250556945801e+00,6.443052291870117188e-01,-2.355577945709228516e+00,-2.060879170894622803e-01,-4.345299601554870605e-01,2.767282165586948395e-02
-1.104123070836067200e-01,1.540926992893218994e-01,5.757557153701782227e-01,-2.258730493485927582e-02,8.957147598266601562e-03,8.360981345176696777e-01,5.480415225028991699e-01,-3.437555432319641113e-01,-2.347160875797271729e-01,8.535254001617431641e-02,5.440177321434020996e-01,-4.096144139766693115e-01,2.619943022727966309e-01,-4.542168676853179932e-01,6.535980105400085449e-02,9.926846250891685486e-03,1.256309032440185547e+00,2.651330530643463135e-01,1.119211465120315552e-01,-3.593036830425262451e-01,5.759356915950775146e-02,1.032288148999214172e-01,3.735801279544830322e-01,1.307050347328186035e+00,-5.868757367134094238e-01,-2.355599403381347656e+00,1.420907229185104370e-01,-5.579999685287475586e-01,-1.398205310106277466e-01,3.286669850349426270e-01,-1.269021987915039062e+00,6.161474585533142090e-01,-2.355596780776977539e+00,-2.123028039932250977e-01,-4.262664020061492920e-01,4.294716939330101013e-02
-1.049858033657073975e-01,1.721234768629074097e-01,5.790507793426513672e-01,-2.676729112863540649e-02,1.962870731949806213e-02,8.345942497253417969e-01,5.498642325401306152e-01,-3.377673625946044922e-01,-2.349262833595275879e-01,7.959835976362228394e-02,5.341679453849792480e-01,-3.692321181297302246e-01,2.619991600513458252e-01,-5.381733179092407227e-01,1.045896112918853760e-02,5.919498205184936523e-02,1.358309030532836914e+00,1.631330400705337524e-01,1.400795765221118927e-02,-3.916793763637542725e-01,6.371019780635833740e-02,9.928860515356063843e-02,3.677586019039154053e-01,1.321842432022094727e+00,-5.753660202026367188e-01,-2.355599880218505859e+00,1.644662916660308838e-01,-5.579999685287475586e-01,-1.755721122026443481e-01,3.222257196903228760e-01,-1.279341936111450195e+00,5.932864546775817871e-01,-2.355599403381347656e+00,-2.199214249849319458e-01,-4.174767434597015381e-01,6.473442167043685913e-02
-1.048236936330795288e-01,1.873688548803329468e-01,5.846028327941894531e-01,-2.953045815229415894e-02,3.228577971458435059e-02,8.242785930633544922e-01,5.644912719726562500e-01,-3.187054097652435303e-01,-2.345342338085174561e-01,1.027719080448150635e-01,4.889805018901824951e-01,-3.135077953338623047e-01,2.382385879755020142e-01,-6.061146855354309082e-01,-3.426717966794967651e-02,5.136250704526901245e-02,1.299862623214721680e+00,6.414669007062911987e-02,-4.481336101889610291e-02,-3.965117037296295166e-01,6.264740228652954102e-02,8.869479596614837646e-02,3.390898406505584717e-01,1.330581307411193848e+00,-5.533073544502258301e-01,-2.355599880218505859e+00,1.703376173973083496e-01,-5.580000281333923340e-01,-2.015912234783172607e-01,2.970218956470489502e-01,-1.301653861999511719e+00,5.684356093406677246e-01,-2.355599880218505859e+00,-2.182743996381759644e-01,-4.270515441894531250e-01,7.966607064008712769e-02
-1.040885075926780701e-01,2.021110951900482178e-01,5.909960269927978516e-01,-2.461479045450687408e-02,3.687680885195732117e-02,7.936368584632873535e-01,6.067740321159362793e-01,-2.683125436305999756e-01,-2.337923198938369751e-01,1.733820885419845581e-01,3.983317017555236816e-01,-2.499618828296661377e-01,1.856516897678375244e-01,-6.293217539787292480e-01,-4.099662601947784424e-02,-3.053298592567443848e-02,1.197862625122070312e+00,1.231232285499572754e-02,-3.327655792236328125e-02,-3.506349325180053711e-01,6.719358265399932861e-02,6.771029531955718994e-02,2.944925427436828613e-01,1.324001550674438477e+00,-5.365396142005920410e-01,-2.355599880218505859e+00,1.584138572216033936e-01,-5.580000281333923340e-01,-2.098177820444107056e-01,2.565104961395263672e-01,-1.323033332824707031e+00,5.610366463661193848e-01,-2.355599880218505859e+00,-2.129589915275573730e-01,-4.479804933071136475e-01,8.982140570878982544e-02
-1.018811687827110291e-01,2.135725617408752441e-01,5.923318862915039062e-01,-1.742680370807647705e-02,3.585845977067947388e-02,7.416760325431823730e-01,6.695723533630371094e-01,-2.287791669368743896e-01,-2.338949739933013916e-01,2.524962127208709717e-01,3.368461430072784424e-01,-1.911011189222335815e-01,1.284536123275756836e-01,-6.056545972824096680e-01,-2.920797560364007950e-03,-1.325329840183258057e-01,1.095862627029418945e+00,2.833029627799987793e-02,3.146406263113021851e-02,-2.486349344253540039e-01,5.307121574878692627e-02,3.841121494770050049e-02,2.970677912235260010e-01,1.312031984329223633e+00,-5.332908034324645996e-01,-2.355600118637084961e+00,1.552565395832061768e-01,-5.580000281333923340e-01,-2.229279428720474243e-01,2.488422244787216187e-01,-1.309395670890808105e+00,5.640646219253540039e-01,-2.355599880218505859e+00,-2.120368778705596924e-01,-4.312160015106201172e-01,8.174925297498703003e-02
-1.002065539360046387e-01,2.228008210659027100e-01,5.872249603271484375e-01,-7.409967016428709030e-03,3.324079141020774841e-02,7.016137838363647461e-01,7.117430567741394043e-01,-2.331211566925048828e-01,-2.175201624631881714e-01,3.302990496158599854e-01,3.772899508476257324e-01,-1.826423257589340210e-01,9.395625442266464233e-02,-5.647439360618591309e-01,3.913158923387527466e-02,-2.345329821109771729e-01,9.938626289367675781e-01,3.894926980137825012e-02,7.587614655494689941e-02,-1.468480378389358521e-01,3.316212818026542664e-02,3.392952261492609978e-03,3.018013238906860352e-01,1.307561039924621582e+00,-5.326681733131408691e-01,-2.355600118637084961e+00,1.387298107147216797e-01,-5.580000281333923340e-01,-1.868435442447662354e-01,2.609618902206420898e-01,-1.304726958274841309e+00,5.767238736152648926e-01,-2.355600118637084961e+00,-1.879968941211700439e-01,-4.204140007495880127e-01,3.386239707469940186e-02
-9.876968711614608765e-02,2.155085802078247070e-01,5.790606737136840820e-01,-5.677536595612764359e-03,4.048544913530349731e-02,6.813099384307861328e-01,7.308525443077087402e-01,-2.758757174015045166e-01,-2.033238261938095093e-01,3.555147349834442139e-01,4.767601191997528076e-01,-2.162448316812515259e-01,6.848002970218658447e-02,-5.497257113456726074e-01,4.733920097351074219e-02,-3.365329802036285400e-01,8.918626308441162109e-01,7.994331535883247852e-04,7.105192542076110840e-02,-9.138319641351699829e-02,1.722251065075397491e-02,-2.627170272171497345e-02,3.064336478710174561e-01,1.301093816757202148e+00,-5.045245885848999023e-01,-2.355600118637084961e+00,1.412089020013809204e-01,-5.580000281333923340e-01,-1.477083861827850342e-01,2.792728245258331299e-01,-1.295815229415893555e+00,5.701435804367065430e-01,-2.355600118637084961e+00,-1.777004152536392212e-01,-4.090443849563598633e-01,-4.617299884557723999e-03
-9.647946804761886597e-02,2.084250450134277344e-01,5.715618133544921875e-01,-6.409551482647657394e-03,4.223076999187469482e-02,6.712248325347900391e-01,7.400220632553100586e-01,-3.113174438476562500e-01,-1.795208007097244263e-01,3.752435743808746338e-01,5.728031396865844727e-01,-2.310856878757476807e-01,5.319404974579811096e-02,-5.650702714920043945e-01,5.658903717994689941e-02,-3.919799327850341797e-01,7.898626327514648438e-01,-1.012005656957626343e-01,4.151309281587600708e-02,-6.431990116834640503e-02,9.645443409681320190e-03,-4.541014879941940308e-02,2.958856523036956787e-01,1.293044567108154297e+00,-4.779100716114044189e-01,-2.355600118637084961e+00,1.376846134662628174e-01,-5.580000281333923340e-01,-1.243642494082450867e-01,2.873274683952331543e-01,-1.295350074768066406e+00,5.760316848754882812e-01,-2.355600118637084961e+00,-1.713995039463043213e-01,-4.082827568054199219e-01,-1.947264559566974640e-02
-9.271567314863204956e-02,2.201765179634094238e-01,5.637762546539306641e-01,-1.274597551673650742e-02,4.103730246424674988e-02,6.645918488502502441e-01,7.459699511528015137e-01,-3.305391967296600342e-01,-1.317178159952163696e-01,4.209808707237243652e-01,6.566653251647949219e-01,-2.139589190483093262e-01,4.978355020284652710e-02,-5.770141482353210449e-01,6.770666688680648804e-02,-4.087974131107330322e-01,7.128842473030090332e-01,-1.893445551395416260e-01,1.741004176437854767e-02,-4.668776690959930420e-02,-3.551339358091354370e-02,-6.187149137258529663e-02,1.938856542110443115e-01,1.270080208778381348e+00,-5.799100995063781738e-01,-2.340808391571044922e+00,1.111586689949035645e-01,-5.097804069519042969e-01,-5.296166613698005676e-02,1.853274703025817871e-01,-1.193350076675415039e+00,6.780316829681396484e-01,-2.285429477691650391e+00,-1.567916572093963623e-01,-3.225715756416320801e-01,-8.723815530538558960e-02
-8.982168138027191162e-02,2.118617296218872070e-01,5.658887624740600586e-01,-1.023846585303544998e-02,4.075669497251510620e-02,6.615090966224670410e-01,7.487587928771972656e-01,-3.321281373500823975e-01,-1.148100346326828003e-01,4.427255988121032715e-01,6.722301244735717773e-01,-1.689851284027099609e-01,4.380824789404869080e-02,-5.681536793708801270e-01,7.685857266187667847e-02,-3.997018337249755859e-01,7.136028409004211426e-01,-2.079398930072784424e-01,2.631361037492752075e-02,-4.943363368511199951e-02,-4.489969089627265930e-02,-7.290529459714889526e-02,9.188564866781234741e-02,1.270613074302673340e+00,-6.819100975990295410e-01,-2.336809635162353516e+00,1.101030781865119934e-01,-5.103267431259155273e-01,-2.931643091142177582e-02,8.332747220993041992e-02,-1.170253396034240723e+00,7.800316810607910156e-01,-2.261520385742187500e+00,-1.674500107765197754e-01,-3.106290996074676514e-01,-9.042418748140335083e-02
-8.706948906183242798e-02,2.240120023488998413e-01,5.716886520385742188e-01,-7.145521696656942368e-03,4.084809496998786926e-02,6.566879749298095703e-01,7.530214190483093262e-01,-3.189828693866729736e-01,-1.236481890082359314e-01,4.454620480537414551e-01,6.580342054367065430e-01,-1.509253829717636108e-01,4.208551347255706787e-02,-5.224060416221618652e-01,7.159052044153213501e-02,-4.076946973800659180e-01,6.959722042083740234e-01,-1.538545489311218262e-01,3.332954645156860352e-02,-5.406016483902931213e-02,-5.199022591114044189e-02,-7.601225376129150391e-02,-1.011435035616159439e-02,1.288609147071838379e+00,-7.839100956916809082e-01,-2.343375682830810547e+00,1.037446334958076477e-01,-5.143774151802062988e-01,-3.481572493910789490e-02,-1.867252960801124573e-02,-1.183973908424377441e+00,8.820316791534423828e-01,-2.267828941345214844e+00,-1.890673935413360596e-01,-2.991413772106170654e-01,-7.340209931135177612e-02
-8.419700711965560913e-02,2.185720503330230713e-01,5.806038379669189453e-01,-6.545844953507184982e-03,4.192299395799636841e-02,6.523653864860534668e-01,7.567159533500671387e-01,-2.983319163322448730e-01,-1.430903673171997070e-01,4.265078306198120117e-01,6.210622787475585938e-01,-1.471945792436599731e-01,4.387409985065460205e-02,-4.784192144870758057e-01,6.254213303327560425e-02,-4.142492115497589111e-01,6.660286784172058105e-01,-7.434894144535064697e-02,3.613588213920593262e-02,-6.580500304698944092e-02,-6.052740663290023804e-02,-6.698670983314514160e-02,-1.121143475174903870e-01,1.312636137008666992e+00,-8.859100937843322754e-01,-2.351792097091674805e+00,1.119164973497390747e-01,-5.172519087791442871e-01,-5.418017879128456116e-02,-1.206725314259529114e-01,-1.209217309951782227e+00,9.840316772460937500e-01,-2.284233331680297852e+00,-2.112482637166976929e-01,-2.892456650733947754e-01,-4.118531569838523865e-02
-8.092279732227325439e-02,2.150951772928237915e-01,5.893969535827636719e-01,-8.376238867640495300e-03,3.885243460536003113e-02,6.472681164741516113e-01,7.612255215644836426e-01,-2.623913288116455078e-01,-1.520925164222717285e-01,4.169293642044067383e-01,5.753368139266967773e-01,-1.091491505503654480e-01,4.128140583634376526e-02,-4.484100937843322754e-01,5.699392408132553101e-02,-4.209681153297424316e-01,6.357786059379577637e-01,-1.346021518111228943e-02,2.663220278918743134e-02,-7.718349993228912354e-02,-7.169548422098159790e-02,-4.860303178429603577e-02,-1.454821228981018066e-01,1.331670403480529785e+00,-9.879100918769836426e-01,-2.355028867721557617e+00,1.195768639445304871e-01,-5.212197303771972656e-01,-7.324793189764022827e-02,-2.022452354431152344e-01,-1.237979412078857422e+00,1.086031675338745117e+00,-2.306003332138061523e+00,-2.109005004167556763e-01,-2.854264974594116211e-01,-1.207527238875627518e-02
-7.713819295167922974e-02,2.323140501976013184e-01,5.959252119064331055e-01,-1.326117478311061859e-02,3.434145823121070862e-02,6.365410089492797852e-01,7.703637480735778809e-01,-2.115655988454818726e-01,-1.573028415441513062e-01,4.011652171611785889e-01,5.292885303497314453e-01,-3.675401955842971802e-02,2.249734289944171906e-02,-4.275350272655487061e-01,7.737752050161361694e-02,-4.081407785415649414e-01,5.822109580039978027e-01,3.053993545472621918e-02,1.861468143761157990e-02,-8.595859259366989136e-02,-8.302468806505203247e-02,-2.773966081440448761e-02,-7.720184326171875000e-02,1.335177659988403320e+00,-1.017898917198181152e+00,-2.352044582366943359e+00,1.240339726209640503e-01,-5.205069184303283691e-01,-7.044669985771179199e-02,-2.679033875465393066e-01,-1.214365124702453613e+00,1.188031673431396484e+00,-2.293806552886962891e+00,-1.979820579290390015e-01,-2.925052344799041748e-01,-8.230377919971942902e-03
-7.316791266202926636e-02,2.311223447322845459e-01,5.980793237686157227e-01,-1.825056970119476318e-02,2.797802165150642395e-02,6.191903948783874512e-01,7.845300436019897461e-01,-1.728809773921966553e-01,-1.484571099281311035e-01,3.766899108886718750e-01,5.321173667907714844e-01,1.940654590725898743e-02,2.229833742603659630e-03,-4.141663312911987305e-01,1.038155630230903625e-01,-3.954117596149444580e-01,5.426102876663208008e-01,2.952410653233528137e-02,9.677045978605747223e-03,-8.531601727008819580e-02,-9.743924438953399658e-02,-7.024610880762338638e-03,2.216632664203643799e-02,1.333751678466796875e+00,-9.957194924354553223e-01,-2.340186357498168945e+00,1.193848103284835815e-01,-5.262378454208374023e-01,-3.512638062238693237e-02,-3.028972446918487549e-01,-1.178131103515625000e+00,1.267655730247497559e+00,-2.269540548324584961e+00,-1.853529512882232666e-01,-3.079001605510711670e-01,-3.596007078886032104e-02
-6.943751871585845947e-02,2.298238128423690796e-01,5.961530208587646484e-01,-2.024420350790023804e-02,1.936328411102294922e-02,5.978900194168090820e-01,8.010885119438171387e-01,-1.392109990119934082e-01,-1.226860210299491882e-01,3.414168655872344971e-01,6.005491614341735840e-01,6.917984038591384888e-02,-2.070381492376327515e-02,-4.051719903945922852e-01,1.284886002540588379e-01,-3.840202987194061279e-01,5.222948789596557617e-01,-1.208195369690656662e-02,-4.824267234653234482e-03,-7.299242913722991943e-02,-1.126186177134513855e-01,4.930249415338039398e-03,5.897212028503417969e-02,1.346740007400512695e+00,-1.012449264526367188e+00,-2.342773914337158203e+00,9.153759479522705078e-02,-5.401757955551147461e-01,2.569500543177127838e-02,-3.414782285690307617e-01,-1.164758324623107910e+00,1.312274932861328125e+00,-2.266298055648803711e+00,-1.764257550239562988e-01,-3.186660110950469971e-01,-6.710213422775268555e-02
-4.718653857707977295e-02,2.453407198190689087e-01,5.889793634414672852e-01,-1.836024038493633270e-02,1.827280782163143158e-02,5.812337994575500488e-01,8.133242130279541016e-01,-1.152298748493194580e-01,-9.401742368936538696e-02,2.997096478939056396e-01,7.025491595268249512e-01,1.524058282375335693e-01,-6.110891327261924744e-02,-4.109925627708435059e-01,1.436357051134109497e-01,-3.517959117889404297e-01,5.550095438957214355e-01,-8.519402891397476196e-02,-3.561048209667205811e-02,-5.376403406262397766e-02,-1.212492212653160095e-01,-1.741822692565619946e-03,9.681046754121780396e-02,1.373023271560668945e+00,-9.936931133270263672e-01,-2.352839469909667969e+00,5.753783881664276123e-02,-5.457827448844909668e-01,8.160030096769332886e-02,-3.829947412014007568e-01,-1.158203482627868652e+00,1.367595434188842773e+00,-2.265498876571655273e+00,-1.766848564147949219e-01,-3.190608322620391846e-01,-9.018795192241668701e-02
-4.560834914445877075e-02,2.575772702693939209e-01,5.789842605590820312e-01,-1.651103608310222626e-02,1.380586531013250351e-02,5.657426714897155762e-01,8.243009448051452637e-01,-1.157634109258651733e-01,-6.704836338758468628e-02,2.434047758579254150e-01,8.045491576194763184e-01,2.544058263301849365e-01,-1.053059622645378113e-01,-4.313843846321105957e-01,1.540680378675460815e-01,-2.715682685375213623e-01,6.280320286750793457e-01,-1.676212549209594727e-01,-5.924191698431968689e-02,-3.723383322358131409e-02,-1.194143742322921753e-01,-3.046780452132225037e-02,1.143336966633796692e-01,1.384657144546508789e+00,-9.812648296356201172e-01,-2.355185985565185547e+00,5.319189652800559998e-02,-5.500374436378479004e-01,1.452593505382537842e-01,-4.205178022384643555e-01,-1.156308650970458984e+00,1.427194595336914062e+00,-2.272516727447509766e+00,-1.974353194236755371e-01,-3.187551796436309814e-01,-1.219155266880989075e-01
-4.336817935109138489e-02,2.662053108215332031e-01,5.694768428802490234e-01,-7.044574711471796036e-03,1.064876746386289597e-02,5.430234074592590332e-01,8.396204710006713867e-01,-1.420463174581527710e-01,-6.764885038137435913e-02,1.773094087839126587e-01,9.065491557121276855e-01,3.148883283138275146e-01,-1.324596852064132690e-01,-4.480364322662353516e-01,1.685207039117813110e-01,-1.738471835851669312e-01,7.055721879005432129e-01,-2.299536913633346558e-01,-8.603025972843170166e-02,-3.609781153500080109e-03,-1.071772873401641846e-01,-7.080695033073425293e-02,1.524650901556015015e-01,1.391662120819091797e+00,-9.482581019401550293e-01,-2.355537891387939453e+00,7.764432579278945923e-02,-5.558362007141113281e-01,1.816037446260452271e-01,-4.557277858257293701e-01,-1.139624595642089844e+00,1.476164937019348145e+00,-2.272748708724975586e+00,-2.123176306486129761e-01,-3.248390257358551025e-01,-1.553646326065063477e-01
-2.139179408550262451e-02,2.724914252758026123e-01,5.622000694274902344e-01,8.491391316056251526e-03,8.595922961831092834e-03,5.220721364021301270e-01,8.528157472610473633e-01,-1.623403429985046387e-01,-9.347433596849441528e-02,1.083652228116989136e-01,1.008549094200134277e+00,3.481032550334930420e-01,-1.452908515930175781e-01,-4.434761703014373779e-01,1.886916011571884155e-01,-8.298334479331970215e-02,7.701008915901184082e-01,-2.745423018932342529e-01,-1.019243150949478149e-01,3.357567265629768372e-02,-7.897134870290756226e-02,-1.151903867721557617e-01,1.826030910015106201e-01,1.394302129745483398e+00,-9.177758693695068359e-01,-2.355590581893920898e+00,1.017128750681877136e-01,-5.576754212379455566e-01,2.213061302900314331e-01,-4.906737804412841797e-01,-1.121221899986267090e+00,1.513852119445800781e+00,-2.275229215621948242e+00,-2.045360207557678223e-01,-3.448294699192047119e-01,-1.999368369579315186e-01
-2.020455151796340942e-02,2.768676877021789551e-01,5.595484972000122070e-01,2.139694988727569580e-02,2.631864976137876511e-03,4.999303817749023438e-01,8.657972216606140137e-01,-2.030052840709686279e-01,-1.084586158394813538e-01,5.640281364321708679e-02,1.110549092292785645e+00,3.259378969669342041e-01,-1.226384416222572327e-01,-4.306838810443878174e-01,1.911149471998214722e-01,-2.386949770152568817e-02,8.180877566337585449e-01,-3.245323896408081055e-01,-1.286280155181884766e-01,7.746918499469757080e-02,-4.372018575668334961e-02,-1.457387208938598633e-01,2.230820208787918091e-01,1.406511187553405762e+00,-8.624407649040222168e-01,-2.355598688125610352e+00,1.061677858233451843e-01,-5.579513311386108398e-01,2.456721663475036621e-01,-5.092536807060241699e-01,-1.137345552444458008e+00,1.515393018722534180e+00,-2.301472902297973633e+00,-1.846775710582733154e-01,-3.594126999378204346e-01,-1.972642540931701660e-01
-2.042510919272899628e-02,2.791527211666107178e-01,5.626946687698364258e-01,1.974899694323539734e-02,-8.281122893095016479e-03,4.944216907024383545e-01,8.689583539962768555e-01,-2.775662243366241455e-01,-8.649892359972000122e-02,1.193483639508485794e-02,1.212549090385437012e+00,2.702102959156036377e-01,-7.616721093654632568e-02,-3.946711122989654541e-01,1.956875026226043701e-01,-1.664161495864391327e-02,7.968001961708068848e-01,-3.190948367118835449e-01,-1.429506391286849976e-01,1.303708851337432861e-01,4.384419322013854980e-02,-1.280928999185562134e-01,3.250820040702819824e-01,1.414942145347595215e+00,-7.604407668113708496e-01,-2.355599880218505859e+00,9.026921540498733521e-02,-5.579926967620849609e-01,2.334494143724441528e-01,-4.072536826133728027e-01,-1.239345550537109375e+00,1.413393020629882812e+00,-2.347481012344360352e+00,-1.342722028493881226e-01,-4.614126980304718018e-01,-1.566774696111679077e-01
-1.940197683870792389e-02,2.857823371887207031e-01,5.642309188842773438e-01,2.081466652452945709e-02,-1.560269016772508621e-02,4.949260652065277100e-01,8.685455918312072754e-01,-3.608977794647216797e-01,-6.423968076705932617e-02,-1.696121180430054665e-03,1.314549088478088379e+00,1.827292144298553467e-01,-1.395309064537286758e-02,-3.587906360626220703e-01,1.884485036134719849e-01,-3.466378152370452881e-02,7.851570248603820801e-01,-3.278824985027313232e-01,-1.536698490381240845e-01,1.609976887702941895e-01,8.013230562210083008e-02,-1.084377542138099670e-01,3.637398481369018555e-01,1.422065734863281250e+00,-6.584407687187194824e-01,-2.355599880218505859e+00,5.776913464069366455e-02,-5.579988956451416016e-01,2.531892061233520508e-01,-3.052536845207214355e-01,-1.341345548629760742e+00,1.311393022537231445e+00,-2.354382038116455078e+00,-9.860794991254806519e-02,-5.380488634109497070e-01,-1.676528453826904297e-01
2.383993938565254211e-03,2.953428030014038086e-01,5.666521787643432617e-01,1.752803660929203033e-02,-1.465708855539560318e-02,4.966857135295867920e-01,8.676296472549438477e-01,-4.536954462528228760e-01,-4.470945522189140320e-02,1.167353428900241852e-02,1.416549086570739746e+00,8.658964931964874268e-02,4.975875467061996460e-02,-3.222003281116485596e-01,1.885659545660018921e-01,-5.641745775938034058e-02,7.615766525268554688e-01,-3.004127442836761475e-01,-1.269183456897735596e-01,1.904854178428649902e-01,9.182440489530563354e-02,-9.170986711978912354e-02,3.557559847831726074e-01,1.414917707443237305e+00,-5.564407706260681152e-01,-2.355599880218505859e+00,7.700232416391372681e-02,-5.579998493194580078e-01,2.389207929372787476e-01,-2.032537013292312622e-01,-1.392454028129577637e+00,1.209393024444580078e+00,-2.355417251586914062e+00,-1.104640886187553406e-01,-5.438877344131469727e-01,-1.484290212392807007e-01
7.247945293784141541e-03,3.086796402931213379e-01,5.718235969543457031e-01,1.597799733281135559e-02,-1.192123163491487503e-02,5.089601874351501465e-01,8.605591654777526855e-01,-5.472865104675292969e-01,-1.932497881352901459e-02,6.408925354480743408e-02,1.474653482437133789e+00,-1.541035156697034836e-02,1.067412272095680237e-01,-2.860895395278930664e-01,1.733861267566680908e-01,-9.979649633169174194e-02,7.382307052612304688e-01,-2.938601970672607422e-01,-9.565973281860351562e-02,2.042433470487594604e-01,9.605199098587036133e-02,-7.147019356489181519e-02,3.451012670993804932e-01,1.392984986305236816e+00,-5.131672024726867676e-01,-2.355599880218505859e+00,1.246827989816665649e-01,-5.579999685287475586e-01,1.935701221227645874e-01,-1.012536957859992981e-01,-1.389724850654602051e+00,1.107393026351928711e+00,-2.355572700500488281e+00,-1.469519734382629395e-01,-5.162900686264038086e-01,-1.155708879232406616e-01
1.349720731377601624e-02,3.248978853225708008e-01,5.795785188674926758e-01,7.966496981680393219e-03,-3.360480302944779396e-03,5.218351483345031738e-01,8.530025482177734375e-01,-6.104115247726440430e-01,-1.731046661734580994e-02,1.620984524488449097e-01,1.372653484344482422e+00,-1.174103543162345886e-01,1.122118532657623291e-01,-2.432087361812591553e-01,1.611359715461730957e-01,-1.571114510297775269e-01,6.837362051010131836e-01,-2.671283185482025146e-01,-4.360057413578033447e-02,2.121576219797134399e-01,8.061864227056503296e-02,-4.364898800849914551e-02,3.594078421592712402e-01,1.352717995643615723e+00,-5.049539208412170410e-01,-2.355600118637084961e+00,1.307082921266555786e-01,-5.579999685287475586e-01,1.952232122421264648e-01,7.463026558980345726e-04,-1.350796699523925781e+00,1.005393028259277344e+00,-2.355595827102661133e+00,-1.600875705480575562e-01,-4.878543615341186523e-01,-1.362913101911544800e-01
1.848386973142623901e-02,3.415782749652862549e-01,5.848346948623657227e-01,-1.908482663566246629e-04,8.218572475016117096e-04,5.376296639442443848e-01,8.431806564331054688e-01,-6.225604414939880371e-01,-4.875688627362251282e-02,2.640984654426574707e-01,1.270653486251831055e+00,-1.868615895509719849e-01,7.361032068729400635e-02,-1.922404468059539795e-01,1.537687480449676514e-01,-2.200288027524948120e-01,6.078894734382629395e-01,-2.259631752967834473e-01,2.788119483739137650e-03,1.945665180683135986e-01,6.126789376139640808e-02,-1.716821081936359406e-02,3.612502217292785645e-01,1.307843327522277832e+00,-5.191733837127685547e-01,-2.355600118637084961e+00,1.119954884052276611e-01,-5.580000281333923340e-01,1.679166555404663086e-01,1.027463003993034363e-01,-1.305718183517456055e+00,9.033929705619812012e-01,-2.355599403381347656e+00,-1.872555911540985107e-01,-4.612986743450164795e-01,-1.433234065771102905e-01
2.037172019481658936e-02,3.565891683101654053e-01,5.862250328063964844e-01,5.452703684568405151e-03,1.497705467045307159e-02,5.518710613250732422e-01,8.337771296501159668e-01,-6.196978092193603516e-01,-9.766840934753417969e-02,3.660984635353088379e-01,1.168653488159179688e+00,-2.291442304849624634e-01,4.664607346057891846e-02,-1.807848811149597168e-01,1.145318746566772461e-01,-2.768162786960601807e-01,6.074885129928588867e-01,-2.142300158739089966e-01,4.373078793287277222e-02,1.609596759080886841e-01,4.248845949769020081e-02,-8.813598193228244781e-03,3.731932044029235840e-01,1.266754984855651855e+00,-5.089301466941833496e-01,-2.355600118637084961e+00,1.397156864404678345e-01,-5.580000281333923340e-01,1.333609968423843384e-01,2.047463059425354004e-01,-1.265016674995422363e+00,8.013929724693298340e-01,-2.355599880218505859e+00,-2.393144071102142334e-01,-4.522772133350372314e-01,-1.528092324733734131e-01
2.212396450340747833e-02,3.701406121253967285e-01,5.825152397155761719e-01,1.325347460806369781e-02,2.069660834968090057e-02,5.588725209236145020e-01,8.288893103599548340e-01,-5.862630009651184082e-01,-1.455702483654022217e-01,4.680984616279602051e-01,1.066653490066528320e+00,-2.251520156860351562e-01,4.576670378446578979e-02,-1.795830726623535156e-01,7.938510179519653320e-02,-3.054774105548858643e-01,6.373555064201354980e-01,-1.894441843032836914e-01,6.756072491407394409e-02,1.347092092037200928e-01,3.361885249614715576e-02,-3.738629166036844254e-03,3.814772963523864746e-01,1.261256575584411621e+00,-4.993466734886169434e-01,-2.355600118637084961e+00,1.514861434698104858e-01,-5.580000281333923340e-01,1.160188168287277222e-01,2.584029436111450195e-01,-1.261266469955444336e+00,6.993929743766784668e-01,-2.355599880218505859e+00,-2.477857172489166260e-01,-4.537242352962493896e-01,-1.452482342720031738e-01
2.534487657248973846e-02,3.851059079170227051e-01,5.751632452011108398e-01,1.289047393947839737e-02,1.810171827673912048e-02,5.570558905601501465e-01,8.301776051521301270e-01,-5.623263120651245117e-01,-1.650246679782867432e-01,5.592638254165649414e-01,9.646534919738769531e-01,-2.098217010498046875e-01,6.382412463426589966e-02,-1.869900375604629517e-01,6.827692687511444092e-02,-2.944431602954864502e-01,6.771463751792907715e-01,-1.486738622188568115e-01,9.350790083408355713e-02,1.257836222648620605e-01,3.557642176747322083e-02,1.499722152948379517e-02,3.928808867931365967e-01,1.281250238418579102e+00,-5.034072995185852051e-01,-2.355600118637084961e+00,1.586266756057739258e-01,-5.580000281333923340e-01,1.040501818060874939e-01,2.387209683656692505e-01,-1.271152615547180176e+00,6.056813597679138184e-01,-2.355599880218505859e+00,-2.318620830774307251e-01,-4.664909541606903076e-01,-1.358534842729568481e-01
2.741707675158977509e-02,3.795608878135681152e-01,5.707020759582519531e-01,1.136113703250885010e-02,1.368206180632114410e-02,5.550592541694641113e-01,8.316206336021423340e-01,-5.417114496231079102e-01,-1.799690276384353638e-01,5.884487032890319824e-01,8.626534938812255859e-01,-1.903550177812576294e-01,8.172375708818435669e-02,-2.103491723537445068e-01,6.407436728477478027e-02,-2.819848656654357910e-01,7.135223746299743652e-01,-1.211393326520919800e-01,1.125973463058471680e-01,1.181810423731803894e-01,4.060953482985496521e-02,3.289351239800453186e-02,3.977355360984802246e-01,1.308645963668823242e+00,-5.232909321784973145e-01,-2.355600118637084961e+00,1.529192179441452026e-01,-5.580000281333923340e-01,9.000083059072494507e-02,2.065569758415222168e-01,-1.283956170082092285e+00,5.919770598411560059e-01,-2.355600118637084961e+00,-2.190513461828231812e-01,-4.828058481216430664e-01,-1.195277571678161621e-01
2.914165891706943512e-02,3.898049294948577881e-01,5.687509775161743164e-01,9.337392635643482208e-03,1.113136485219001770e-02,5.592635273933410645e-01,8.288626074790954590e-01,-5.360185503959655762e-01,-1.886476576328277588e-01,5.984249114990234375e-01,7.606534957885742188e-01,-1.681818813085556030e-01,8.744812011718750000e-02,-2.335743010044097900e-01,6.410890817642211914e-02,-2.703402340412139893e-01,7.250382304191589355e-01,-1.081972122192382812e-01,1.147892847657203674e-01,1.063995212316513062e-01,4.993121698498725891e-02,4.465949907898902893e-02,3.922802805900573730e-01,1.340052723884582520e+00,-5.428193807601928711e-01,-2.355600118637084961e+00,1.194874420762062073e-01,-5.580000281333923340e-01,7.229558378458023071e-02,1.762679219245910645e-01,-1.304318904876708984e+00,5.914491415023803711e-01,-2.355600118637084961e+00,-2.009646445512771606e-01,-4.976727962493896484e-01,-9.432830661535263062e-02
3.220906853675842285e-02,3.789322376251220703e-01,5.679913759231567383e-01,1.170055475085973740e-02,1.435363199561834335e-02,5.692349076271057129e-01,8.219663500785827637e-01,-5.450587272644042969e-01,-1.887561231851577759e-01,5.811347961425781250e-01,6.586534976959228516e-01,-1.482163965702056885e-01,8.305902034044265747e-02,-2.537900507450103760e-01,6.542870402336120605e-02,-2.674667239189147949e-01,7.294223308563232422e-01,-1.405715048313140869e-01,9.915824234485626221e-02,9.560631960630416870e-02,6.416277587413787842e-02,4.255150258541107178e-02,3.818320631980895996e-01,1.355365514755249023e+00,-5.636240243911743164e-01,-2.355600118637084961e+00,1.183168441057205200e-01,-5.580000281333923340e-01,4.308358579874038696e-02,1.605290323495864868e-01,-1.312278270721435547e+00,6.070643067359924316e-01,-2.355600118637084961e+00,-1.950793117284774780e-01,-5.043904185295104980e-01,-7.473610341548919678e-02
3.596592321991920471e-02,3.858369588851928711e-01,5.672408342361450195e-01,1.494009047746658325e-02,1.872901991009712219e-02,5.842828154563903809e-01,8.111963868141174316e-01,-5.724646449089050293e-01,-1.701710969209671021e-01,5.696191191673278809e-01,5.566534996032714844e-01,-1.488132476806640625e-01,6.878567487001419067e-02,-2.486020773649215698e-01,6.838696449995040894e-02,-2.810632884502410889e-01,7.133538126945495605e-01,-1.707914322614669800e-01,6.926290690898895264e-02,8.295101672410964966e-02,7.461225986480712891e-02,2.981066145002841949e-02,3.671500384807586670e-01,1.363284349441528320e+00,-5.784937739372253418e-01,-2.355600118637084961e+00,9.891910851001739502e-02,-5.580000281333923340e-01,2.999779395759105682e-02,1.559730321168899536e-01,-1.322806835174560547e+00,6.169304251670837402e-01,-2.355600118637084961e+00,-1.786931008100509644e-01,-5.140991210937500000e-01,-6.889729946851730347e-02
4.099079221487045288e-02,3.938224911689758301e-01,5.674785375595092773e-01,1.379478722810745239e-02,2.308799885213375092e-02,6.033018827438354492e-01,7.970592975616455078e-01,-6.193608045578002930e-01,-1.225337609648704529e-01,5.709863901138305664e-01,5.386122465133666992e-01,-1.922569870948791504e-01,5.813588574528694153e-02,-2.294647842645645142e-01,7.572754472494125366e-02,-3.055961430072784424e-01,6.852808594703674316e-01,-2.231164723634719849e-01,4.622582718729972839e-02,7.638739049434661865e-02,7.593613862991333008e-02,1.531417109072208405e-02,3.574602305889129639e-01,1.352455139160156250e+00,-5.912628173828125000e-01,-2.355600118637084961e+00,1.093971729278564453e-01,-5.580000281333923340e-01,5.632307846099138260e-03,1.719697713851928711e-01,-1.321637749671936035e+00,6.234627366065979004e-01,-2.355600118637084961e+00,-1.733340919017791748e-01,-5.197791457176208496e-01,-6.703904271125793457e-02
4.677329212427139282e-02,3.876469433307647705e-01,5.692534446716308594e-01,3.515260294079780579e-03,2.751227468252182007e-02,6.270108222961425781e-01,7.785166501998901367e-01,-6.518849730491638184e-01,-7.931119948625564575e-02,5.759045481681823730e-01,6.094045639038085938e-01,-2.088826298713684082e-01,4.964433982968330383e-02,-2.086320966482162476e-01,1.013193726539611816e-01,-3.180438578128814697e-01,6.352204084396362305e-01,-2.660767436027526855e-01,3.969014436006546021e-02,7.390236854553222656e-02,6.567846983671188354e-02,1.640667207539081573e-03,3.372671604156494141e-01,1.331274867057800293e+00,-5.976932644844055176e-01,-2.355600118637084961e+00,1.299178898334503174e-01,-5.580000281333923340e-01,-5.232804268598556519e-02,2.037202268838882446e-01,-1.311406731605529785e+00,6.132946610450744629e-01,-2.355600118637084961e+00,-1.770590394735336304e-01,-5.125801563262939453e-01,-4.916398227214813232e-02
5.142928659915924072e-02,4.093454182147979736e-01,5.682154893875122070e-01,-8.522890508174896240e-03,3.849201276898384094e-02,6.443689465522766113e-01,7.636978030204772949e-01,-6.637495756149291992e-01,-5.604766681790351868e-02,5.825412869453430176e-01,6.798649430274963379e-01,-2.418997883796691895e-01,5.245414748787879944e-02,-1.793819218873977661e-01,1.199435815215110779e-01,-3.198748826980590820e-01,6.089306473731994629e-01,-2.417605668306350708e-01,4.866983368992805481e-02,7.917380332946777344e-02,3.122060932219028473e-02,-7.468846626579761505e-03,3.382066786289215088e-01,1.293725252151489258e+00,-5.955978631973266602e-01,-2.355600118637084961e+00,1.795586645603179932e-01,-5.580000281333923340e-01,-1.096580997109413147e-01,2.649987339973449707e-01,-1.267852783203125000e+00,5.994294881820678711e-01,-2.355600118637084961e+00,-2.146521061658859253e-01,-4.692066907882690430e-01,-3.257147222757339478e-02
5.322188884019851685e-02,4.180794060230255127e-01,5.651887655258178711e-01,-1.479026582092046738e-02,4.702787101268768311e-02,6.642749905586242676e-01,7.458608150482177734e-01,-6.531471014022827148e-01,-6.371802836656570435e-02,5.798808932304382324e-01,7.160584330558776855e-01,-2.610373795032501221e-01,6.420003622770309448e-02,-1.459921002388000488e-01,1.265616565942764282e-01,-3.103413879871368408e-01,6.123654842376708984e-01,-1.663331091403961182e-01,7.477647066116333008e-02,6.646638363599777222e-02,-4.049295966979116201e-04,-2.180476300418376923e-02,3.402730524539947510e-01,1.268541693687438965e+00,-6.055543422698974609e-01,-2.355600118637084961e+00,2.097502797842025757e-01,-5.580000281333923340e-01,-1.689983159303665161e-01,3.274237215518951416e-01,-1.222056865692138672e+00,6.079519987106323242e-01,-2.355600118637084961e+00,-2.642643451690673828e-01,-4.276603460311889648e-01,-1.450548972934484482e-02
5.127337202429771423e-02,4.280566573143005371e-01,5.585969686508178711e-01,-4.642019048333168030e-03,5.425467714667320251e-02,6.835887432098388672e-01,7.278333306312561035e-01,-6.227135062217712402e-01,-9.882861375808715820e-02,5.724219083786010742e-01,7.278249859809875488e-01,-2.861518561840057373e-01,1.008889079093933105e-01,-1.326232552528381348e-01,9.819069504737854004e-02,-3.082180619239807129e-01,7.043828368186950684e-01,-6.433311104774475098e-02,1.149269118905067444e-01,4.216181114315986633e-02,-2.635162137448787689e-02,-4.548781737685203552e-02,3.417008817195892334e-01,1.254605770111083984e+00,-6.076060533523559570e-01,-2.355600118637084961e+00,2.282991111278533936e-01,-5.580000281333923340e-01,-2.097311615943908691e-01,3.814257681369781494e-01,-1.200469613075256348e+00,6.075111627578735352e-01,-2.355600118637084961e+00,-2.922074496746063232e-01,-3.936788141727447510e-01,-4.351891111582517624e-03
4.807380959391593933e-02,4.375828802585601807e-01,5.542565584182739258e-01,1.195017248392105103e-02,5.250886455178260803e-02,7.043291926383972168e-01,7.078279256820678711e-01,-5.757344365119934082e-01,-1.472348570823669434e-01,5.287318825721740723e-01,7.232512235641479492e-01,-3.310960829257965088e-01,1.668642163276672363e-01,-1.424562335014343262e-01,8.092381060123443604e-02,-2.816449701786041260e-01,8.063828349113464355e-01,3.766688704490661621e-02,1.804898977279663086e-01,1.001824159175157547e-03,-3.341783210635185242e-02,-5.200710892677307129e-02,3.500877022743225098e-01,1.250235199928283691e+00,-6.118876934051513672e-01,-2.355600118637084961e+00,2.311525791883468628e-01,-5.580000281333923340e-01,-2.247038036584854126e-01,4.185371398925781250e-01,-1.205274701118469238e+00,6.116719841957092285e-01,-2.355600118637084961e+00,-2.785836458206176758e-01,-3.855659663677215576e-01,-4.720649681985378265e-03
4.656152054667472839e-02,4.452210366725921631e-01,5.518904924392700195e-01,2.044698782265186310e-02,3.719654306769371033e-02,7.296969890594482422e-01,6.824519634246826172e-01,-5.396577119827270508e-01,-1.719522029161453247e-01,4.655209779739379883e-01,7.307128310203552246e-01,-3.718935847282409668e-01,2.294021397829055786e-01,-1.769722402095794678e-01,8.414456248283386230e-02,-2.348102182149887085e-01,9.083828330039978027e-01,1.396668851375579834e-01,2.272516787052154541e-01,-5.859088152647018433e-02,-2.115833573043346405e-02,-2.612316794693470001e-02,3.611060976982116699e-01,1.253089904785156250e+00,-6.201057434082031250e-01,-2.355600118637084961e+00,2.275367677211761475e-01,-5.580000281333923340e-01,-2.255998849868774414e-01,4.321985840797424316e-01,-1.219756960868835449e+00,6.139984130859375000e-01,-2.355600118637084961e+00,-2.518035173416137695e-01,-3.884293735027313232e-01,-4.779319278895854950e-03
4.650564864277839661e-02,4.501180648803710938e-01,5.540440082550048828e-01,2.184829860925674438e-02,3.104193881154060364e-02,7.591577768325805664e-01,6.497988700866699219e-01,-5.079587101936340332e-01,-2.194369733333587646e-01,3.635209798812866211e-01,7.116772532463073730e-01,-4.192790687084197998e-01,2.571103274822235107e-01,-2.169085443019866943e-01,1.258847266435623169e-01,-1.530278176069259644e-01,1.010382890701293945e+00,2.416668832302093506e-01,2.570279538631439209e-01,-1.410410702228546143e-01,-1.362141571007668972e-03,9.131611324846744537e-03,3.898273408412933350e-01,1.255034923553466797e+00,-5.958043932914733887e-01,-2.355600118637084961e+00,1.984600126743316650e-01,-5.580000281333923340e-01,-1.852591484785079956e-01,4.376973807811737061e-01,-1.234910488128662109e+00,6.251645684242248535e-01,-2.355600118637084961e+00,-2.185777723789215088e-01,-4.011875092983245850e-01,1.593323051929473877e-02
4.428786411881446838e-02,4.533188045024871826e-01,5.549226999282836914e-01,1.148633006960153580e-02,1.593646034598350525e-02,7.869213819503784180e-01,6.167404651641845703e-01,-4.927982687950134277e-01,-2.273702770471572876e-01,2.615209817886352539e-01,7.272391915321350098e-01,-4.655599594116210938e-01,2.612665593624114990e-01,-2.608622014522552490e-01,1.312030255794525146e-01,-1.129607185721397400e-01,1.112382888793945312e+00,3.436668813228607178e-01,2.596640884876251221e-01,-2.033315300941467285e-01,2.232918515801429749e-02,4.354914650321006775e-02,4.175951480865478516e-01,1.256731510162353516e+00,-5.899989604949951172e-01,-2.355600118637084961e+00,2.060387730598449707e-01,-5.580000281333923340e-01,-1.654961854219436646e-01,4.566333293914794922e-01,-1.227777361869812012e+00,6.203447580337524414e-01,-2.355600118637084961e+00,-2.015534043312072754e-01,-3.940362334251403809e-01,2.119564451277256012e-02
4.245087131857872009e-02,4.539981186389923096e-01,5.570093393325805664e-01,2.976889256387948990e-03,1.012353692203760147e-02,8.002672791481018066e-01,5.995506048202514648e-01,-4.819932579994201660e-01,-2.331570088863372803e-01,1.750216484069824219e-01,7.345930337905883789e-01,-4.942002296447753906e-01,2.618899941444396973e-01,-3.186978101730346680e-01,1.156551986932754517e-01,-5.178452283143997192e-02,1.214382886886596680e+00,3.794747591018676758e-01,2.268988937139511108e-01,-2.471429705619812012e-01,4.909210652112960815e-02,6.668015569448471069e-02,4.307430088520050049e-01,1.259880065917968750e+00,-5.886091589927673340e-01,-2.355600118637084961e+00,2.148186862468719482e-01,-5.580000281333923340e-01,-1.675890684127807617e-01,4.557056427001953125e-01,-1.223028659820556641e+00,6.166793704032897949e-01,-2.355600118637084961e+00,-1.883952617645263672e-01,-3.964911699295043945e-01,4.135812073945999146e-02
4.024038463830947876e-02,4.543757736682891846e-01,5.575127601623535156e-01,-4.293390549719333649e-03,9.614531882107257843e-03,8.005185723304748535e-01,5.992153882980346680e-01,-4.803433418273925781e-01,-2.341519892215728760e-01,1.410427093505859375e-01,7.517889142036437988e-01,-5.135657191276550293e-01,2.619834840297698975e-01,-4.074178934097290039e-01,7.547442615032196045e-02,1.611787825822830200e-03,1.316382884979248047e+00,3.036071062088012695e-01,1.629393547773361206e-01,-2.666052877902984619e-01,7.000203430652618408e-02,7.464303076267242432e-02,4.330211281776428223e-01,1.266678810119628906e+00,-5.839800834655761719e-01,-2.355600118637084961e+00,2.445417791604995728e-01,-5.580000281333923340e-01,-1.705354005098342896e-01,4.397291541099548340e-01,-1.221214652061462402e+00,6.088151335716247559e-01,-2.355600118637084961e+00,-2.065152376890182495e-01,-4.026926755905151367e-01,5.372050404548645020e-02
3.832615539431571960e-02,4.569725990295410156e-01,5.569016933441162109e-01,-1.082002744078636169e-02,1.022636797279119492e-02,7.991312146186828613e-01,6.009722352027893066e-01,-4.795195162296295166e-01,-2.338912189006805420e-01,1.247965469956398010e-01,7.819741368293762207e-01,-5.305072665214538574e-01,2.619975209236145020e-01,-5.094178915023803711e-01,2.166679687798023224e-02,3.254438191652297974e-02,1.418382883071899414e+00,2.016071230173110962e-01,8.945336192846298218e-02,-2.887815237045288086e-01,8.741282671689987183e-02,6.947480142116546631e-02,4.265520274639129639e-01,1.278219461441040039e+00,-5.683746337890625000e-01,-2.355600118637084961e+00,2.601409554481506348e-01,-5.579999685287475586e-01,-1.833113431930541992e-01,4.139011502265930176e-01,-1.223766922950744629e+00,5.888612866401672363e-01,-2.355600118637084961e+00,-2.259911298751831055e-01,-3.996860384941101074e-01,6.327884644269943237e-02
3.829963132739067078e-02,4.618679881095886230e-01,5.585731267929077148e-01,-1.603582687675952911e-02,1.129059772938489914e-02,7.938199639320373535e-01,6.078364849090576172e-01,-4.599136412143707275e-01,-2.173922657966613770e-01,1.418933570384979248e-01,7.921764850616455078e-01,-5.292612314224243164e-01,2.619996368885040283e-01,-6.114178895950317383e-01,-9.123077616095542908e-03,2.845773659646511078e-02,1.439855933189392090e+00,9.960711747407913208e-02,4.047841578722000122e-02,-3.033341765403747559e-01,9.407638013362884521e-02,6.328360736370086670e-02,4.065691828727722168e-01,1.283173918724060059e+00,-5.586720705032348633e-01,-2.355600118637084961e+00,2.821170687675476074e-01,-5.489888787269592285e-01,-2.168837934732437134e-01,3.605683743953704834e-01,-1.221655845642089844e+00,5.843311548233032227e-01,-2.355600118637084961e+00,-2.550028562545776367e-01,-3.991509675979614258e-01,9.819174557924270630e-02
4.077761247754096985e-02,4.656374156475067139e-01,5.618178844451904297e-01,-2.137660235166549683e-02,9.623274207115173340e-03,7.799715399742126465e-01,6.253757476806640625e-01,-4.140948355197906494e-01,-1.785870492458343506e-01,2.025464475154876709e-01,7.755800485610961914e-01,-4.873078167438507080e-01,2.320300489664077759e-01,-6.851387023925781250e-01,-5.313044413924217224e-03,-2.983195707201957703e-02,1.337855935096740723e+00,2.478960156440734863e-02,3.706036135554313660e-02,-2.983154058456420898e-01,9.583699703216552734e-02,5.462763085961341858e-02,3.905269503593444824e-01,1.282864451408386230e+00,-5.648685693740844727e-01,-2.355600118637084961e+00,2.958560585975646973e-01,-5.416739583015441895e-01,-2.111317068338394165e-01,3.004062771797180176e-01,-1.205509305000305176e+00,5.720014572143554688e-01,-2.355600118637084961e+00,-2.573814392089843750e-01,-4.056413471698760986e-01,9.577654302120208740e-02
4.430353268980979919e-02,4.651742279529571533e-01,5.650229454040527344e-01,-2.087288163602352142e-02,-1.492951181717216969e-03,7.516986131668090820e-01,6.591747403144836426e-01,-3.777679502964019775e-01,-1.337133198976516724e-01,2.605023980140686035e-01,7.774041295051574707e-01,-4.316962361335754395e-01,1.821930110454559326e-01,-7.029730677604675293e-01,3.759200125932693481e-02,-1.318319588899612427e-01,1.235855937004089355e+00,-1.233895588666200638e-02,6.517603248357772827e-02,-2.312762290239334106e-01,9.120131283998489380e-02,4.887218773365020752e-02,3.677472770214080811e-01,1.279956698417663574e+00,-5.802646279335021973e-01,-2.355600118637084961e+00,3.062377274036407471e-01,-5.229808688163757324e-01,-2.200790941715240479e-01,2.581309080123901367e-01,-1.187576532363891602e+00,5.755338668823242188e-01,-2.355600118637084961e+00,-2.581272125244140625e-01,-4.015762805938720703e-01,7.802885770797729492e-02
4.849182814359664917e-02,4.642917513847351074e-01,5.600965023040771484e-01,-1.866660825908184052e-02,-1.448216661810874939e-02,7.311897873878479004e-01,6.817648410797119141e-01,-3.637247979640960693e-01,-8.032640069723129272e-02,3.216114938259124756e-01,8.475083708763122559e-01,-3.926921188831329346e-01,1.420486569404602051e-01,-6.861723661422729492e-01,8.765022456645965576e-02,-2.338319569826126099e-01,1.133855938911437988e+00,-5.296741425991058350e-02,6.859824806451797485e-02,-1.744732260704040527e-01,6.218593195080757141e-02,3.070370852947235107e-02,2.657472789287567139e-01,1.219794750213623047e+00,-6.822646260261535645e-01,-2.300683736801147461e+00,2.676140964031219482e-01,-4.497475922107696533e-01,-1.536737978458404541e-01,1.561309248208999634e-01,-1.085576534271240234e+00,6.775338649749755859e-01,-2.259261846542358398e+00,-2.306546717882156372e-01,-3.037786483764648438e-01,-1.822486333549022675e-02
5.050102621316909790e-02,4.636776745319366455e-01,5.583330392837524414e-01,-1.994670927524566650e-02,-8.358890190720558167e-03,7.246742248535156250e-01,6.887521743774414062e-01,-3.620955944061279297e-01,-6.679399311542510986e-02,3.443121314048767090e-01,8.772904276847839355e-01,-3.612572848796844482e-01,1.110973805189132690e-01,-6.688854098320007324e-01,9.616766124963760376e-02,-3.077470064163208008e-01,1.031855940818786621e+00,-8.246208727359771729e-02,5.285200104117393494e-02,-1.450894773006439209e-01,3.795125335454940796e-02,8.237360045313835144e-03,1.637472808361053467e-01,1.224375367164611816e+00,-7.842646241188049316e-01,-2.299583435058593750e+00,2.336899489164352417e-01,-4.381552040576934814e-01,-1.301881372928619385e-01,5.413092300295829773e-02,-1.059798836708068848e+00,7.795339226722717285e-01,-2.235296964645385742e+00,-2.137385606765747070e-01,-2.811981141567230225e-01,-4.597443714737892151e-02
5.237289518117904663e-02,4.617566764354705811e-01,5.591171979904174805e-01,-2.491210959851741791e-02,-3.276145318523049355e-03,7.265635728836059570e-01,6.866396665573120117e-01,-3.539081513881683350e-01,-5.399400740861892700e-02,3.621261119842529297e-01,8.855909705162048340e-01,-3.374030292034149170e-01,1.007363647222518921e-01,-6.659594178199768066e-01,9.244696050882339478e-02,-3.302763700485229492e-01,9.298560023307800293e-01,-1.234826967120170593e-01,4.063612222671508789e-02,-1.358767300844192505e-01,1.900123432278633118e-02,-6.429215427488088608e-03,6.174728274345397949e-02,1.225188970565795898e+00,-8.862646222114562988e-01,-2.300030708312988281e+00,2.161848247051239014e-01,-4.404122829437255859e-01,-1.274909675121307373e-01,-1.650177314877510071e-02,-1.071820735931396484e+00,8.815339207649230957e-01,-2.222622871398925781e+00,-2.207218408584594727e-01,-2.809931337833404541e-01,-4.931604862213134766e-02
5.418211221694946289e-02,4.580232501029968262e-01,5.629986524581909180e-01,-2.334864065051078796e-02,-7.216166122816503048e-04,7.224239706993103027e-01,6.910556554794311523e-01,-3.254769742488861084e-01,-5.098661407828330994e-02,3.784728050231933594e-01,8.612682819366455078e-01,-3.024034798145294189e-01,9.792599827051162720e-02,-6.540010571479797363e-01,9.133178740739822388e-02,-3.354833424091339111e-01,8.278560042381286621e-01,-1.343587636947631836e-01,4.133436456322669983e-02,-1.296008825302124023e-01,9.475660510361194611e-03,-1.288551464676856995e-02,-4.025271907448768616e-02,1.215521812438964844e+00,-9.851620793342590332e-01,-2.295283317565917969e+00,1.998755633831024170e-01,-4.483568370342254639e-01,-1.139065846800804138e-01,-2.247190475463867188e-02,-1.084261059761047363e+00,9.835339188575744629e-01,-2.213073968887329102e+00,-2.292398810386657715e-01,-2.800870835781097412e-01,-4.995497688651084900e-02
5.608935654163360596e-02,4.539352357387542725e-01,5.690530538558959961e-01,-2.325484529137611389e-02,1.823832048103213310e-03,7.139676809310913086e-01,6.997900009155273438e-01,-3.004009723663330078e-01,-5.263407900929450989e-02,3.946667015552520752e-01,8.311101198196411133e-01,-2.713895440101623535e-01,9.856715798377990723e-02,-6.313640475273132324e-01,8.705116063356399536e-02,-3.536536395549774170e-01,7.258560061454772949e-01,-1.130110546946525574e-01,5.256518721580505371e-02,-1.231759637594223022e-01,5.493100732564926147e-03,-1.230994611978530884e-02,-6.204607710242271423e-02,1.203423380851745605e+00,-1.004663586616516113e+00,-2.284189224243164062e+00,2.080735266208648682e-01,-4.476368427276611328e-01,-1.278085261583328247e-01,-3.130454570055007935e-02,-1.087388753890991211e+00,1.044744849205017090e+00,-2.204885721206665039e+00,-2.493746876716613770e-01,-2.729558348655700684e-01,-2.254862897098064423e-02
5.725730955600738525e-02,4.504467248916625977e-01,5.776213407516479492e-01,-2.254571206867694855e-02,6.245322525501251221e-03,7.078798413276672363e-01,7.059453129768371582e-01,-2.778485417366027832e-01,-6.647023558616638184e-02,4.054878950119018555e-01,7.822721004486083984e-01,-2.508811950683593750e-01,9.484406560659408569e-02,-6.021944284439086914e-01,7.302211225032806396e-02,-3.783960342407226562e-01,6.576255559921264648e-01,-6.293012201786041260e-02,5.735364183783531189e-02,-1.271723210811614990e-01,-2.819870598614215851e-03,-9.591745212674140930e-03,-3.724892437458038330e-02,1.216105818748474121e+00,-9.918466806411743164e-01,-2.291712522506713867e+00,2.052565664052963257e-01,-4.549394845962524414e-01,-1.434780061244964600e-01,-2.320646867156028748e-02,-1.105438590049743652e+00,1.047495961189270020e+00,-2.215241670608520508e+00,-2.479959875345230103e-01,-2.698036432266235352e-01,3.630244755186140537e-04
5.850265920162200928e-02,4.473105370998382568e-01,5.865917205810546875e-01,-2.360307984054088593e-02,1.095099374651908875e-02,6.992641687393188477e-01,7.143896818161010742e-01,-2.538252174854278564e-01,-8.668747544288635254e-02,4.033126235008239746e-01,7.318658232688903809e-01,-2.106642574071884155e-01,8.248280733823776245e-02,-5.756698250770568848e-01,6.467827409505844116e-02,-4.028455317020416260e-01,6.303444504737854004e-01,-1.289263088256120682e-02,5.223818123340606689e-02,-1.295096874237060547e-01,-1.495973300188779831e-02,-2.678050193935632706e-03,-1.898071914911270142e-02,1.215978980064392090e+00,-9.886853694915771484e-01,-2.290604114532470703e+00,2.154658734798431396e-01,-4.532854855060577393e-01,-1.670505702495574951e-01,-3.172651678323745728e-02,-1.112161874771118164e+00,1.050436139106750488e+00,-2.220371246337890625e+00,-2.442697733640670776e-01,-2.639395892620086670e-01,2.839570492506027222e-02
6.048089265823364258e-02,4.449560344219207764e-01,5.945273637771606445e-01,-3.344870731234550476e-02,1.232295483350753784e-02,6.847781538963317871e-01,7.278792858123779297e-01,-2.315392345190048218e-01,-9.829984605312347412e-02,3.909654915332794189e-01,7.040027976036071777e-01,-1.551472246646881104e-01,6.412041932344436646e-02,-5.586341619491577148e-01,8.048324286937713623e-02,-4.171639084815979004e-01,5.883954167366027832e-01,3.192719537764787674e-03,4.366886988282203674e-02,-1.253977268934249878e-01,-3.159415349364280701e-02,1.406500115990638733e-02,6.096687633544206619e-03,1.194747924804687500e+00,-9.826864004135131836e-01,-2.273276090621948242e+00,2.299804836511611938e-01,-4.408990740776062012e-01,-1.883785128593444824e-01,-5.868440493941307068e-02,-1.101691126823425293e+00,1.066314339637756348e+00,-2.220201015472412109e+00,-2.416228652000427246e-01,-2.559746503829956055e-01,4.774355888366699219e-02
6.347897648811340332e-02,4.438804090023040771e-01,6.008735895156860352e-01,-4.285180568695068359e-02,1.035081502050161362e-02,6.671600341796875000e-01,7.436087727546691895e-01,-2.023404240608215332e-01,-9.933901578187942505e-02,3.840293288230895996e-01,6.763343214988708496e-01,-8.292077481746673584e-02,3.566794469952583313e-02,-5.400903820991516113e-01,1.165370941162109375e-01,-4.177937209606170654e-01,5.239190459251403809e-01,1.571395318023860455e-03,3.652417287230491638e-02,-1.240916401147842407e-01,-5.850286781787872314e-02,3.824238851666450500e-02,4.793796315789222717e-02,1.169953346252441406e+00,-9.741340279579162598e-01,-2.257913589477539062e+00,2.336494922637939453e-01,-4.337527453899383545e-01,-2.098521888256072998e-01,-9.199739992618560791e-02,-1.097056865692138672e+00,1.077662587165832520e+00,-2.231868743896484375e+00,-2.331496328115463257e-01,-2.509343028068542480e-01,6.895865499973297119e-02
6.741493940353393555e-02,4.436917304992675781e-01,6.055265665054321289e-01,-5.653556436300277710e-02,1.031576376408338547e-02,6.458213329315185547e-01,7.613226175308227539e-01,-1.707061976194381714e-01,-8.870390802621841431e-02,3.692101538181304932e-01,6.674959659576416016e-01,1.907922327518463135e-02,-3.898026887327432632e-03,-5.084839463233947754e-01,1.743909716606140137e-01,-3.865673243999481201e-01,4.331439137458801270e-01,3.477918216958642006e-03,1.779576204717159271e-02,-1.079755946993827820e-01,-6.820956617593765259e-02,6.149226799607276917e-02,1.499379575252532959e-01,1.246420860290527344e+00,-8.721340298652648926e-01,-2.340947151184082031e+00,2.600609362125396729e-01,-4.762408435344696045e-01,-2.449047565460205078e-01,1.000260002911090851e-02,-1.196245193481445312e+00,9.756625294685363770e-01,-2.333868741989135742e+00,-2.410405427217483521e-01,-3.101345300674438477e-01,1.350368410348892212e-01
7.208830863237380981e-02,4.447515010833740234e-01,6.030222177505493164e-01,-6.249571591615676880e-02,9.757606312632560730e-03,6.261320114135742188e-01,7.771472334861755371e-01,-1.634595543146133423e-01,-6.030794978141784668e-02,3.585914671421051025e-01,7.606042027473449707e-01,1.210792213678359985e-01,-3.945209458470344543e-02,-4.904043674468994141e-01,2.135571986436843872e-01,-3.459956645965576172e-01,4.162662625312805176e-01,-4.759695380926132202e-02,-5.035547539591789246e-03,-8.186522126197814941e-02,-8.011514693498611450e-02,6.553369015455245972e-02,2.519379556179046631e-01,1.254409193992614746e+00,-7.701340317726135254e-01,-2.353402137756347656e+00,2.836617827415466309e-01,-4.685547053813934326e-01,-2.486982345581054688e-01,1.120026037096977234e-01,-1.202270984649658203e+00,8.736625313758850098e-01,-2.352340221405029297e+00,-2.690679132938385010e-01,-3.195648491382598877e-01,1.532310247421264648e-01
7.746142894029617310e-02,4.456976354122161865e-01,5.973279476165771484e-01,-5.731284245848655701e-02,9.677615016698837280e-03,6.100683808326721191e-01,7.902140021324157715e-01,-1.783138215541839600e-01,-4.059700295329093933e-02,3.434222936630249023e-01,8.626042008399963379e-01,2.230792194604873657e-01,-7.693070173263549805e-02,-4.851009845733642578e-01,2.301588356494903564e-01,-3.046077191829681396e-01,4.608204364776611328e-01,-1.242149844765663147e-01,-3.209096938371658325e-02,-5.067890882492065430e-02,-7.927218824625015259e-02,5.195766314864158630e-02,3.539379537105560303e-01,1.256657361984252930e+00,-6.681340336799621582e-01,-2.355270385742187500e+00,2.954598665237426758e-01,-4.744772017002105713e-01,-2.003113180398941040e-01,2.140025943517684937e-01,-1.205418586730957031e+00,7.716625332832336426e-01,-2.355111122131347656e+00,-2.790941894054412842e-01,-3.310666084289550781e-01,1.166949197649955750e-01
8.347617834806442261e-02,4.450571537017822266e-01,5.885357856750488281e-01,-4.579972103238105774e-02,8.018641732633113861e-03,5.965197086334228516e-01,8.012504577636718750e-01,-2.135577499866485596e-01,-3.051666356623172760e-02,3.231235444545745850e-01,9.646041989326477051e-01,3.054749071598052979e-01,-1.027956455945968628e-01,-4.931942522525787354e-01,2.333306670188903809e-01,-2.572595477104187012e-01,5.483514070510864258e-01,-2.050994485616683960e-01,-6.185521557927131653e-02,-1.898352615535259247e-02,-6.246165931224822998e-02,2.392409183084964752e-02,4.252319335937500000e-01,1.269786357879638672e+00,-5.884702801704406738e-01,-2.355550527572631836e+00,3.096838295459747314e-01,-4.883578419685363770e-01,-1.636109352111816406e-01,2.320008277893066406e-01,-1.225641727447509766e+00,6.830116510391235352e-01,-2.355526685714721680e+00,-2.975023388862609863e-01,-3.524132668972015381e-01,9.481906145811080933e-02
9.012977033853530884e-02,4.424705505371093750e-01,5.798931121826171875e-01,-2.685117907822132111e-02,6.870367564260959625e-03,5.763769149780273438e-01,8.167138695716857910e-01,-2.612127363681793213e-01,-3.598690778017044067e-02,2.826005518436431885e-01,1.066604256629943848e+00,3.417135775089263916e-01,-9.478510171175003052e-02,-5.005968809127807617e-01,2.347388416528701782e-01,-1.814337223768234253e-01,6.503514051437377930e-01,-2.687135338783264160e-01,-7.630316913127899170e-02,1.664871349930763245e-02,-2.745831757783889771e-02,-2.323129586875438690e-02,4.370739161968231201e-01,1.283589363098144531e+00,-5.575751066207885742e-01,-2.355592489242553711e+00,3.539690375328063965e-01,-5.165128707885742188e-01,-1.314679831266403198e-01,2.233312427997589111e-01,-1.247366189956665039e+00,6.732248067855834961e-01,-2.355588912963867188e+00,-3.593799769878387451e-01,-3.882385492324829102e-01,8.558427542448043823e-02
9.719784557819366455e-02,4.587361514568328857e-01,5.733917951583862305e-01,-9.881515987217426300e-03,-4.347578797023743391e-04,5.504116415977478027e-01,8.348348140716552734e-01,-3.154945671558380127e-01,-6.506934762001037598e-02,2.093385159969329834e-01,1.168604254722595215e+00,3.318190276622772217e-01,-7.844648510217666626e-02,-4.795051813125610352e-01,2.349604815244674683e-01,-1.223764494061470032e-01,7.302403450012207031e-01,-3.152808248996734619e-01,-9.365369379520416260e-02,6.415228545665740967e-02,5.395202897489070892e-03,-5.927169322967529297e-02,4.280619621276855469e-01,1.301213383674621582e+00,-5.428220629692077637e-01,-2.355598926544189453e+00,3.910729289054870605e-01,-5.305407047271728516e-01,-1.025368720293045044e-01,2.115843147039413452e-01,-1.259138822555541992e+00,6.612533330917358398e-01,-2.355598449707031250e+00,-3.870135843753814697e-01,-4.185099303722381592e-01,5.148128047585487366e-02
1.039806306362152100e-01,4.821655452251434326e-01,5.699170827865600586e-01,1.419073319993913174e-03,-1.038093771785497665e-02,5.312835574150085449e-01,8.471292853355407715e-01,-3.873967528343200684e-01,-5.686574056744575500e-02,1.615119576454162598e-01,1.270604252815246582e+00,2.471492588520050049e-01,-2.102658152580261230e-02,-4.421646595001220703e-01,2.349910736083984375e-01,-8.326670527458190918e-02,7.808527946472167969e-01,-3.521199226379394531e-01,-9.877495467662811279e-02,1.150856167078018188e-01,3.720472753047943115e-02,-6.551513820886611938e-02,4.070191085338592529e-01,1.321476101875305176e+00,-5.156182050704956055e-01,-2.355599880218505859e+00,3.866513073444366455e-01,-5.417960882186889648e-01,-6.911980360746383667e-02,1.942619383335113525e-01,-1.280663371086120605e+00,6.408799886703491211e-01,-2.355599641799926758e+00,-3.799061179161071777e-01,-4.493985474109649658e-01,3.422820195555686951e-02
1.100642904639244080e-01,4.986343681812286377e-01,5.704787969589233398e-01,4.530428908765316010e-03,-1.844981685280799866e-02,5.231645107269287109e-01,8.520199060440063477e-01,-4.673191905021667480e-01,-2.174990251660346985e-02,1.411147415637969971e-01,1.372604250907897949e+00,1.451492607593536377e-01,4.766937345266342163e-02,-3.978988528251647949e-01,2.341762632131576538e-01,-6.905182451009750366e-02,7.944013476371765137e-01,-3.832533359527587891e-01,-1.026813834905624390e-01,1.579467356204986572e-01,6.250592321157455444e-02,-4.492566734552383423e-02,3.819822669029235840e-01,1.327573895454406738e+00,-4.935338795185089111e-01,-2.355599880218505859e+00,3.781307041645050049e-01,-5.432705283164978027e-01,-6.834717839956283569e-02,1.850555986166000366e-01,-1.293376803398132324e+00,6.178722381591796875e-01,-2.355599880218505859e+00,-3.781984150409698486e-01,-4.526734054088592529e-01,4.303114116191864014e-02
1.162664964795112610e-01,4.978398382663726807e-01,5.757776498794555664e-01,6.758343428373336792e-03,-1.771883107721805573e-02,5.185956358909606934e-01,8.548092842102050781e-01,-5.415112972259521484e-01,4.737701732665300369e-03,1.446030586957931519e-01,1.411010861396789551e+00,4.314926639199256897e-02,1.007093712687492371e-01,-3.598406314849853516e-01,2.251414358615875244e-01,-7.379588484764099121e-02,7.823979854583740234e-01,-3.998032212257385254e-01,-8.095613121986389160e-02,1.870612651109695435e-01,6.277874112129211426e-02,-2.665950171649456024e-02,3.717757463455200195e-01,1.315250515937805176e+00,-4.816487729549407959e-01,-2.355599880218505859e+00,3.821388781070709229e-01,-5.442081093788146973e-01,-4.840378835797309875e-02,1.994841396808624268e-01,-1.288273572921752930e+00,5.913215875625610352e-01,-2.355599880218505859e+00,-3.952831327915191650e-01,-4.335570335388183594e-01,2.573181875050067902e-02
1.244307756423950195e-01,5.167340040206909180e-01,5.820925235748291016e-01,1.058372668921947479e-02,-1.436812058091163635e-02,5.198451280593872070e-01,8.540741205215454102e-01,-5.825740694999694824e-01,2.664844039827585220e-03,1.778086125850677490e-01,1.309010863304138184e+00,-5.885073542594909668e-02,1.182382851839065552e-01,-3.115952312946319580e-01,1.928027272224426270e-01,-1.101572662591934204e-01,7.612805366516113281e-01,-3.667618930339813232e-01,-4.452767968177795410e-02,2.040443569421768188e-01,5.487060174345970154e-02,-2.169304527342319489e-02,3.669850230216979980e-01,1.295048713684082031e+00,-4.863530397415161133e-01,-2.355600118637084961e+00,3.891959190368652344e-01,-5.414911508560180664e-01,-3.574261069297790527e-02,2.091915756464004517e-01,-1.254675984382629395e+00,5.862606763839721680e-01,-2.355599880218505859e+00,-4.075560867786407471e-01,-4.109013974666595459e-01,8.510635234415531158e-03
1.321594417095184326e-01,5.331499576568603516e-01,5.894424915313720703e-01,1.206933427602052689e-02,-9.240669198334217072e-03,5.261355042457580566e-01,8.502649068832397461e-01,-5.986684560775756836e-01,-3.396962583065032959e-02,2.220783382654190063e-01,1.207010865211486816e+00,-1.608507335186004639e-01,1.008367016911506653e-01,-2.614655494689941406e-01,1.584592312574386597e-01,-1.564122438430786133e-01,7.215579152107238770e-01,-3.124471306800842285e-01,3.681732108816504478e-03,2.003241777420043945e-01,5.080047249794006348e-02,-2.203019335865974426e-02,3.598690330982208252e-01,1.261908531188964844e+00,-4.782577455043792725e-01,-2.351055145263671875e+00,3.707819581031799316e-01,-5.430089831352233887e-01,-3.052156791090965271e-02,2.246951311826705933e-01,-1.204113602638244629e+00,5.741418600082397461e-01,-2.355600118637084961e+00,-4.386829733848571777e-01,-4.026454389095306396e-01,-2.458652667701244354e-02
1.378670930862426758e-01,5.468511581420898438e-01,5.935676097869873047e-01,1.335383392870426178e-02,2.877835882827639580e-03,5.340909361839294434e-01,8.453166484832763672e-01,-5.997408032417297363e-01,-7.559104263782501221e-02,3.086011111736297607e-01,1.105010867118835449e+00,-2.020772844552993774e-01,7.064352929592132568e-02,-2.374108582735061646e-01,1.136750876903533936e-01,-2.267142236232757568e-01,6.958616375923156738e-01,-2.719438076019287109e-01,3.399834409356117249e-02,1.873458474874496460e-01,3.897512704133987427e-02,-2.588896080851554871e-02,3.514290153980255127e-01,1.221673250198364258e+00,-4.611935317516326904e-01,-2.345285654067993164e+00,3.617780804634094238e-01,-5.400202274322509766e-01,-4.293941706418991089e-02,2.493806630373001099e-01,-1.174420475959777832e+00,5.488733053207397461e-01,-2.355600118637084961e+00,-4.499724507331848145e-01,-3.961063623428344727e-01,-4.073525592684745789e-02
1.426565796136856079e-01,5.569468140602111816e-01,5.946401357650756836e-01,1.814208924770355225e-02,1.346360892057418823e-02,5.398114919662475586e-01,8.414826989173889160e-01,-5.920817255973815918e-01,-1.023138016462326050e-01,3.935501575469970703e-01,1.003010869026184082e+00,-2.044522464275360107e-01,5.188034474849700928e-02,-2.284673750400543213e-01,7.276011258363723755e-02,-2.851376831531524658e-01,6.925061345100402832e-01,-2.538179457187652588e-01,4.441253468394279480e-02,1.742033660411834717e-01,3.478077426552772522e-02,-3.182495012879371643e-02,3.425390720367431641e-01,1.202543735504150391e+00,-4.477071762084960938e-01,-2.343837738037109375e+00,3.632559478282928467e-01,-5.275403261184692383e-01,-5.494579672813415527e-02,2.521348595619201660e-01,-1.169862866401672363e+00,5.404886007308959961e-01,-2.355600118637084961e+00,-4.578686356544494629e-01,-3.953989744186401367e-01,-4.524726420640945435e-02
1.472155004739761353e-01,5.654920339584350586e-01,5.940425395965576172e-01,2.182305976748466492e-02,2.235675603151321411e-02,5.438975095748901367e-01,8.385698795318603516e-01,-5.797839164733886719e-01,-1.175305321812629700e-01,4.430238306522369385e-01,9.010108709335327148e-01,-1.895662546157836914e-01,3.974317759275436401e-02,-2.251906096935272217e-01,4.584651440382003784e-02,-3.248519897460937500e-01,6.882821917533874512e-01,-2.563928961753845215e-01,3.536755964159965515e-02,1.563761234283447266e-01,3.427859023213386536e-02,-3.385580331087112427e-02,3.460580706596374512e-01,1.196494579315185547e+00,-4.503892958164215088e-01,-2.343581438064575195e+00,3.686939477920532227e-01,-5.155417323112487793e-01,-6.505438685417175293e-02,2.398582547903060913e-01,-1.173664450645446777e+00,5.407221913337707520e-01,-2.355600118637084961e+00,-4.393489360809326172e-01,-4.020059406757354736e-01,-5.097998678684234619e-02
1.509282439947128296e-01,5.720787644386291504e-01,5.920752286911010742e-01,2.575248666107654572e-02,2.886439487338066101e-02,5.530657172203063965e-01,8.322391510009765625e-01,-5.778304934501647949e-01,-1.162156611680984497e-01,4.885560572147369385e-01,7.990108728408813477e-01,-1.948795169591903687e-01,3.657204285264015198e-02,-2.248459309339523315e-01,2.175961248576641083e-02,-3.766758143901824951e-01,6.869080662727355957e-01,-2.604198157787322998e-01,2.096309699118137360e-02,1.388301551342010498e-01,4.091684147715568542e-02,-3.056751936674118042e-02,3.522936701774597168e-01,1.219645142555236816e+00,-4.569478332996368408e-01,-2.344787597656250000e+00,3.499081730842590332e-01,-5.134210586547851562e-01,-7.376956939697265625e-02,2.226248234510421753e-01,-1.188829302787780762e+00,5.337224006652832031e-01,-2.355600118637084961e+00,-4.074503183364868164e-01,-4.155509769916534424e-01,-5.444525554776191711e-02
1.548621356487274170e-01,5.783839225769042969e-01,5.891430377960205078e-01,2.233082987368106842e-02,3.207505121827125549e-02,5.532032251358032227e-01,8.321290016174316406e-01,-5.880643129348754883e-01,-1.027697324752807617e-01,5.099153518676757812e-01,6.970108747482299805e-01,-2.021536827087402344e-01,2.867083065211772919e-02,-2.269443720579147339e-01,1.721066981554031372e-02,-4.073041379451751709e-01,6.799322366714477539e-01,-2.743726074695587158e-01,1.592292077839374542e-02,1.366631239652633667e-01,4.632771387696266174e-02,-2.586837112903594971e-02,3.587580919265747070e-01,1.230837345123291016e+00,-4.626947343349456787e-01,-2.341520309448242188e+00,3.522698581218719482e-01,-5.091844797134399414e-01,-8.735076338052749634e-02,2.108604460954666138e-01,-1.186689496040344238e+00,5.329959988594055176e-01,-2.355600118637084961e+00,-4.212952554225921631e-01,-4.213935732841491699e-01,-4.711761325597763062e-02
1.601176708936691284e-01,5.853795409202575684e-01,5.841897726058959961e-01,2.103912644088268280e-02,3.448873758316040039e-02,5.593617558479309082e-01,8.279386162757873535e-01,-5.997353792190551758e-01,-7.728450745344161987e-02,5.296642780303955078e-01,5.950108766555786133e-01,-2.155045866966247559e-01,2.577840536832809448e-02,-2.297023981809616089e-01,1.486537326127290726e-02,-4.339186251163482666e-01,6.899492144584655762e-01,-2.760294079780578613e-01,1.415183395147323608e-02,1.295660883188247681e-01,4.783817753195762634e-02,-2.481941133737564087e-02,3.585648238658905029e-01,1.245857357978820801e+00,-4.758327901363372803e-01,-2.342198848724365234e+00,3.549446463584899902e-01,-5.043014883995056152e-01,-1.221252083778381348e-01,2.038269490003585815e-01,-1.185213923454284668e+00,5.450441837310791016e-01,-2.355600118637084961e+00,-4.374028742313385010e-01,-4.175455272197723389e-01,-1.737037487328052521e-02
1.668121069669723511e-01,5.940734148025512695e-01,5.777183771133422852e-01,2.164654619991779327e-02,3.726457431912422180e-02,5.664967894554138184e-01,8.229362964630126953e-01,-6.016893386840820312e-01,-5.263403803110122681e-02,5.508286356925964355e-01,5.998862981796264648e-01,-2.365255653858184814e-01,3.360298275947570801e-02,-2.347625195980072021e-01,7.182533387094736099e-03,-4.616099298000335693e-01,7.194610238075256348e-01,-2.538680732250213623e-01,2.775061503052711487e-02,1.220961958169937134e-01,4.606019333004951477e-02,-3.769009187817573547e-02,3.596914708614349365e-01,1.258889675140380859e+00,-4.916546642780303955e-01,-2.343932867050170898e+00,3.621063232421875000e-01,-4.958371520042419434e-01,-1.536169499158859253e-01,2.104926556348800659e-01,-1.182976007461547852e+00,5.652392506599426270e-01,-2.355600118637084961e+00,-4.571823179721832275e-01,-4.098772704601287842e-01,8.331353776156902313e-03
1.751997470855712891e-01,6.049428582191467285e-01,5.706895589828491211e-01,2.441726811230182648e-02,4.288984090089797974e-02,5.734816789627075195e-01,8.177303671836853027e-01,-5.894297957420349121e-01,-4.145723208785057068e-02,5.565937161445617676e-01,6.401567459106445312e-01,-2.634800374507904053e-01,5.782901123166084290e-02,-2.459868788719177246e-01,-9.885315084829926491e-04,-4.731778800487518311e-01,7.679891586303710938e-01,-2.027395665645599365e-01,5.620189383625984192e-02,1.173674985766410828e-01,4.620824381709098816e-02,-6.029050052165985107e-02,3.518896400928497314e-01,1.265190720558166504e+00,-5.013188719749450684e-01,-2.344548463821411133e+00,3.750934600830078125e-01,-4.779141545295715332e-01,-1.859539747238159180e-01,2.249095290899276733e-01,-1.177653908729553223e+00,5.772577524185180664e-01,-2.355600118637084961e+00,-4.783437550067901611e-01,-3.966900408267974854e-01,3.052222728729248047e-02
1.849121600389480591e-01,6.175535321235656738e-01,5.629414319992065430e-01,3.277975320816040039e-02,4.472364112734794617e-02,5.790995955467224121e-01,8.133689165115356445e-01,-5.810018777847290039e-01,-4.244617000222206116e-02,5.319896936416625977e-01,6.843279600143432617e-01,-3.068265020847320557e-01,9.508229047060012817e-02,-2.615527212619781494e-01,-1.345304306596517563e-02,-4.781946837902069092e-01,8.540602326393127441e-01,-1.314029246568679810e-01,9.517770260572433472e-02,1.097399145364761353e-01,4.737570136785507202e-02,-8.498375862836837769e-02,3.390716016292572021e-01,1.269196271896362305e+00,-4.980712831020355225e-01,-2.344738006591796875e+00,3.866775631904602051e-01,-4.651747941970825195e-01,-1.995556205511093140e-01,2.509436011314392090e-01,-1.160409212112426758e+00,5.833978652954101562e-01,-2.355600118637084961e+00,-5.162580609321594238e-01,-3.809841871261596680e-01,3.382550179958343506e-02
1.958953142166137695e-01,6.306574940681457520e-01,5.538792610168457031e-01,3.795954212546348572e-02,3.716485947370529175e-02,5.874008536338806152e-01,8.075506687164306641e-01,-5.754486322402954102e-01,-3.574962541460990906e-02,4.960343539714813232e-01,7.458208799362182617e-01,-3.622252643108367920e-01,1.441725641489028931e-01,-2.917115688323974609e-01,-3.367119655013084412e-02,-4.851838946342468262e-01,9.560602307319641113e-01,-4.708092287182807922e-02,1.442919820547103882e-01,9.934401512145996094e-02,4.984134063124656677e-02,-9.570990502834320068e-02,3.220632672309875488e-01,1.279204726219177246e+00,-4.927956163883209229e-01,-2.348582744598388672e+00,3.965956270694732666e-01,-4.578155279159545898e-01,-2.011667639017105103e-01,2.834164798259735107e-01,-1.149230599403381348e+00,5.837401151657104492e-01,-2.355600118637084961e+00,-5.480198264122009277e-01,-3.712745904922485352e-01,2.932005748152732849e-02
2.086204737424850464e-01,6.417902112007141113e-01,5.441162586212158203e-01,3.885518014430999756e-02,2.449664473533630371e-02,5.927971005439758301e-01,8.040409088134765625e-01,-5.804985165596008301e-01,-1.134781260043382645e-02,4.564355015754699707e-01,8.350402712821960449e-01,-4.237579405307769775e-01,1.817049980163574219e-01,-3.373412191867828369e-01,-6.206207722425460815e-02,-4.959070086479187012e-01,1.058060288429260254e+00,-6.472173146903514862e-03,1.840396225452423096e-01,8.652476966381072998e-02,5.464369803667068481e-02,-9.238025546073913574e-02,2.901909649372100830e-01,1.296550631523132324e+00,-4.873705506324768066e-01,-2.354547500610351562e+00,4.044484496116638184e-01,-4.495656788349151611e-01,-2.174719125032424927e-01,3.085860013961791992e-01,-1.139419913291931152e+00,5.865544676780700684e-01,-2.355600118637084961e+00,-5.892195105552673340e-01,-3.568273186683654785e-01,4.538275673985481262e-02
2.295785248279571533e-01,6.489883065223693848e-01,5.347048044204711914e-01,3.530804440379142761e-02,3.526737913489341736e-03,5.987865328788757324e-01,8.001222610473632812e-01,-5.845718979835510254e-01,4.062597826123237610e-02,4.257024824619293213e-01,9.336579442024230957e-01,-4.693915247917175293e-01,2.075738906860351562e-01,-3.920086026191711426e-01,-1.059300750494003296e-01,-4.956968128681182861e-01,1.160060286521911621e+00,-2.141488157212734222e-02,1.935202032327651978e-01,6.710420548915863037e-02,6.467987596988677979e-02,-7.380542159080505371e-02,2.534428536891937256e-01,1.334041595458984375e+00,-4.865061938762664795e-01,-2.355442047119140625e+00,4.130888581275939941e-01,-4.467038214206695557e-01,-2.408892065286636353e-01,3.235727250576019287e-01,-1.146786928176879883e+00,5.941587090492248535e-01,-2.355600118637084961e+00,-6.429904699325561523e-01,-3.400514125823974609e-01,7.161524146795272827e-02
2.520778179168701172e-01,6.435868144035339355e-01,5.267809629440307617e-01,3.122508339583873749e-02,-1.904928311705589294e-02,6.073297858238220215e-01,7.936073541641235352e-01,-5.934104323387145996e-01,9.973232448101043701e-02,3.942057192325592041e-01,1.015722036361694336e+00,-4.749268889427185059e-01,1.977983862161636353e-01,-4.372001588344573975e-01,-1.662200093269348145e-01,-4.779531657695770264e-01,1.262060284614562988e+00,-6.452970951795578003e-02,1.809833049774169922e-01,4.899274930357933044e-02,8.174388855695724487e-02,-4.806457087397575378e-02,2.233040779829025269e-01,1.375530838966369629e+00,-4.766958057880401611e-01,-2.355576276779174805e+00,4.241192340850830078e-01,-4.425225257873535156e-01,-2.482894659042358398e-01,3.468818366527557373e-01,-1.157563209533691406e+00,5.884751081466674805e-01,-2.354112148284912109e+00,-6.932051777839660645e-01,-3.208251893520355225e-01,7.642852514982223511e-02
2.740027010440826416e-01,6.387209892272949219e-01,5.218025445938110352e-01,2.426344528794288635e-02,-3.923398628830909729e-02,6.162751317024230957e-01,7.861787080764770508e-01,-6.049094200134277344e-01,1.577945649623870850e-01,3.606360554695129395e-01,1.078300952911376953e+00,-4.650306105613708496e-01,1.671484261751174927e-01,-4.753946959972381592e-01,-2.381938248872756958e-01,-4.409177601337432861e-01,1.328113675117492676e+00,-1.210780814290046692e-01,1.621508598327636719e-01,2.443144284188747406e-02,1.027885526418685913e-01,-2.201581932604312897e-02,2.045451998710632324e-01,1.410067558288574219e+00,-4.637571275234222412e-01,-2.355596542358398438e+00,4.411526024341583252e-01,-4.379636049270629883e-01,-2.484695911407470703e-01,3.599183559417724609e-01,-1.164588332176208496e+00,5.788821578025817871e-01,-2.349457263946533203e+00,-7.263999581336975098e-01,-3.056397140026092529e-01,8.628077805042266846e-02
2.973271906375885010e-01,6.368641853332519531e-01,5.187999010086059570e-01,1.595853455364704132e-02,-5.342864617705345154e-02,6.261584162712097168e-01,7.776994109153747559e-01,-6.221798658370971680e-01,2.085875123739242554e-01,3.239154219627380371e-01,1.127332806587219238e+00,-4.413743019104003906e-01,1.236951202154159546e-01,-5.077328085899353027e-01,-3.065219819545745850e-01,-3.999159932136535645e-01,1.314210891723632812e+00,-1.695424467325210571e-01,1.522085517644882202e-01,-1.920112874358892441e-03,1.279267966747283936e-01,-1.620417227968573570e-03,1.952841132879257202e-01,1.427577733993530273e+00,-4.596492052078247070e-01,-2.355599403381347656e+00,4.839296638965606689e-01,-4.343850314617156982e-01,-2.398955076932907104e-01,3.714419007301330566e-01,-1.159182548522949219e+00,5.848178267478942871e-01,-2.344107866287231445e+00,-7.837520837783813477e-01,-2.892771661281585693e-01,8.623390644788742065e-02
3.255068063735961914e-01,6.379003524780273438e-01,5.164994001388549805e-01,1.091237086802721024e-02,-6.357771903276443481e-02,6.389113068580627441e-01,7.665709853172302246e-01,-6.426640152931213379e-01,2.471780776977539062e-01,2.774880230426788330e-01,1.170175790786743164e+00,-4.060627222061157227e-01,8.077555149793624878e-02,-5.264694690704345703e-01,-3.690777420997619629e-01,-3.624632358551025391e-01,1.258234739303588867e+00,-1.979415714740753174e-01,1.444673985242843628e-01,-3.365300595760345459e-02,1.580154150724411011e-01,1.370449643582105637e-02,1.883638948202133179e-01,1.431191563606262207e+00,-4.688116014003753662e-01,-2.355599880218505859e+00,5.571920275688171387e-01,-4.309450089931488037e-01,-2.327486127614974976e-01,3.666589856147766113e-01,-1.155224204063415527e+00,5.939592123031616211e-01,-2.341876745223999023e+00,-8.452185392379760742e-01,-2.645086944103240967e-01,8.841612935066223145e-02
3.401424288749694824e-01,6.349445581436157227e-01,5.140440464019775391e-01,4.902383312582969666e-03,-7.108804583549499512e-02,6.557035446166992188e-01,7.516483664512634277e-01,-6.788784265518188477e-01,2.608897686004638672e-01,2.185462117195129395e-01,1.208102941513061523e+00,-3.799429833889007568e-01,3.806574642658233643e-02,-5.160346627235412598e-01,-4.080446958541870117e-01,-3.301009833812713623e-01,1.169488310813903809e+00,-1.902395039796829224e-01,1.527682691812515259e-01,-5.863424763083457947e-02,1.862320452928543091e-01,2.730886451900005341e-02,1.818322092294692993e-01,1.434327125549316406e+00,-4.768331646919250488e-01,-2.355599880218505859e+00,6.413494944572448730e-01,-4.201668500900268555e-01,-2.368401885032653809e-01,3.572272956371307373e-01,-1.159245491027832031e+00,5.934299230575561523e-01,-2.338980674743652344e+00,-8.883566260337829590e-01,-2.415424436330795288e-01,9.875232726335525513e-02
3.571951687335968018e-01,6.315265893936157227e-01,5.092304944992065430e-01,2.110993955284357071e-03,-7.672504335641860962e-02,6.687486171722412109e-01,7.395161390304565430e-01,-7.151666283607482910e-01,2.683509886264801025e-01,1.563823074102401733e-01,1.247692584991455078e+00,-3.744767606258392334e-01,-1.792719995137304068e-04,-5.066654086112976074e-01,-4.221818447113037109e-01,-2.901069223880767822e-01,1.092653512954711914e+00,-1.688500642776489258e-01,1.785168647766113281e-01,-8.018310368061065674e-02,2.085962444543838501e-01,3.463977202773094177e-02,1.808713376522064209e-01,1.424995660781860352e+00,-4.785187840461730957e-01,-2.355599880218505859e+00,7.164158821105957031e-01,-4.148656129837036133e-01,-2.471709698438644409e-01,3.429260253906250000e-01,-1.164366602897644043e+00,5.942216515541076660e-01,-2.342498540878295898e+00,-9.137378334999084473e-01,-2.225154340267181396e-01,1.131510734558105469e-01
3.764791488647460938e-01,6.284549832344055176e-01,5.005089044570922852e-01,4.031410906463861465e-03,-7.971513271331787109e-02,6.763382554054260254e-01,7.322539091110229492e-01,-7.484100461006164551e-01,2.826027870178222656e-01,1.059619858860969543e-01,1.295715332031250000e+00,-3.865704238414764404e-01,-2.377972006797790527e-02,-5.126706361770629883e-01,-4.282690584659576416e-01,-2.445207685232162476e-01,1.075912117958068848e+00,-1.912173479795455933e-01,1.852648109197616577e-01,-9.541710466146469116e-02,2.288080900907516479e-01,2.877486683428287506e-02,1.865487396717071533e-01,1.408781528472900391e+00,-4.799470603466033936e-01,-2.355600118637084961e+00,7.682536244392395020e-01,-4.141543805599212646e-01,-2.566891014575958252e-01,3.270696699619293213e-01,-1.164066553115844727e+00,5.956016778945922852e-01,-2.349380016326904297e+00,-9.208612442016601562e-01,-2.205904722213745117e-01,1.331253200769424438e-01
3.973049223423004150e-01,6.258267760276794434e-01,4.882517755031585693e-01,9.566423483192920685e-03,-8.047807961702346802e-02,6.828523874282836914e-01,7.260470986366271973e-01,-7.811820507049560547e-01,3.086599111557006836e-01,7.411134243011474609e-02,1.349186658859252930e+00,-4.249103665351867676e-01,-3.206738457083702087e-02,-5.305041074752807617e-01,-4.342081844806671143e-01,-2.137982845306396484e-01,1.114372253417968750e+00,-2.481526881456375122e-01,1.745585948228836060e-01,-1.091098785400390625e-01,2.517169415950775146e-01,1.980365067720413208e-02,1.881561577320098877e-01,1.377798318862915039e+00,-4.734873175621032715e-01,-2.355600118637084961e+00,8.152049779891967773e-01,-4.073653519153594971e-01,-2.583558857440948486e-01,2.956108748912811279e-01,-1.157216429710388184e+00,5.920827984809875488e-01,-2.354666948318481445e+00,-9.171735048294067383e-01,-2.307066470384597778e-01,1.614664345979690552e-01
4.175752997398376465e-01,6.240037679672241211e-01,4.742539227008819580e-01,1.768586598336696625e-02,-8.231022208929061890e-02,6.848335862159729004e-01,7.238199114799499512e-01,-8.137729167938232422e-01,3.482731878757476807e-01,5.526905879378318787e-02,1.409841775894165039e+00,-4.708342254161834717e-01,-2.026550285518169403e-02,-5.693356990814208984e-01,-4.400826096534729004e-01,-1.919980645179748535e-01,1.198275208473205566e+00,-3.317887485027313232e-01,1.475763618946075439e-01,-1.215834990143775940e-01,2.800910472869873047e-01,1.309606339782476425e-02,1.959352940320968628e-01,1.334503293037414551e+00,-4.789510965347290039e-01,-2.355600118637084961e+00,8.556903004646301270e-01,-4.005501866340637207e-01,-2.758016288280487061e-01,2.515737414360046387e-01,-1.144983291625976562e+00,6.060404181480407715e-01,-2.355459928512573242e+00,-9.180074334144592285e-01,-2.455501705408096313e-01,2.038549035787582397e-01
4.349281787872314453e-01,6.234856843948364258e-01,4.623743593692779541e-01,2.175430394709110260e-02,-7.683151960372924805e-02,6.824508309364318848e-01,7.265565991401672363e-01,-8.481631278991699219e-01,3.943499326705932617e-01,5.413933098316192627e-02,1.459006547927856445e+00,-5.310373306274414062e-01,1.738680293783545494e-03,-6.277858614921569824e-01,-4.512653648853302002e-01,-1.782286912202835083e-01,1.283354878425598145e+00,-4.003559648990631104e-01,1.245309263467788696e-01,-1.326868385076522827e-01,2.886750400066375732e-01,1.411129441112279892e-02,2.213470935821533203e-01,1.300034165382385254e+00,-4.893164932727813721e-01,-2.355600118637084961e+00,8.812010288238525391e-01,-3.952808976173400879e-01,-2.850213348865509033e-01,2.126728147268295288e-01,-1.145215272903442383e+00,6.300432682037353516e-01,-2.355578899383544922e+00,-9.148997664451599121e-01,-2.582519948482513428e-01,2.383212745189666748e-01
4.477851092815399170e-01,6.240638494491577148e-01,4.533070027828216553e-01,2.497802115976810455e-02,-7.224182784557342529e-02,6.802463531494140625e-01,7.289870381355285645e-01,-8.713817000389099121e-01,4.341021180152893066e-01,6.223351508378982544e-02,1.494056105613708496e+00,-5.861852765083312988e-01,2.486517094075679779e-02,-6.752931475639343262e-01,-4.596818387508392334e-01,-1.665731966495513916e-01,1.348118066787719727e+00,-4.486091434955596924e-01,1.102537438273429871e-01,-1.323818266391754150e-01,2.900083959102630615e-01,2.178961597383022308e-02,2.358112335205078125e-01,1.289433717727661133e+00,-4.869660437107086182e-01,-2.355600118637084961e+00,8.745903372764587402e-01,-3.912554681301116943e-01,-2.911897897720336914e-01,1.791423261165618896e-01,-1.151101350784301758e+00,6.440994143486022949e-01,-2.355596780776977539e+00,-9.044060111045837402e-01,-2.728913128376007080e-01,2.598152756690979004e-01
4.554107785224914551e-01,6.259372830390930176e-01,4.472618997097015381e-01,2.466953918337821960e-02,-6.875650584697723389e-02,6.766692399978637695e-01,7.326545715332031250e-01,-8.750631213188171387e-01,4.642601013183593750e-01,7.601914554834365845e-02,1.511811852455139160e+00,-6.223986148834228516e-01,3.658583760261535645e-02,-7.104794383049011230e-01,-4.594462811946868896e-01,-1.542255133390426636e-01,1.387929201126098633e+00,-4.799982607364654541e-01,1.054950207471847534e-01,-1.232105568051338196e-01,2.865130305290222168e-01,3.219428285956382751e-02,2.527850568294525146e-01,1.290827751159667969e+00,-4.906045794486999512e-01,-2.355600118637084961e+00,8.685904741287231445e-01,-3.842183649539947510e-01,-2.980506718158721924e-01,1.544497460126876831e-01,-1.160312414169311523e+00,6.596702337265014648e-01,-2.355599641799926758e+00,-8.952181935310363770e-01,-2.801805734634399414e-01,2.745736837387084961e-01
4.581654071807861328e-01,6.286022663116455078e-01,4.453016221523284912e-01,2.339863032102584839e-02,-6.692183017730712891e-02,6.734580397605895996e-01,7.358180284500122070e-01,-8.622281551361083984e-01,4.902647435665130615e-01,9.289092570543289185e-02,1.521727681159973145e+00,-6.470348834991455078e-01,4.305317997932434082e-02,-7.294532656669616699e-01,-4.564634263515472412e-01,-1.445970833301544189e-01,1.404080271720886230e+00,-5.020451545715332031e-01,1.068501770496368408e-01,-1.109045594930648804e-01,2.820766866207122803e-01,4.658346623182296753e-02,2.688820660114288330e-01,1.308596611022949219e+00,-4.957118630409240723e-01,-2.355600118637084961e+00,8.656553626060485840e-01,-3.734137415885925293e-01,-3.027103841304779053e-01,1.345811039209365845e-01,-1.175719141960144043e+00,6.747751832008361816e-01,-2.355599880218505859e+00,-8.905868530273437500e-01,-2.828119695186614990e-01,2.862470149993896484e-01
4.510743618011474609e-01,6.333281397819519043e-01,4.474381506443023682e-01,1.906961947679519653e-02,-6.688171625137329102e-02,6.712954044342041016e-01,7.379198074340820312e-01,-8.410838842391967773e-01,5.137706995010375977e-01,1.146508157253265381e-01,1.526994705200195312e+00,-6.680500507354736328e-01,5.108661204576492310e-02,-7.316108345985412598e-01,-4.518101811408996582e-01,-1.369912624359130859e-01,1.394505023956298828e+00,-5.049852132797241211e-01,1.111723035573959351e-01,-9.790625423192977905e-02,2.781256139278411865e-01,6.488482654094696045e-02,2.860129773616790771e-01,1.330566525459289551e+00,-4.975885450839996338e-01,-2.355600118637084961e+00,8.646243214607238770e-01,-3.638626039028167725e-01,-3.060559034347534180e-01,1.159565970301628113e-01,-1.194573163986206055e+00,6.800661683082580566e-01,-2.355599880218505859e+00,-8.859615921974182129e-01,-2.853481173515319824e-01,2.905786037445068359e-01
4.403704702854156494e-01,6.392379999160766602e-01,4.533021152019500732e-01,1.301388535648584366e-02,-6.818466633558273315e-02,6.706481575965881348e-01,7.385205626487731934e-01,-8.177512288093566895e-01,5.246995091438293457e-01,1.344505697488784790e-01,1.527222871780395508e+00,-6.825522780418395996e-01,5.981456488370895386e-02,-7.179564833641052246e-01,-4.457657933235168457e-01,-1.351715773344039917e-01,1.363385796546936035e+00,-5.010485053062438965e-01,1.136458665132522583e-01,-8.851075917482376099e-02,2.768421769142150879e-01,9.249480068683624268e-02,3.065845370292663574e-01,1.351393222808837891e+00,-4.974581599235534668e-01,-2.355600118637084961e+00,8.683881759643554688e-01,-3.543507456779479980e-01,-3.064377605915069580e-01,9.956169128417968750e-02,-1.205528140068054199e+00,6.820463538169860840e-01,-2.355599880218505859e+00,-8.892685174942016602e-01,-2.806862294673919678e-01,2.986570000648498535e-01
4.252634644508361816e-01,6.447323560714721680e-01,4.626100957393646240e-01,4.117969423532485962e-03,-7.021998614072799683e-02,6.703978776931762695e-01,7.386602163314819336e-01,-7.967939972877502441e-01,5.218051671981811523e-01,1.496863365173339844e-01,1.522084712982177734e+00,-6.939279437065124512e-01,7.144767791032791138e-02,-6.929273605346679688e-01,-4.364211559295654297e-01,-1.388490796089172363e-01,1.308290719985961914e+00,-4.877309203147888184e-01,1.140133440494537354e-01,-8.095104247331619263e-02,2.778273522853851318e-01,1.288131028413772583e-01,3.264717161655426025e-01,1.363604307174682617e+00,-4.955933690071105957e-01,-2.354987621307373047e+00,8.863078951835632324e-01,-3.447184860706329346e-01,-3.061482608318328857e-01,8.322394639253616333e-02,-1.201857924461364746e+00,6.824377179145812988e-01,-2.355600118637084961e+00,-9.086807370185852051e-01,-2.679101526737213135e-01,3.168130218982696533e-01
4.055214822292327881e-01,6.464225053787231445e-01,4.755772054195404053e-01,-7.466561626642942429e-03,-7.200239598751068115e-02,6.718086600303649902e-01,7.371791005134582520e-01,-7.779254317283630371e-01,5.091419816017150879e-01,1.679738759994506836e-01,1.496619582176208496e+00,-7.042223811149597168e-01,8.865007758140563965e-02,-6.586625576019287109e-01,-4.215397238731384277e-01,-1.448647826910018921e-01,1.223892450332641602e+00,-4.576303660869598389e-01,1.148483753204345703e-01,-7.403577119112014771e-02,2.782632410526275635e-01,1.673917472362518311e-01,3.392377197742462158e-01,1.370258569717407227e+00,-4.876606166362762451e-01,-2.353609085083007812e+00,8.898984193801879883e-01,-3.403257131576538086e-01,-3.064585328102111816e-01,6.442876160144805908e-02,-1.187155961990356445e+00,6.740315556526184082e-01,-2.355600118637084961e+00,-9.245585203170776367e-01,-2.484953999519348145e-01,3.391849100589752197e-01
3.833815753459930420e-01,6.323167681694030762e-01,4.921254813671112061e-01,-2.105376496911048889e-02,-7.091720402240753174e-02,6.728946566581726074e-01,7.360300421714782715e-01,-7.568231225013732910e-01,4.830678999423980713e-01,1.895448714494705200e-01,1.449135899543762207e+00,-7.076414227485656738e-01,1.059687435626983643e-01,-6.267939209938049316e-01,-3.979488015174865723e-01,-1.509523391723632812e-01,1.121892452239990234e+00,-3.984193503856658936e-01,1.275755614042282104e-01,-6.969431042671203613e-02,2.796667218208312988e-01,2.142492979764938354e-01,3.452363312244415283e-01,1.357189297676086426e+00,-4.826530814170837402e-01,-2.352611780166625977e+00,8.921412825584411621e-01,-3.391357660293579102e-01,-2.909825742244720459e-01,5.044232308864593506e-02,-1.159912586212158203e+00,6.578980684280395508e-01,-2.355600118637084961e+00,-9.353402853012084961e-01,-2.269143015146255493e-01,3.406270146369934082e-01
3.565943837165832520e-01,6.186335086822509766e-01,5.118407011032104492e-01,-3.543336316943168640e-02,-7.175083458423614502e-02,6.760727763175964355e-01,7.324765920639038086e-01,-7.329493761062622070e-01,4.463229179382324219e-01,2.116349488496780396e-01,1.381289005279541016e+00,-6.924406886100769043e-01,1.248410642147064209e-01,-5.659259557723999023e-01,-3.738251030445098877e-01,-1.803531646728515625e-01,1.019892454147338867e+00,-2.964193522930145264e-01,1.487466394901275635e-01,-6.641412526369094849e-02,2.776281237602233887e-01,2.568196356296539307e-01,3.284716606140136719e-01,1.346001625061035156e+00,-4.903796911239624023e-01,-2.355151653289794922e+00,8.831509947776794434e-01,-3.472706079483032227e-01,-2.726922333240509033e-01,5.090501531958580017e-02,-1.127602338790893555e+00,6.519050598144531250e-01,-2.355600118637084961e+00,-9.372546672821044922e-01,-2.097763866186141968e-01,3.168436884880065918e-01
3.269519805908203125e-01,6.044471263885498047e-01,5.340621471405029297e-01,-4.880999773740768433e-02,-6.809224188327789307e-02,6.758837103843688965e-01,7.322310209274291992e-01,-7.050395011901855469e-01,4.050277471542358398e-01,2.399002909660339355e-01,1.291572213172912598e+00,-6.762020587921142578e-01,1.443685889244079590e-01,-5.121127963066101074e-01,-3.390589654445648193e-01,-1.954398453235626221e-01,9.178923964500427246e-01,-1.944193542003631592e-01,1.660367697477340698e-01,-6.066948920488357544e-02,2.632627785205841064e-01,2.870887815952301025e-01,3.075855076313018799e-01,1.314037799835205078e+00,-5.026289820671081543e-01,-2.355532646179199219e+00,8.486743569374084473e-01,-3.639001250267028809e-01,-2.689836025238037109e-01,6.992071866989135742e-02,-1.090184926986694336e+00,6.346008777618408203e-01,-2.355600118637084961e+00,-9.100913405418395996e-01,-2.052591890096664429e-01,2.736910879611968994e-01
2.981550395488739014e-01,5.897907614707946777e-01,5.542070865631103516e-01,-5.441246181726455688e-02,-6.495336443185806274e-02,6.853215694427490234e-01,7.232943773269653320e-01,-6.783177256584167480e-01,3.519001901149749756e-01,2.570533454418182373e-01,1.201982140541076660e+00,-6.559014320373535156e-01,1.521755009889602661e-01,-4.823758304119110107e-01,-3.170181214809417725e-01,-1.910530626773834229e-01,8.158923983573913574e-01,-9.241934865713119507e-02,1.433552801609039307e-01,-8.331485092639923096e-02,2.523515522480010986e-01,2.954178154468536377e-01,2.783671915531158447e-01,1.285476565361022949e+00,-5.156453251838684082e-01,-2.355589866638183594e+00,8.108291625976562500e-01,-3.701843917369842529e-01,-2.972540259361267090e-01,1.101439297199249268e-01,-1.057076692581176758e+00,6.041839122772216797e-01,-2.355600118637084961e+00,-8.691802024841308594e-01,-2.032963037490844727e-01,2.268051356077194214e-01
2.735272049903869629e-01,5.935626626014709473e-01,5.711909532546997070e-01,-5.075146257877349854e-02,-5.946099013090133667e-02,6.938669085502624512e-01,7.158473134040832520e-01,-6.341684460639953613e-01,3.078320324420928955e-01,2.918440997600555420e-01,1.118859767913818359e+00,-6.180002093315124512e-01,1.536281108856201172e-01,-4.653317034244537354e-01,-3.078820407390594482e-01,-2.022212147712707520e-01,7.138924002647399902e-01,-9.512169286608695984e-03,1.184756457805633545e-01,-1.065730899572372437e-01,2.344309389591217041e-01,2.929291427135467529e-01,2.635494768619537354e-01,1.272212028503417969e+00,-5.234276056289672852e-01,-2.355598449707031250e+00,7.821785807609558105e-01,-3.764056861400604248e-01,-3.176834583282470703e-01,1.833430528640747070e-01,-1.062970399856567383e+00,5.658431053161621094e-01,-2.346841335296630859e+00,-8.115026950836181641e-01,-2.057972401380538940e-01,1.895246505737304688e-01
2.526637613773345947e-01,5.774650573730468750e-01,5.853372812271118164e-01,-3.826749697327613831e-02,-4.929581657052040100e-02,7.032872438430786133e-01,7.081614136695861816e-01,-5.988758206367492676e-01,2.531424760818481445e-01,3.273269832134246826e-01,1.034318089485168457e+00,-5.475203990936279297e-01,1.257627159357070923e-01,-4.529257714748382568e-01,-3.102634549140930176e-01,-2.281695753335952759e-01,7.249019742012023926e-01,-2.674345113337039948e-02,8.153596520423889160e-02,-1.292279064655303955e-01,2.231546789407730103e-01,2.667686343193054199e-01,2.471753507852554321e-01,1.267188787460327148e+00,-5.238663554191589355e-01,-2.355599880218505859e+00,7.446286678314208984e-01,-3.722423911094665527e-01,-3.257465958595275879e-01,2.384426742792129517e-01,-1.078766465187072754e+00,5.516070127487182617e-01,-2.339330196380615234e+00,-7.559811472892761230e-01,-2.052866518497467041e-01,1.689781248569488525e-01
2.350364625453948975e-01,5.608056187629699707e-01,5.957367420196533203e-01,-2.173652686178684235e-02,-2.825980074703693390e-02,7.092978954315185547e-01,7.040067315101623535e-01,-5.711345076560974121e-01,1.827157437801361084e-01,3.566612005233764648e-01,9.600181579589843750e-01,-4.800442159175872803e-01,1.060071885585784912e-01,-4.454392492771148682e-01,-3.074663877487182617e-01,-2.433017790317535400e-01,8.269019722938537598e-01,-7.838238775730133057e-02,2.948280610144138336e-02,-1.571154296398162842e-01,2.067805975675582886e-01,2.127615213394165039e-01,2.450834363698959351e-01,1.261496186256408691e+00,-5.101230144500732422e-01,-2.355599880218505859e+00,6.801459789276123047e-01,-3.774545490741729736e-01,-3.340415656566619873e-01,2.721062302589416504e-01,-1.100694537162780762e+00,5.465348362922668457e-01,-2.335551738739013672e+00,-7.057681083679199219e-01,-2.090144753456115723e-01,1.683511137962341309e-01
2.189605981111526489e-01,5.623748898506164551e-01,6.032565832138061523e-01,-2.554379170760512352e-03,1.758148660883307457e-03,7.134364843368530273e-01,7.007130384445190430e-01,-5.369592905044555664e-01,9.990918636322021484e-02,3.819459378719329834e-01,8.911859393119812012e-01,-4.262550175189971924e-01,1.095202043652534485e-01,-4.465613961219787598e-01,-2.736689746379852295e-01,-2.522104084491729736e-01,9.289019703865051270e-01,-1.067348420619964600e-01,1.717054750770330429e-03,-1.750985831022262573e-01,1.703165918588638306e-01,1.339038312435150146e-01,2.532404959201812744e-01,1.260162115097045898e+00,-4.987011849880218506e-01,-2.355599880218505859e+00,5.977724194526672363e-01,-3.906973600387573242e-01,-3.480427265167236328e-01,3.070319294929504395e-01,-1.124739289283752441e+00,5.566079020500183105e-01,-2.333503246307373047e+00,-6.857272982597351074e-01,-2.112346142530441284e-01,1.777864992618560791e-01
2.033026069402694702e-01,5.620586872100830078e-01,6.100705862045288086e-01,1.330463215708732605e-02,2.858769707381725311e-02,7.126392722129821777e-01,7.008216381072998047e-01,-5.062978863716125488e-01,2.501253038644790649e-02,4.086021184921264648e-01,8.181694149971008301e-01,-3.780868947505950928e-01,1.133957281708717346e-01,-4.253083765506744385e-01,-2.111552357673645020e-01,-2.902818620204925537e-01,1.030902028083801270e+00,-9.064084291458129883e-02,1.810307614505290985e-02,-1.679073870182037354e-01,1.241548284888267517e-01,6.094672158360481262e-02,2.683224380016326904e-01,1.251242518424987793e+00,-4.928208887577056885e-01,-2.355599880218505859e+00,5.435274839401245117e-01,-3.866851925849914551e-01,-3.503449857234954834e-01,3.358397185802459717e-01,-1.128181934356689453e+00,5.548911690711975098e-01,-2.333949327468872070e+00,-6.613315343856811523e-01,-2.202444970607757568e-01,1.626789718866348267e-01
1.877820789813995361e-01,5.591289997100830078e-01,6.154631376266479492e-01,2.373955212533473969e-02,4.785160720348358154e-02,7.063065171241760254e-01,7.058879733085632324e-01,-4.841880202293395996e-01,-3.740878775715827942e-02,4.296618103981018066e-01,7.534035444259643555e-01,-3.425481617450714111e-01,1.155655235052108765e-01,-3.947447836399078369e-01,-1.339206993579864502e-01,-3.357597589492797852e-01,1.070532798767089844e+00,-5.038393288850784302e-02,6.399750709533691406e-02,-1.413378864526748657e-01,8.800850808620452881e-02,2.976411196868866682e-04,2.779194116592407227e-01,1.237592935562133789e+00,-4.777767956256866455e-01,-2.355600118637084961e+00,5.152682662010192871e-01,-3.721939325332641602e-01,-3.574537038803100586e-01,3.439410924911499023e-01,-1.119219183921813965e+00,5.459614396095275879e-01,-2.339237451553344727e+00,-6.390444040298461914e-01,-2.328880131244659424e-01,1.524367481470108032e-01
1.724585741758346558e-01,5.547087192535400391e-01,6.194918155670166016e-01,2.727943472564220428e-02,6.346327811479568481e-02,6.982686519622802734e-01,7.124950289726257324e-01,-4.748881459236145020e-01,-7.631429284811019897e-02,4.602328836917877197e-01,7.070104479789733887e-01,-3.149132728576660156e-01,1.034126058220863342e-01,-3.664388358592987061e-01,-6.580051034688949585e-02,-3.689097762107849121e-01,1.020485520362854004e+00,-2.772075124084949493e-02,1.016809642314910889e-01,-1.111049652099609375e-01,6.136540696024894714e-02,-3.636165335774421692e-02,2.842456996440887451e-01,1.226524114608764648e+00,-4.601616561412811279e-01,-2.355600118637084961e+00,5.052526593208312988e-01,-3.534218072891235352e-01,-3.677524030208587646e-01,3.356992900371551514e-01,-1.111832857131958008e+00,5.343143343925476074e-01,-2.346424102783203125e+00,-6.359637975692749023e-01,-2.397244274616241455e-01,1.509434282779693604e-01
1.568689495325088501e-01,5.505131483078002930e-01,6.227891445159912109e-01,2.509516663849353790e-02,7.553536444902420044e-02,6.920967102050781250e-01,7.174028158187866211e-01,-4.764319360256195068e-01,-8.510197699069976807e-02,5.229658484458923340e-01,6.804106831550598145e-01,-3.153122067451477051e-01,9.560444205999374390e-02,-3.441300988197326660e-01,-1.473767030984163284e-02,-3.819066584110260010e-01,9.456360340118408203e-01,-3.439500182867050171e-02,1.200033426284790039e-01,-9.147479385137557983e-02,3.948786109685897827e-02,-5.143040046095848083e-02,3.010523021221160889e-01,1.205066919326782227e+00,-4.438064694404602051e-01,-2.352023363113403320e+00,4.931079149246215820e-01,-3.349038064479827881e-01,-3.733363151550292969e-01,3.045902848243713379e-01,-1.104638338088989258e+00,5.120822787284851074e-01,-2.354223728179931641e+00,-6.096796989440917969e-01,-2.433867901563644409e-01,1.662443131208419800e-01
1.415530741214752197e-01,5.486822128295898438e-01,6.237068176269531250e-01,2.216288819909095764e-02,8.156189322471618652e-02,6.889536380767822266e-01,7.198606133460998535e-01,-4.902510941028594971e-01,-8.241915702819824219e-02,5.521486997604370117e-01,6.865432858467102051e-01,-3.282748460769653320e-01,9.003878384828567505e-02,-3.285796344280242920e-01,1.724366284906864166e-02,-3.738331496715545654e-01,8.851311206817626953e-01,-6.474515050649642944e-02,1.156486868858337402e-01,-7.788763940334320068e-02,3.037352487444877625e-02,-5.204531177878379822e-02,3.096002936363220215e-01,1.183891415596008301e+00,-4.273500144481658936e-01,-2.333164453506469727e+00,4.670931696891784668e-01,-3.313725888729095459e-01,-3.810361027717590332e-01,2.755062282085418701e-01,-1.095850825309753418e+00,4.979121685028076172e-01,-2.355393648147583008e+00,-5.912913084030151367e-01,-2.482041716575622559e-01,1.822728663682937622e-01
1.265752762556076050e-01,5.490891933441162109e-01,6.246063709259033203e-01,1.650964468717575073e-02,7.845130562782287598e-02,6.915472149848937988e-01,7.178685665130615234e-01,-5.023242235183715820e-01,-7.028184086084365845e-02,5.866154432296752930e-01,7.055696845054626465e-01,-3.496695458889007568e-01,8.842179179191589355e-02,-3.212932050228118896e-01,3.306870907545089722e-02,-3.646168708801269531e-01,8.477246761322021484e-01,-1.058624908328056335e-01,1.006160452961921692e-01,-7.728773355484008789e-02,3.094686940312385559e-02,-3.824921324849128723e-02,3.107640445232391357e-01,1.174858093261718750e+00,-4.253070056438446045e-01,-2.334897041320800781e+00,4.532676637172698975e-01,-3.295524418354034424e-01,-3.878683447837829590e-01,2.576721310615539551e-01,-1.083766818046569824e+00,4.987702965736389160e-01,-2.355569124221801758e+00,-5.872031450271606445e-01,-2.474404722452163696e-01,1.962161958217620850e-01
1.127567067742347717e-01,5.522180199623107910e-01,6.247847080230712891e-01,7.414622232317924500e-03,6.912758201360702515e-02,6.967495679855346680e-01,7.139372825622558594e-01,-5.126911997795104980e-01,-5.540623888373374939e-02,6.154133081436157227e-01,7.272951006889343262e-01,-3.787488341331481934e-01,9.719461202621459961e-02,-3.185860216617584229e-01,3.176920488476753235e-02,-3.683249056339263916e-01,8.294240236282348633e-01,-1.172004789113998413e-01,8.950575441122055054e-02,-8.264997601509094238e-02,3.234123811125755310e-02,-1.570822298526763916e-02,3.044901788234710693e-01,1.181014060974121094e+00,-4.376479387283325195e-01,-2.344927549362182617e+00,4.687135815620422363e-01,-3.388718068599700928e-01,-3.841901421546936035e-01,2.573089301586151123e-01,-1.086878180503845215e+00,5.051555633544921875e-01,-2.355595350265502930e+00,-6.032074093818664551e-01,-2.444298118352890015e-01,1.985587626695632935e-01
1.012759134173393250e-01,5.584309697151184082e-01,6.234140396118164062e-01,3.776436904445290565e-03,6.184752285480499268e-02,6.988111734390258789e-01,7.126174569129943848e-01,-5.131007432937622070e-01,-5.741357430815696716e-02,6.302467584609985352e-01,7.300305366516113281e-01,-4.073505103588104248e-01,1.154935434460639954e-01,-3.217937946319580078e-01,3.291003406047821045e-02,-3.636591732501983643e-01,8.288799524307250977e-01,-8.560764044523239136e-02,9.401679784059524536e-02,-8.990216255187988281e-02,3.068301826715469360e-02,5.189581774175167084e-03,2.953569293022155762e-01,1.186323881149291992e+00,-4.515106976032257080e-01,-2.353999137878417969e+00,4.790753424167633057e-01,-3.584112226963043213e-01,-3.792283535003662109e-01,2.701112627983093262e-01,-1.102239608764648438e+00,5.321462154388427734e-01,-2.352298974990844727e+00,-6.406024098396301270e-01,-2.350480705499649048e-01,1.994051337242126465e-01
9.257470071315765381e-02,5.664179325103759766e-01,6.211326122283935547e-01,2.111373236402869225e-03,5.682006850838661194e-02,6.987022757530212402e-01,7.131494879722595215e-01,-5.025743842124938965e-01,-7.419614493846893311e-02,6.237999796867370605e-01,7.280674576759338379e-01,-4.581971168518066406e-01,1.547826677560806274e-01,-3.332116901874542236e-01,2.712669037282466888e-02,-3.564922809600830078e-01,8.570364117622375488e-01,-3.037230670452117920e-02,1.095902174711227417e-01,-9.879055619239807129e-02,3.720929101109504700e-02,1.447333861142396927e-02,2.787658274173736572e-01,1.196373701095581055e+00,-4.614394903182983398e-01,-2.355359792709350586e+00,4.688155055046081543e-01,-3.803380131721496582e-01,-3.722612559795379639e-01,2.743808031082153320e-01,-1.117118239402770996e+00,5.539081692695617676e-01,-2.351068019866943359e+00,-6.648826003074645996e-01,-2.357637435197830200e-01,1.945336908102035522e-01
7.612762600183486938e-02,5.698590278625488281e-01,6.210078001022338867e-01,3.117630025371909142e-03,4.918013885617256165e-02,6.965835690498352051e-01,7.157813310623168945e-01,-4.868810772895812988e-01,-9.323707222938537598e-02,6.096845865249633789e-01,7.145667076110839844e-01,-4.828180968761444092e-01,1.834064871072769165e-01,-3.532359004020690918e-01,1.370969600975513458e-02,-3.524581789970397949e-01,9.028524160385131836e-01,4.429847467690706253e-03,1.180335581302642822e-01,-1.041888818144798279e-01,4.878732562065124512e-02,2.482534013688564301e-02,2.601641714572906494e-01,1.215191602706909180e+00,-4.590967893600463867e-01,-2.355563879013061523e+00,4.541144967079162598e-01,-4.100793004035949707e-01,-3.589187860488891602e-01,2.717016041278839111e-01,-1.131511807441711426e+00,5.639766454696655273e-01,-2.351183176040649414e+00,-6.720654368400573730e-01,-2.428275644779205322e-01,1.840265840291976929e-01
6.138366088271141052e-02,5.711472034454345703e-01,6.241784095764160156e-01,3.450561314821243286e-03,4.395434632897377014e-02,6.952710151672363281e-01,7.173941135406494141e-01,-4.677886962890625000e-01,-1.128548756241798401e-01,6.012723445892333984e-01,6.840165257453918457e-01,-4.547747671604156494e-01,1.807363033294677734e-01,-3.803469836711883545e-01,1.035215985029935837e-02,-3.396537303924560547e-01,9.239796996116638184e-01,6.509045604616403580e-03,1.235269978642463684e-01,-1.185128092765808105e-01,6.099104136228561401e-02,4.137091711163520813e-02,2.461466491222381592e-01,1.230452775955200195e+00,-4.600560367107391357e-01,-2.355594635009765625e+00,4.385166764259338379e-01,-4.252604544162750244e-01,-3.638592958450317383e-01,2.586005330085754395e-01,-1.145331621170043945e+00,5.708203911781311035e-01,-2.353469133377075195e+00,-6.623352169990539551e-01,-2.395129799842834473e-01,1.890062093734741211e-01
3.844756260514259338e-02,5.656741857528686523e-01,6.287387609481811523e-01,1.052783336490392685e-03,3.867121785879135132e-02,6.941906809806823730e-01,7.187508344650268555e-01,-4.521902203559875488e-01,-1.418874412775039673e-01,5.874229669570922852e-01,6.341921091079711914e-01,-3.690938949584960938e-01,1.475850343704223633e-01,-4.033429324626922607e-01,1.441170927137136459e-02,-3.240602612495422363e-01,9.189613461494445801e-01,-1.141516957432031631e-02,1.227510720491409302e-01,-1.329823732376098633e-01,6.690332293510437012e-02,5.848082527518272400e-02,2.379669696092605591e-01,1.241988897323608398e+00,-4.692542254924774170e-01,-2.355599164962768555e+00,4.261918067932128906e-01,-4.461839497089385986e-01,-3.678141534328460693e-01,2.398727685213088989e-01,-1.146695375442504883e+00,5.786586999893188477e-01,-2.355011701583862305e+00,-6.439622640609741211e-01,-2.474960535764694214e-01,1.826981455087661743e-01
2.387467771768569946e-02,5.666695237159729004e-01,6.333107948303222656e-01,-4.917215555906295776e-03,3.392105549573898315e-02,6.899647712707519531e-01,7.230309844017028809e-01,-4.431304633617401123e-01,-1.585470139980316162e-01,5.849719047546386719e-01,5.949204564094543457e-01,-2.670938968658447266e-01,1.023232042789459229e-01,-4.217510521411895752e-01,2.599858678877353668e-02,-3.153154253959655762e-01,8.911040425300598145e-01,-5.209679156541824341e-02,1.104912459850311279e-01,-1.353715956211090088e-01,7.016126811504364014e-02,7.903782278299331665e-02,2.359099537134170532e-01,1.242576718330383301e+00,-4.891556799411773682e-01,-2.355599880218505859e+00,4.322138130664825439e-01,-4.569098949432373047e-01,-3.718192279338836670e-01,2.173483967781066895e-01,-1.137196302413940430e+00,5.954478383064270020e-01,-2.355511665344238281e+00,-6.453418731689453125e-01,-2.583775818347930908e-01,1.842354238033294678e-01
8.382093161344528198e-03,5.654384493827819824e-01,6.352159976959228516e-01,-1.464966777712106705e-02,2.564231678843498230e-02,6.814256310462951660e-01,7.312912940979003906e-01,-4.630886912345886230e-01,-1.593965440988540649e-01,5.814285874366760254e-01,6.013580560684204102e-01,-1.686291992664337158e-01,3.592285886406898499e-02,-4.374780356884002686e-01,4.385115206241607666e-02,-3.114599585533142090e-01,8.651179075241088867e-01,-1.118932515382766724e-01,8.893687278032302856e-02,-1.266263574361801147e-01,7.442750036716461182e-02,1.046040430665016174e-01,2.484572976827621460e-01,1.232340097427368164e+00,-5.100239515304565430e-01,-2.355599880218505859e+00,4.461596608161926270e-01,-4.481572806835174561e-01,-3.571400940418243408e-01,1.906070113182067871e-01,-1.123825311660766602e+00,6.177400946617126465e-01,-2.355586767196655273e+00,-6.509139537811279297e-01,-2.659749984741210938e-01,1.959087997674942017e-01
-7.153294514864683151e-03,5.609367489814758301e-01,6.346898078918457031e-01,-1.275258231908082962e-02,1.703344099223613739e-02,6.809065937995910645e-01,7.320610880851745605e-01,-4.993247687816619873e-01,-1.262384206056594849e-01,5.891399383544921875e-01,6.786796450614929199e-01,-1.280315071344375610e-01,4.183020908385515213e-03,-4.450449049472808838e-01,4.699442163109779358e-02,-3.168583214282989502e-01,8.738532066345214844e-01,-1.641687005758285522e-01,7.189375162124633789e-02,-1.199534460902214050e-01,8.553530275821685791e-02,1.139648035168647766e-01,2.625156044960021973e-01,1.241921782493591309e+00,-5.282010436058044434e-01,-2.355599880218505859e+00,4.578364491462707520e-01,-4.441950917243957520e-01,-3.435503244400024414e-01,1.677665263414382935e-01,-1.116168022155761719e+00,6.400789022445678711e-01,-2.355597972869873047e+00,-6.664059162139892578e-01,-2.756179869174957275e-01,2.125613391399383545e-01
-2.266602590680122375e-02,5.550524592399597168e-01,6.338582038879394531e-01,4.291009390726685524e-04,1.204611919820308685e-02,6.783164739608764648e-01,7.346709966659545898e-01,-5.378731489181518555e-01,-6.537739932537078857e-02,5.889509916305541992e-01,7.806796431541442871e-01,-1.313896179199218750e-01,-2.720516873523592949e-03,-4.484281837940216064e-01,1.832388527691364288e-02,-3.316620886325836182e-01,8.996673226356506348e-01,-2.197679579257965088e-01,4.085574671626091003e-02,-1.159981042146682739e-01,1.017002835869789124e-01,1.019778400659561157e-01,2.704054117202758789e-01,1.268022656440734863e+00,-5.460967421531677246e-01,-2.355600118637084961e+00,4.873171448707580566e-01,-4.470482468605041504e-01,-3.364065289497375488e-01,1.479681283235549927e-01,-1.122424244880676270e+00,6.834099292755126953e-01,-2.355599641799926758e+00,-7.154982686042785645e-01,-2.768593728542327881e-01,2.287726402282714844e-01
-3.745250403881072998e-02,5.503954291343688965e-01,6.307289600372314453e-01,4.830877762287855148e-03,1.100345142185688019e-02,6.793960332870483398e-01,7.336733341217041016e-01,-5.892872810363769531e-01,3.095665946602821350e-02,5.753127932548522949e-01,8.826796412467956543e-01,-1.965027302503585815e-01,4.430911969393491745e-03,-4.621623158454895020e-01,-1.792120747268199921e-02,-3.496303260326385498e-01,9.292873740196228027e-01,-2.826104760169982910e-01,2.917927689850330353e-02,-1.384025365114212036e-01,8.747079223394393921e-02,9.330425411462783813e-02,1.684054136276245117e-01,1.236842870712280273e+00,-6.480967402458190918e-01,-2.280448436737060547e+00,5.066355466842651367e-01,-4.296138882637023926e-01,-2.990908622741699219e-01,4.596813395619392395e-02,-1.030153512954711914e+00,7.854099273681640625e-01,-2.253599643707275391e+00,-7.622500061988830566e-01,-2.676627635955810547e-01,1.855663210153579712e-01
-5.322039872407913208e-02,5.481382608413696289e-01,6.332247257232666016e-01,1.935912668704986572e-02,1.057511195540428162e-02,6.791849136352539062e-01,7.336356043815612793e-01,-6.062511801719665527e-01,1.200867667794227600e-01,5.352876782417297363e-01,9.846796393394470215e-01,-2.589423954486846924e-01,2.250622026622295380e-02,-4.588471651077270508e-01,-5.980455502867698669e-02,-3.391272723674774170e-01,9.428954720497131348e-01,-3.130580484867095947e-01,4.280453175306320190e-02,-1.533573865890502930e-01,9.420277178287506104e-02,6.692869961261749268e-02,1.207042336463928223e-01,1.289854526519775391e+00,-7.476667761802673340e-01,-2.304233312606811523e+00,5.187972187995910645e-01,-4.321308434009552002e-01,-2.798054218292236328e-01,-5.603186786174774170e-02,-1.082016706466674805e+00,8.874099254608154297e-01,-2.280683040618896484e+00,-7.777630090713500977e-01,-2.752973437309265137e-01,1.853677332401275635e-01
-8.820610493421554565e-02,5.457656383514404297e-01,6.390627622604370117e-01,3.587915003299713135e-02,3.308508777990937233e-03,6.691148877143859863e-01,7.422850131988525391e-01,-5.887693166732788086e-01,2.089416831731796265e-01,4.800650179386138916e-01,1.086679577827453613e+00,-3.002641499042510986e-01,3.615193814039230347e-02,-4.418908953666687012e-01,-1.097336709499359131e-01,-3.192815184593200684e-01,9.444932341575622559e-01,-3.161965608596801758e-01,5.541246384382247925e-02,-1.380704492330551147e-01,1.254320591688156128e-01,4.251627251505851746e-02,2.227042317390441895e-01,1.365942001342773438e+00,-6.456667780876159668e-01,-2.347894906997680664e+00,5.355764031410217285e-01,-4.419935047626495361e-01,-2.859185039997100830e-01,1.591881178319454193e-02,-1.169302225112915039e+00,8.324379920959472656e-01,-2.344362497329711914e+00,-7.713931798934936523e-01,-2.916240692138671875e-01,2.652656733989715576e-01
-1.304216980934143066e-01,5.497497916221618652e-01,6.475654840469360352e-01,3.955885395407676697e-02,8.062415756285190582e-03,6.535795331001281738e-01,7.557803392410278320e-01,-5.710133910179138184e-01,2.915102839469909668e-01,4.254503846168518066e-01,1.091537594795227051e+00,-3.111065924167633057e-01,3.995652869343757629e-02,-4.488210678100585938e-01,-1.548489630222320557e-01,-2.820717096328735352e-01,9.291383028030395508e-01,-2.874229848384857178e-01,7.643969357013702393e-02,-1.114801466464996338e-01,1.529812216758728027e-01,2.069799602031707764e-02,2.945620417594909668e-01,1.411998391151428223e+00,-5.570397377014160156e-01,-2.354444265365600586e+00,5.720779895782470703e-01,-4.279807507991790771e-01,-2.717311382293701172e-01,7.135173678398132324e-02,-1.201387166976928711e+00,7.304379940032958984e-01,-2.353914260864257812e+00,-7.690860033035278320e-01,-3.062022626399993896e-01,2.909832000732421875e-01
-1.507576704025268555e-01,5.361254811286926270e-01,6.533101797103881836e-01,4.126489907503128052e-02,1.481919083744287491e-02,6.443990468978881836e-01,7.634313702583312988e-01,-5.363402366638183594e-01,3.447874486446380615e-01,3.790160417556762695e-01,1.029623508453369141e+00,-2.926495671272277832e-01,2.073115482926368713e-02,-4.749869704246520996e-01,-1.758196800947189331e-01,-2.367452532052993774e-01,9.186148047447204590e-01,-2.826941013336181641e-01,1.004039794206619263e-01,-1.031069010496139526e-01,1.531990021467208862e-01,7.199505809694528580e-03,3.328527212142944336e-01,1.450516104698181152e+00,-5.152512192726135254e-01,-2.355426549911499023e+00,5.895987749099731445e-01,-4.210844337940216064e-01,-2.576284110546112061e-01,8.341596275568008423e-02,-1.224329352378845215e+00,6.719937920570373535e-01,-2.355347156524658203e+00,-7.752364277839660645e-01,-3.044126331806182861e-01,3.006727695465087891e-01
-1.729244291782379150e-01,5.424243807792663574e-01,6.553509235382080078e-01,4.051632806658744812e-02,2.454734407365322113e-02,6.333878636360168457e-01,7.723830938339233398e-01,-4.915090203285217285e-01,3.613208532333374023e-01,3.389976024627685547e-01,9.419076442718505859e-01,-2.497119158506393433e-01,-1.511987205594778061e-02,-5.009359717369079590e-01,-2.083821594715118408e-01,-2.016171514987945557e-01,9.253333210945129395e-01,-2.903608977794647217e-01,1.032093092799186707e-01,-9.034115076065063477e-02,1.445677429437637329e-01,5.779285565949976444e-04,3.556736409664154053e-01,1.468427896499633789e+00,-4.896328747272491455e-01,-2.351357936859130859e+00,6.189513802528381348e-01,-4.095060825347900391e-01,-2.276485115289688110e-01,8.738662302494049072e-02,-1.231292486190795898e+00,6.329964399337768555e-01,-2.355561971664428711e+00,-7.911990284919738770e-01,-2.962955236434936523e-01,2.860502898693084717e-01
-1.968723833560943604e-01,5.289138555526733398e-01,6.511694192886352539e-01,3.715067729353904724e-02,2.443842403590679169e-02,6.280090808868408203e-01,7.769345045089721680e-01,-4.588771164417266846e-01,3.575040400028228760e-01,3.047800362110137939e-01,8.960191607475280762e-01,-2.336470633745193481e-01,-3.557435050606727600e-02,-5.318206548690795898e-01,-2.325547039508819580e-01,-1.750107258558273315e-01,9.470726251602172852e-01,-3.077869713306427002e-01,1.050516590476036072e-01,-8.108804374933242798e-02,1.447473764419555664e-01,7.460805121809244156e-03,3.595322072505950928e-01,1.474260568618774414e+00,-4.741467535495758057e-01,-2.350880861282348633e+00,6.475818157196044922e-01,-4.059414267539978027e-01,-2.125589847564697266e-01,7.831587642431259155e-02,-1.226200819015502930e+00,6.130852699279785156e-01,-2.355594396591186523e+00,-8.046994805335998535e-01,-2.909744381904602051e-01,2.817015945911407471e-01
-2.214040011167526245e-01,5.335531830787658691e-01,6.415338516235351562e-01,2.946799620985984802e-02,1.888968795537948608e-02,6.279882788658142090e-01,7.774352431297302246e-01,-4.493302404880523682e-01,3.468892574310302734e-01,2.835699319839477539e-01,9.060540199279785156e-01,-2.576220631599426270e-01,-3.481469303369522095e-02,-5.489037632942199707e-01,-2.590217292308807373e-01,-1.655014902353286743e-01,9.797435402870178223e-01,-3.145840466022491455e-01,1.081201434135437012e-01,-7.975238561630249023e-02,1.506636738777160645e-01,2.303486503660678864e-02,3.556327223777770996e-01,1.454469323158264160e+00,-4.639315903186798096e-01,-2.352952241897583008e+00,6.736527681350708008e-01,-4.062244892120361328e-01,-2.025298029184341431e-01,7.500176876783370972e-02,-1.203400373458862305e+00,6.039741635322570801e-01,-2.355599164962768555e+00,-8.111004829406738281e-01,-2.886862456798553467e-01,2.765929996967315674e-01
-2.434778660535812378e-01,5.363038778305053711e-01,6.285973787307739258e-01,2.276840433478355408e-02,1.087580714374780655e-02,6.327319145202636719e-01,7.739596962928771973e-01,-4.589074552059173584e-01,3.380201160907745361e-01,2.720184922218322754e-01,9.564805030822753906e-01,-3.138824999332427979e-01,-2.084482647478580475e-02,-5.638132095336914062e-01,-2.887393236160278320e-01,-1.646877676248550415e-01,1.025535702705383301e+00,-3.284569084644317627e-01,1.067597195506095886e-01,-8.337888121604919434e-02,1.695903539657592773e-01,3.224570676684379578e-02,3.273454308509826660e-01,1.424915671348571777e+00,-4.442787766456604004e-01,-2.355202913284301758e+00,6.877475380897521973e-01,-4.083479642868041992e-01,-2.007055729627609253e-01,7.935464382171630859e-02,-1.163134455680847168e+00,5.927131772041320801e-01,-2.355599880218505859e+00,-8.174677491188049316e-01,-2.818700969219207764e-01,2.654488384723663330e-01
-2.605118751525878906e-01,5.373091101646423340e-01,6.136738061904907227e-01,1.793884485960006714e-02,-8.940007537603378296e-04,6.380226016044616699e-01,7.698081135749816895e-01,-4.774735569953918457e-01,3.349491953849792480e-01,2.612448632717132568e-01,1.025022149085998535e+00,-3.766385912895202637e-01,-2.067779423668980598e-03,-5.742657184600830078e-01,-3.198448717594146729e-01,-1.704279035329818726e-01,1.073751926422119141e+00,-3.451031148433685303e-01,1.028997302055358887e-01,-8.890917152166366577e-02,1.905768066644668579e-01,3.278778120875358582e-02,2.961898446083068848e-01,1.399700641632080078e+00,-4.307619631290435791e-01,-2.355540275573730469e+00,6.912584304809570312e-01,-4.165864586830139160e-01,-2.029182761907577515e-01,9.778091311454772949e-02,-1.130686044692993164e+00,5.865013599395751953e-01,-2.355599880218505859e+00,-8.276534080505371094e-01,-2.719853520393371582e-01,2.455929070711135864e-01
-2.718090415000915527e-01,5.371097922325134277e-01,5.969884395599365234e-01,1.917525380849838257e-02,-1.426517590880393982e-02,6.427674293518066406e-01,7.656884789466857910e-01,-5.013612508773803711e-01,3.397687375545501709e-01,2.444197386503219604e-01,1.106525301933288574e+00,-4.593637585639953613e-01,2.374524064362049103e-02,-5.838882923126220703e-01,-3.614461719989776611e-01,-1.881044209003448486e-01,1.128697037696838379e+00,-3.712226152420043945e-01,9.629158675670623779e-02,-9.306166321039199829e-02,2.134893685579299927e-01,2.354855090379714966e-02,2.523153126239776611e-01,1.383186936378479004e+00,-4.255750477313995361e-01,-2.355591058731079102e+00,6.978506445884704590e-01,-4.257776439189910889e-01,-2.156210243701934814e-01,1.288452595472335815e-01,-1.102035403251647949e+00,5.764247775077819824e-01,-2.355599880218505859e+00,-8.439148068428039551e-01,-2.578852176666259766e-01,2.195068001747131348e-01
-2.766499519348144531e-01,5.364627838134765625e-01,5.802202224731445312e-01,2.396155707538127899e-02,-2.864606864750385284e-02,6.460095047950744629e-01,7.624152302742004395e-01,-5.229161977767944336e-01,3.517271578311920166e-01,2.229592800140380859e-01,1.183403015136718750e+00,-5.243564844131469727e-01,4.917032271623611450e-02,-5.927829742431640625e-01,-4.045800566673278809e-01,-2.089684158563613892e-01,1.185808777809143066e+00,-4.045083820819854736e-01,8.665425330400466919e-02,-9.321088343858718872e-02,2.342091202735900879e-01,1.106845866888761520e-02,1.912798881530761719e-01,1.392015814781188965e+00,-4.181813597679138184e-01,-2.355598688125610352e+00,6.870134472846984863e-01,-4.382238090038299561e-01,-2.553427517414093018e-01,1.615627259016036987e-01,-1.102948904037475586e+00,5.767450928688049316e-01,-2.355600118637084961e+00,-8.550509214401245117e-01,-2.364038974046707153e-01,2.155021876096725464e-01
-2.750672996044158936e-01,5.243900418281555176e-01,5.660206079483032227e-01,3.279050439596176147e-02,-4.170646890997886658e-02,6.465342640876770020e-01,7.610380053520202637e-01,-5.407901406288146973e-01,3.590452075004577637e-01,1.966492235660552979e-01,1.244268655776977539e+00,-5.812348127365112305e-01,6.498215347528457642e-02,-6.054440140724182129e-01,-4.380366206169128418e-01,-2.239436656236648560e-01,1.245761871337890625e+00,-4.606868624687194824e-01,7.547060400247573853e-02,-9.291629493236541748e-02,2.586684823036193848e-01,-1.151250093244016171e-03,1.237639412283897400e-01,1.412144780158996582e+00,-4.117620587348937988e-01,-2.355599880218505859e+00,6.702656149864196777e-01,-4.609695076942443848e-01,-3.005563616752624512e-01,1.847972571849822998e-01,-1.135291814804077148e+00,5.664114356040954590e-01,-2.355600118637084961e+00,-8.596092462539672852e-01,-2.224415540695190430e-01,2.264206558465957642e-01
-2.659106850624084473e-01,5.172646045684814453e-01,5.571411848068237305e-01,4.055516794323921204e-02,-4.657175764441490173e-02,6.472085714340209961e-01,7.598074674606323242e-01,-5.485768914222717285e-01,3.647784292697906494e-01,1.797065436840057373e-01,1.274288773536682129e+00,-6.058112978935241699e-01,6.877972930669784546e-02,-6.189517974853515625e-01,-4.575290083885192871e-01,-2.309242635965347290e-01,1.292140483856201172e+00,-5.058696269989013672e-01,6.267882138490676880e-02,-9.157916903495788574e-02,2.693185210227966309e-01,-1.464655436575412750e-02,8.100394159555435181e-02,1.436639189720153809e+00,-4.156653881072998047e-01,-2.355599880218505859e+00,6.517925262451171875e-01,-4.838300049304962158e-01,-3.497791588306427002e-01,2.020735293626785278e-01,-1.184553384780883789e+00,5.597083568572998047e-01,-2.355600118637084961e+00,-8.578975200653076172e-01,-2.163309603929519653e-01,2.435123622417449951e-01
-2.520054280757904053e-01,5.145164132118225098e-01,5.544135570526123047e-01,4.530597850680351257e-02,-4.418402537703514099e-02,6.452811360359191895e-01,7.613195180892944336e-01,-5.460734963417053223e-01,3.677234351634979248e-01,1.700480133295059204e-01,1.273892164230346680e+00,-6.134453415870666504e-01,6.716154515743255615e-02,-6.352323889732360840e-01,-4.647181630134582520e-01,-2.330977171659469604e-01,1.322450876235961914e+00,-5.397469997406005859e-01,5.400784313678741455e-02,-8.745867758989334106e-02,2.683904170989990234e-01,-3.103967197239398956e-02,5.529918149113655090e-02,1.465838551521301270e+00,-4.168182015419006348e-01,-2.355599880218505859e+00,6.220956444740295410e-01,-5.081573724746704102e-01,-3.920065760612487793e-01,2.135966718196868896e-01,-1.238037943840026855e+00,5.544787645339965820e-01,-2.355600118637084961e+00,-8.470396995544433594e-01,-2.159571349620819092e-01,2.583381235599517822e-01
-2.328383475542068481e-01,5.186392664909362793e-01,5.571465492248535156e-01,4.864809289574623108e-02,-3.654110431671142578e-02,6.433666944503784180e-01,7.631365656852722168e-01,-5.297747850418090820e-01,3.672149479389190674e-01,1.655114740133285522e-01,1.244061946868896484e+00,-6.115013957023620605e-01,6.522967666387557983e-02,-6.479900479316711426e-01,-4.636741280555725098e-01,-2.337108701467514038e-01,1.340182065963745117e+00,-5.652181506156921387e-01,4.525360837578773499e-02,-7.759849727153778076e-02,2.629912793636322021e-01,-5.277778580784797668e-02,4.074981063604354858e-02,1.480713725090026855e+00,-4.101679325103759766e-01,-2.355599880218505859e+00,5.880246758460998535e-01,-5.285732150077819824e-01,-3.879877030849456787e-01,2.222265899181365967e-01,-1.275754451751708984e+00,5.375672578811645508e-01,-2.355600118637084961e+00,-8.295266032218933105e-01,-2.349920719861984253e-01,2.444605976343154907e-01
-2.076595276594161987e-01,5.199048519134521484e-01,5.631890296936035156e-01,5.203920230269432068e-02,-2.567436546087265015e-02,6.403532028198242188e-01,7.658854126930236816e-01,-5.063307881355285645e-01,3.650542795658111572e-01,1.638330817222595215e-01,1.189445137977600098e+00,-5.755073428153991699e-01,5.677066743373870850e-02,-6.639057397842407227e-01,-4.529358446598052979e-01,-2.327439188957214355e-01,1.349862456321716309e+00,-5.898916125297546387e-01,3.524156659841537476e-02,-6.566945463418960571e-02,2.505525946617126465e-01,-7.606847584247589111e-02,4.293956980109214783e-02,1.487414240837097168e+00,-4.078094959259033203e-01,-2.355600118637084961e+00,5.461222529411315918e-01,-5.432648062705993652e-01,-3.652535676956176758e-01,2.261744737625122070e-01,-1.296446919441223145e+00,5.309687852859497070e-01,-2.355600118637084961e+00,-8.118485212326049805e-01,-2.580298185348510742e-01,2.313709408044815063e-01
-1.743759512901306152e-01,5.186265110969543457e-01,5.722228288650512695e-01,5.365422368049621582e-02,-9.074950590729713440e-03,6.367089152336120605e-01,7.691817879676818848e-01,-4.789462685585021973e-01,3.637885749340057373e-01,1.674080342054367065e-01,1.104753136634826660e+00,-5.077969431877136230e-01,4.128322750329971313e-02,-6.813045740127563477e-01,-4.367587864398956299e-01,-2.385629564523696899e-01,1.349999904632568359e+00,-6.284770965576171875e-01,2.188079617917537689e-02,-5.382701009511947632e-02,2.260702401399612427e-01,-1.028863266110420227e-01,6.098699197173118591e-02,1.477182030677795410e+00,-4.131602346897125244e-01,-2.355600118637084961e+00,5.097085237503051758e-01,-5.392795801162719727e-01,-3.134964406490325928e-01,2.247353047132492065e-01,-1.298946499824523926e+00,5.282177925109863281e-01,-2.355600118637084961e+00,-7.793852686882019043e-01,-2.851321995258331299e-01,2.011243253946304321e-01
-1.524134874343872070e-01,5.184748768806457520e-01,5.839010477066040039e-01,5.168946087360382080e-02,1.112732104957103729e-02,6.277286410331726074e-01,7.766345143318176270e-01,-4.469574689865112305e-01,3.521695435047149658e-01,1.722914278507232666e-01,1.011719107627868652e+00,-4.524244666099548340e-01,2.743442729115486145e-02,-7.029805779457092285e-01,-4.196084141731262207e-01,-2.424881458282470703e-01,1.333773970603942871e+00,-6.427118778228759766e-01,4.962828941643238068e-03,-3.795551881194114685e-02,1.983590126037597656e-01,-1.303875744342803955e-01,9.687656909227371216e-02,1.452795743942260742e+00,-4.106540083885192871e-01,-2.355600118637084961e+00,4.712392985820770264e-01,-5.417593121528625488e-01,-2.341017425060272217e-01,2.046857774257659912e-01,-1.278857588768005371e+00,5.337775349617004395e-01,-2.355600118637084961e+00,-7.545703053474426270e-01,-3.246071636676788330e-01,1.618226319551467896e-01
-1.268853694200515747e-01,5.179964900016784668e-01,5.971384048461914062e-01,4.965270683169364929e-02,2.793839201331138611e-02,6.246727108955383301e-01,7.788055539131164551e-01,-4.205343425273895264e-01,3.627315759658813477e-01,2.015555948019027710e-01,9.116070270538330078e-01,-3.504244685173034668e-01,2.318208664655685425e-02,-7.071276307106018066e-01,-3.932151198387145996e-01,-2.521736025810241699e-01,1.304185748100280762e+00,-6.661562323570251465e-01,-3.289127722382545471e-02,-2.700795233249664307e-02,1.661229431629180908e-01,-1.521980017423629761e-01,1.417936384677886963e-01,1.430065631866455078e+00,-4.187210202217102051e-01,-2.355600118637084961e+00,4.270102977752685547e-01,-5.390164852142333984e-01,-1.462244540452957153e-01,1.880200356245040894e-01,-1.248567104339599609e+00,5.479984879493713379e-01,-2.355600118637084961e+00,-7.441254258155822754e-01,-3.571634888648986816e-01,1.159828454256057739e-01
-1.037161126732826233e-01,5.170102119445800781e-01,6.085585355758666992e-01,4.726863279938697815e-02,3.609944507479667664e-02,6.169643998146057129e-01,7.847403883934020996e-01,-4.105395376682281494e-01,3.624522686004638672e-01,2.243196815252304077e-01,8.905226588249206543e-01,-2.809700369834899902e-01,4.733038693666458130e-02,-7.014687657356262207e-01,-3.541273474693298340e-01,-2.594302296638488770e-01,1.268965482711791992e+00,-6.804222464561462402e-01,-6.667620688676834106e-02,-1.121450029313564301e-02,1.447451263666152954e-01,-1.606404334306716919e-01,1.823317557573318481e-01,1.415887117385864258e+00,-4.298608899116516113e-01,-2.355600118637084961e+00,4.120719730854034424e-01,-5.238862037658691406e-01,-8.750721067190170288e-02,1.683630645275115967e-01,-1.224385261535644531e+00,5.735741853713989258e-01,-2.355600118637084961e+00,-7.520160079002380371e-01,-3.692979216575622559e-01,1.015160232782363892e-01
-8.419822156429290771e-02,5.147000551223754883e-01,6.160959005355834961e-01,4.205486178398132324e-02,3.628580272197723389e-02,6.202344894409179688e-01,7.824473381042480469e-01,-4.221810400485992432e-01,3.597161769866943359e-01,2.614420354366302490e-01,9.640421271324157715e-01,-2.807812690734863281e-01,7.923009246587753296e-02,-6.793543100357055664e-01,-3.177425265312194824e-01,-2.844043672084808350e-01,1.234537601470947266e+00,-6.730518341064453125e-01,-8.071653544902801514e-02,6.769887841073796153e-05,1.306236386299133301e-01,-1.525373756885528564e-01,2.072046697139739990e-01,1.411896824836730957e+00,-4.491320550441741943e-01,-2.354408979415893555e+00,4.251836836338043213e-01,-5.096458196640014648e-01,-9.971211850643157959e-02,1.580064892768859863e-01,-1.207212090492248535e+00,5.956230163574218750e-01,-2.355600118637084961e+00,-7.595459818840026855e-01,-3.608703911304473877e-01,1.292499452829360962e-01
-6.801366806030273438e-02,5.118758082389831543e-01,6.203953027725219727e-01,2.783658169209957123e-02,2.662200108170509338e-02,6.262513399124145508e-01,7.786691784858703613e-01,-4.421674609184265137e-01,3.431193232536315918e-01,3.028856217861175537e-01,1.066042184829711914e+00,-2.851468026638031006e-01,1.082734987139701843e-01,-6.447139978408813477e-01,-2.678620517253875732e-01,-3.302394747734069824e-01,1.188605666160583496e+00,-6.344747543334960938e-01,-8.844254165887832642e-02,1.256504328921437263e-04,1.130135953426361084e-01,-1.166057884693145752e-01,2.363683283329010010e-01,1.401161074638366699e+00,-4.744791984558105469e-01,-2.350601196289062500e+00,4.695767164230346680e-01,-4.918507635593414307e-01,-1.487209498882293701e-01,1.527558267116546631e-01,-1.201000571250915527e+00,6.049687862396240234e-01,-2.355600118637084961e+00,-7.556359767913818359e-01,-3.367731571197509766e-01,1.764126867055892944e-01
-5.281902849674224854e-02,5.103265643119812012e-01,6.239604949951171875e-01,9.054340422153472900e-03,1.591457985341548920e-02,6.298797726631164551e-01,7.764768004417419434e-01,-4.461461603641510010e-01,2.823143303394317627e-01,3.469961583614349365e-01,1.168042182922363281e+00,-2.454952448606491089e-01,1.027997881174087524e-01,-6.117265820503234863e-01,-2.084654569625854492e-01,-3.787072002887725830e-01,1.133635282516479492e+00,-5.829871892929077148e-01,-9.447108954191207886e-02,7.973235915414988995e-04,9.308109432458877563e-02,-7.223925739526748657e-02,2.644660472869873047e-01,1.379972696304321289e+00,-4.909801185131072998e-01,-2.340342044830322266e+00,5.161011815071105957e-01,-4.682523310184478760e-01,-2.051702737808227539e-01,1.555798947811126709e-01,-1.195670366287231445e+00,6.173235177993774414e-01,-2.355600118637084961e+00,-7.622545361518859863e-01,-3.070597648620605469e-01,2.238299399614334106e-01
-3.870855644345283508e-02,5.095107555389404297e-01,6.270954608917236328e-01,-1.214467361569404602e-02,4.559655208140611649e-03,6.300544738769531250e-01,7.764425277709960938e-01,-4.275989234447479248e-01,1.898429095745086670e-01,3.926451504230499268e-01,1.225580215454101562e+00,-1.912125498056411743e-01,7.379294186830520630e-02,-5.838343501091003418e-01,-1.519073098897933960e-01,-4.349082112312316895e-01,1.078372836112976074e+00,-5.109975934028625488e-01,-8.502428233623504639e-02,4.930934403091669083e-03,7.483532279729843140e-02,-2.560117840766906738e-02,2.757230401039123535e-01,1.368934154510498047e+00,-4.976572096347808838e-01,-2.340201616287231445e+00,5.447141528129577637e-01,-4.518244862556457520e-01,-2.631942033767700195e-01,1.610303819179534912e-01,-1.188863754272460938e+00,6.298939585685729980e-01,-2.355600118637084961e+00,-7.894211411476135254e-01,-2.765444219112396240e-01,2.584639489650726318e-01
-2.658012509346008301e-02,5.075420737266540527e-01,6.320163011550903320e-01,-3.460025414824485779e-02,1.620988477952778339e-03,6.258190274238586426e-01,7.791987657546997070e-01,-3.896270394325256348e-01,9.788163751363754272e-02,4.417276084423065186e-01,1.183219552040100098e+00,-1.421526819467544556e-01,3.531714901328086853e-02,-5.699341297149658203e-01,-1.075894534587860107e-01,-4.942592978477478027e-01,1.024155259132385254e+00,-4.540133774280548096e-01,-6.308858841657638550e-02,5.884146317839622498e-03,4.858978465199470520e-02,1.735738106071949005e-02,2.879267334938049316e-01,1.346720576286315918e+00,-5.005238056182861328e-01,-2.341315507888793945e+00,5.441426634788513184e-01,-4.402803480625152588e-01,-3.030746281147003174e-01,1.708790361881256104e-01,-1.172996044158935547e+00,6.302200555801391602e-01,-2.355600118637084961e+00,-8.031564950942993164e-01,-2.497082352638244629e-01,2.625610530376434326e-01
-1.634196750819683075e-02,5.011607408523559570e-01,6.372282505035400391e-01,-5.592830851674079895e-02,8.864409290254116058e-03,6.196202635765075684e-01,7.828564643859863281e-01,-3.717969655990600586e-01,9.835612028837203979e-03,4.721452593803405762e-01,1.084491491317749023e+00,-1.286893039941787720e-01,6.573336198925971985e-03,-5.779485106468200684e-01,-7.999470084905624390e-02,-5.538285374641418457e-01,9.782027006149291992e-01,-4.074841439723968506e-01,-3.038077428936958313e-02,-1.359075889922678471e-03,-8.416840806603431702e-03,4.011582955718040466e-02,1.859267204999923706e-01,1.265346288681030273e+00,-6.025238037109375000e-01,-2.255668640136718750e+00,5.069002509117126465e-01,-4.316672384738922119e-01,-3.143660724163055420e-01,6.887903064489364624e-02,-1.070996046066284180e+00,7.322200536727905273e-01,-2.253599882125854492e+00,-7.713804841041564941e-01,-2.209908515214920044e-01,2.015319466590881348e-01
-7.746190298348665237e-03,4.909419715404510498e-01,6.435163021087646484e-01,-6.177706643939018250e-02,5.383053794503211975e-03,6.146631240844726562e-01,7.863484621047973633e-01,-3.437101244926452637e-01,-5.694396048784255981e-02,4.568538963794708252e-01,9.824914336204528809e-01,-1.607669442892074585e-01,4.382583778351545334e-03,-5.685566663742065430e-01,-5.266579240560531616e-02,-5.867512822151184082e-01,9.279684424400329590e-01,-3.296333253383636475e-01,5.112303886562585831e-03,-2.283074427396059036e-03,-2.250898256897926331e-02,5.550453811883926392e-02,8.392672240734100342e-02,1.227662920951843262e+00,-7.045238018035888672e-01,-2.223851442337036133e+00,4.659134149551391602e-01,-4.313281178474426270e-01,-3.044882416725158691e-01,-3.312097117304801941e-02,-9.761447310447692871e-01,8.342200517654418945e-01,-2.165271043777465820e+00,-7.265346646308898926e-01,-2.138624489307403564e-01,1.740709096193313599e-01
1.083076131180860102e-04,4.793761074542999268e-01,6.492669582366943359e-01,-5.993818491697311401e-02,1.178040285594761372e-03,6.127712726593017578e-01,7.879831194877624512e-01,-3.187330067157745361e-01,-1.150024458765983582e-01,4.225375652313232422e-01,8.804914355278015137e-01,-2.349488437175750732e-01,3.099000267684459686e-02,-5.581860542297363281e-01,-3.228098526597023010e-02,-5.937509536743164062e-01,8.872676491737365723e-01,-2.276333272457122803e-01,4.575664922595024109e-02,-1.168484450317919254e-03,-1.555469073355197906e-02,6.023289263248443604e-02,1.859267204999923706e-01,1.267487764358520508e+00,-6.025238037109375000e-01,-2.310247182846069336e+00,4.522279798984527588e-01,-4.280743896961212158e-01,-3.051280081272125244e-01,6.887903064489364624e-02,-1.069064021110534668e+00,7.322200536727905273e-01,-2.267271041870117188e+00,-6.867554783821105957e-01,-2.086581736803054810e-01,1.745075285434722900e-01
7.615115959197282791e-03,4.674859642982482910e-01,6.548993587493896484e-01,-5.785514786839485168e-02,3.791781840845942497e-03,6.085419058799743652e-01,7.914007902145385742e-01,-3.042633533477783203e-01,-1.490461677312850952e-01,3.893312215805053711e-01,7.850519418716430664e-01,-2.919382452964782715e-01,7.154934853315353394e-02,-5.617709159851074219e-01,-1.978862471878528595e-02,-5.754944682121276855e-01,8.563512563705444336e-01,-1.355270445346832275e-01,8.322547376155853271e-02,-2.680643927305936813e-03,-2.948830602690577507e-03,4.905731230974197388e-02,2.560428082942962646e-01,1.271059632301330566e+00,-5.113075971603393555e-01,-2.342447042465209961e+00,4.285914301872253418e-01,-4.311668574810028076e-01,-3.004136085510253906e-01,1.708790361881256104e-01,-1.085229516029357910e+00,6.302200555801391602e-01,-2.342350482940673828e+00,-6.620346903800964355e-01,-2.145245671272277832e-01,1.678493767976760864e-01
1.582365296781063080e-02,4.573320746421813965e-01,6.584041118621826172e-01,-5.273609980940818787e-02,8.041039109230041504e-03,6.040322780609130859e-01,7.951724529266357422e-01,-3.002026975154876709e-01,-1.665967106819152832e-01,3.711583316326141357e-01,7.525048255920410156e-01,-3.391822874546051025e-01,1.022154390811920166e-01,-5.728793740272521973e-01,-1.671296544373035431e-02,-5.718174576759338379e-01,8.413324356079101562e-01,-1.005708128213882446e-01,9.072402119636535645e-02,3.462151857092976570e-03,1.430618809536099434e-03,3.028549440205097198e-02,2.820779383182525635e-01,1.268412828445434570e+00,-4.807794690132141113e-01,-2.350165128707885742e+00,4.175462722778320312e-01,-4.341264069080352783e-01,-3.087359368801116943e-01,2.078383266925811768e-01,-1.090099453926086426e+00,5.712656974792480469e-01,-2.353612661361694336e+00,-6.355426907539367676e-01,-2.231765687465667725e-01,1.679737269878387451e-01
2.209523878991603851e-02,4.514202773571014404e-01,6.603367328643798828e-01,-5.117059871554374695e-02,1.482834946364164352e-02,5.987033843994140625e-01,7.991970777511596680e-01,-3.039718568325042725e-01,-1.803818941116333008e-01,3.485919833183288574e-01,7.437915205955505371e-01,-3.309715092182159424e-01,9.684717655181884766e-02,-5.870178937911987305e-01,-4.778982256539165974e-04,-5.648549199104309082e-01,8.122546076774597168e-01,-9.570132195949554443e-02,9.306147694587707520e-02,1.622881926596164703e-02,3.353491891175508499e-03,1.581216789782047272e-02,3.089786767959594727e-01,1.267187356948852539e+00,-4.776992201805114746e-01,-2.347496747970581055e+00,4.295945167541503906e-01,-4.348658919334411621e-01,-3.289488255977630615e-01,2.019844502210617065e-01,-1.098577976226806641e+00,5.718347430229187012e-01,-2.355301856994628906e+00,-6.345533132553100586e-01,-2.273842096328735352e-01,1.876564025878906250e-01
2.556030452251434326e-02,4.505221247673034668e-01,6.600857973098754883e-01,-5.516535416245460510e-02,2.380937337875366211e-02,5.942882895469665527e-01,8.020045757293701172e-01,-3.174087703227996826e-01,-1.775319129228591919e-01,3.411822021007537842e-01,7.598298192024230957e-01,-2.387985587120056152e-01,4.914491996169090271e-02,-5.910699963569641113e-01,2.775120362639427185e-02,-5.576232075691223145e-01,7.826409935951232910e-01,-1.281448155641555786e-01,8.468120545148849487e-02,3.331708163022994995e-02,-9.784273570403456688e-04,1.327441819012165070e-02,3.301310837268829346e-01,1.270527243614196777e+00,-4.796639978885650635e-01,-2.344012498855590820e+00,4.332523345947265625e-01,-4.363548159599304199e-01,-3.385156393051147461e-01,1.933741867542266846e-01,-1.104765892028808594e+00,5.944152474403381348e-01,-2.355555295944213867e+00,-6.519875526428222656e-01,-2.297013103961944580e-01,1.939175724983215332e-01
2.625518664717674255e-02,4.534463882446289062e-01,6.615426540374755859e-01,-5.041583254933357239e-02,3.387353196740150452e-02,5.914816260337829590e-01,8.040275573730468750e-01,-3.318619430065155029e-01,-1.607958525419235229e-01,3.477058410644531250e-01,7.712246775627136230e-01,-1.834525465965270996e-01,3.904328122735023499e-02,-5.815345048904418945e-01,4.564252123236656189e-02,-5.385841131210327148e-01,7.555153965950012207e-01,-1.443269550800323486e-01,7.528321444988250732e-02,5.063893646001815796e-02,-8.132249116897583008e-03,4.283629823476076126e-03,3.423947691917419434e-01,1.282283186912536621e+00,-4.792207777500152588e-01,-2.337451934814453125e+00,4.423704743385314941e-01,-4.342997670173645020e-01,-3.344511985778808594e-01,1.940032839775085449e-01,-1.121120452880859375e+00,6.080982089042663574e-01,-2.355593204498291016e+00,-6.578512191772460938e-01,-2.336822897195816040e-01,1.911887973546981812e-01
2.621952816843986511e-02,4.576210379600524902e-01,6.638243198394775391e-01,-4.401758685708045959e-02,3.856711834669113159e-02,5.898514986038208008e-01,8.053882718086242676e-01,-3.607156574726104736e-01,-1.362969577312469482e-01,3.644419312477111816e-01,7.999190688133239746e-01,-1.680739820003509521e-01,3.754278644919395447e-02,-5.639459490776062012e-01,5.350565165281295776e-02,-5.223022699356079102e-01,7.420220375061035156e-01,-1.557220965623855591e-01,6.497334688901901245e-02,6.249493733048439026e-02,-7.628020364791154861e-03,-1.016018912196159363e-02,3.447143137454986572e-01,1.294901132583618164e+00,-4.738680124282836914e-01,-2.333004951477050781e+00,4.427933394908905029e-01,-4.270569980144500732e-01,-3.451813757419586182e-01,2.060177773237228394e-01,-1.140711665153503418e+00,6.160554885864257812e-01,-2.355598926544189453e+00,-6.699270606040954590e-01,-2.279556542634963989e-01,1.990586817264556885e-01
2.840504609048366547e-02,4.614521861076354980e-01,6.675955057144165039e-01,-3.260521590709686279e-02,4.737266525626182556e-02,5.871853232383728027e-01,8.074070215225219727e-01,-3.929920494556427002e-01,-1.291718930006027222e-01,3.693912625312805176e-01,7.867894172668457031e-01,-2.038669884204864502e-01,4.222156479954719543e-02,-5.401997566223144531e-01,4.596677049994468689e-02,-5.218214392662048340e-01,7.360472679138183594e-01,-1.442131996154785156e-01,7.333357632160186768e-02,7.785350084304809570e-02,-6.823109462857246399e-03,-3.411604464054107666e-02,3.420968353748321533e-01,1.298679232597351074e+00,-4.574833214282989502e-01,-2.319590330123901367e+00,4.322627484798431396e-01,-4.281757771968841553e-01,-3.467909097671508789e-01,2.263021320104598999e-01,-1.152067899703979492e+00,6.026660799980163574e-01,-2.355599880218505859e+00,-6.729387640953063965e-01,-2.287848889827728271e-01,1.977295577526092529e-01
3.387901559472084045e-02,4.632427990436553955e-01,6.724131107330322266e-01,-1.892428658902645111e-02,5.767592787742614746e-02,5.845624208450317383e-01,8.090748190879821777e-01,-4.129185676574707031e-01,-1.431200504302978516e-01,3.535432219505310059e-01,7.285627126693725586e-01,-2.593041360378265381e-01,5.732249096035957336e-02,-5.107102990150451660e-01,3.180363029241561890e-02,-5.276347994804382324e-01,7.325921058654785156e-01,-9.964324533939361572e-02,1.028129607439041138e-01,8.959242701530456543e-02,-4.272167570888996124e-03,-6.571583449840545654e-02,3.403776884078979492e-01,1.296720147132873535e+00,-4.418995678424835205e-01,-2.303291320800781250e+00,4.136310219764709473e-01,-4.347181916236877441e-01,-3.351703286170959473e-01,2.546470165252685547e-01,-1.163539409637451172e+00,5.661157369613647461e-01,-2.355599880218505859e+00,-6.584752202033996582e-01,-2.369236350059509277e-01,1.776386052370071411e-01
4.273880273103713989e-02,4.622817039489746094e-01,6.762496232986450195e-01,-2.856750041246414185e-03,6.294288486242294312e-02,5.852446556091308594e-01,8.084050416946411133e-01,-4.103193283081054688e-01,-1.559838354587554932e-01,3.302790522575378418e-01,6.556522846221923828e-01,-2.796059250831604004e-01,7.969147711992263794e-02,-4.814232289791107178e-01,7.922380231320858002e-03,-5.290465950965881348e-01,7.577737569808959961e-01,-3.810576722025871277e-02,1.277889460325241089e-01,8.893704414367675781e-02,1.223899424076080322e-03,-1.006854102015495300e-01,3.358856737613677979e-01,1.293191909790039062e+00,-4.320375025272369385e-01,-2.289841175079345703e+00,3.992518484592437744e-01,-4.417072236537933350e-01,-3.064074218273162842e-01,2.860557138919830322e-01,-1.169781208038330078e+00,5.341274738311767578e-01,-2.355599880218505859e+00,-6.411820054054260254e-01,-2.536947727203369141e-01,1.360295861959457397e-01
5.481646582484245300e-02,4.599129855632781982e-01,6.752451658248901367e-01,7.672654930502176285e-03,5.808030441403388977e-02,5.902943015098571777e-01,8.050593137741088867e-01,-4.012037217617034912e-01,-1.426831781864166260e-01,3.191461563110351562e-01,6.450573205947875977e-01,-2.907944619655609131e-01,1.000182330608367920e-01,-4.679866433143615723e-01,-2.409623004496097565e-02,-5.312235355377197266e-01,8.256439566612243652e-01,7.986157201230525970e-03,1.421844065189361572e-01,7.834736257791519165e-02,7.021572440862655640e-03,-1.230140998959541321e-01,3.304761946201324463e-01,1.275094389915466309e+00,-4.289103746414184570e-01,-2.268586397171020508e+00,4.040242433547973633e-01,-4.316413104534149170e-01,-2.949804663658142090e-01,3.191188275814056396e-01,-1.150549650192260742e+00,5.147550702095031738e-01,-2.339478969573974609e+00,-6.405116915702819824e-01,-2.578829228878021240e-01,1.152360886335372925e-01
6.929310411214828491e-02,4.560967981815338135e-01,6.712186336517333984e-01,9.478112682700157166e-03,4.445870965719223022e-02,5.970383286476135254e-01,8.009237051010131836e-01,-3.958112597465515137e-01,-1.032225191593170166e-01,3.077479004859924316e-01,6.984156370162963867e-01,-3.272435963153839111e-01,1.294311285018920898e-01,-4.725994765758514404e-01,-6.998343020677566528e-02,-5.306943655014038086e-01,9.276439547538757324e-01,3.803476318717002869e-02,1.585945934057235718e-01,7.130237668752670288e-02,1.803245581686496735e-02,-1.267947405576705933e-01,3.107959926128387451e-01,1.250411629676818848e+00,-4.295172989368438721e-01,-2.257928848266601562e+00,4.391800165176391602e-01,-4.136881232261657715e-01,-2.872734963893890381e-01,3.445127904415130615e-01,-1.110888242721557617e+00,5.151774287223815918e-01,-2.312356710433959961e+00,-6.708306670188903809e-01,-2.578484117984771729e-01,1.113740727305412292e-01
8.512352406978607178e-02,4.509284794330596924e-01,6.659575700759887695e-01,8.257322013378143311e-03,2.514962293207645416e-02,6.064980626106262207e-01,7.946441769599914551e-01,-4.016712009906768799e-01,-4.520976170897483826e-02,3.026218414306640625e-01,7.756088972091674805e-01,-3.598539233207702637e-01,1.384830474853515625e-01,-4.785942435264587402e-01,-1.287557929754257202e-01,-5.270021557807922363e-01,1.029643893241882324e+00,2.688233926892280579e-02,1.649256199598312378e-01,5.827229842543601990e-02,3.370719775557518005e-02,-1.145729869604110718e-01,2.846501171588897705e-01,1.231578707695007324e+00,-4.378221631050109863e-01,-2.249005079269409180e+00,4.898265004158020020e-01,-3.903189003467559814e-01,-2.950964868068695068e-01,3.625931441783905029e-01,-1.063232064247131348e+00,5.134406685829162598e-01,-2.280380010604858398e+00,-7.107293009757995605e-01,-2.549807429313659668e-01,1.172819063067436218e-01
1.016609072685241699e-01,4.457921385765075684e-01,6.603279113769531250e-01,5.714292172342538834e-03,4.593561403453350067e-03,6.211995482444763184e-01,7.836180925369262695e-01,-4.118987023830413818e-01,1.993722468614578247e-02,2.953722774982452393e-01,8.501777052879333496e-01,-3.793165981769561768e-01,1.268753260374069214e-01,-4.879626035690307617e-01,-1.957682222127914429e-01,-5.053325891494750977e-01,1.098739743232727051e+00,-1.552791241556406021e-02,1.593431532382965088e-01,3.186718374490737915e-02,4.937075451016426086e-02,-9.275557845830917358e-02,2.529914975166320801e-01,1.235839843750000000e+00,-4.458077847957611084e-01,-2.255117654800415039e+00,5.370437502861022949e-01,-3.663380444049835205e-01,-3.150154948234558105e-01,3.740219771862030029e-01,-1.024419426918029785e+00,5.172815322875976562e-01,-2.253527879714965820e+00,-7.588165998458862305e-01,-2.414976060390472412e-01,1.240778192877769470e-01
1.173166632652282715e-01,4.412102401256561279e-01,6.555199623107910156e-01,8.374514873139560223e-04,-1.298236940056085587e-02,6.349377036094665527e-01,7.724537849426269531e-01,-4.301036000251770020e-01,8.159373700618743896e-02,2.688132226467132568e-01,9.155899882316589355e-01,-3.947865664958953857e-01,1.019786149263381958e-01,-4.958674907684326172e-01,-2.667944729328155518e-01,-4.619007110595703125e-01,1.118376851081848145e+00,-7.126622647047042847e-02,1.464636921882629395e-01,-1.313446206040680408e-03,6.663553416728973389e-02,-6.683691591024398804e-02,2.284617573022842407e-01,1.255583286285400391e+00,-4.511367678642272949e-01,-2.269394397735595703e+00,5.827891826629638672e-01,-3.484950959682464600e-01,-3.296113908290863037e-01,3.758229911327362061e-01,-1.001560211181640625e+00,5.315625071525573730e-01,-2.229454040527343750e+00,-8.222326040267944336e-01,-2.178350389003753662e-01,1.290679872035980225e-01
1.313007771968841553e-01,4.369444847106933594e-01,6.513922214508056641e-01,-3.053584136068820953e-03,-2.508156560361385345e-02,6.485530138015747070e-01,7.607499957084655762e-01,-4.582017660140991211e-01,1.297485679388046265e-01,2.166195064783096313e-01,9.720954895019531250e-01,-4.121382236480712891e-01,7.232292741537094116e-02,-4.969871640205383301e-01,-3.340538144111633301e-01,-4.153967499732971191e-01,1.091421484947204590e+00,-1.176983416080474854e-01,1.354113519191741943e-01,-3.070318512618541718e-02,9.430734813213348389e-02,-3.895875066518783569e-02,2.037267088890075684e-01,1.274382472038269043e+00,-4.630592167377471924e-01,-2.286371707916259766e+00,6.771382689476013184e-01,-3.259242773056030273e-01,-3.338022828102111816e-01,3.687785863876342773e-01,-9.836086630821228027e-01,5.398952364921569824e-01,-2.209792852401733398e+00,-9.017548561096191406e-01,-1.870129704475402832e-01,1.268099546432495117e-01
1.450529396533966064e-01,4.336434006690979004e-01,6.487853527069091797e-01,-7.569454144686460495e-03,-3.336600586771965027e-02,6.617243289947509766e-01,7.489661574363708496e-01,-4.870229363441467285e-01,1.614787578582763672e-01,1.514983028173446655e-01,1.009250402450561523e+00,-4.329872429370880127e-01,5.406086146831512451e-02,-4.845976829528808594e-01,-3.801176846027374268e-01,-3.731922805309295654e-01,1.006698608398437500e+00,-1.186673864722251892e-01,1.455864161252975464e-01,-5.597103014588356018e-02,1.169078499078750610e-01,-1.493841502815485001e-02,1.873644888401031494e-01,1.291260361671447754e+00,-4.723614156246185303e-01,-2.290842294692993164e+00,7.791382670402526855e-01,-3.096759915351867676e-01,-3.256250321865081787e-01,3.595551550388336182e-01,-9.709528684616088867e-01,5.351456403732299805e-01,-2.183481693267822266e+00,-9.597256779670715332e-01,-1.620114594697952271e-01,1.144225820899009705e-01
1.612631976604461670e-01,4.311319887638092041e-01,6.475726366043090820e-01,-1.319120638072490692e-02,-3.899902477860450745e-02,6.706927418708801270e-01,7.405918836593627930e-01,-5.072922706604003906e-01,1.854799985885620117e-01,8.772460371255874634e-02,1.020054221153259277e+00,-4.412846863269805908e-01,3.022991679608821869e-02,-4.617055952548980713e-01,-3.845412433147430420e-01,-3.329660594463348389e-01,9.046986699104309082e-01,-7.359594106674194336e-02,1.877997666597366333e-01,-7.230316102504730225e-02,1.307684034109115601e-01,6.932246498763561249e-03,1.858892887830734253e-01,1.308414936065673828e+00,-4.609085023403167725e-01,-2.290459632873535156e+00,8.336916565895080566e-01,-3.156919181346893311e-01,-3.068360388278961182e-01,3.581227064132690430e-01,-9.742548465728759766e-01,5.257389545440673828e-01,-2.163777589797973633e+00,-9.842878580093383789e-01,-1.501035094261169434e-01,1.015657112002372742e-01
1.810849159955978394e-01,4.304140508174896240e-01,6.423729658126831055e-01,-1.563264243304729462e-02,-3.994732350111007690e-02,6.754743456840515137e-01,7.361346483230590820e-01,-5.214060544967651367e-01,2.085220068693161011e-01,3.590250015258789062e-02,1.023947715759277344e+00,-4.384135603904724121e-01,1.414250489324331284e-02,-4.439623653888702393e-01,-3.714561462402343750e-01,-2.894453704357147217e-01,8.026986122131347656e-01,-3.802870959043502808e-02,2.219560444355010986e-01,-7.747762650251388550e-02,1.321589350700378418e-01,8.393985219299793243e-03,1.946563571691513062e-01,1.311609148979187012e+00,-4.472265243530273438e-01,-2.286849498748779297e+00,8.393325805664062500e-01,-3.247320055961608887e-01,-3.046692907810211182e-01,3.708809912204742432e-01,-9.754349589347839355e-01,5.183594226837158203e-01,-2.150673627853393555e+00,-9.917651414871215820e-01,-1.458231210708618164e-01,1.003258079290390015e-01
2.046681642532348633e-01,4.313800632953643799e-01,6.300386190414428711e-01,-1.212712470442056656e-02,-3.665543347597122192e-02,6.746907234191894531e-01,7.370900511741638184e-01,-5.310866832733154297e-01,2.316662818193435669e-01,2.959809266030788422e-03,1.043638706207275391e+00,-4.395396113395690918e-01,8.422999642789363861e-03,-4.445603489875793457e-01,-3.667823076248168945e-01,-2.492938339710235596e-01,7.777550220489501953e-01,-4.886040836572647095e-02,2.253781557083129883e-01,-7.692570239305496216e-02,1.291733086109161377e-01,-1.695424690842628479e-02,2.090795040130615234e-01,1.304042458534240723e+00,-4.372102022171020508e-01,-2.293962955474853516e+00,8.335419893264770508e-01,-3.366159498691558838e-01,-3.030794858932495117e-01,3.852692842483520508e-01,-9.662996530532836914e-01,5.117970108985900879e-01,-2.138467550277709961e+00,-9.830420613288879395e-01,-1.523902863264083862e-01,9.220662713050842285e-02
2.287807613611221313e-01,4.326528310775756836e-01,6.146441698074340820e-01,-5.013629328459501266e-03,-3.281117230653762817e-02,6.727718710899353027e-01,7.391051054000854492e-01,-5.397159457206726074e-01,2.587712407112121582e-01,-1.310513075441122055e-02,1.072230815887451172e+00,-4.479487240314483643e-01,8.051042445003986359e-03,-4.559578001499176025e-01,-3.657494783401489258e-01,-2.227205485105514526e-01,8.297159075736999512e-01,-1.129053309559822083e-01,2.007348537445068359e-01,-7.200671732425689697e-02,1.251305490732192993e-01,-5.573302879929542542e-02,2.162094265222549438e-01,1.282871961593627930e+00,-4.266713261604309082e-01,-2.298289299011230469e+00,8.213840126991271973e-01,-3.473467826843261719e-01,-2.951000034809112549e-01,4.077515006065368652e-01,-9.483677744865417480e-01,5.090119242668151855e-01,-2.124904870986938477e+00,-9.740270376205444336e-01,-1.626220494508743286e-01,8.050241321325302124e-02
2.503837347030639648e-01,4.335278570652008057e-01,5.979212522506713867e-01,7.319881115108728409e-03,-2.906433306634426117e-02,6.682895421981811523e-01,7.432972192764282227e-01,-5.464808940887451172e-01,2.867220044136047363e-01,-1.623331941664218903e-02,1.108528017997741699e+00,-4.774259030818939209e-01,1.642446219921112061e-02,-4.918298423290252686e-01,-3.718131780624389648e-01,-1.957019716501235962e-01,9.317159056663513184e-01,-2.149053364992141724e-01,1.502179950475692749e-01,-6.357738375663757324e-02,1.261060684919357300e-01,-1.048421785235404968e-01,2.151884585618972778e-01,1.247593641281127930e+00,-4.052667021751403809e-01,-2.302171707153320312e+00,7.920142412185668945e-01,-3.684527873992919922e-01,-2.773068547248840332e-01,4.375553429126739502e-01,-9.316208362579345703e-01,5.136175751686096191e-01,-2.115181446075439453e+00,-9.628518819808959961e-01,-1.751696467399597168e-01,6.187320128083229065e-02
2.665033340454101562e-01,4.341320395469665527e-01,5.815807580947875977e-01,2.140164189040660858e-02,-2.353613078594207764e-02,6.647842526435852051e-01,7.463577985763549805e-01,-5.536585450172424316e-01,3.070442378520965576e-01,-5.629611201584339142e-03,1.148092627525329590e+00,-5.249696373939514160e-01,3.093408420681953430e-02,-5.376086235046386719e-01,-3.876955807209014893e-01,-1.649012863636016846e-01,1.033715963363647461e+00,-3.169053196907043457e-01,1.014989241957664490e-01,-5.291651561856269836e-02,1.263544261455535889e-01,-1.562472134828567505e-01,1.983403414487838745e-01,1.227216720581054688e+00,-3.708322048187255859e-01,-2.294288873672485352e+00,7.368001937866210938e-01,-3.875531852245330811e-01,-2.506464421749114990e-01,4.651510417461395264e-01,-9.146388173103332520e-01,5.094145536422729492e-01,-2.109098672866821289e+00,-9.495097994804382324e-01,-1.910396516323089600e-01,4.094137251377105713e-02
2.908439934253692627e-01,4.413422346115112305e-01,5.657101869583129883e-01,3.588584437966346741e-02,-1.338754035532474518e-02,6.598805785179138184e-01,7.503936290740966797e-01,-5.564785599708557129e-01,3.333634734153747559e-01,3.088778629899024963e-02,1.179309725761413574e+00,-5.556774139404296875e-01,4.197648167610168457e-02,-5.894142985343933105e-01,-4.050610959529876709e-01,-1.311396956443786621e-01,1.135715961456298828e+00,-4.189053177833557129e-01,5.916704982519149780e-02,-4.114356264472007751e-02,1.255933791399002075e-01,-2.045858800411224365e-01,1.773495972156524658e-01,1.217624902725219727e+00,-3.364785015583038330e-01,-2.289564609527587891e+00,6.521992683410644531e-01,-4.151044487953186035e-01,-2.146704941987991333e-01,4.796883761882781982e-01,-9.256696701049804688e-01,5.036060214042663574e-01,-2.120299339294433594e+00,-9.117053151130676270e-01,-2.103774398565292358e-01,2.460357919335365295e-02
3.093208372592926025e-01,4.403690099716186523e-01,5.546137094497680664e-01,4.930484294891357422e-02,-7.580704521387815475e-03,6.558139920234680176e-01,7.532725930213928223e-01,-5.564875602722167969e-01,3.559784889221191406e-01,7.226428389549255371e-02,1.203257322311401367e+00,-5.742605924606323242e-01,4.547749832272529602e-02,-6.282898783683776855e-01,-4.169539809226989746e-01,-1.054515913128852844e-01,1.237715959548950195e+00,-5.209053158760070801e-01,2.807288058102130890e-02,-3.136203438043594360e-02,1.260931044816970825e-01,-2.398253828287124634e-01,1.587079018354415894e-01,1.215609192848205566e+00,-3.313593566417694092e-01,-2.301298618316650391e+00,6.085670590400695801e-01,-4.269157648086547852e-01,-1.985720545053482056e-01,4.798262417316436768e-01,-9.513931274414062500e-01,5.088949203491210938e-01,-2.142884492874145508e+00,-8.815168142318725586e-01,-2.172923237085342407e-01,2.244875766336917877e-02
3.164997398853302002e-01,4.414448738098144531e-01,5.489623546600341797e-01,5.544798448681831360e-02,-4.934765398502349854e-03,6.549896597862243652e-01,7.535845637321472168e-01,-5.629744529724121094e-01,3.701194226741790771e-01,9.959306567907333374e-02,1.225039124488830566e+00,-5.866997241973876953e-01,4.726033285260200500e-02,-6.454012393951416016e-01,-4.240723252296447754e-01,-9.117269515991210938e-02,1.298528075218200684e+00,-6.229053139686584473e-01,1.253874413669109344e-02,-2.515768818557262421e-02,1.289702504873275757e-01,-2.569961547851562500e-01,1.466913968324661255e-01,1.225730419158935547e+00,-3.386476039886474609e-01,-2.318506479263305664e+00,5.897417664527893066e-01,-4.260226488113403320e-01,-2.042051702737808228e-01,4.749848246574401855e-01,-9.685488939285278320e-01,5.212466716766357422e-01,-2.161655902862548828e+00,-8.769029974937438965e-01,-2.127670198678970337e-01,3.139328584074974060e-02
3.082987368106842041e-01,4.396807551383972168e-01,5.463368892669677734e-01,5.671609193086624146e-02,-5.023237783461809158e-03,6.580857038497924805e-01,7.507871389389038086e-01,-5.833650827407836914e-01,3.702925741672515869e-01,1.139815598726272583e-01,1.259317755699157715e+00,-6.151188015937805176e-01,5.362119898200035095e-02,-6.514535546302795410e-01,-4.322167336940765381e-01,-7.872174680233001709e-02,1.313811659812927246e+00,-6.931627392768859863e-01,1.033245678991079330e-02,-2.856375835835933685e-02,1.359169036149978638e-01,-2.583025991916656494e-01,1.396645903587341309e-01,1.234803080558776855e+00,-3.561101555824279785e-01,-2.336471557617187500e+00,5.938034653663635254e-01,-4.203508198261260986e-01,-2.124687135219573975e-01,4.637253582477569580e-01,-9.800165891647338867e-01,5.333008766174316406e-01,-2.178208589553833008e+00,-8.920599818229675293e-01,-2.065289318561553955e-01,4.421329125761985779e-02
2.865999639034271240e-01,4.394888877868652344e-01,5.471638441085815430e-01,4.901336878538131714e-02,-7.578828837722539902e-03,6.665635704994201660e-01,7.437965273857116699e-01,-6.131838560104370117e-01,3.586868345737457275e-01,1.122540012001991272e-01,1.300755620002746582e+00,-6.579164266586303711e-01,6.392433494329452515e-02,-6.408616900444030762e-01,-4.412438571453094482e-01,-7.722372561693191528e-02,1.293568015098571777e+00,-6.850086450576782227e-01,2.220583520829677582e-02,-4.364703223109245300e-02,1.462099403142929077e-01,-2.346062511205673218e-01,1.355903148651123047e-01,1.232937097549438477e+00,-3.757530748844146729e-01,-2.345846891403198242e+00,6.117065548896789551e-01,-4.113656282424926758e-01,-2.151410132646560669e-01,4.462734758853912354e-01,-9.845600128173828125e-01,5.346742272377014160e-01,-2.191280841827392578e+00,-9.147015810012817383e-01,-2.041520178318023682e-01,5.133026093244552612e-02
2.625353634357452393e-01,4.356814324855804443e-01,5.518451929092407227e-01,3.302953019738197327e-02,-1.384343393146991730e-02,6.786504983901977539e-01,7.335876822471618652e-01,-6.400113105773925781e-01,3.467890024185180664e-01,1.001462712883949280e-01,1.335677027702331543e+00,-6.918769478797912598e-01,7.722254842519760132e-02,-6.127393841743469238e-01,-4.434132874011993408e-01,-1.024653539061546326e-01,1.241209626197814941e+00,-6.231165528297424316e-01,4.694335907697677612e-02,-6.642147898674011230e-02,1.619572043418884277e-01,-1.796465814113616943e-01,1.354812681674957275e-01,1.218522906303405762e+00,-4.067105054855346680e-01,-2.349311590194702148e+00,6.650320887565612793e-01,-3.897511363029479980e-01,-2.224622219800949097e-01,4.120550155639648438e-01,-9.880933165550231934e-01,5.401896834373474121e-01,-2.217139244079589844e+00,-9.391692876815795898e-01,-1.988209784030914307e-01,6.527536362409591675e-02
2.376565039157867432e-01,4.290205538272857666e-01,5.612905025482177734e-01,1.395250763744115829e-02,-2.124678716063499451e-02,6.866860389709472656e-01,7.265095710754394531e-01,-6.503053307533264160e-01,3.323613405227661133e-01,8.740657567977905273e-02,1.351493716239929199e+00,-7.198507785797119141e-01,1.013435050845146179e-01,-5.763471722602844238e-01,-4.350840449333190918e-01,-1.401012837886810303e-01,1.158146619796752930e+00,-5.322019457817077637e-01,8.209421485662460327e-02,-8.699147403240203857e-02,1.939701735973358154e-01,-9.031291306018829346e-02,1.409883350133895874e-01,1.204360961914062500e+00,-4.312241077423095703e-01,-2.337714672088623047e+00,7.368122935295104980e-01,-3.524894714355468750e-01,-2.164702415466308594e-01,3.542604148387908936e-01,-9.999829530715942383e-01,5.513039231300354004e-01,-2.249879598617553711e+00,-9.397486448287963867e-01,-1.889685988426208496e-01,8.781080693006515503e-02
2.126249521970748901e-01,4.316727519035339355e-01,5.752907991409301758e-01,-9.479600004851818085e-03,-3.140527009963989258e-02,6.952783465385437012e-01,7.179915308952331543e-01,-6.557482481002807617e-01,3.254593610763549805e-01,8.875524997711181641e-02,1.345582485198974609e+00,-7.453814744949340820e-01,1.381083428859710693e-01,-5.155131816864013672e-01,-4.276769459247589111e-01,-2.153557986021041870e-01,1.056146621704101562e+00,-4.302019476890563965e-01,1.336731016635894775e-01,-9.996420145034790039e-02,2.219672501087188721e-01,1.168708689510822296e-02,1.331513971090316772e-01,1.218916177749633789e+00,-4.398266077041625977e-01,-2.322743892669677734e+00,7.918071150779724121e-01,-3.141246140003204346e-01,-2.162964344024658203e-01,2.606084942817687988e-01,-1.043674349784851074e+00,5.816286206245422363e-01,-2.300175905227661133e+00,-9.436220526695251465e-01,-1.652988195419311523e-01,1.455922871828079224e-01
1.812243461608886719e-01,4.322364032268524170e-01,5.943801403045654297e-01,-2.872951701283454895e-02,-4.674034565687179565e-02,7.014343738555908203e-01,7.106192708015441895e-01,-6.416411995887756348e-01,3.160522878170013428e-01,1.098888516426086426e-01,1.302138328552246094e+00,-7.661209702491760254e-01,1.827118694782257080e-01,-4.661904275417327881e-01,-4.159951508045196533e-01,-3.052675724029541016e-01,9.541466236114501953e-01,-3.282019495964050293e-01,1.888389885425567627e-01,-9.054808318614959717e-02,2.466539889574050903e-01,1.136870831251144409e-01,9.887728095054626465e-02,1.245889544486999512e+00,-4.650824666023254395e-01,-2.300038814544677734e+00,8.198478221893310547e-01,-2.524721920490264893e-01,-2.273495793342590332e-01,1.675857454538345337e-01,-1.080367684364318848e+00,5.950322151184082031e-01,-2.326883077621459961e+00,-9.439596533775329590e-01,-1.222792193293571472e-01,2.094558924436569214e-01
1.471268534660339355e-01,4.296337664127349854e-01,6.153378486633300781e-01,-4.923005029559135437e-02,-5.483615770936012268e-02,6.977270245552062988e-01,7.125632762908935547e-01,-6.235675811767578125e-01,3.069950044155120850e-01,1.490968614816665649e-01,1.236012816429138184e+00,-7.974681258201599121e-01,2.330528050661087036e-01,-4.667112231254577637e-01,-3.915491700172424316e-01,-3.557986319065093994e-01,8.521466255187988281e-01,-2.262019366025924683e-01,2.319849729537963867e-01,-7.296711951494216919e-02,2.595273852348327637e-01,2.156870812177658081e-01,8.485808968544006348e-02,1.283807635307312012e+00,-4.859125018119812012e-01,-2.305253744125366211e+00,8.461948037147521973e-01,-2.207488715648651123e-01,-2.186124771833419800e-01,7.810977846384048462e-02,-1.100534915924072266e+00,6.081812977790832520e-01,-2.337489366531372070e+00,-9.415025711059570312e-01,-9.398090839385986328e-02,2.590120732784271240e-01
1.167216822504997253e-01,4.254933297634124756e-01,6.329091787338256836e-01,-6.039199233055114746e-02,-5.584939569234848022e-02,6.939179301261901855e-01,7.153401970863342285e-01,-6.016031503677368164e-01,2.798627316951751709e-01,1.847767084836959839e-01,1.160057187080383301e+00,-8.021702170372009277e-01,2.576579153537750244e-01,-4.760939180850982666e-01,-3.772135972976684570e-01,-4.063832163810729980e-01,7.501466274261474609e-01,-1.242019385099411011e-01,2.400045543909072876e-01,-5.700838565826416016e-02,2.577847540378570557e-01,3.176870942115783691e-01,7.462199032306671143e-02,1.324236631393432617e+00,-4.977829754352569580e-01,-2.321372270584106445e+00,8.375205397605895996e-01,-2.072517424821853638e-01,-2.156398594379425049e-01,1.887098141014575958e-02,-1.119799017906188965e+00,6.152049899101257324e-01,-2.342525482177734375e+00,-9.248790740966796875e-01,-8.609783649444580078e-02,2.866609096527099609e-01
7.998441159725189209e-02,4.207520782947540283e-01,6.432114839553833008e-01,-6.063264980912208557e-02,-5.542888492345809937e-02,6.898877620697021484e-01,7.192400097846984863e-01,-5.721058249473571777e-01,2.384356260299682617e-01,2.259627282619476318e-01,1.095561742782592773e+00,-8.028755187988281250e-01,2.613486945629119873e-01,-4.802662432193756104e-01,-3.802101612091064453e-01,-4.552938938140869141e-01,6.813818812370300293e-01,-2.220193855464458466e-02,2.019695490598678589e-01,-4.563499242067337036e-02,2.532767057418823242e-01,4.020377397537231445e-01,7.417634129524230957e-02,1.342794656753540039e+00,-5.092647075653076172e-01,-2.338136434555053711e+00,8.212626576423645020e-01,-2.099331468343734741e-01,-2.292474508285522461e-01,-7.169314660131931305e-03,-1.134633183479309082e+00,6.137954592704772949e-01,-2.344651460647583008e+00,-9.009738564491271973e-01,-9.282120317220687866e-02,2.957378327846527100e-01
6.295616924762725830e-02,4.213060140609741211e-01,6.464284658432006836e-01,-5.181372165679931641e-02,-5.090437829494476318e-02,6.851660013198852539e-01,7.247562408447265625e-01,-5.409616827964782715e-01,2.072076052427291870e-01,2.708239853382110596e-01,1.058981657028198242e+00,-7.769408226013183594e-01,2.557350695133209229e-01,-4.563504159450531006e-01,-3.883482217788696289e-01,-5.001254081726074219e-01,7.833818793296813965e-01,-2.320395037531852722e-02,1.322911977767944336e-01,-4.007783532142639160e-02,2.447667121887207031e-01,4.031187295913696289e-01,7.332141697406768799e-02,1.339326143264770508e+00,-5.169487595558166504e-01,-2.352096319198608398e+00,7.960941791534423828e-01,-2.189629524946212769e-01,-2.419243156909942627e-01,-1.292720716446638107e-02,-1.142972707748413086e+00,6.254342794418334961e-01,-2.345537662506103516e+00,-8.777979612350463867e-01,-1.167256161570549011e-01,2.852702438831329346e-01
4.807352647185325623e-02,4.167271852493286133e-01,6.473861932754516602e-01,-3.326736390590667725e-02,-3.236548975110054016e-02,6.761085391044616699e-01,7.353386878967285156e-01,-5.052968263626098633e-01,1.606139689683914185e-01,3.403668403625488281e-01,1.012484073638916016e+00,-7.313497662544250488e-01,2.492574006319046021e-01,-4.215258061885833740e-01,-3.718204796314239502e-01,-5.201075673103332520e-01,8.853818774223327637e-01,-5.293361097574234009e-02,7.846017181873321533e-02,-3.577379509806632996e-02,2.264843732118606567e-01,3.499873280525207520e-01,8.039525896310806274e-02,1.320125222206115723e+00,-5.196107029914855957e-01,-2.354309082031250000e+00,7.479332089424133301e-01,-2.260656803846359253e-01,-2.731132805347442627e-01,-1.542403083294630051e-02,-1.149204611778259277e+00,6.518650054931640625e-01,-2.346708774566650391e+00,-8.401513099670410156e-01,-1.447700560092926025e-01,2.817414700984954834e-01
3.243913501501083374e-02,4.117604494094848633e-01,6.482317447662353516e-01,-1.420154236257076263e-02,-8.921505883336067200e-03,6.674754023551940918e-01,7.444429397583007812e-01,-4.793714880943298340e-01,1.054999977350234985e-01,4.078538417816162109e-01,9.653634428977966309e-01,-6.759102344512939453e-01,2.527132630348205566e-01,-3.810163736343383789e-01,-3.012225329875946045e-01,-5.305859446525573730e-01,9.873818755149841309e-01,-3.178557753562927246e-02,8.460540324449539185e-02,-2.851090021431446075e-02,1.841726154088973999e-01,2.627144455909729004e-01,9.615594148635864258e-02,1.269650936126708984e+00,-5.361678600311279297e-01,-2.330072879791259766e+00,7.170208096504211426e-01,-2.232232540845870972e-01,-3.212415277957916260e-01,1.448401249945163727e-02,-1.135711193084716797e+00,6.697483062744140625e-01,-2.343061208724975586e+00,-8.047799468040466309e-01,-1.664981096982955933e-01,2.680459320545196533e-01
1.609679497778415680e-02,4.062662422657012939e-01,6.501677036285400391e-01,6.052704993635416031e-03,1.136778667569160461e-02,6.618160605430603027e-01,7.495556473731994629e-01,-4.643103778362274170e-01,4.002181440591812134e-02,4.365141093730926514e-01,9.120108485221862793e-01,-6.088892817497253418e-01,2.490372806787490845e-01,-3.378476798534393311e-01,-2.177881300449371338e-01,-5.464321970939636230e-01,1.089381933212280273e+00,-5.090900231152772903e-03,1.061783879995346069e-01,-1.816851645708084106e-02,1.367979347705841064e-01,1.660566776990890503e-01,1.131219863891601562e-01,1.223807811737060547e+00,-5.426745414733886719e-01,-2.305082321166992188e+00,6.959148049354553223e-01,-2.143166661262512207e-01,-3.590380847454071045e-01,6.593944877386093140e-02,-1.117371678352355957e+00,6.653395295143127441e-01,-2.342480897903442383e+00,-7.764133810997009277e-01,-1.808515787124633789e-01,2.524052262306213379e-01
-8.793023298494517803e-04,3.997744023799896240e-01,6.527214050292968750e-01,2.158346772193908691e-02,3.433610126376152039e-02,6.510713100433349609e-01,7.579322457313537598e-01,-4.572055041790008545e-01,-3.000645153224468231e-02,4.547585844993591309e-01,8.449976444244384766e-01,-5.436368584632873535e-01,2.284978330135345459e-01,-3.067421913146972656e-01,-1.390733420848846436e-01,-5.550937652587890625e-01,1.119884610176086426e+00,9.843308478593826294e-03,1.349374949932098389e-01,1.188504160381853580e-03,8.858532458543777466e-02,6.430403143167495728e-02,1.387749165296554565e-01,1.190544962882995605e+00,-5.284085869789123535e-01,-2.284591913223266602e+00,6.663892865180969238e-01,-2.232567816972732544e-01,-3.768470883369445801e-01,1.527586877346038818e-01,-1.107896327972412109e+00,6.279224157333374023e-01,-2.339377164840698242e+00,-7.367798686027526855e-01,-1.906868368387222290e-01,2.047049999237060547e-01
-1.914523728191852570e-02,3.927284181118011475e-01,6.533433198928833008e-01,3.445006534457206726e-02,5.217658355832099915e-02,6.344091296195983887e-01,7.704646587371826172e-01,-4.586819708347320557e-01,-8.603342622518539429e-02,4.777376055717468262e-01,7.931383848190307617e-01,-4.830229580402374268e-01,2.024571001529693604e-01,-2.779711782932281494e-01,-7.514768093824386597e-02,-5.385968685150146484e-01,1.060625433921813965e+00,1.673551648855209351e-02,1.499250531196594238e-01,3.448618203401565552e-02,4.777280613780021667e-02,-2.092079259455204010e-02,1.558455228805541992e-01,1.179735302925109863e+00,-5.022634863853454590e-01,-2.277294635772705078e+00,6.049907803535461426e-01,-2.587278783321380615e-01,-3.673726916313171387e-01,2.479173392057418823e-01,-1.095972180366516113e+00,5.900042653083801270e-01,-2.323152303695678711e+00,-6.998919844627380371e-01,-1.922977715730667114e-01,1.395994424819946289e-01
-3.855854272842407227e-02,3.851481974124908447e-01,6.541883945465087891e-01,3.555442392826080322e-02,6.976382434368133545e-02,6.232697367668151855e-01,7.780769467353820801e-01,-4.839435219764709473e-01,-1.148352771997451782e-01,5.101442337036132812e-01,7.715285420417785645e-01,-4.617463052272796631e-01,1.728739887475967407e-01,-2.510194480419158936e-01,-3.722660616040229797e-02,-5.233359336853027344e-01,9.657530188560485840e-01,-3.137087449431419373e-02,1.450507193803787231e-01,6.712687015533447266e-02,1.526158023625612259e-02,-6.083031371235847473e-02,1.630215197801589966e-01,1.149829983711242676e+00,-4.691282212734222412e-01,-2.275211811065673828e+00,5.562915205955505371e-01,-2.764176130294799805e-01,-3.804635703563690186e-01,3.079831898212432861e-01,-1.066658616065979004e+00,5.539147257804870605e-01,-2.285705327987670898e+00,-6.780463457107543945e-01,-1.761847287416458130e-01,1.385256350040435791e-01
-5.751286447048187256e-02,3.787734508514404297e-01,6.551966667175292969e-01,2.580324187874794006e-02,7.626280933618545532e-02,6.185052990913391113e-01,7.816452980041503906e-01,-5.234208106994628906e-01,-1.115022152662277222e-01,5.326552987098693848e-01,7.889456152915954590e-01,-4.598634541034698486e-01,1.547572761774063110e-01,-2.394565790891647339e-01,-1.337666064500808716e-02,-5.016046166419982910e-01,8.963489532470703125e-01,-1.236982345581054688e-01,1.221864223480224609e-01,8.721012622117996216e-02,-1.893257285701110959e-04,-4.436281695961952209e-02,1.530386060476303101e-01,1.118723869323730469e+00,-4.441809654235839844e-01,-2.277685403823852539e+00,5.500803589820861816e-01,-2.766615152359008789e-01,-4.034030437469482422e-01,3.300571739673614502e-01,-1.045671939849853516e+00,5.295305848121643066e-01,-2.245658874511718750e+00,-6.696407794952392578e-01,-1.540121883153915405e-01,1.680485010147094727e-01
-7.405725866556167603e-02,3.749932944774627686e-01,6.591522693634033203e-01,1.246383413672447205e-02,7.148458808660507202e-02,6.230958104133605957e-01,7.787722349166870117e-01,-5.475668311119079590e-01,-9.678209573030471802e-02,5.485991835594177246e-01,8.053498864173889160e-01,-4.923814535140991211e-01,1.723250001668930054e-01,-2.455952316522598267e-01,1.041883020661771297e-03,-4.931732416152954102e-01,8.672656416893005371e-01,-1.651622205972671509e-01,1.113919392228126526e-01,8.658470958471298218e-02,-8.577173575758934021e-04,1.001886744052171707e-02,1.383527964353561401e-01,1.092645764350891113e+00,-4.299449026584625244e-01,-2.277319431304931641e+00,5.809191465377807617e-01,-2.485824525356292725e-01,-4.428661465644836426e-01,3.111459910869598389e-01,-1.047814488410949707e+00,5.150503516197204590e-01,-2.227751970291137695e+00,-6.574536561965942383e-01,-1.379394233226776123e-01,2.197495400905609131e-01
-8.644888550043106079e-02,3.745637238025665283e-01,6.672244071960449219e-01,3.985303919762372971e-03,6.058291718363761902e-02,6.313611865043640137e-01,7.731086015701293945e-01,-5.515899658203125000e-01,-8.249063789844512939e-02,5.779755711555480957e-01,7.891803383827209473e-01,-5.231614112854003906e-01,1.990067809820175171e-01,-2.544487416744232178e-01,6.790481042116880417e-03,-4.905481040477752686e-01,8.439886569976806641e-01,-1.141814291477203369e-01,1.285487115383148193e-01,6.384887546300888062e-02,8.553617633879184723e-03,7.352557033300399780e-02,1.325454562902450562e-01,1.095614790916442871e+00,-4.434765875339508057e-01,-2.289036273956298828e+00,6.338149905204772949e-01,-2.415612041950225830e-01,-4.485398530960083008e-01,2.727148830890655518e-01,-1.061844825744628906e+00,5.286682248115539551e-01,-2.220123529434204102e+00,-6.676930189132690430e-01,-1.369169652462005615e-01,2.312491983175277710e-01
-9.506022185087203979e-02,3.761200010776519775e-01,6.798655986785888672e-01,-2.951896982267498970e-03,5.089085176587104797e-02,6.362360119819641113e-01,7.698085308074951172e-01,-5.327253937721252441e-01,-8.980430662631988525e-02,5.982165932655334473e-01,7.252169847488403320e-01,-5.388559103012084961e-01,2.284279167652130127e-01,-2.701441645622253418e-01,-5.516965757124125957e-04,-4.916169941425323486e-01,8.294208645820617676e-01,-4.473555833101272583e-02,1.448368281126022339e-01,3.311848267912864685e-02,2.881617471575737000e-02,1.364611536264419556e-01,1.366192549467086792e-01,1.146194338798522949e+00,-4.646483957767486572e-01,-2.320848941802978516e+00,6.493261456489562988e-01,-2.600664794445037842e-01,-4.262225627899169922e-01,2.173135131597518921e-01,-1.104548811912536621e+00,5.595188140869140625e-01,-2.239603757858276367e+00,-6.708940863609313965e-01,-1.522524356842041016e-01,2.204913944005966187e-01
-1.012932881712913513e-01,3.769749999046325684e-01,6.905399560928344727e-01,-1.121579110622406006e-02,4.073974117636680603e-02,6.361526846885681152e-01,7.704052329063415527e-01,-5.081904530525207520e-01,-8.964195847511291504e-02,6.192270517349243164e-01,6.704357266426086426e-01,-5.353459119796752930e-01,2.470857799053192139e-01,-2.945905625820159912e-01,-1.218498684465885162e-02,-4.878377914428710938e-01,8.217994570732116699e-01,-2.046890370547771454e-02,1.507803350687026978e-01,4.192386753857135773e-03,4.935290664434432983e-02,1.844045817852020264e-01,1.582866460084915161e-01,1.203262686729431152e+00,-4.768089652061462402e-01,-2.346745729446411133e+00,6.415640711784362793e-01,-2.702119350433349609e-01,-4.105041027069091797e-01,1.672289520502090454e-01,-1.141982674598693848e+00,5.863608717918395996e-01,-2.267721652984619141e+00,-6.795774102210998535e-01,-1.570022106170654297e-01,2.165836542844772339e-01
-1.085580289363861084e-01,3.769119083881378174e-01,6.972118616104125977e-01,-1.557566039264202118e-02,3.485373035073280334e-02,6.327700018882751465e-01,7.733981609344482422e-01,-4.893662035465240479e-01,-9.271234273910522461e-02,6.314764022827148438e-01,6.264247298240661621e-01,-5.056827068328857422e-01,2.419571876525878906e-01,-3.130890130996704102e-01,-2.260454930365085602e-02,-4.806378483772277832e-01,8.160443902015686035e-01,-2.484593540430068970e-02,1.517697572708129883e-01,-1.025477144867181778e-02,6.481187045574188232e-02,2.031911611557006836e-01,1.827709525823593140e-01,1.236182808876037598e+00,-4.858223199844360352e-01,-2.354271888732910156e+00,6.448277235031127930e-01,-2.820255458354949951e-01,-3.886977732181549072e-01,1.375339329242706299e-01,-1.155332088470458984e+00,6.099683642387390137e-01,-2.298788309097290039e+00,-7.018775343894958496e-01,-1.647388786077499390e-01,2.010690569877624512e-01
-1.197136417031288147e-01,3.755585849285125732e-01,7.019361257553100586e-01,-1.808914355933666229e-02,3.450445830821990967e-02,6.291444897651672363e-01,7.763114571571350098e-01,-4.763028919696807861e-01,-1.103407144546508789e-01,6.410759687423706055e-01,5.719615221023559570e-01,-4.420831203460693359e-01,2.115906327962875366e-01,-3.298866450786590576e-01,-2.124718576669692993e-02,-4.653627574443817139e-01,7.954046726226806641e-01,-5.441262200474739075e-02,1.463631540536880493e-01,-1.917357742786407471e-02,7.117707282304763794e-02,1.922396719455718994e-01,2.110490649938583374e-01,1.247369527816772461e+00,-4.903587698936462402e-01,-2.354847192764282227e+00,6.434097886085510254e-01,-3.027335405349731445e-01,-3.597226142883300781e-01,1.333305388689041138e-01,-1.158537626266479492e+00,6.211879849433898926e-01,-2.334047079086303711e+00,-7.222816944122314453e-01,-1.801146566867828369e-01,1.667659431695938110e-01
-1.337865740060806274e-01,3.737559020519256592e-01,7.051342725753784180e-01,-1.796673424541950226e-02,4.004780575633049011e-02,6.195231080055236816e-01,7.837502360343933105e-01,-4.818685650825500488e-01,-1.488572806119918823e-01,6.214972138404846191e-01,5.043565630912780762e-01,-3.400831222534179688e-01,1.379567086696624756e-01,-3.506029248237609863e-01,-1.315413322299718857e-02,-4.318019151687622070e-01,7.749751210212707520e-01,-1.235442906618118286e-01,1.224731653928756714e-01,-9.994082152843475342e-03,6.368827819824218750e-02,1.500878930091857910e-01,2.461078017950057983e-01,1.227387070655822754e+00,-4.997808933258056641e-01,-2.347191095352172852e+00,6.471316814422607422e-01,-3.300149738788604736e-01,-3.274411559104919434e-01,1.624158471822738647e-01,-1.121625781059265137e+00,6.254593729972839355e-01,-2.346834897994995117e+00,-7.522405982017517090e-01,-2.009421885013580322e-01,1.266191452741622925e-01
-1.492977291345596313e-01,3.718400895595550537e-01,7.048473358154296875e-01,-1.375366374850273132e-02,4.432385787367820740e-02,6.097555756568908691e-01,7.912296652793884277e-01,-5.195402503013610840e-01,-1.582297980785369873e-01,5.990531444549560547e-01,5.391079187393188477e-01,-2.480137199163436890e-01,5.819611623883247375e-02,-3.674046397209167480e-01,-2.681809710338711739e-03,-4.072004854679107666e-01,7.715401649475097656e-01,-1.881503313779830933e-01,9.008720517158508301e-02,-7.830259390175342560e-03,5.866360664367675781e-02,8.864833414554595947e-02,2.778194844722747803e-01,1.195858001708984375e+00,-5.124458074569702148e-01,-2.334539651870727539e+00,6.312534809112548828e-01,-3.648777902126312256e-01,-2.989139854907989502e-01,2.195954322814941406e-01,-1.075414776802062988e+00,6.385534405708312988e-01,-2.348671913146972656e+00,-7.964962720870971680e-01,-2.089891284704208374e-01,7.624170184135437012e-02
-1.655432134866714478e-01,3.697781860828399658e-01,7.026246786117553711e-01,-1.506479806266725063e-03,4.770815372467041016e-02,6.064132452011108398e-01,7.937157154083251953e-01,-5.592957735061645508e-01,-1.226965487003326416e-01,5.875472426414489746e-01,6.411079168319702148e-01,-2.050599455833435059e-01,8.224656805396080017e-03,-3.887782394886016846e-01,-8.932294324040412903e-03,-3.971947729587554932e-01,8.033092617988586426e-01,-2.488266229629516602e-01,5.832493305206298828e-02,-1.966944709420204163e-02,5.996942147612571716e-02,1.269169244915246964e-02,2.791598439216613770e-01,1.195031523704528809e+00,-5.207166671752929688e-01,-2.339447975158691406e+00,5.936492085456848145e-01,-3.967032432556152344e-01,-2.936332225799560547e-01,2.744068503379821777e-01,-1.043237566947937012e+00,6.601673364639282227e-01,-2.343977451324462891e+00,-8.499144315719604492e-01,-1.983549743890762329e-01,6.043606251478195190e-02
-1.815669685602188110e-01,3.684761524200439453e-01,7.011777162551879883e-01,1.419510412961244583e-02,5.474128201603889465e-02,6.051223278045654297e-01,7.941214442253112793e-01,-5.951574444770812988e-01,-5.704900994896888733e-02,5.667705535888671875e-01,7.431079149246215820e-01,-1.959472149610519409e-01,-6.221345625817775726e-03,-4.122390747070312500e-01,-3.465140610933303833e-02,-3.860101997852325439e-01,8.565296530723571777e-01,-3.153077065944671631e-01,2.975492365658283234e-02,-2.030307240784168243e-02,5.994614958763122559e-02,-7.350936532020568848e-02,2.653883993625640869e-01,1.206323027610778809e+00,-5.254703760147094727e-01,-2.342297315597534180e+00,5.899536609649658203e-01,-4.079381823539733887e-01,-2.758752107620239258e-01,3.244127035140991211e-01,-1.009703040122985840e+00,6.778112649917602539e-01,-2.315026760101318359e+00,-9.266928434371948242e-01,-1.829742640256881714e-01,5.306157097220420837e-02
-1.983491480350494385e-01,3.674705624580383301e-01,7.016667127609252930e-01,3.519374132156372070e-02,6.019375845789909363e-02,6.025992631912231445e-01,7.949919700622558594e-01,-6.210403442382812500e-01,3.045527637004852295e-02,5.471677184104919434e-01,8.451079130172729492e-01,-2.085130810737609863e-01,-5.054318811744451523e-03,-4.328078329563140869e-01,-9.300382435321807861e-02,-3.903795182704925537e-01,9.149010777473449707e-01,-3.637817203998565674e-01,2.074352651834487915e-02,-1.553815975785255432e-02,6.532873958349227905e-02,-1.573326289653778076e-01,2.455202639102935791e-01,1.227205991744995117e+00,-5.182534456253051758e-01,-2.351569414138793945e+00,5.983257889747619629e-01,-4.082017838954925537e-01,-2.562954127788543701e-01,3.574114441871643066e-01,-1.004744052886962891e+00,6.896244287490844727e-01,-2.297974348068237305e+00,-9.753193855285644531e-01,-1.672050356864929199e-01,6.326117366552352905e-02
-2.155725508928298950e-01,3.683713078498840332e-01,7.026792764663696289e-01,5.434069782495498657e-02,6.176340207457542419e-02,6.043068766593933105e-01,7.924932241439819336e-01,-6.271698474884033203e-01,1.324552744626998901e-01,5.148888826370239258e-01,9.471079111099243164e-01,-2.449070364236831665e-01,1.178464666008949280e-02,-4.515440165996551514e-01,-1.665136963129043579e-01,-3.911333680152893066e-01,9.655045866966247559e-01,-3.936306536197662354e-01,2.663494087755680084e-02,-2.306545712053775787e-02,6.815607845783233643e-02,-2.303352057933807373e-01,2.340171039104461670e-01,1.242717266082763672e+00,-5.121033191680908203e-01,-2.351796627044677734e+00,6.354769468307495117e-01,-3.998503088951110840e-01,-2.436332553625106812e-01,3.756701052188873291e-01,-1.002596974372863770e+00,6.913377642631530762e-01,-2.284385681152343750e+00,-1.021443009376525879e+00,-1.528241783380508423e-01,8.234234154224395752e-02
-2.336485981941223145e-01,3.722688257694244385e-01,7.059218883514404297e-01,7.051961123943328857e-02,6.335169821977615356e-02,6.008113622665405273e-01,7.937501072883605957e-01,-6.152530312538146973e-01,2.342571169137954712e-01,4.593389928340911865e-01,1.049107909202575684e+00,-2.748248875141143799e-01,3.361743688583374023e-02,-4.749612212181091309e-01,-2.406112104654312134e-01,-3.692340850830078125e-01,1.003526926040649414e+00,-3.978198170661926270e-01,4.664563015103340149e-02,-2.841083891689777374e-02,6.531795114278793335e-02,-2.896883487701416016e-01,2.329692244529724121e-01,1.265842795372009277e+00,-5.058785676956176758e-01,-2.349525451660156250e+00,6.440834999084472656e-01,-3.986781239509582520e-01,-2.440779656171798706e-01,3.809039890766143799e-01,-1.007524847984313965e+00,6.936735510826110840e-01,-2.272895812988281250e+00,-1.042472720146179199e+00,-1.423059403896331787e-01,1.019968986511230469e-01
-2.532081305980682373e-01,3.788478374481201172e-01,7.051498889923095703e-01,7.635424286127090454e-02,6.051856279373168945e-02,5.944383740425109863e-01,7.982171177864074707e-01,-5.987833142280578613e-01,3.362571299076080322e-01,3.977326750755310059e-01,1.151107907295227051e+00,-3.183516263961791992e-01,5.066459998488426208e-02,-5.063780546188354492e-01,-2.995811402797698975e-01,-3.344113826751708984e-01,1.044715166091918945e+00,-4.101439118385314941e-01,7.459963858127593994e-02,-3.196421638131141663e-02,6.828732788562774658e-02,-3.170563578605651855e-01,2.446459084749221802e-01,1.285292148590087891e+00,-4.952700138092041016e-01,-2.341029405593872070e+00,6.484561562538146973e-01,-4.021746814250946045e-01,-2.282304167747497559e-01,3.708745837211608887e-01,-1.018810153007507324e+00,6.830396056175231934e-01,-2.266276597976684570e+00,-1.043593883514404297e+00,-1.398088783025741577e-01,1.175836101174354553e-01
-2.763727307319641113e-01,3.870893418788909912e-01,7.008596658706665039e-01,7.357607036828994751e-02,5.595443770289421082e-02,5.849146842956542969e-01,8.058104515075683594e-01,-5.724213719367980957e-01,4.369800984859466553e-01,3.486419916152954102e-01,1.142328262329101562e+00,-3.628648221492767334e-01,4.577632993459701538e-02,-5.515273213386535645e-01,-3.487913310527801514e-01,-2.944241464138031006e-01,1.094632387161254883e+00,-4.457444548606872559e-01,9.131899476051330566e-02,-3.179317712783813477e-02,7.733242958784103394e-02,-3.034977912902832031e-01,2.649207711219787598e-01,1.292960882186889648e+00,-4.853608906269073486e-01,-2.317045688629150391e+00,6.649531126022338867e-01,-4.075911045074462891e-01,-1.905801892280578613e-01,3.507281243801116943e-01,-1.030697464942932129e+00,6.688748598098754883e-01,-2.270518064498901367e+00,-1.042814373970031738e+00,-1.453061103820800781e-01,1.267984807491302490e-01
-3.025140166282653809e-01,3.962199389934539795e-01,6.936751604080200195e-01,6.160298734903335571e-02,5.170086398720741272e-02,5.810346007347106934e-01,8.098955750465393066e-01,-5.358719825744628906e-01,4.922785162925720215e-01,3.218623697757720947e-01,1.096143245697021484e+00,-3.849143385887145996e-01,2.067627571523189545e-02,-5.966351032257080078e-01,-3.930055499076843262e-01,-2.623035907745361328e-01,1.144235491752624512e+00,-4.826048016548156738e-01,1.005003750324249268e-01,-3.066375106573104858e-02,8.985836803913116455e-02,-2.620362639427185059e-01,2.861941158771514893e-01,1.288776397705078125e+00,-4.936885535717010498e-01,-2.296395063400268555e+00,7.060532569885253906e-01,-4.022612571716308594e-01,-1.396660506725311279e-01,3.248081207275390625e-01,-1.036864876747131348e+00,6.627245545387268066e-01,-2.277141094207763672e+00,-1.043350577354431152e+00,-1.605640053749084473e-01,1.183323115110397339e-01
-3.323269188404083252e-01,4.060316383838653564e-01,6.815075874328613281e-01,4.619774967432022095e-02,4.431565478444099426e-02,5.859433412551879883e-01,8.078194856643676758e-01,-5.146235227584838867e-01,5.059359669685363770e-01,3.060355782508850098e-01,1.091412782669067383e+00,-4.289326369762420654e-01,6.404934916645288467e-03,-6.287285685539245605e-01,-4.317266941070556641e-01,-2.398705780506134033e-01,1.189608693122863770e+00,-5.054842233657836914e-01,1.128697693347930908e-01,-3.351897746324539185e-02,1.055597886443138123e-01,-1.942708343267440796e-01,3.105849027633666992e-01,1.276783585548400879e+00,-5.187161564826965332e-01,-2.281626462936401367e+00,7.582896947860717773e-01,-3.775321543216705322e-01,-1.119630709290504456e-01,2.866497337818145752e-01,-1.031994938850402832e+00,6.706865429878234863e-01,-2.297265052795410156e+00,-1.044060707092285156e+00,-1.696239113807678223e-01,1.144470199942588806e-01
-3.622915744781494141e-01,4.149021208286285400e-01,6.647667884826660156e-01,3.141580149531364441e-02,2.798610925674438477e-02,5.960181355476379395e-01,8.018679022789001465e-01,-5.162490606307983398e-01,5.040866732597351074e-01,2.924421727657318115e-01,1.142602920532226562e+00,-5.066958665847778320e-01,1.880584284663200378e-02,-6.533353924751281738e-01,-4.708276689052581787e-01,-2.337380349636077881e-01,1.238247632980346680e+00,-5.248351097106933594e-01,1.355131566524505615e-01,-4.633012041449546814e-02,1.261257678270339966e-01,-9.630910307168960571e-02,3.197480440139770508e-01,1.267696380615234375e+00,-5.425394177436828613e-01,-2.280202865600585938e+00,8.416202068328857422e-01,-3.246206641197204590e-01,-1.167913302779197693e-01,2.209724187850952148e-01,-1.032401919364929199e+00,6.824433207511901855e-01,-2.336840152740478516e+00,-1.051891803741455078e+00,-1.594308018684387207e-01,1.377059668302536011e-01
-3.883541226387023926e-01,4.217749536037445068e-01,6.448546648025512695e-01,1.754593476653099060e-02,-2.409002918284386396e-04,6.098760962486267090e-01,7.923024892807006836e-01,-5.509076118469238281e-01,4.993393123149871826e-01,2.474896162748336792e-01,1.244603037834167480e+00,-6.086958646774291992e-01,6.751882284879684448e-02,-6.621369123458862305e-01,-5.047086477279663086e-01,-2.433651238679885864e-01,1.287294745445251465e+00,-5.433619022369384766e-01,1.675735861063003540e-01,-6.590159982442855835e-02,1.676227450370788574e-01,5.690897814929485321e-03,2.809145152568817139e-01,1.289382338523864746e+00,-5.313666462898254395e-01,-2.299255371093750000e+00,9.157370924949645996e-01,-2.469259947538375854e-01,-1.555721312761306763e-01,1.189724206924438477e-01,-1.033863306045532227e+00,6.893740296363830566e-01,-2.348801851272583008e+00,-1.067862629890441895e+00,-1.249497383832931519e-01,2.183661758899688721e-01
-4.052752554416656494e-01,4.263949394226074219e-01,6.281218528747558594e-01,8.313224650919437408e-03,-2.224422805011272430e-02,6.226264834403991699e-01,7.821587324142456055e-01,-5.914075970649719238e-01,4.978283643722534180e-01,1.941767483949661255e-01,1.346592545509338379e+00,-7.106958627700805664e-01,1.301998347043991089e-01,-6.546444892883300781e-01,-5.318541526794433594e-01,-2.634479403495788574e-01,1.320299148559570312e+00,-5.505701303482055664e-01,1.867478787899017334e-01,-9.054826945066452026e-02,2.176590263843536377e-01,1.060573011636734009e-01,2.171876728534698486e-01,1.322163939476013184e+00,-4.978476464748382568e-01,-2.312857151031494141e+00,9.296756982803344727e-01,-1.882416158914566040e-01,-1.916333585977554321e-01,2.338249236345291138e-02,-1.043619632720947266e+00,6.795160770416259766e-01,-2.349481582641601562e+00,-1.084686756134033203e+00,-8.960431069135665894e-02,2.744106650352478027e-01
-4.132339358329772949e-01,4.288746118545532227e-01,6.178207397460937500e-01,7.603042293339967728e-03,-3.432328626513481140e-02,6.324942111968994141e-01,7.737668752670288086e-01,-6.181008219718933105e-01,4.847998321056365967e-01,1.461210101842880249e-01,1.404026389122009277e+00,-7.891543507575988770e-01,1.721512824296951294e-01,-6.473944187164306641e-01,-5.565013289451599121e-01,-2.815673947334289551e-01,1.344719052314758301e+00,-5.564454197883605957e-01,1.852385103702545166e-01,-1.058503612875938416e-01,2.566172778606414795e-01,1.580115705728530884e-01,1.660797595977783203e-01,1.353812098503112793e+00,-4.802331924438476562e-01,-2.332797527313232422e+00,9.258705973625183105e-01,-1.595138311386108398e-01,-2.144665867090225220e-01,-2.572479471564292908e-02,-1.060189843177795410e+00,6.806502938270568848e-01,-2.351200342178344727e+00,-1.098950505256652832e+00,-6.386655569076538086e-02,3.035558164119720459e-01
-4.167337417602539062e-01,4.350308179855346680e-01,6.125677824020385742e-01,6.978830322623252869e-03,-3.815719857811927795e-02,6.381220221519470215e-01,7.689574956893920898e-01,-6.304162144660949707e-01,4.723150432109832764e-01,1.175447031855583191e-01,1.432578325271606445e+00,-8.009231686592102051e-01,1.932821422815322876e-01,-6.454862356185913086e-01,-5.771235823631286621e-01,-2.981356978416442871e-01,1.361645340919494629e+00,-5.611085891723632812e-01,1.785027384757995605e-01,-1.102705448865890503e-01,2.691038548946380615e-01,1.792928129434585571e-01,1.346771717071533203e-01,1.370031237602233887e+00,-4.729440808296203613e-01,-2.346498489379882812e+00,9.206941127777099609e-01,-1.556554883718490601e-01,-2.203165292739868164e-01,-4.503067582845687866e-02,-1.075460553169250488e+00,6.837866902351379395e-01,-2.353121519088745117e+00,-1.107631325721740723e+00,-5.669447034597396851e-02,3.120768666267395020e-01
-4.112823009490966797e-01,4.376628398895263672e-01,6.128754615783691406e-01,7.697650697082281113e-03,-3.697456791996955872e-02,6.393385529518127441e-01,7.679973244667053223e-01,-6.297673583030700684e-01,4.612479805946350098e-01,9.945052862167358398e-02,1.431903243064880371e+00,-8.026884794235229492e-01,1.988956928253173828e-01,-6.487432718276977539e-01,-5.831201672554016113e-01,-3.056025803089141846e-01,1.372116088867187500e+00,-5.738129019737243652e-01,1.704090684652328491e-01,-1.042604744434356689e-01,2.670444548130035400e-01,1.776410192251205444e-01,1.176997572183609009e-01,1.380671501159667969e+00,-4.710530936717987061e-01,-2.351222753524780273e+00,9.150449037551879883e-01,-1.570998728275299072e-01,-2.188469469547271729e-01,-5.092968046665191650e-02,-1.089563727378845215e+00,6.903794407844543457e-01,-2.354519605636596680e+00,-1.111637473106384277e+00,-5.645734816789627075e-02,3.098142147064208984e-01
-3.931466937065124512e-01,4.447012841701507568e-01,6.180042028427124023e-01,1.182701997458934784e-02,-3.090973012149333954e-02,6.381692886352539062e-01,7.691844105720520020e-01,-6.046305894851684570e-01,4.563192427158355713e-01,9.714763611555099487e-02,1.399311780929565430e+00,-8.029532432556152344e-01,1.886096000671386719e-01,-6.481915712356567383e-01,-5.822079181671142578e-01,-3.134213387966156006e-01,1.378256320953369141e+00,-5.981175899505615234e-01,1.571678072214126587e-01,-8.713407814502716064e-02,2.605974078178405762e-01,1.560672968626022339e-01,1.011935397982597351e-01,1.380199551582336426e+00,-4.748476743698120117e-01,-2.342108488082885742e+00,9.106754064559936523e-01,-1.662649810314178467e-01,-2.139744758605957031e-01,-4.149113595485687256e-02,-1.098606824874877930e+00,6.971724629402160645e-01,-2.351961851119995117e+00,-1.118246197700500488e+00,-6.588909775018692017e-02,2.909682691097259521e-01
-3.690991699695587158e-01,4.503906667232513428e-01,6.272335052490234375e-01,1.634975336492061615e-02,-2.317826077342033386e-02,6.336641907691955566e-01,7.730880379676818848e-01,-5.636906623840332031e-01,4.548526108264923096e-01,1.038715913891792297e-01,1.341996073722839355e+00,-8.029929995536804199e-01,1.656498461961746216e-01,-6.482235789299011230e-01,-5.669367313385009766e-01,-3.144425153732299805e-01,1.376264333724975586e+00,-6.174641847610473633e-01,1.488030254840850830e-01,-6.515698134899139404e-02,2.459869980812072754e-01,1.137452125549316406e-01,9.608632326126098633e-02,1.361159563064575195e+00,-4.868730306625366211e-01,-2.323538780212402344e+00,9.142228364944458008e-01,-1.836300045251846313e-01,-2.044075578451156616e-01,-1.457294076681137085e-02,-1.097355127334594727e+00,7.021002173423767090e-01,-2.348330020904541016e+00,-1.124827861785888672e+00,-8.282608538866043091e-02,2.520861327648162842e-01
-3.486719429492950439e-01,4.522196054458618164e-01,6.427283287048339844e-01,2.318805828690528870e-02,-8.917522616684436798e-03,6.269314289093017578e-01,7.786782383918762207e-01,-5.110702514648437500e-01,4.370208084583282471e-01,1.173590645194053650e-01,1.242980718612670898e+00,-7.529194951057434082e-01,1.239270046353340149e-01,-6.547953486442565918e-01,-5.457518696784973145e-01,-3.123294711112976074e-01,1.358970880508422852e+00,-6.290991902351379395e-01,1.220017373561859131e-01,-3.501301631331443787e-02,2.263489216566085815e-01,4.445218667387962341e-02,1.002650186419487000e-01,1.346525192260742188e+00,-4.956739246845245361e-01,-2.309393644332885742e+00,8.848441839218139648e-01,-2.242879420518875122e-01,-1.963545083999633789e-01,2.890933677554130554e-02,-1.104130744934082031e+00,6.987674236297607422e-01,-2.347335338592529297e+00,-1.108380556106567383e+00,-1.181294918060302734e-01,1.916802972555160522e-01
-2.991572320461273193e-01,4.523567557334899902e-01,6.649556159973144531e-01,3.463568910956382751e-02,2.101040259003639221e-02,6.234378814697265625e-01,7.808227539062500000e-01,-4.428596794605255127e-01,4.286858439445495605e-01,1.495698541402816772e-01,1.140980720520019531e+00,-6.509194970130920410e-01,5.019741505384445190e-02,-6.682955622673034668e-01,-5.084326863288879395e-01,-3.014833927154541016e-01,1.328148126602172852e+00,-6.548800468444824219e-01,7.318186759948730469e-02,-9.942067787051200867e-03,1.973017305135726929e-01,-5.754781141877174377e-02,1.174503937363624573e-01,1.320545077323913574e+00,-5.069983601570129395e-01,-2.302728176116943359e+00,8.133140206336975098e-01,-2.911041378974914551e-01,-1.770648658275604248e-01,1.009795814752578735e-01,-1.106602668762207031e+00,6.875613331794738770e-01,-2.344736814498901367e+00,-1.076115369796752930e+00,-1.625884473323822021e-01,1.231324151158332825e-01
-2.612484991550445557e-01,4.508117437362670898e-01,6.882786750793457031e-01,4.779455438256263733e-02,4.720927029848098755e-02,6.183371543884277344e-01,7.830364704132080078e-01,-3.902608752250671387e-01,4.379989802837371826e-01,2.187536805868148804e-01,1.038980722427368164e+00,-5.489194989204406738e-01,6.094086449593305588e-03,-6.771243214607238770e-01,-4.647394418716430664e-01,-2.789514362812042236e-01,1.280557632446289062e+00,-6.633751988410949707e-01,1.095699984580278397e-02,4.984246566891670227e-03,1.550226211547851562e-01,-1.595478057861328125e-01,1.441961824893951416e-01,1.296096086502075195e+00,-5.100888013839721680e-01,-2.300947189331054688e+00,7.253744602203369141e-01,-3.583208620548248291e-01,-1.480838209390640259e-01,1.800440996885299683e-01,-1.104420900344848633e+00,6.664673089981079102e-01,-2.321321249008178711e+00,-1.034925937652587891e+00,-1.882394105195999146e-01,9.010198712348937988e-02
-2.241569906473159790e-01,4.470696449279785156e-01,7.070536613464355469e-01,5.980170145630836487e-02,6.427285820245742798e-02,6.152307987213134766e-01,7.834435701370239258e-01,-3.709512352943420410e-01,4.372692704200744629e-01,2.808828055858612061e-01,9.369807243347167969e-01,-4.469195306301116943e-01,-5.417645908892154694e-03,-6.729804873466491699e-01,-4.249736666679382324e-01,-2.685871124267578125e-01,1.234278917312622070e+00,-6.634078025817871094e-01,-3.467807546257972717e-02,2.588185481727123260e-02,1.156867370009422302e-01,-2.615478038787841797e-01,1.532866954803466797e-01,1.285183668136596680e+00,-4.962270259857177734e-01,-2.295814275741577148e+00,6.547880768775939941e-01,-4.069872498512268066e-01,-1.443168222904205322e-01,2.525663971900939941e-01,-1.098674178123474121e+00,6.403405666351318359e-01,-2.295237541198730469e+00,-1.025899887084960938e+00,-1.919752508401870728e-01,9.973977506160736084e-02
-1.935106962919235229e-01,4.425810873508453369e-01,7.203580141067504883e-01,6.165197864174842834e-02,7.309848070144653320e-02,6.181154251098632812e-01,7.802492976188659668e-01,-3.942790925502777100e-01,4.286938011646270752e-01,3.128893971443176270e-01,8.645526766777038574e-01,-3.449195325374603271e-01,1.709035225212574005e-02,-6.556887030601501465e-01,-3.857066631317138672e-01,-2.809831500053405762e-01,1.184514045715332031e+00,-6.487383842468261719e-01,-4.252537712454795837e-02,4.698128998279571533e-02,8.494628220796585083e-02,-3.546639978885650635e-01,1.493971943855285645e-01,1.282762050628662109e+00,-4.801481366157531738e-01,-2.291216850280761719e+00,6.331182122230529785e-01,-4.268824160099029541e-01,-1.615238934755325317e-01,3.069015145301818848e-01,-1.088256120681762695e+00,6.256044507026672363e-01,-2.272641658782958984e+00,-1.036349654197692871e+00,-1.867589056491851807e-01,1.172378808259963989e-01
-1.696828007698059082e-01,4.383684694766998291e-01,7.283236980438232422e-01,5.706148222088813782e-02,7.777056097984313965e-02,6.249605417251586914e-01,7.746741175651550293e-01,-4.294968843460083008e-01,4.007630944252014160e-01,3.403007388114929199e-01,9.544762372970581055e-01,-2.667578458786010742e-01,5.918778851628303528e-02,-6.344317793846130371e-01,-3.420261740684509277e-01,-3.015149831771850586e-01,1.136405587196350098e+00,-6.351068019866943359e-01,-4.773261025547981262e-02,5.868359655141830444e-02,6.283596903085708618e-02,-3.916759490966796875e-01,1.474606543779373169e-01,1.281232476234436035e+00,-4.791852235794067383e-01,-2.302887439727783203e+00,6.455687880516052246e-01,-4.369375109672546387e-01,-2.003217488527297974e-01,3.418963849544525146e-01,-1.065200328826904297e+00,6.233688592910766602e-01,-2.256472826004028320e+00,-1.051798701286315918e+00,-1.819562911987304688e-01,1.320463269948959351e-01
-1.496954858303070068e-01,4.356479644775390625e-01,7.331366539001464844e-01,3.979372978210449219e-02,7.948686927556991577e-02,6.329813599586486816e-01,7.690467238426208496e-01,-4.585982859134674072e-01,3.401533067226409912e-01,3.618822693824768066e-01,1.056476235389709473e+00,-2.650074958801269531e-01,8.688797801733016968e-02,-6.121583580970764160e-01,-2.895392477512359619e-01,-3.444323837757110596e-01,1.078670263290405273e+00,-5.999160408973693848e-01,-5.417732149362564087e-02,6.532565504312515259e-02,4.060813039541244507e-02,-3.836628496646881104e-01,1.484134793281555176e-01,1.283135533332824707e+00,-4.820643961429595947e-01,-2.318650722503662109e+00,6.612482070922851562e-01,-4.325451850891113281e-01,-2.557072639465332031e-01,3.623141348361968994e-01,-1.047753810882568359e+00,6.233695745468139648e-01,-2.248367071151733398e+00,-1.053338766098022461e+00,-1.682486385107040405e-01,1.513368189334869385e-01
-1.320879608392715454e-01,4.146372675895690918e-01,7.353677749633789062e-01,1.558190770447254181e-02,7.384188473224639893e-02,6.362084746360778809e-01,7.678172588348388672e-01,-4.569399654865264893e-01,2.618246376514434814e-01,4.023883640766143799e-01,1.141546607017517090e+00,-2.372498512268066406e-01,8.977257460355758667e-02,-6.006723642349243164e-01,-2.217572182416915894e-01,-3.997743129730224609e-01,1.017992973327636719e+00,-5.610052347183227539e-01,-6.351462751626968384e-02,6.439753621816635132e-02,1.500958204269409180e-02,-3.405765593051910400e-01,1.544299274682998657e-01,1.276906490325927734e+00,-4.821687936782836914e-01,-2.321783065795898438e+00,6.879501938819885254e-01,-4.253487288951873779e-01,-3.003690540790557861e-01,3.718818724155426025e-01,-1.029410719871520996e+00,6.279735565185546875e-01,-2.248413562774658203e+00,-1.056076288223266602e+00,-1.582654565572738647e-01,1.646723449230194092e-01
-1.164588257670402527e-01,4.118570685386657715e-01,7.354421615600585938e-01,-1.481638569384813309e-02,6.722743809223175049e-02,6.341940164566040039e-01,7.701031565666198730e-01,-4.253689348697662354e-01,1.669376641511917114e-01,4.577632248401641846e-01,1.161877989768981934e+00,-1.843592375516891479e-01,6.161078438162803650e-02,-5.945773720741271973e-01,-1.600157022476196289e-01,-4.597527384757995605e-01,9.759454727172851562e-01,-5.236086249351501465e-01,-6.258852779865264893e-02,5.958793312311172485e-02,-1.338708586990833282e-02,-2.756198048591613770e-01,1.744484603404998779e-01,1.262631416320800781e+00,-4.804717898368835449e-01,-2.315863132476806641e+00,6.707925796508789062e-01,-4.271312355995178223e-01,-3.189088106155395508e-01,3.654538989067077637e-01,-1.017185330390930176e+00,6.303046941757202148e-01,-2.250644683837890625e+00,-1.032134771347045898e+00,-1.596049219369888306e-01,1.691123098134994507e-01
-8.409704267978668213e-02,4.066033959388732910e-01,7.341871261596679688e-01,-4.221517220139503479e-02,6.197478994727134705e-02,6.379101872444152832e-01,7.664512991905212402e-01,-3.899264037609100342e-01,6.966450065374374390e-02,5.045840144157409668e-01,1.124051094055175781e+00,-1.309757083654403687e-01,1.486460492014884949e-02,-5.917138457298278809e-01,-1.034700497984886169e-01,-5.170172452926635742e-01,9.416489601135253906e-01,-4.894979596138000488e-01,-3.997486829757690430e-02,3.996689245104789734e-02,-4.077824950218200684e-02,-1.993209421634674072e-01,1.978321373462677002e-01,1.243105530738830566e+00,-4.935569763183593750e-01,-2.309220790863037109e+00,6.458622217178344727e-01,-4.242657423019409180e-01,-3.226098120212554932e-01,3.479408323764801025e-01,-1.014135718345642090e+00,6.348171830177307129e-01,-2.248145341873168945e+00,-9.851613640785217285e-01,-1.653915345668792725e-01,1.597134917974472046e-01
-7.311239838600158691e-02,3.978228569030761719e-01,7.331299781799316406e-01,-6.492888927459716797e-02,4.723677039146423340e-02,6.463699936866760254e-01,7.587876915931701660e-01,-3.677423596382141113e-01,-1.456581521779298782e-02,5.147199630737304688e-01,1.055732131004333496e+00,-1.105610057711601257e-01,-1.569345034658908844e-02,-5.864829421043395996e-01,-5.887013301253318787e-02,-5.607753396034240723e-01,9.135126471519470215e-01,-4.625051617622375488e-01,-1.906584389507770538e-02,1.003848016262054443e-02,-5.197139084339141846e-02,-1.058422550559043884e-01,2.149037718772888184e-01,1.209024429321289062e+00,-5.180251002311706543e-01,-2.294665813446044922e+00,6.202751994132995605e-01,-3.969675004482269287e-01,-3.380416929721832275e-01,3.260368406772613525e-01,-1.008573889732360840e+00,6.288685798645019531e-01,-2.242364883422851562e+00,-9.241241216659545898e-01,-1.574057787656784058e-01,1.552724242210388184e-01
-4.372085630893707275e-02,3.876330852508544922e-01,7.324604988098144531e-01,-7.954095304012298584e-02,3.198101744055747986e-02,6.582568287849426270e-01,7.478960156440734863e-01,-3.526773452758789062e-01,-8.106694370508193970e-02,4.999844729900360107e-01,9.642761945724487305e-01,-1.342962980270385742e-01,-1.480279210954904556e-02,-5.771549940109252930e-01,-1.877843216061592102e-02,-6.017858982086181641e-01,8.770120739936828613e-01,-3.989003300666809082e-01,2.413021028041839600e-02,-2.619484998285770416e-02,-4.969915375113487244e-02,-8.510883897542953491e-03,2.167250514030456543e-01,1.160859704017639160e+00,-5.553500056266784668e-01,-2.270317316055297852e+00,6.114544272422790527e-01,-3.399677872657775879e-01,-3.716326057910919189e-01,2.830749452114105225e-01,-1.017205119132995605e+00,6.218042969703674316e-01,-2.243158578872680664e+00,-8.557993769645690918e-01,-1.328815817832946777e-01,1.651122123003005981e-01
-3.339445218443870544e-02,3.763718307018280029e-01,7.326942682266235352e-01,-9.542421251535415649e-02,1.863110437989234924e-02,6.660281419754028320e-01,7.395631074905395508e-01,-3.478447198867797852e-01,-1.050772368907928467e-01,4.799288809299468994e-01,9.015695452690124512e-01,-2.274906635284423828e-01,3.171147406101226807e-02,-5.843096971511840820e-01,5.031829234212636948e-03,-6.323120594024658203e-01,8.520014286041259766e-01,-3.512926101684570312e-01,4.922360181808471680e-02,-6.112039089202880859e-02,-6.608103215694427490e-02,9.027171134948730469e-02,1.147250458598136902e-01,1.058859705924987793e+00,-6.573500037193298340e-01,-2.168317317962646484e+00,6.226821541786193848e-01,-2.821996510028839111e-01,-3.762736618518829346e-01,1.810749620199203491e-01,-9.152051210403442383e-01,7.238042950630187988e-01,-2.141158580780029297e+00,-7.795734405517578125e-01,-1.241594105958938599e-01,1.684507578611373901e-01
-2.309212461113929749e-02,3.668285310268402100e-01,7.343287467956542969e-01,-9.581717103719711304e-02,1.369164232164621353e-02,6.693858504295349121e-01,7.365827560424804688e-01,-3.433041572570800781e-01,-1.025636419653892517e-01,4.630044102668762207e-01,8.842426538467407227e-01,-3.072558939456939697e-01,7.003847509622573853e-02,-5.947643518447875977e-01,1.591631956398487091e-02,-6.346400976181030273e-01,8.385472893714904785e-01,-3.544020354747772217e-01,5.355935171246528625e-02,-9.503237903118133545e-02,-7.132848352193832397e-02,1.382676661014556885e-01,1.272504869848489761e-02,9.568597078323364258e-01,-7.593500018119812012e-01,-2.066317319869995117e+00,6.256620287895202637e-01,-2.420555055141448975e-01,-3.945023417472839355e-01,7.907495647668838501e-02,-8.643845915794372559e-01,8.258042931556701660e-01,-2.039158582687377930e+00,-7.395979762077331543e-01,-1.128582581877708435e-01,1.838604211807250977e-01
-1.371955219656229019e-02,3.598544001579284668e-01,7.351940870285034180e-01,-8.872954547405242920e-02,1.330434344708919525e-02,6.726110577583312988e-01,7.345368862152099609e-01,-3.485200405120849609e-01,-1.004782244563102722e-01,4.432414770126342773e-01,8.958130478858947754e-01,-3.152549266815185547e-01,7.810945063829421997e-02,-6.051387786865234375e-01,3.120219148695468903e-02,-6.037448644638061523e-01,8.357469439506530762e-01,-3.801776468753814697e-01,4.186819121241569519e-02,-1.031164154410362244e-01,-6.874494999647140503e-02,1.303379386663436890e-01,-8.927495032548904419e-02,8.548597097396850586e-01,-8.613499999046325684e-01,-1.964317321777343750e+00,6.104487180709838867e-01,-2.253402173519134521e-01,-4.048281610012054443e-01,-2.292504347860813141e-02,-8.512026667594909668e-01,9.278042912483215332e-01,-1.995861887931823730e+00,-7.111369371414184570e-01,-1.099055111408233643e-01,1.927277594804763794e-01
-4.566187504678964615e-03,3.546698689460754395e-01,7.364932298660278320e-01,-8.112003654241561890e-02,2.203785255551338196e-02,6.713923811912536621e-01,7.363193035125732422e-01,-3.619121015071868896e-01,-1.002139747142791748e-01,4.361900985240936279e-01,9.084954857826232910e-01,-2.824946939945220947e-01,6.014038622379302979e-02,-6.150960922241210938e-01,3.991179540753364563e-02,-5.899428725242614746e-01,8.260047435760498047e-01,-4.047023355960845947e-01,2.774415537714958191e-02,-8.647567778825759888e-02,-7.486415654420852661e-02,8.789133280515670776e-02,-1.912749558687210083e-01,8.121517896652221680e-01,-9.633499979972839355e-01,-1.862317323684692383e+00,6.072677373886108398e-01,-2.275566160678863525e-01,-4.093578159809112549e-01,-1.249250471591949463e-01,-8.458109498023986816e-01,1.010887861251831055e+00,-1.992361545562744141e+00,-7.020162343978881836e-01,-1.101102083921432495e-01,1.892848461866378784e-01
4.629012662917375565e-03,3.513324856758117676e-01,7.378649711608886719e-01,-7.436862587928771973e-02,4.165869578719139099e-02,6.658179163932800293e-01,7.412289381027221680e-01,-3.895342648029327393e-01,-9.885095804929733276e-02,4.419498443603515625e-01,9.237884283065795898e-01,-2.274367362260818481e-01,2.719146385788917542e-02,-6.359549760818481445e-01,5.005842074751853943e-02,-5.671128034591674805e-01,8.168710470199584961e-01,-4.480893313884735107e-01,2.690842375159263611e-03,-6.057465821504592896e-02,-9.504242986440658569e-02,2.510285563766956329e-02,-2.595965564250946045e-01,8.449551463127136230e-01,-1.064441561698913574e+00,-1.861193895339965820e+00,6.123616099357604980e-01,-2.354665994644165039e-01,-4.192753136157989502e-01,-2.256835997104644775e-01,-8.292348384857177734e-01,1.018231868743896484e+00,-1.978308320045471191e+00,-7.306305766105651855e-01,-1.117940917611122131e-01,1.787686496973037720e-01
1.465730927884578705e-02,3.493423163890838623e-01,7.375144958496093750e-01,-6.152690201997756958e-02,5.684090033173561096e-02,6.598699688911437988e-01,7.466961741447448730e-01,-4.172518551349639893e-01,-9.468488395214080811e-02,4.497046470642089844e-01,9.504333734512329102e-01,-1.976731717586517334e-01,6.983497180044651031e-03,-6.415985226631164551e-01,5.797670781612396240e-02,-5.497318506240844727e-01,8.032719492912292480e-01,-4.644982516765594482e-01,-9.563359431922435760e-03,-3.324868157505989075e-02,-1.087336242198944092e-01,-3.835947439074516296e-02,-2.705097198486328125e-01,9.018812179565429688e-01,-1.064250588417053223e+00,-1.913488984107971191e+00,5.998578667640686035e-01,-2.430942803621292114e-01,-4.275495409965515137e-01,-2.219369709491729736e-01,-8.304160833358764648e-01,1.039149284362792969e+00,-1.972051143646240234e+00,-7.466353774070739746e-01,-1.064625829458236694e-01,1.852958351373672485e-01
2.648090943694114685e-02,3.469844162464141846e-01,7.365294694900512695e-01,-4.566785693168640137e-02,6.615255773067474365e-02,6.566818356513977051e-01,7.498714923858642578e-01,-4.410600960254669189e-01,-9.611334651708602905e-02,4.469503760337829590e-01,9.579908251762390137e-01,-2.116825580596923828e-01,5.822091829031705856e-03,-6.270833611488342285e-01,6.567018479108810425e-02,-5.437442064285278320e-01,7.839884757995605469e-01,-4.379892349243164062e-01,4.315095022320747375e-03,-9.286358021199703217e-03,-1.149783656001091003e-01,-7.700803130865097046e-02,-2.804919779300689697e-01,9.353494048118591309e-01,-1.045946955680847168e+00,-1.955909490585327148e+00,5.843549966812133789e-01,-2.502782046794891357e-01,-4.213861823081970215e-01,-2.071860432624816895e-01,-8.437178134918212891e-01,1.041202902793884277e+00,-1.961412549018859863e+00,-7.242415547370910645e-01,-1.043664067983627319e-01,2.000296115875244141e-01
4.123958572745323181e-02,3.425954282283782959e-01,7.361092567443847656e-01,-3.262082487344741821e-02,6.512992084026336670e-02,6.626808047294616699e-01,7.453510165214538574e-01,-4.505387544631958008e-01,-1.081450134515762329e-01,4.235887527465820312e-01,9.359588623046875000e-01,-2.569211125373840332e-01,1.699092984199523926e-02,-5.907030105590820312e-01,8.068104088306427002e-02,-5.419297814369201660e-01,7.498263120651245117e-01,-3.601406216621398926e-01,5.119029432535171509e-02,1.954463310539722443e-03,-1.079313531517982483e-01,-7.460377365350723267e-02,-3.351376056671142578e-01,9.009793996810913086e-01,-1.054861783981323242e+00,-1.942147970199584961e+00,5.575044751167297363e-01,-2.318631112575531006e-01,-4.356529712677001953e-01,-2.131300270557403564e-01,-8.408252596855163574e-01,1.037687063217163086e+00,-1.923070549964904785e+00,-6.789591312408447266e-01,-8.556731790304183960e-02,2.350566238164901733e-01
5.696198344230651855e-02,3.364231586456298828e-01,7.332863807678222656e-01,-1.768964156508445740e-02,5.466572940349578857e-02,6.668901443481445312e-01,7.429376244544982910e-01,-4.296706616878509521e-01,-1.236278414726257324e-01,4.047294259071350098e-01,9.046412706375122070e-01,-3.420644104480743408e-01,5.495443195104598999e-02,-5.391905307769775391e-01,8.990225195884704590e-02,-5.509434938430786133e-01,7.442883253097534180e-01,-2.581406235694885254e-01,1.231176257133483887e-01,3.516149707138538361e-03,-8.700636029243469238e-02,-4.864549636840820312e-02,-4.147624373435974121e-01,8.091109991073608398e-01,-1.081442236900329590e+00,-1.862594008445739746e+00,5.489180684089660645e-01,-2.178000211715698242e-01,-4.393103420734405518e-01,-2.535821199417114258e-01,-8.087024688720703125e-01,1.049370646476745605e+00,-1.855935215950012207e+00,-6.348025202751159668e-01,-7.894288003444671631e-02,2.644863724708557129e-01
7.215508818626403809e-02,3.285987973213195801e-01,7.292308807373046875e-01,-5.484249908477067947e-03,4.288153722882270813e-02,6.647337079048156738e-01,7.458285689353942871e-01,-4.024682939052581787e-01,-1.392236649990081787e-01,3.821683526039123535e-01,8.778166174888610840e-01,-4.440644383430480957e-01,1.202924102544784546e-01,-4.968153536319732666e-01,8.646497875452041626e-02,-5.601738691329956055e-01,7.829365134239196777e-01,-1.561406254768371582e-01,2.005029618740081787e-01,1.851181266829371452e-03,-6.914240121841430664e-02,-1.416520588099956512e-02,-4.588756263256072998e-01,7.474464774131774902e-01,-1.086720466613769531e+00,-1.798019886016845703e+00,5.658338069915771484e-01,-2.018573284149169922e-01,-4.196314811706542969e-01,-2.865381538867950439e-01,-7.973345518112182617e-01,1.049260497093200684e+00,-1.824339032173156738e+00,-6.160071492195129395e-01,-7.666045427322387695e-02,2.691029310226440430e-01
8.743445575237274170e-02,3.184725642204284668e-01,7.234815359115600586e-01,-2.892979653552174568e-03,2.768537402153015137e-02,6.588054895401000977e-01,7.517981529235839844e-01,-3.853157758712768555e-01,-1.210484057664871216e-01,3.808444738388061523e-01,8.862720727920532227e-01,-5.460644364356994629e-01,1.972688287496566772e-01,-4.776715636253356934e-01,6.171410158276557922e-02,-5.899634957313537598e-01,8.725885748863220215e-01,-5.414061993360519409e-02,2.532004415988922119e-01,-2.850477583706378937e-03,-5.374786257743835449e-02,4.411394894123077393e-02,-4.404727816581726074e-01,7.482393980026245117e-01,-1.067619681358337402e+00,-1.801339268684387207e+00,5.969584584236145020e-01,-1.819626092910766602e-01,-4.008009135723114014e-01,-3.092798292636871338e-01,-8.342822194099426270e-01,1.051976919174194336e+00,-1.859185099601745605e+00,-6.028257608413696289e-01,-8.835134655237197876e-02,2.600118815898895264e-01
1.031742841005325317e-01,3.074105978012084961e-01,7.176378965377807617e-01,-5.112999584525823593e-03,7.692016661167144775e-03,6.551645398139953613e-01,7.554297447204589844e-01,-3.839970529079437256e-01,-6.404294818639755249e-02,3.958576619625091553e-01,9.273133277893066406e-01,-6.480644345283508301e-01,2.522903382778167725e-01,-4.786727428436279297e-01,8.965895511209964752e-03,-6.284320950508117676e-01,9.745885729789733887e-01,3.822876140475273132e-02,2.611050605773925781e-01,-2.926330314949154854e-03,-3.402230516076087952e-02,1.222993880510330200e-01,-3.784374892711639404e-01,7.753554582595825195e-01,-1.012482285499572754e+00,-1.849087834358215332e+00,6.608930230140686035e-01,-1.704207658767700195e-01,-3.815958201885223389e-01,-2.964378595352172852e-01,-9.274102449417114258e-01,1.025947690010070801e+00,-1.961185097694396973e+00,-6.191211342811584473e-01,-1.100413501262664795e-01,2.586650848388671875e-01
1.193948537111282349e-01,2.994446456432342529e-01,7.111740112304687500e-01,-1.106829382479190826e-02,-1.796001940965652466e-02,6.484561562538146973e-01,7.609596252441406250e-01,-3.799223303794860840e-01,2.357807755470275879e-02,4.295122325420379639e-01,9.928152561187744141e-01,-7.500644326210021973e-01,2.605435550212860107e-01,-4.733211994171142578e-01,-6.806351989507675171e-02,-6.481558084487915039e-01,1.076588630676269531e+00,2.685062959790229797e-02,2.622907459735870361e-01,1.375885866582393646e-02,-6.087146233767271042e-03,1.969534605741500854e-01,-3.193679451942443848e-01,8.305979967117309570e-01,-9.666631221771240234e-01,-1.919649362564086914e+00,7.196564078330993652e-01,-1.656816750764846802e-01,-3.692067861557006836e-01,-2.415684610605239868e-01,-1.029410243034362793e+00,9.645112156867980957e-01,-2.063185214996337891e+00,-6.512873768806457520e-01,-1.348539739847183228e-01,2.508086860179901123e-01
1.443625539541244507e-01,2.978578507900238037e-01,7.039905786514282227e-01,-2.045886032283306122e-02,-3.809747844934463501e-02,6.498482227325439453e-01,7.588328719139099121e-01,-3.924120366573333740e-01,9.871059656143188477e-02,4.082341194152832031e-01,1.069545030593872070e+00,-7.950596809387207031e-01,2.617815434932708740e-01,-4.694384932518005371e-01,-1.584597229957580566e-01,-6.132339239120483398e-01,1.178588628768920898e+00,-3.560723364353179932e-02,2.415844202041625977e-01,1.664840802550315857e-02,2.778301574289798737e-02,2.536279559135437012e-01,-2.749383151531219482e-01,8.626494407653808594e-01,-9.443874955177307129e-01,-1.964368820190429688e+00,7.854847908020019531e-01,-1.565561592578887939e-01,-3.555554151535034180e-01,-2.103892266750335693e-01,-1.068844079971313477e+00,9.399945735931396484e-01,-2.156676292419433594e+00,-7.262717485427856445e-01,-1.414279043674468994e-01,2.406539618968963623e-01
1.778970062732696533e-01,2.855249047279357910e-01,6.973019838333129883e-01,-2.935119345784187317e-02,-5.790537595748901367e-02,6.554628014564514160e-01,7.524320483207702637e-01,-4.234412014484405518e-01,1.787957251071929932e-01,3.665808141231536865e-01,1.151327848434448242e+00,-8.018089532852172852e-01,2.619672417640686035e-01,-4.647183716297149658e-01,-2.482286542654037476e-01,-5.471961498260498047e-01,1.269729733467102051e+00,-1.164466440677642822e-01,2.080180794000625610e-01,8.450180292129516602e-03,6.465093046426773071e-02,2.883029282093048096e-01,-2.461695075035095215e-01,8.996900320053100586e-01,-9.196883440017700195e-01,-2.009330272674560547e+00,8.510983586311340332e-01,-1.519147157669067383e-01,-3.482586145401000977e-01,-1.815542131662368774e-01,-1.068019390106201172e+00,9.126876592636108398e-01,-2.185517072677612305e+00,-8.078510165214538574e-01,-1.396976411342620850e-01,2.339580208063125610e-01
2.157056778669357300e-01,2.656452953815460205e-01,6.910198926925659180e-01,-3.159241750836372375e-02,-8.116129040718078613e-02,6.699513196945190430e-01,7.372788190841674805e-01,-4.669706821441650391e-01,2.433136999607086182e-01,2.920466661453247070e-01,1.230383157730102539e+00,-7.848311662673950195e-01,2.619950771331787109e-01,-4.395653009414672852e-01,-3.342751562595367432e-01,-4.735316932201385498e-01,1.262895703315734863e+00,-1.761712878942489624e-01,1.914457827806472778e-01,-9.117917157709598541e-03,1.243185997009277344e-01,3.013254106044769287e-01,-1.441694945096969604e-01,9.991823434829711914e-01,-8.176883459091186523e-01,-2.111330270767211914e+00,9.120517373085021973e-01,-1.428587287664413452e-01,-3.407418131828308105e-01,-7.955421507358551025e-02,-1.090017557144165039e+00,8.106876611709594727e-01,-2.265226364135742188e+00,-8.831788301467895508e-01,-1.246399506926536560e-01,2.215278744697570801e-01
2.315926253795623779e-01,2.611477673053741455e-01,6.866624355316162109e-01,-4.118342697620391846e-02,-9.160546958446502686e-02,6.833562850952148438e-01,7.231435179710388184e-01,-5.253305435180664062e-01,2.740067243576049805e-01,2.083111852407455444e-01,1.293531298637390137e+00,-7.176427245140075684e-01,2.019243389368057251e-01,-4.231182038784027100e-01,-4.034828841686248779e-01,-4.077908396720886230e-01,1.196406006813049316e+00,-1.981072574853897095e-01,1.919133067131042480e-01,-1.822973974049091339e-02,1.533942520618438721e-01,2.912081778049468994e-01,-7.578317821025848389e-02,1.067525029182434082e+00,-7.181543707847595215e-01,-2.199018955230712891e+00,9.986148476600646973e-01,-1.380310058593750000e-01,-3.191018998622894287e-01,1.154972799122333527e-02,-1.066713571548461914e+00,7.574124336242675781e-01,-2.285999536514282227e+00,-9.515377283096313477e-01,-1.131325736641883850e-01,1.959212422370910645e-01
2.494688183069229126e-01,2.562215924263000488e-01,6.870418787002563477e-01,-4.550798609852790833e-02,-8.690589666366577148e-02,6.919046640396118164e-01,7.152931690216064453e-01,-5.752304792404174805e-01,2.828173041343688965e-01,1.493521928787231445e-01,1.315646290779113770e+00,-6.377622485160827637e-01,1.277875304222106934e-01,-4.281466603279113770e-01,-4.323391914367675781e-01,-3.296949863433837891e-01,1.098917126655578613e+00,-1.857188940048217773e-01,2.123353481292724609e-01,-4.000185430049896240e-02,2.100092619657516479e-01,2.401275187730789185e-01,-2.874899096786975861e-02,1.124755024909973145e+00,-6.161543726921081543e-01,-2.222608089447021484e+00,1.036680817604064941e+00,-1.675236076116561890e-01,-2.790693342685699463e-01,7.595540583133697510e-02,-1.065182209014892578e+00,6.809224486351013184e-01,-2.322642803192138672e+00,-9.733150601387023926e-01,-1.245882958173751831e-01,1.521817594766616821e-01
2.707995474338531494e-01,2.535836100578308105e-01,6.837283372879028320e-01,-3.760028630495071411e-02,-8.076363801956176758e-02,6.942103505134582520e-01,7.142376899719238281e-01,-6.055825948715209961e-01,2.728154063224792480e-01,8.445487916469573975e-02,1.335578203201293945e+00,-5.857047438621520996e-01,7.002159208059310913e-02,-4.448464512825012207e-01,-4.209156036376953125e-01,-2.283243387937545776e-01,1.035726070404052734e+00,-1.669629067182540894e-01,2.283640652894973755e-01,-5.503483489155769348e-02,2.281683087348937988e-01,1.653356850147247314e-01,1.477260328829288483e-02,1.153333187103271484e+00,-5.441977977752685547e-01,-2.259258270263671875e+00,1.035376310348510742e+00,-2.348067909479141235e-01,-2.264087349176406860e-01,1.586275100708007812e-01,-1.062552094459533691e+00,6.323755979537963867e-01,-2.321490764617919922e+00,-9.749730229377746582e-01,-1.553056389093399048e-01,6.820367276668548584e-02
2.945779263973236084e-01,2.516105175018310547e-01,6.762002706527709961e-01,-2.064370922744274139e-02,-7.411123812198638916e-02,6.908442378044128418e-01,7.188988924026489258e-01,-6.253697276115417480e-01,2.765356004238128662e-01,3.686295077204704285e-02,1.362798810005187988e+00,-5.518824458122253418e-01,1.897570490837097168e-02,-4.756965935230255127e-01,-3.984791636466979980e-01,-1.429784893989562988e-01,1.042175650596618652e+00,-2.178929299116134644e-01,2.119651287794113159e-01,-7.114309817552566528e-02,2.308180332183837891e-01,7.800403982400894165e-02,4.841768369078636169e-02,1.168503403663635254e+00,-5.122663378715515137e-01,-2.288850545883178711e+00,1.016759514808654785e+00,-2.949893176555633545e-01,-1.961567103862762451e-01,2.297180891036987305e-01,-1.051489710807800293e+00,6.175733208656311035e-01,-2.298408269882202148e+00,-9.838416576385498047e-01,-1.779061406850814819e-01,2.090927772223949432e-02
3.176258802413940430e-01,2.491607815027236938e-01,6.663801670074462891e-01,2.737256465479731560e-03,-6.838342547416687012e-02,6.852926611900329590e-01,7.250449657440185547e-01,-6.473962068557739258e-01,3.077315688133239746e-01,2.236461639404296875e-02,1.400584101676940918e+00,-5.590468049049377441e-01,6.355172488838434219e-03,-5.244401097297668457e-01,-3.935487866401672363e-01,-8.064468950033187866e-02,1.119487404823303223e+00,-3.198929131031036377e-01,1.567757874727249146e-01,-8.079791814088821411e-02,2.362235188484191895e-01,-1.797176711261272430e-02,6.588590145111083984e-02,1.187165498733520508e+00,-4.695755243301391602e-01,-2.309561252593994141e+00,9.545929431915283203e-01,-3.571709692478179932e-01,-1.849599331617355347e-01,2.874423563480377197e-01,-1.051964879035949707e+00,5.973732471466064453e-01,-2.280375719070434570e+00,-9.885061979293823242e-01,-1.976521164178848267e-01,6.711048539727926254e-03
3.359257876873016357e-01,2.466136366128921509e-01,6.555933952331542969e-01,2.670388668775558472e-02,-6.204554438591003418e-02,6.763808131217956543e-01,7.334482073783874512e-01,-6.678312420845031738e-01,3.426276445388793945e-01,2.860947139561176300e-02,1.438599824905395508e+00,-5.985100865364074707e-01,1.899459771811962128e-02,-5.769326090812683105e-01,-4.095755815505981445e-01,-3.761569410562515259e-02,1.214207887649536133e+00,-4.218929111957550049e-01,9.722720086574554443e-02,-9.476790577173233032e-02,2.450996190309524536e-01,-1.005794703960418701e-01,7.465419918298721313e-02,1.207083582878112793e+00,-4.361140131950378418e-01,-2.343819856643676758e+00,8.912971615791320801e-01,-3.961454927921295166e-01,-1.910851746797561646e-01,3.106633424758911133e-01,-1.078417181968688965e+00,5.909194350242614746e-01,-2.285553455352783203e+00,-9.817107319831848145e-01,-2.056467980146408081e-01,2.760774642229080200e-02
3.538860976696014404e-01,2.444022744894027710e-01,6.489691734313964844e-01,4.148187115788459778e-02,-5.543365702033042908e-02,6.716151833534240723e-01,7.376580834388732910e-01,-6.888967752456665039e-01,3.710307180881500244e-01,3.189754858613014221e-02,1.470703482627868652e+00,-6.631902456283569336e-01,4.783241450786590576e-02,-6.166305541992187500e-01,-4.184690415859222412e-01,-1.031906623393297195e-02,1.284333229064941406e+00,-5.213165879249572754e-01,6.784354895353317261e-02,-1.111880093812942505e-01,2.521485090255737305e-01,-1.627057194709777832e-01,7.686443626880645752e-02,1.207461833953857422e+00,-4.283479750156402588e-01,-2.353832960128784180e+00,8.700103163719177246e-01,-4.112931191921234131e-01,-2.044321894645690918e-01,3.190594017505645752e-01,-1.101126432418823242e+00,5.923377275466918945e-01,-2.293343544006347656e+00,-9.809793233871459961e-01,-2.121088951826095581e-01,4.103482514619827271e-02
3.707176446914672852e-01,2.432356923818588257e-01,6.459184885025024414e-01,5.012172833085060120e-02,-4.799977317452430725e-02,6.675711274147033691e-01,7.413046956062316895e-01,-7.008196115493774414e-01,3.936863541603088379e-01,4.833276569843292236e-02,1.486090064048767090e+00,-6.981335878372192383e-01,6.868672370910644531e-02,-6.501552462577819824e-01,-4.251940250396728516e-01,1.748077105730772018e-03,1.336399674415588379e+00,-5.834913849830627441e-01,5.187666043639183044e-02,-1.277850270271301270e-01,2.584644556045532227e-01,-1.965753436088562012e-01,8.272559940814971924e-02,1.196819424629211426e+00,-4.330243766307830811e-01,-2.355334997177124023e+00,8.718824386596679688e-01,-4.127427041530609131e-01,-2.062726914882659912e-01,3.209273219108581543e-01,-1.108491063117980957e+00,5.975801944732666016e-01,-2.299113273620605469e+00,-9.910535216331481934e-01,-2.174549251794815063e-01,4.319696500897407532e-02
3.758995831012725830e-01,2.401892095804214478e-01,6.494472026824951172e-01,5.238096415996551514e-02,-4.147174954414367676e-02,6.657413840293884277e-01,7.431855201721191406e-01,-7.067620754241943359e-01,4.049798250198364258e-01,7.265044003725051880e-02,1.482791185379028320e+00,-7.198863625526428223e-01,8.651270717382431030e-02,-6.700347661972045898e-01,-4.283531904220581055e-01,7.484705653041601181e-03,1.348886847496032715e+00,-6.063762307167053223e-01,4.937627166509628296e-02,-1.385978460311889648e-01,2.612129151821136475e-01,-2.026808857917785645e-01,8.786501735448837280e-02,1.191472649574279785e+00,-4.388692080974578857e-01,-2.355560302734375000e+00,8.739801049232482910e-01,-4.069688916206359863e-01,-2.049171924591064453e-01,3.153820335865020752e-01,-1.108702301979064941e+00,5.992189645767211914e-01,-2.303623676300048828e+00,-1.002110600471496582e+00,-2.263522595167160034e-01,3.196402266621589661e-02
3.674346208572387695e-01,2.388770282268524170e-01,6.587147712707519531e-01,4.525976255536079407e-02,-3.631325811147689819e-02,6.691901087760925293e-01,7.408221960067749023e-01,-7.076141238212585449e-01,4.061054885387420654e-01,9.284350275993347168e-02,1.472924947738647461e+00,-7.358338236808776855e-01,9.873136132955551147e-02,-6.692481040954589844e-01,-4.296207427978515625e-01,2.643833169713616371e-03,1.319256067276000977e+00,-5.662568211555480957e-01,6.442482024431228638e-02,-1.518968343734741211e-01,2.648621201515197754e-01,-1.714630275964736938e-01,9.784638881683349609e-02,1.185757637023925781e+00,-4.582204818725585938e-01,-2.355593919754028320e+00,8.953645229339599609e-01,-3.888178467750549316e-01,-2.034458965063095093e-01,2.983279526233673096e-01,-1.100684165954589844e+00,6.025007963180541992e-01,-2.307952165603637695e+00,-1.007588505744934082e+00,-2.285778969526290894e-01,2.166906744241714478e-02
3.471948802471160889e-01,2.428378611803054810e-01,6.741015911102294922e-01,2.705226838588714600e-02,-3.304863721132278442e-02,6.766195297241210938e-01,7.350931763648986816e-01,-7.079776525497436523e-01,4.015484750270843506e-01,1.071523204445838928e-01,1.449900031089782715e+00,-7.416195869445800781e-01,1.112877503037452698e-01,-6.423836946487426758e-01,-4.248763322830200195e-01,-1.764801517128944397e-02,1.243521451950073242e+00,-4.792770743370056152e-01,9.642346203327178955e-02,-1.580955237150192261e-01,2.690697610378265381e-01,-1.014189198613166809e-01,1.090827062726020813e-01,1.187246322631835938e+00,-4.787850081920623779e-01,-2.355599164962768555e+00,9.331628680229187012e-01,-3.662371635437011719e-01,-1.815922558307647705e-01,2.697166502475738525e-01,-1.090072989463806152e+00,6.041216254234313965e-01,-2.309412717819213867e+00,-9.948880672454833984e-01,-2.283122837543487549e-01,3.663388779386878014e-03
3.308557569980621338e-01,2.469794005155563354e-01,6.955687999725341797e-01,7.640933617949485779e-04,-3.075980022549629211e-02,6.895790100097656250e-01,7.235565185546875000e-01,-7.182303667068481445e-01,3.986671864986419678e-01,1.211096718907356262e-01,1.404409289360046387e+00,-7.297978401184082031e-01,1.273853927850723267e-01,-5.901438593864440918e-01,-4.166063368320465088e-01,-7.491794228553771973e-02,1.141521453857421875e+00,-3.852585852146148682e-01,1.514408141374588013e-01,-1.574804931879043579e-01,2.706398963928222656e-01,5.810776492580771446e-04,1.029607951641082764e-01,1.196802139282226562e+00,-4.917446374893188477e-01,-2.344946384429931641e+00,9.945250749588012695e-01,-3.276372253894805908e-01,-1.643876135349273682e-01,2.283864766359329224e-01,-1.075895190238952637e+00,6.059455275535583496e-01,-2.303971290588378906e+00,-9.892196059226989746e-01,-2.062014043331146240e-01,1.916476339101791382e-02
3.015153706073760986e-01,2.497052848339080811e-01,7.224615812301635742e-01,-2.990562468767166138e-02,-3.429606556892395020e-02,7.041037082672119141e-01,7.086377143859863281e-01,-7.266280055046081543e-01,3.800968825817108154e-01,1.424031406641006470e-01,1.325789809226989746e+00,-7.243867516517639160e-01,1.486064791679382324e-01,-5.174950361251831055e-01,-4.063058197498321533e-01,-1.753130257129669189e-01,1.039521455764770508e+00,-2.832585871219635010e-01,2.164985388517379761e-01,-1.520984172821044922e-01,2.675260305404663086e-01,1.025810763239860535e-01,5.505554750561714172e-02,1.238160729408264160e+00,-4.852833449840545654e-01,-2.310318470001220703e+00,1.015935420989990234e+00,-2.669092714786529541e-01,-2.037269771099090576e-01,1.584041863679885864e-01,-1.118958353996276855e+00,5.851039290428161621e-01,-2.326298952102661133e+00,-9.591867923736572266e-01,-1.578886508941650391e-01,1.130688562989234924e-01
2.661022543907165527e-01,2.490284889936447144e-01,7.491636276245117188e-01,-5.600690096616744995e-02,-3.720770031213760376e-02,7.107398509979248047e-01,7.002339959144592285e-01,-7.153280973434448242e-01,3.416484296321868896e-01,1.714162379503250122e-01,1.223789811134338379e+00,-7.242156863212585449e-01,1.720074266195297241e-01,-4.816366732120513916e-01,-3.885308504104614258e-01,-2.740783989429473877e-01,9.375214576721191406e-01,-1.812585890293121338e-01,2.555997669696807861e-01,-1.328523904085159302e-01,2.618607878684997559e-01,2.045810818672180176e-01,4.131250549107789993e-03,1.281860351562500000e+00,-4.882628023624420166e-01,-2.281736612319946289e+00,9.772176146507263184e-01,-2.119915038347244263e-01,-2.346444278955459595e-01,8.491750806570053101e-02,-1.165036320686340332e+00,5.890169739723205566e-01,-2.333022832870483398e+00,-9.520950913429260254e-01,-1.075090244412422180e-01,2.150688618421554565e-01
2.336363643407821655e-01,2.460556775331497192e-01,7.716951370239257812e-01,-7.187914103269577026e-02,-3.579745441675186157e-02,7.080909609794616699e-01,7.015405297279357910e-01,-6.900625228881835938e-01,2.965441644191741943e-01,2.064555585384368896e-01,1.121789813041687012e+00,-7.046569585800170898e-01,1.830579787492752075e-01,-4.761294424533843994e-01,-3.716527223587036133e-01,-3.545696139335632324e-01,8.355214595794677734e-01,-7.925858348608016968e-02,2.614649534225463867e-01,-1.150839999318122864e-01,2.557257711887359619e-01,3.065810799598693848e-01,-2.480256929993629456e-02,1.332162499427795410e+00,-4.986975789070129395e-01,-2.287447690963745117e+00,8.992099761962890625e-01,-1.889505535364151001e-01,-2.520666718482971191e-01,2.641264162957668304e-02,-1.200046420097351074e+00,6.079394817352294922e-01,-2.337432861328125000e+00,-9.478033781051635742e-01,-8.730985969305038452e-02,2.955776751041412354e-01
2.077887207269668579e-01,2.428192198276519775e-01,7.867773771286010742e-01,-7.284641265869140625e-02,-3.435299545526504517e-02,7.049051523208618164e-01,7.047141194343566895e-01,-6.580023765563964844e-01,2.446584850549697876e-01,2.380928397178649902e-01,1.019789814949035645e+00,-6.670486927032470703e-01,1.837921887636184692e-01,-4.679083228111267090e-01,-3.660579025745391846e-01,-4.239211082458496094e-01,7.335214614868164062e-01,2.274141646921634674e-02,2.456097900867462158e-01,-1.020869314670562744e-01,2.486212998628616333e-01,4.085810780525207520e-01,-4.091583937406539917e-02,1.359528660774230957e+00,-5.070006251335144043e-01,-2.303845167160034180e+00,8.370393514633178711e-01,-1.835765689611434937e-01,-2.630215883255004883e-01,-2.553480211645364761e-03,-1.201930999755859375e+00,6.106535196304321289e-01,-2.338910579681396484e+00,-9.342039823532104492e-01,-9.091807156801223755e-02,3.233326375484466553e-01
1.884849965572357178e-01,2.405174672603607178e-01,7.947777509689331055e-01,-5.948893725872039795e-02,-3.108425065875053406e-02,7.002068161964416504e-01,7.107779383659362793e-01,-6.202209591865539551e-01,1.998715251684188843e-01,2.856825292110443115e-01,9.543693065643310547e-01,-6.209674477577209473e-01,1.769745051860809326e-01,-4.375943243503570557e-01,-3.629257977008819580e-01,-4.811300635337829590e-01,7.649982571601867676e-01,5.804307758808135986e-02,1.952975243330001831e-01,-9.469329565763473511e-02,2.392921149730682373e-01,4.690079987049102783e-01,-3.679061681032180786e-02,1.362927198410034180e+00,-5.225902199745178223e-01,-2.318422794342041016e+00,8.203337788581848145e-01,-1.870672851800918579e-01,-2.735898494720458984e-01,-9.289764799177646637e-03,-1.207638502120971680e+00,6.167016625404357910e-01,-2.337510824203491211e+00,-9.211362600326538086e-01,-9.807176887989044189e-02,3.196911513805389404e-01
1.717007756233215332e-01,2.380399852991104126e-01,8.012670278549194336e-01,-3.510076180100440979e-02,-1.824580505490303040e-02,6.928935647010803223e-01,7.199538350105285645e-01,-5.569552779197692871e-01,1.574342995882034302e-01,3.775334358215332031e-01,8.886234760284423828e-01,-5.763980150222778320e-01,1.733512431383132935e-01,-3.898881077766418457e-01,-3.287793993949890137e-01,-5.195080637931823730e-01,8.669982552528381348e-01,5.975491181015968323e-02,1.635174453258514404e-01,-9.019479900598526001e-02,2.255934774875640869e-01,4.149654209613800049e-01,-3.235164284706115723e-02,1.343330979347229004e+00,-5.240258574485778809e-01,-2.340506315231323242e+00,7.729434370994567871e-01,-2.019480615854263306e-01,-3.005383014678955078e-01,-5.060806870460510254e-04,-1.209768176078796387e+00,6.313977837562561035e-01,-2.337241649627685547e+00,-8.832875490188598633e-01,-1.232148781418800354e-01,2.988729476928710938e-01
1.543460041284561157e-01,2.345375865697860718e-01,8.052817583084106445e-01,-7.338125724345445633e-03,6.069113151170313358e-04,6.824112534523010254e-01,7.309314012527465820e-01,-4.932512044906616211e-01,9.415460377931594849e-02,4.490417838096618652e-01,8.274182081222534180e-01,-5.351936221122741699e-01,1.868721544742584229e-01,-3.406622409820556641e-01,-2.582147121429443359e-01,-5.445750951766967773e-01,9.578932523727416992e-01,7.480368763208389282e-02,1.756325960159301758e-01,-7.840230315923690796e-02,2.023071199655532837e-01,3.129654228687286377e-01,-1.773967035114765167e-02,1.296716928482055664e+00,-5.254905819892883301e-01,-2.335256099700927734e+00,7.502542734146118164e-01,-2.086555063724517822e-01,-3.272161483764648438e-01,3.033466450870037079e-02,-1.192193031311035156e+00,6.385076045989990234e-01,-2.335314273834228516e+00,-8.438358902931213379e-01,-1.437677145004272461e-01,2.681490182876586914e-01
1.366021484136581421e-01,2.294553369283676147e-01,8.051306009292602539e-01,1.179064717143774033e-02,2.309456095099449158e-02,6.737143397331237793e-01,7.385367751121520996e-01,-4.681037068367004395e-01,2.118101902306079865e-02,4.681406319141387939e-01,7.806015014648437500e-01,-4.907180666923522949e-01,1.977633237838745117e-01,-3.108502030372619629e-01,-1.765941828489303589e-01,-5.595135688781738281e-01,9.987344741821289062e-01,1.090746596455574036e-01,2.008781284093856812e-01,-5.370181798934936523e-02,1.495375037193298340e-01,2.109654098749160767e-01,1.210126443766057491e-03,1.253391504287719727e+00,-5.284557342529296875e-01,-2.318131208419799805e+00,7.347730398178100586e-01,-2.244965732097625732e-01,-3.138993978500366211e-01,1.004661098122596741e-01,-1.166100502014160156e+00,6.259811520576477051e-01,-2.334114074707031250e+00,-8.108472228050231934e-01,-1.667708605527877808e-01,2.139364331960678101e-01
1.174979284405708313e-01,2.226096093654632568e-01,8.017822504043579102e-01,2.425063587725162506e-02,4.494792222976684570e-02,6.552756428718566895e-01,7.536613345146179199e-01,-4.657585918903350830e-01,-4.920203238725662231e-02,4.731243252754211426e-01,7.445780038833618164e-01,-4.631862342357635498e-01,1.971994340419769287e-01,-2.926558554172515869e-01,-1.064563244581222534e-01,-5.462628602981567383e-01,1.006151676177978516e+00,1.157553419470787048e-01,2.150354683399200439e-01,-1.661876216530799866e-02,9.306860715150833130e-02,1.089654117822647095e-01,3.874270245432853699e-02,1.213799357414245605e+00,-5.230309963226318359e-01,-2.298403978347778320e+00,7.081465125083923340e-01,-2.501911520957946777e-01,-3.071902394294738770e-01,1.893570572137832642e-01,-1.124511122703552246e+00,5.858161449432373047e-01,-2.331603765487670898e+00,-7.789438366889953613e-01,-1.797911077737808228e-01,1.488385945558547974e-01
9.694948047399520874e-02,2.155977189540863037e-01,7.964324951171875000e-01,3.257722407579421997e-02,5.888971686363220215e-02,6.308444142341613770e-01,7.729851603507995605e-01,-4.778904020786285400e-01,-9.145169705152511597e-02,4.999210536479949951e-01,7.332832217216491699e-01,-4.517505168914794922e-01,1.869469583034515381e-01,-2.772127985954284668e-01,-5.947988852858543396e-02,-5.270974040031433105e-01,9.733359217643737793e-01,1.017168462276458740e-01,2.198302745819091797e-01,3.223915770649909973e-02,5.269109085202217102e-02,6.965413689613342285e-03,7.114861160516738892e-02,1.194632053375244141e+00,-5.095365643501281738e-01,-2.295489311218261719e+00,6.727581620216369629e-01,-2.784438431262969971e-01,-2.995418310165405273e-01,2.671284079551696777e-01,-1.081332206726074219e+00,5.591564774513244629e-01,-2.303627490997314453e+00,-7.778677344322204590e-01,-1.835202574729919434e-01,1.009757071733474731e-01
7.531240582466125488e-02,2.107645124197006226e-01,7.907186746597290039e-01,2.748417295515537262e-02,6.986941397190093994e-02,6.138635277748107910e-01,7.858335971832275391e-01,-5.088782310485839844e-01,-1.040953397750854492e-01,5.292794704437255859e-01,7.579584717750549316e-01,-4.603464603424072266e-01,1.723952740430831909e-01,-2.616921663284301758e-01,-3.761961311101913452e-02,-5.126025080680847168e-01,9.316703081130981445e-01,4.172750934958457947e-02,1.979742795228958130e-01,7.706325501203536987e-02,2.704504132270812988e-02,-5.958262830972671509e-02,9.146013110876083374e-02,1.174586176872253418e+00,-4.903747141361236572e-01,-2.306500196456909180e+00,6.335203647613525391e-01,-2.948079407215118408e-01,-3.019641637802124023e-01,2.986448705196380615e-01,-1.063112616539001465e+00,5.400183796882629395e-01,-2.278887271881103516e+00,-7.730039358139038086e-01,-1.718884408473968506e-01,1.002895459532737732e-01
5.562384799122810364e-02,2.084198296070098877e-01,7.855396270751953125e-01,1.579231023788452148e-02,7.057629525661468506e-02,6.073288321495056152e-01,7.911518812179565430e-01,-5.383524894714355469e-01,-1.026982292532920837e-01,5.444085597991943359e-01,7.893730998039245605e-01,-4.836848676204681396e-01,1.827146559953689575e-01,-2.633028030395507812e-01,-2.772005833685398102e-02,-4.968649148941040039e-01,9.259015917778015137e-01,-1.771861128509044647e-02,1.727757900953292847e-01,1.079640388488769531e-01,1.398782059550285339e-02,-4.522592201828956604e-02,1.029701083898544312e-01,1.148780584335327148e+00,-4.793090224266052246e-01,-2.311572790145874023e+00,6.238048672676086426e-01,-2.967375814914703369e-01,-3.176210224628448486e-01,3.035120069980621338e-01,-1.053569078445434570e+00,5.319417119026184082e-01,-2.257664442062377930e+00,-7.636399865150451660e-01,-1.577498912811279297e-01,1.245665177702903748e-01
3.978886827826499939e-02,2.079714089632034302e-01,7.829587459564208984e-01,4.040569067001342773e-03,6.258510053157806396e-02,6.113038063049316406e-01,7.889071106910705566e-01,-5.561220049858093262e-01,-9.646154195070266724e-02,5.544775128364562988e-01,8.061515092849731445e-01,-5.189007520675659180e-01,2.104525119066238403e-01,-2.728807926177978516e-01,-2.165122702717781067e-02,-4.880347847938537598e-01,9.287906289100646973e-01,-4.505870118737220764e-02,1.616733074188232422e-01,1.122085601091384888e-01,9.219627827405929565e-03,1.105079799890518188e-02,1.152549684047698975e-01,1.136349081993103027e+00,-4.807012975215911865e-01,-2.310821056365966797e+00,6.375756859779357910e-01,-2.898485660552978516e-01,-3.365042209625244141e-01,2.885946929454803467e-01,-1.052969455718994141e+00,5.338891148567199707e-01,-2.238483428955078125e+00,-7.553176283836364746e-01,-1.503447592258453369e-01,1.555843204259872437e-01
2.781433425843715668e-02,2.086396813392639160e-01,7.839046716690063477e-01,-6.068987771868705750e-03,4.433514177799224854e-02,6.202172636985778809e-01,7.831526398658752441e-01,-5.539380311965942383e-01,-8.176212012767791748e-02,5.752279758453369141e-01,8.066322207450866699e-01,-5.601587295532226562e-01,2.542633712291717529e-01,-2.862786948680877686e-01,-1.822777464985847473e-02,-4.803261160850524902e-01,9.316641688346862793e-01,-4.791018739342689514e-02,1.592482477426528931e-01,9.422490745782852173e-02,1.746741682291030884e-02,8.834857493638992310e-02,1.266046166419982910e-01,1.155323266983032227e+00,-4.879304468631744385e-01,-2.322221279144287109e+00,6.445026993751525879e-01,-2.965041100978851318e-01,-3.444957137107849121e-01,2.536962032318115234e-01,-1.073836326599121094e+00,5.471416115760803223e-01,-2.229337930679321289e+00,-7.355391383171081543e-01,-1.569252014160156250e-01,1.687319874763488770e-01
1.842357777059078217e-02,2.097054719924926758e-01,7.872619628906250000e-01,-1.776522397994995117e-02,2.817566134035587311e-02,6.264168620109558105e-01,7.787762284278869629e-01,-5.454503893852233887e-01,-6.718444824218750000e-02,5.914741158485412598e-01,7.997613549232482910e-01,-5.933753252029418945e-01,2.608394920825958252e-01,-2.962502241134643555e-01,-1.681896671652793884e-02,-4.802604615688323975e-01,9.236254692077636719e-01,-3.705469518899917603e-02,1.672069579362869263e-01,7.435494661331176758e-02,3.269417583942413330e-02,1.625609397888183594e-01,1.380705237388610840e-01,1.193229675292968750e+00,-4.889568388462066650e-01,-2.340893983840942383e+00,6.498261690139770508e-01,-3.082746267318725586e-01,-3.363093435764312744e-01,2.149145156145095825e-01,-1.098772048950195312e+00,5.659731626510620117e-01,-2.237843751907348633e+00,-7.353599667549133301e-01,-1.662989556789398193e-01,1.685378104448318481e-01
7.919482886791229248e-03,2.098904550075531006e-01,7.915525436401367188e-01,-2.408022060990333557e-02,1.688684336841106415e-02,6.309062838554382324e-01,7.753013968467712402e-01,-5.337360501289367676e-01,-6.958267837762832642e-02,6.015104651451110840e-01,7.730017900466918945e-01,-5.749185085296630859e-01,2.618259191513061523e-01,-3.152053654193878174e-01,-4.702612757682800293e-03,-4.593482315540313721e-01,9.112561941146850586e-01,-7.211360335350036621e-02,1.579180508852005005e-01,4.830874130129814148e-02,4.977608844637870789e-02,2.148515284061431885e-01,1.564179062843322754e-01,1.222775816917419434e+00,-5.027381777763366699e-01,-2.353394031524658203e+00,6.582381129264831543e-01,-3.065578639507293701e-01,-3.471495211124420166e-01,1.762801408767700195e-01,-1.117724061012268066e+00,5.948342680931091309e-01,-2.261949777603149414e+00,-7.545523047447204590e-01,-1.629825830459594727e-01,1.682631075382232666e-01
-5.265811458230018616e-03,2.083366215229034424e-01,7.952762842178344727e-01,-2.871370501816272736e-02,8.687611669301986694e-03,6.336707472801208496e-01,7.730209827423095703e-01,-5.385730266571044922e-01,-9.486743807792663574e-02,5.895161032676696777e-01,7.353846430778503418e-01,-4.873531758785247803e-01,2.166233658790588379e-01,-3.352564573287963867e-01,4.287772346287965775e-03,-4.475775957107543945e-01,9.007476568222045898e-01,-1.382714956998825073e-01,1.370880007743835449e-01,3.638450056314468384e-02,5.880111455917358398e-02,2.316362708806991577e-01,1.758038997650146484e-01,1.237552165985107422e+00,-5.148350000381469727e-01,-2.355246067047119141e+00,6.677934527397155762e-01,-3.244718015193939209e-01,-3.272576332092285156e-01,1.548367887735366821e-01,-1.124708652496337891e+00,6.133180856704711914e-01,-2.299065351486206055e+00,-7.816119790077209473e-01,-1.798573881387710571e-01,1.463160812854766846e-01
-1.931017450988292694e-02,2.053416818380355835e-01,7.986727952957153320e-01,-3.048622421920299530e-02,1.031525060534477234e-02,6.369862556457519531e-01,7.702029943466186523e-01,-5.666228532791137695e-01,-1.221701651811599731e-01,5.608701705932617188e-01,7.336768507957458496e-01,-3.853531777858734131e-01,1.146233752369880676e-01,-3.614744246006011963e-01,1.181925833225250244e-02,-4.365587234497070312e-01,8.929138779640197754e-01,-2.287807017564773560e-01,1.040928661823272705e-01,2.199547365307807922e-02,5.966502428054809570e-02,2.115855067968368530e-01,1.969340592622756958e-01,1.237773180007934570e+00,-5.407679677009582520e-01,-2.353643894195556641e+00,6.670704483985900879e-01,-3.405717611312866211e-01,-3.121278285980224609e-01,1.606131047010421753e-01,-1.122932672500610352e+00,6.496102213859558105e-01,-2.338161468505859375e+00,-8.268926143646240234e-01,-1.873694062232971191e-01,1.243694052100181580e-01
-3.382165729999542236e-02,2.008641809225082397e-01,7.997137308120727539e-01,-2.006286382675170898e-02,1.766517199575901031e-02,6.443939805030822754e-01,7.642262578010559082e-01,-5.921546816825866699e-01,-1.001092717051506042e-01,5.521016120910644531e-01,8.356768488883972168e-01,-3.184254765510559082e-01,4.870723187923431396e-02,-3.842979073524475098e-01,2.473133848980069160e-03,-4.297424852848052979e-01,9.085280895233154297e-01,-3.066437840461730957e-01,6.276081502437591553e-02,1.420849584974348545e-03,6.117003783583641052e-02,1.442924439907073975e-01,2.059596478939056396e-01,1.235036373138427734e+00,-5.673329234123229980e-01,-2.354732751846313477e+00,6.466616988182067871e-01,-3.663772344589233398e-01,-3.053011298179626465e-01,1.838184446096420288e-01,-1.103044033050537109e+00,6.962216496467590332e-01,-2.352983951568603516e+00,-8.789139389991760254e-01,-1.882524192333221436e-01,1.056407243013381958e-01
-4.969766736030578613e-02,1.960353851318359375e-01,8.017083406448364258e-01,-8.282591006718575954e-04,2.962672524154186249e-02,6.490499377250671387e-01,7.601681947708129883e-01,-6.115695834159851074e-01,-3.918300569057464600e-02,5.533197522163391113e-01,9.376768469810485840e-01,-2.783199846744537354e-01,1.066872570663690567e-02,-4.081243574619293213e-01,-3.577759861946105957e-02,-4.274804592132568359e-01,9.483923912048339844e-01,-3.654080629348754883e-01,3.206791728734970093e-02,-1.201540976762771606e-02,6.557244062423706055e-02,4.229244962334632874e-02,2.013219296932220459e-01,1.242374062538146973e+00,-5.774431228637695312e-01,-2.351525068283081055e+00,6.379325985908508301e-01,-3.900020420551300049e-01,-2.880279421806335449e-01,2.068890929222106934e-01,-1.091321945190429688e+00,7.298827171325683594e-01,-2.355207443237304688e+00,-9.286690950393676758e-01,-1.848553568124771118e-01,1.069074645638465881e-01
-6.585600972175598145e-02,1.927456706762313843e-01,8.067924976348876953e-01,2.097866684198379517e-02,4.017639905214309692e-02,6.557426452636718750e-01,7.536228299140930176e-01,-6.224809885025024414e-01,4.497464001178741455e-02,5.471444129943847656e-01,1.039676785469055176e+00,-2.725753784179687500e-01,-1.992853358387947083e-03,-4.216889739036560059e-01,-9.692672640085220337e-02,-4.324784874916076660e-01,9.736188054084777832e-01,-4.087632298469543457e-01,1.609627529978752136e-02,-2.313056960701942444e-02,7.323914021253585815e-02,-5.970754846930503845e-02,1.934621781110763550e-01,1.272412061691284180e+00,-5.712050199508666992e-01,-2.354988813400268555e+00,6.342584490776062012e-01,-4.104512035846710205e-01,-2.638172507286071777e-01,2.291327565908432007e-01,-1.110318779945373535e+00,7.455707192420959473e-01,-2.355540037155151367e+00,-9.636353254318237305e-01,-1.801647394895553589e-01,1.146664470434188843e-01
-8.077469468116760254e-02,1.923096776008605957e-01,8.134900331497192383e-01,4.189125820994377136e-02,4.543674737215042114e-02,6.607392430305480957e-01,7.480670213699340820e-01,-6.324902176856994629e-01,1.436132043600082397e-01,5.007330179214477539e-01,1.141676783561706543e+00,-3.050586283206939697e-01,8.504948578774929047e-03,-4.290017187595367432e-01,-1.600926518440246582e-01,-4.160962104797363281e-01,9.878380894660949707e-01,-4.169794023036956787e-01,3.261094912886619568e-02,-3.557718917727470398e-02,8.216847479343414307e-02,-1.617075502872467041e-01,1.968897879123687744e-01,1.302911281585693359e+00,-5.635058879852294922e-01,-2.355508327484130859e+00,6.527729630470275879e-01,-4.129062891006469727e-01,-2.668927311897277832e-01,2.426843792200088501e-01,-1.134710311889648438e+00,7.463393211364746094e-01,-2.355590343475341797e+00,-9.995153546333312988e-01,-1.656478643417358398e-01,1.518487632274627686e-01
-9.642754495143890381e-02,1.960567384958267212e-01,8.212498426437377930e-01,5.683715268969535828e-02,4.765014350414276123e-02,6.631089448928833008e-01,7.448392510414123535e-01,-6.386442184448242188e-01,2.456132024526596069e-01,4.210489094257354736e-01,1.214700937271118164e+00,-3.517417907714843750e-01,2.292971685528755188e-02,-4.407447874546051025e-01,-2.197599261999130249e-01,-3.751800358295440674e-01,1.000566363334655762e+00,-4.160881638526916504e-01,6.627874076366424561e-02,-5.191425606608390808e-02,9.347365796566009521e-02,-2.364350408315658569e-01,2.122965902090072632e-01,1.326994538307189941e+00,-5.659992694854736328e-01,-2.355586290359497070e+00,7.009323239326477051e-01,-4.013380408287048340e-01,-2.863190174102783203e-01,2.413702011108398438e-01,-1.165953874588012695e+00,7.402943968772888184e-01,-2.355598211288452148e+00,-1.026848673820495605e+00,-1.494411528110504150e-01,2.008101046085357666e-01
-1.137107312679290771e-01,2.033258080482482910e-01,8.276839256286621094e-01,6.196439266204833984e-02,4.800083488225936890e-02,6.623047590255737305e-01,7.451232671737670898e-01,-6.322819590568542480e-01,3.476132154464721680e-01,3.405362963676452637e-01,1.173869252204895020e+00,-3.851992785930633545e-01,2.181961946189403534e-02,-4.611846804618835449e-01,-2.748953104019165039e-01,-3.300926387310028076e-01,1.022255778312683105e+00,-4.405050277709960938e-01,8.708889037370681763e-02,-5.967899411916732788e-02,1.037386581301689148e-01,-2.708768546581268311e-01,2.359399795532226562e-01,1.357684850692749023e+00,-5.469515323638916016e-01,-2.348451852798461914e+00,7.354272603988647461e-01,-3.920691311359405518e-01,-2.780396640300750732e-01,2.324142903089523315e-01,-1.200447320938110352e+00,7.105878591537475586e-01,-2.355599641799926758e+00,-1.034839987754821777e+00,-1.471330523490905762e-01,2.361658066511154175e-01
-1.341644823551177979e-01,2.134413272142410278e-01,8.308783769607543945e-01,6.032959744334220886e-02,4.987044259905815125e-02,6.590044498443603516e-01,7.480551004409790039e-01,-6.065300107002258301e-01,4.174862504005432129e-01,2.709485292434692383e-01,1.071869254112243652e+00,-3.663854598999023438e-01,4.643498687073588371e-04,-4.875065088272094727e-01,-3.224785625934600830e-01,-2.722707688808441162e-01,1.035695672035217285e+00,-4.837675392627716064e-01,8.876245468854904175e-02,-5.620689317584037781e-02,1.134850606322288513e-01,-2.682742178440093994e-01,2.595001161098480225e-01,1.377762198448181152e+00,-5.277011394500732422e-01,-2.321638107299804688e+00,7.774101495742797852e-01,-3.824742138385772705e-01,-2.544934749603271484e-01,2.222534865140914917e-01,-1.223040461540222168e+00,6.790919303894042969e-01,-2.355599880218505859e+00,-1.046451449394226074e+00,-1.506577730178833008e-01,2.494865953922271729e-01
-1.599874347448348999e-01,2.239983528852462769e-01,8.257454633712768555e-01,4.867185652256011963e-02,5.040933191776275635e-02,6.549258232116699219e-01,7.524374723434448242e-01,-5.720385313034057617e-01,4.502116441726684570e-01,2.200192064046859741e-01,9.927973747253417969e-01,-3.404443264007568359e-01,-2.694275788962841034e-02,-5.127198100090026855e-01,-3.674793541431427002e-01,-2.345760911703109741e-01,1.051038622856140137e+00,-5.063734650611877441e-01,8.743696659803390503e-02,-5.015869066119194031e-02,1.194965913891792297e-01,-2.297693639993667603e-01,2.842655181884765625e-01,1.372964620590209961e+00,-5.167633295059204102e-01,-2.287039995193481445e+00,8.259165883064270020e-01,-3.745440244674682617e-01,-2.192012369632720947e-01,2.037693560123443604e-01,-1.218235015869140625e+00,6.558415293693542480e-01,-2.355599880218505859e+00,-1.045621275901794434e+00,-1.657974720001220703e-01,2.358629256486892700e-01
-1.931028366088867188e-01,2.329756468534469604e-01,8.096873760223388672e-01,3.207202255725860596e-02,3.992029651999473572e-02,6.606235504150390625e-01,7.489688396453857422e-01,-5.615789294242858887e-01,4.483720958232879639e-01,1.804361790418624878e-01,1.000663518905639648e+00,-3.611393868923187256e-01,-3.454729914665222168e-02,-5.270223021507263184e-01,-3.960271477699279785e-01,-2.130660563707351685e-01,1.076670408248901367e+00,-5.133247971534729004e-01,1.034628599882125854e-01,-5.349846929311752319e-02,1.270752996206283569e-01,-1.508419066667556763e-01,3.065535426139831543e-01,1.363294601440429688e+00,-5.155144333839416504e-01,-2.278007984161376953e+00,8.746072649955749512e-01,-3.614523708820343018e-01,-1.966435313224792480e-01,1.752303540706634521e-01,-1.197003245353698730e+00,6.328647732734680176e-01,-2.355599880218505859e+00,-1.025591969490051270e+00,-1.866778135299682617e-01,2.153214365243911743e-01
-2.260115891695022583e-01,2.387048751115798950e-01,7.887164354324340820e-01,1.907132379710674286e-02,1.875104196369647980e-02,6.713712215423583984e-01,7.406384944915771484e-01,-5.746246576309204102e-01,4.341849684715270996e-01,1.524145901203155518e-01,1.083436489105224609e+00,-4.518786072731018066e-01,-1.175476890057325363e-02,-5.344946980476379395e-01,-4.280340969562530518e-01,-2.162371426820755005e-01,1.125689983367919922e+00,-5.339518189430236816e-01,1.280553042888641357e-01,-6.742811948060989380e-02,1.481827348470687866e-01,-4.884190857410430908e-02,3.144497871398925781e-01,1.351906418800354004e+00,-5.089606642723083496e-01,-2.289498329162597656e+00,9.304348826408386230e-01,-3.326650261878967285e-01,-1.897983103990554810e-01,1.300588101148605347e-01,-1.169580101966857910e+00,6.095764636993408203e-01,-2.355600118637084961e+00,-1.003917098045349121e+00,-1.900484561920166016e-01,2.106888294219970703e-01
-2.538350522518157959e-01,2.423498779535293579e-01,7.659962177276611328e-01,8.450612425804138184e-03,-8.250993676483631134e-03,6.805157065391540527e-01,7.326382994651794434e-01,-6.135329604148864746e-01,4.168984591960906982e-01,1.102507784962654114e-01,1.185436487197875977e+00,-5.538786053657531738e-01,3.827729076147079468e-02,-5.350057482719421387e-01,-4.600912630558013916e-01,-2.305977493524551392e-01,1.183384299278259277e+00,-5.507715940475463867e-01,1.549208313226699829e-01,-7.662552595138549805e-02,1.824770718812942505e-01,5.315809324383735657e-02,2.965105772018432617e-01,1.348883628845214844e+00,-4.702076315879821777e-01,-2.310767173767089844e+00,9.417913556098937988e-01,-3.110946714878082275e-01,-1.864496320486068726e-01,8.705659955739974976e-02,-1.153742194175720215e+00,5.830696821212768555e-01,-2.355600118637084961e+00,-9.785442352294921875e-01,-1.838814318180084229e-01,2.303752303123474121e-01
-2.734961509704589844e-01,2.451090216636657715e-01,7.444940805435180664e-01,-1.898196060210466385e-03,-3.692732751369476318e-02,6.844558715820312500e-01,7.281160354614257812e-01,-6.641001105308532715e-01,4.131404161453247070e-01,4.866700991988182068e-02,1.287436485290527344e+00,-6.558786034584045410e-01,1.084476411342620850e-01,-5.349279046058654785e-01,-4.882483780384063721e-01,-2.444375008344650269e-01,1.239991664886474609e+00,-5.526259541511535645e-01,1.790448576211929321e-01,-8.416149765253067017e-02,2.321743071079254150e-01,1.452973932027816772e-01,2.694596350193023682e-01,1.339130759239196777e+00,-4.231924712657928467e-01,-2.317763328552246094e+00,9.372398853302001953e-01,-2.936258316040039062e-01,-1.707360744476318359e-01,5.291891843080520630e-02,-1.134699225425720215e+00,5.555033087730407715e-01,-2.355600118637084961e+00,-9.756818413734436035e-01,-1.686864495277404785e-01,2.466489225625991821e-01
-3.039358854293823242e-01,2.390905767679214478e-01,7.321292161941528320e-01,-5.919929593801498413e-03,-5.639041215181350708e-02,6.857858896255493164e-01,7.255913019180297852e-01,-6.980943083763122559e-01,4.002019762992858887e-01,1.431835722178220749e-02,1.389436483383178711e+00,-7.578786015510559082e-01,1.518404632806777954e-01,-5.373297929763793945e-01,-5.207302570343017578e-01,-2.595767974853515625e-01,1.271493077278137207e+00,-5.453333258628845215e-01,1.892033070325851440e-01,-8.322510123252868652e-02,2.696356773376464844e-01,2.018060237169265747e-01,2.497882992029190063e-01,1.331792712211608887e+00,-4.058194458484649658e-01,-2.320943355560302734e+00,9.417500495910644531e-01,-2.824312448501586914e-01,-1.607060730457305908e-01,3.719481825828552246e-02,-1.118230700492858887e+00,5.503960251808166504e-01,-2.355600118637084961e+00,-9.909334182739257812e-01,-1.527086794376373291e-01,2.571054995059967041e-01
-3.158999383449554443e-01,2.414695024490356445e-01,7.271689176559448242e-01,-9.355193935334682465e-03,-6.268951296806335449e-02,6.872613430023193359e-01,7.236396074295043945e-01,-7.141138315200805664e-01,3.903296887874603271e-01,-4.263885319232940674e-03,1.478693008422851562e+00,-7.962269783020019531e-01,1.702524721622467041e-01,-5.438157320022583008e-01,-5.415154695510864258e-01,-2.690767943859100342e-01,1.286399245262145996e+00,-5.334587097167968750e-01,1.905207931995391846e-01,-8.492743968963623047e-02,2.931323349475860596e-01,2.264004647731781006e-01,2.429343461990356445e-01,1.328539609909057617e+00,-4.053878486156463623e-01,-2.321265935897827148e+00,9.443545937538146973e-01,-2.823190689086914062e-01,-1.487669199705123901e-01,2.810055576264858246e-02,-1.116043925285339355e+00,5.552787184715270996e-01,-2.355600118637084961e+00,-9.975580573081970215e-01,-1.472559571266174316e-01,2.595370411872863770e-01
-3.146725296974182129e-01,2.428704351186752319e-01,7.286996841430664062e-01,-1.645853556692600250e-02,-5.860977619886398315e-02,6.863844394683837891e-01,7.246863842010498047e-01,-7.294267416000366211e-01,3.859750926494598389e-01,-1.742591708898544312e-02,1.493618130683898926e+00,-8.019840121269226074e-01,1.726017743349075317e-01,-5.635222196578979492e-01,-5.486446022987365723e-01,-2.809128761291503906e-01,1.291261076927185059e+00,-5.296141505241394043e-01,1.870021522045135498e-01,-7.692383229732513428e-02,2.946926355361938477e-01,2.305887639522552490e-01,2.354491353034973145e-01,1.335004329681396484e+00,-4.139158725738525391e-01,-2.331829309463500977e+00,9.476484060287475586e-01,-2.871304750442504883e-01,-1.425802707672119141e-01,3.816097229719161987e-02,-1.115877151489257812e+00,5.783216953277587891e-01,-2.355600118637084961e+00,-1.013623476028442383e+00,-1.451052278280258179e-01,2.599368989467620850e-01
-3.016457557678222656e-01,2.458097338676452637e-01,7.362409830093383789e-01,-1.912571303546428680e-02,-4.845166578888893127e-02,6.814354658126831055e-01,7.300221920013427734e-01,-7.227746844291687012e-01,3.888833224773406982e-01,-1.447491068392992020e-02,1.467697024345397949e+00,-8.028476238250732422e-01,1.544153243303298950e-01,-5.906913876533508301e-01,-5.427049398422241211e-01,-2.806555330753326416e-01,1.285645365715026855e+00,-5.292196273803710938e-01,1.779168993234634399e-01,-5.799563229084014893e-02,2.914737761020660400e-01,2.073732167482376099e-01,2.260338813066482544e-01,1.337818384170532227e+00,-4.256247878074645996e-01,-2.348925828933715820e+00,9.434719681739807129e-01,-3.060410618782043457e-01,-1.370825469493865967e-01,6.457134336233139038e-02,-1.117549896240234375e+00,6.058674454689025879e-01,-2.355600118637084961e+00,-1.026465058326721191e+00,-1.517580896615982056e-01,2.397593259811401367e-01
-2.754974365234375000e-01,2.460251152515411377e-01,7.487066984176635742e-01,-1.373111829161643982e-02,-3.455961868166923523e-02,6.741050481796264648e-01,7.376987338066101074e-01,-6.899440288543701172e-01,3.961689472198486328e-01,5.560460034757852554e-03,1.403424978256225586e+00,-7.725918292999267578e-01,1.208680942654609680e-01,-6.209077239036560059e-01,-5.257623195648193359e-01,-2.704866826534271240e-01,1.275375485420227051e+00,-5.203127264976501465e-01,1.621624380350112915e-01,-3.498106077313423157e-02,2.879636287689208984e-01,1.534740328788757324e-01,2.094821929931640625e-01,1.335654258728027344e+00,-4.384652972221374512e-01,-2.354598999023437500e+00,9.155744910240173340e-01,-3.369257748126983643e-01,-1.416101902723312378e-01,1.048998460173606873e-01,-1.126704096794128418e+00,6.248905658721923828e-01,-2.355600118637084961e+00,-1.023869276046752930e+00,-1.700696349143981934e-01,1.985888332128524780e-01
-2.513554394245147705e-01,2.469431608915328979e-01,7.666395902633666992e-01,-4.105877131223678589e-03,-1.340822037309408188e-02,6.660330295562744141e-01,7.457904219627380371e-01,-6.343605518341064453e-01,3.777955174446105957e-01,2.985190600156784058e-02,1.301424980163574219e+00,-6.862407326698303223e-01,7.220277935266494751e-02,-6.458096504211425781e-01,-5.018423795700073242e-01,-2.544778883457183838e-01,1.249724745750427246e+00,-5.054785013198852539e-01,1.345627158880233765e-01,-1.642110943794250488e-02,2.845043540000915527e-01,6.826338171958923340e-02,1.939075291156768799e-01,1.318068265914916992e+00,-4.575225710868835449e-01,-2.353641748428344727e+00,8.752815723419189453e-01,-3.747135698795318604e-01,-1.351550072431564331e-01,1.623965352773666382e-01,-1.138040900230407715e+00,6.322057843208312988e-01,-2.355600118637084961e+00,-1.002877354621887207e+00,-2.025425434112548828e-01,1.222639977931976318e-01
-2.187617868185043335e-01,2.471555173397064209e-01,7.885804176330566406e-01,1.161973923444747925e-02,1.073709130287170410e-02,6.546570658683776855e-01,7.557604312896728516e-01,-5.519058108329772949e-01,3.603194057941436768e-01,5.350653082132339478e-02,1.199424982070922852e+00,-5.842407345771789551e-01,-6.141500780358910561e-04,-6.666075587272644043e-01,-4.622544944286346436e-01,-2.163589447736740112e-01,1.217874288558959961e+00,-5.070706009864807129e-01,8.973891288042068481e-02,-1.037087012082338333e-02,2.794660329818725586e-01,-3.373661637306213379e-02,1.885576695203781128e-01,1.281916975975036621e+00,-4.813380539417266846e-01,-2.336924076080322266e+00,8.212115168571472168e-01,-4.072155952453613281e-01,-1.066855043172836304e-01,2.192375212907791138e-01,-1.139704227447509766e+00,6.296157240867614746e-01,-2.355488777160644531e+00,-9.672181606292724609e-01,-2.280582338571548462e-01,3.742561861872673035e-02
-1.789661645889282227e-01,2.450606226921081543e-01,8.121813535690307617e-01,3.147621825337409973e-02,3.245538473129272461e-02,6.378673315048217773e-01,7.688180208206176758e-01,-4.693862795829772949e-01,3.827850520610809326e-01,1.355455815792083740e-01,1.097424983978271484e+00,-4.822407364845275879e-01,-3.799479454755783081e-02,-6.782388687133789062e-01,-4.249005019664764404e-01,-1.908529251813888550e-01,1.179343819618225098e+00,-5.166964530944824219e-01,3.605072945356369019e-02,-5.519204307347536087e-03,2.593719661235809326e-01,-1.357366144657135010e-01,1.838535666465759277e-01,1.250928282737731934e+00,-4.852343797683715820e-01,-2.323450803756713867e+00,7.364989519119262695e-01,-4.314692020416259766e-01,-9.345527738332748413e-02,2.614907920360565186e-01,-1.136435270309448242e+00,6.227991580963134766e-01,-2.355583429336547852e+00,-9.507265090942382812e-01,-2.296231091022491455e-01,1.169811841100454330e-02
-1.378166377544403076e-01,2.403498739004135132e-01,8.337314128875732422e-01,4.792808368802070618e-02,5.747297406196594238e-02,6.223171949386596680e-01,7.791797518730163574e-01,-4.079308211803436279e-01,3.940742015838623047e-01,2.322757989168167114e-01,9.954249858856201172e-01,-3.802407383918762207e-01,-4.821519926190376282e-02,-6.877873539924621582e-01,-3.931124806404113770e-01,-1.911105066537857056e-01,1.137455105781555176e+00,-5.227110981941223145e-01,-1.286788657307624817e-02,-7.150340825319290161e-04,2.211880385875701904e-01,-2.377366125583648682e-01,1.909392476081848145e-01,1.225450277328491211e+00,-4.670450687408447266e-01,-2.307652235031127930e+00,6.708732843399047852e-01,-4.544837176799774170e-01,-6.877344846725463867e-02,2.989012300968170166e-01,-1.134176969528198242e+00,6.053430438041687012e-01,-2.349044322967529297e+00,-9.347190856933593750e-01,-2.309979200363159180e-01,2.603193745017051697e-02
-1.015468537807464600e-01,2.338777929544448853e-01,8.501332998275756836e-01,5.812039598822593689e-02,7.694490998983383179e-02,6.085538864135742188e-01,7.876316905021667480e-01,-3.766744434833526611e-01,3.821619153022766113e-01,2.988313734531402588e-01,8.934249877929687500e-01,-2.782407402992248535e-01,-3.434234112501144409e-02,-6.911986470222473145e-01,-3.558472096920013428e-01,-2.022253423929214478e-01,1.092601895332336426e+00,-5.026960372924804688e-01,-2.660319581627845764e-02,7.830949500203132629e-03,1.848685741424560547e-01,-3.352390229701995850e-01,1.880104839801788330e-01,1.197567224502563477e+00,-4.468944966793060303e-01,-2.277698278427124023e+00,6.375364065170288086e-01,-4.590487480163574219e-01,-5.546006560325622559e-02,3.281178772449493408e-01,-1.112295627593994141e+00,5.928924679756164551e-01,-2.336477518081665039e+00,-9.428799152374267578e-01,-2.346065491437911987e-01,3.466816619038581848e-02
-7.314491271972656250e-02,2.281689345836639404e-01,8.605626821517944336e-01,5.748038366436958313e-02,8.672029525041580200e-02,6.026560664176940918e-01,7.911897897720336914e-01,-3.692911565303802490e-01,3.521096110343933105e-01,3.343303203582763672e-01,7.914249897003173828e-01,-1.762407273054122925e-01,-4.499822389334440231e-03,-6.781429052352905273e-01,-3.167403340339660645e-01,-2.364897578954696655e-01,1.043302297592163086e+00,-4.608175456523895264e-01,-1.972487196326255798e-02,1.586904563009738922e-02,1.593825370073318481e-01,-3.675881922245025635e-01,1.832268387079238892e-01,1.176680326461791992e+00,-4.397635757923126221e-01,-2.261414051055908203e+00,6.256741881370544434e-01,-4.614752233028411865e-01,-5.888185650110244751e-02,3.429923355579376221e-01,-1.089799880981445312e+00,5.890170335769653320e-01,-2.326856374740600586e+00,-9.399496316909790039e-01,-2.332769036293029785e-01,4.511306062340736389e-02
-4.965666681528091431e-02,2.234618812799453735e-01,8.650859594345092773e-01,4.821302369236946106e-02,8.797939121723175049e-02,6.017175316810607910e-01,7.923831939697265625e-01,-3.669269680976867676e-01,3.059830367565155029e-01,3.565197288990020752e-01,8.630085587501525879e-01,-1.316858679056167603e-01,2.880193106830120087e-02,-6.597715020179748535e-01,-2.777583003044128418e-01,-2.881812155246734619e-01,1.004219770431518555e+00,-4.100644290447235107e-01,-8.241831324994564056e-03,2.627982199192047119e-02,1.416179835796356201e-01,-3.607729971408843994e-01,1.925591677427291870e-01,1.162701249122619629e+00,-4.488057196140289307e-01,-2.249836921691894531e+00,6.258332133293151855e-01,-4.562007188796997070e-01,-8.202795684337615967e-02,3.520395159721374512e-01,-1.064278125762939453e+00,5.915634036064147949e-01,-2.324016809463500977e+00,-9.213687777519226074e-01,-2.300828695297241211e-01,4.795448109507560730e-02
-2.763808146119117737e-02,2.205342054367065430e-01,8.668189048767089844e-01,3.430372849106788635e-02,8.173906803131103516e-02,6.045203804969787598e-01,7.916420102119445801e-01,-3.611791729927062988e-01,2.378843128681182861e-01,3.732807040214538574e-01,9.650085568428039551e-01,-1.373303383588790894e-01,5.068791285157203674e-02,-6.348408460617065430e-01,-2.347004860639572144e-01,-3.549900650978088379e-01,9.712890386581420898e-01,-3.718906044960021973e-01,-1.389882713556289673e-02,3.813225403428077698e-02,1.228673756122589111e-01,-3.184488117694854736e-01,2.099642008543014526e-01,1.158024549484252930e+00,-4.671345949172973633e-01,-2.243375301361083984e+00,6.291303038597106934e-01,-4.494169056415557861e-01,-1.279127001762390137e-01,3.481049835681915283e-01,-1.050609946250915527e+00,6.029717922210693359e-01,-2.326063871383666992e+00,-8.985750675201416016e-01,-2.160659730434417725e-01,6.654045730829238892e-02
-5.973002873361110687e-03,2.184588015079498291e-01,8.673332929611206055e-01,1.074223220348358154e-02,7.178974151611328125e-02,6.127080917358398438e-01,7.869686484336853027e-01,-3.600314259529113770e-01,1.536950320005416870e-01,3.830196857452392578e-01,1.051237702369689941e+00,-1.471731066703796387e-01,4.990770295262336731e-02,-6.115652322769165039e-01,-1.735223382711410522e-01,-4.119093120098114014e-01,9.418460726737976074e-01,-3.632752895355224609e-01,-1.725994609296321869e-02,4.440639168024063110e-02,1.065202802419662476e-01,-2.339699119329452515e-01,2.290963232517242432e-01,1.134824633598327637e+00,-4.917429685592651367e-01,-2.228460550308227539e+00,6.441872119903564453e-01,-4.467674195766448975e-01,-1.583968997001647949e-01,3.264079988002777100e-01,-1.033315300941467285e+00,6.101213693618774414e-01,-2.313707351684570312e+00,-8.850665688514709473e-01,-2.089516371488571167e-01,7.586793601512908936e-02
1.438746973872184753e-02,2.151865512132644653e-01,8.665728569030761719e-01,-1.632226444780826569e-02,5.940778926014900208e-02,6.225273013114929199e-01,7.801692485809326172e-01,-3.577977418899536133e-01,7.342389971017837524e-02,4.031988978385925293e-01,1.082866907119750977e+00,-1.577958464622497559e-01,3.710997849702835083e-02,-5.911893844604492188e-01,-1.106186285614967346e-01,-4.671866893768310547e-01,9.091295003890991211e-01,-3.583849370479583740e-01,-3.094813320785760880e-03,3.981035947799682617e-02,8.951010555028915405e-02,-1.338271945714950562e-01,2.425127029418945312e-01,1.112894415855407715e+00,-5.243421792984008789e-01,-2.212730646133422852e+00,6.679385304450988770e-01,-4.228314161300659180e-01,-2.014042586088180542e-01,2.931655049324035645e-01,-1.041450619697570801e+00,6.252393126487731934e-01,-2.301790714263916016e+00,-8.747881054878234863e-01,-2.038077116012573242e-01,8.193794637918472290e-02
3.152926266193389893e-02,2.103661149740219116e-01,8.658971786499023438e-01,-3.620526939630508423e-02,4.607857391238212585e-02,6.269250512123107910e-01,7.768725752830505371e-01,-3.559677600860595703e-01,-7.324275560677051544e-03,4.172766506671905518e-01,1.055112600326538086e+00,-1.529394984245300293e-01,1.545200776308774948e-02,-5.715759396553039551e-01,-5.177335441112518311e-02,-5.076182484626770020e-01,8.683196902275085449e-01,-3.390032052993774414e-01,1.400964707136154175e-02,3.586840629577636719e-02,7.754944264888763428e-02,-4.741100966930389404e-02,2.524690032005310059e-01,1.087291479110717773e+00,-5.475759506225585938e-01,-2.193709135055541992e+00,6.727131605148315430e-01,-3.979765772819519043e-01,-2.267558425664901733e-01,2.646955847740173340e-01,-1.056597352027893066e+00,6.318305730819702148e-01,-2.296031951904296875e+00,-8.505135178565979004e-01,-2.091121673583984375e-01,7.499559968709945679e-02
4.672883450984954834e-02,2.035161107778549194e-01,8.665007352828979492e-01,-5.175247415900230408e-02,3.759027272462844849e-02,6.258701682090759277e-01,7.772999405860900879e-01,-3.593841791152954102e-01,-7.464499026536941528e-02,4.187298119068145752e-01,9.958119988441467285e-01,-1.535490900278091431e-01,3.877846058458089828e-03,-5.622754096984863281e-01,1.144360634498298168e-03,-5.273736715316772461e-01,8.220239877700805664e-01,-3.285338282585144043e-01,2.147953398525714874e-02,2.851148135960102081e-02,6.766405701637268066e-02,-4.963547457009553909e-03,2.632844746112823486e-01,1.078804492950439453e+00,-5.562188625335693359e-01,-2.183798789978027344e+00,6.382186412811279297e-01,-3.900247514247894287e-01,-2.529384791851043701e-01,2.525912225246429443e-01,-1.053902864456176758e+00,6.274108290672302246e-01,-2.297498941421508789e+00,-8.411179780960083008e-01,-2.140056341886520386e-01,6.457847356796264648e-02
6.090590730309486389e-02,1.957651376724243164e-01,8.679186105728149414e-01,-5.019178241491317749e-02,3.317969292402267456e-02,6.273905038833618164e-01,7.763768434524536133e-01,-3.743350803852081299e-01,-1.352591514587402344e-01,4.102267920970916748e-01,9.040725231170654297e-01,-1.745174378156661987e-01,-1.380458660423755646e-02,-5.487277507781982422e-01,2.469067461788654327e-02,-5.413144826889038086e-01,7.851195931434631348e-01,-3.375092446804046631e-01,1.192222163081169128e-02,2.170285582542419434e-02,6.225520744919776917e-02,5.868242005817592144e-04,2.690942585468292236e-01,1.087270021438598633e+00,-5.447762608528137207e-01,-2.179948329925537109e+00,5.967927575111389160e-01,-3.903771042823791504e-01,-2.732655405998229980e-01,2.537885308265686035e-01,-1.056432008743286133e+00,6.027129292488098145e-01,-2.310003757476806641e+00,-8.256494402885437012e-01,-2.088909447193145752e-01,6.048206239938735962e-02
7.466129958629608154e-02,2.072567790746688843e-01,8.685460090637207031e-01,-4.551021382212638855e-02,3.825891390442848206e-02,6.243153214454650879e-01,7.789065837860107422e-01,-3.872214555740356445e-01,-1.872304379940032959e-01,3.909530043601989746e-01,8.134802579879760742e-01,-2.019002288579940796e-01,-2.903789095580577850e-02,-5.368826985359191895e-01,3.723345324397087097e-02,-5.431648492813110352e-01,7.577639222145080566e-01,-3.669871985912322998e-01,-1.304417010396718979e-02,1.811666414141654968e-02,5.372754111886024475e-02,-2.048801071941852570e-02,2.773063480854034424e-01,1.094858050346374512e+00,-5.146120190620422363e-01,-2.184293985366821289e+00,5.406318902969360352e-01,-4.035432636737823486e-01,-2.681152224540710449e-01,2.639223933219909668e-01,-1.068490028381347656e+00,5.666103959083557129e-01,-2.327862739562988281e+00,-7.800983190536499023e-01,-2.038342803716659546e-01,5.407765880227088928e-02
8.786249160766601562e-02,2.182605117559432983e-01,8.655866384506225586e-01,-3.443143144249916077e-02,4.186798259615898132e-02,6.246848106384277344e-01,7.789931893348693848e-01,-4.025662243366241455e-01,-2.185655683279037476e-01,3.786410391330718994e-01,7.669930458068847656e-01,-2.318525314331054688e-01,-3.348332643508911133e-02,-5.267407894134521484e-01,4.528266564011573792e-02,-5.371938347816467285e-01,7.537477612495422363e-01,-3.800231218338012695e-01,-2.969342470169067383e-02,1.058206427842378616e-02,4.550830647349357605e-02,-5.725620687007904053e-02,2.787126302719116211e-01,1.097817540168762207e+00,-4.913862347602844238e-01,-2.191035032272338867e+00,5.063868165016174316e-01,-4.125782847404479980e-01,-2.456401139497756958e-01,2.757428586483001709e-01,-1.080734133720397949e+00,5.454338192939758301e-01,-2.343154191970825195e+00,-7.352963685989379883e-01,-2.049681246280670166e-01,4.876572638750076294e-02
1.004410609602928162e-01,2.296824306249618530e-01,8.614333868026733398e-01,-2.184264175593852997e-02,4.823542386293411255e-02,6.266237497329711914e-01,7.775210142135620117e-01,-4.122216701507568359e-01,-2.297400832176208496e-01,3.738660514354705811e-01,7.513659596443176270e-01,-2.679276168346405029e-01,-2.486210875213146210e-02,-5.169828534126281738e-01,5.893792584538459778e-02,-5.208100676536560059e-01,7.535858750343322754e-01,-3.765122592449188232e-01,-2.587442100048065186e-02,7.285219617187976837e-03,3.785135969519615173e-02,-9.006316959857940674e-02,2.780885994434356689e-01,1.101366639137268066e+00,-4.804608523845672607e-01,-2.193003892898559570e+00,4.804291129112243652e-01,-4.049561023712158203e-01,-2.328237295150756836e-01,2.834215462207794189e-01,-1.082568883895874023e+00,5.234010815620422363e-01,-2.345105886459350586e+00,-6.967585682868957520e-01,-2.017480581998825073e-01,4.908035695552825928e-02
1.128579229116439819e-01,2.224737554788589478e-01,8.560590744018554688e-01,-1.246789842844009399e-02,5.135120078921318054e-02,6.306903958320617676e-01,7.742332816123962402e-01,-4.166634976863861084e-01,-2.342110127210617065e-01,3.679925501346588135e-01,7.564351558685302734e-01,-3.100790679454803467e-01,-7.006252184510231018e-03,-5.076799988746643066e-01,8.174836635589599609e-02,-5.002539157867431641e-01,7.602423429489135742e-01,-3.243012130260467529e-01,2.911277674138545990e-02,7.673920597881078720e-03,2.968040108680725098e-02,-1.005267128348350525e-01,2.772611379623413086e-01,1.094541668891906738e+00,-4.871755838394165039e-01,-2.187448263168334961e+00,4.800435602664947510e-01,-3.887135088443756104e-01,-2.234103232622146606e-01,2.815048396587371826e-01,-1.083839178085327148e+00,5.248096585273742676e-01,-2.343596220016479492e+00,-6.796433329582214355e-01,-1.901336759328842163e-01,5.643349140882492065e-02
1.250054985284805298e-01,2.334975153207778931e-01,8.522135019302368164e-01,-5.407376214861869812e-03,5.483087524771690369e-02,6.432026624679565430e-01,7.637110948562622070e-01,-4.121325016021728516e-01,-2.348816394805908203e-01,3.749516606330871582e-01,7.524418830871582031e-01,-3.696213662624359131e-01,3.417219594120979309e-02,-4.874360263347625732e-01,7.797801494598388672e-02,-5.102825164794921875e-01,7.817189693450927734e-01,-2.315590083599090576e-01,9.606135636568069458e-02,-4.025593400001525879e-03,2.460378594696521759e-02,-8.658323436975479126e-02,2.674853801727294922e-01,1.094720959663391113e+00,-5.053679943084716797e-01,-2.187296867370605469e+00,4.995151162147521973e-01,-3.581726551055908203e-01,-2.248198539018630981e-01,2.679099440574645996e-01,-1.093114137649536133e+00,5.281700491905212402e-01,-2.339651107788085938e+00,-6.582399010658264160e-01,-1.832177042961120605e-01,6.503733992576599121e-02
1.377611607313156128e-01,2.443044632673263550e-01,8.502666950225830078e-01,-2.162419026717543602e-03,5.059466138482093811e-02,6.491107940673828125e-01,7.590063810348510742e-01,-3.926589190959930420e-01,-2.275683283805847168e-01,3.887552917003631592e-01,7.376112341880798340e-01,-4.411953985691070557e-01,1.091131567955017090e-01,-4.610516428947448730e-01,7.851921021938323975e-02,-5.218153595924377441e-01,8.072482347488403320e-01,-1.295590102672576904e-01,1.856784373521804810e-01,-1.054987963289022446e-02,3.695247322320938110e-02,-5.277533456683158875e-02,2.545898556709289551e-01,1.080855011940002441e+00,-5.220005512237548828e-01,-2.176560640335083008e+00,5.242283344268798828e-01,-3.245649039745330811e-01,-2.278329282999038696e-01,2.395124733448028564e-01,-1.111107110977172852e+00,5.343942642211914062e-01,-2.336972713470458984e+00,-6.199615001678466797e-01,-1.846823394298553467e-01,8.803041279315948486e-02
1.517719179391860962e-01,2.549444437026977539e-01,8.504749536514282227e-01,2.430545282550156116e-04,3.556866943836212158e-02,6.536986827850341797e-01,7.559185624122619629e-01,-3.589885532855987549e-01,-1.859048455953598022e-01,4.278234243392944336e-01,7.364742755889892578e-01,-5.129961371421813965e-01,1.981725692749023438e-01,-4.401038885116577148e-01,6.014822050929069519e-02,-5.457275509834289551e-01,8.675130009651184082e-01,-2.755900286138057709e-02,2.487145513296127319e-01,-1.617452502250671387e-02,5.547294393181800842e-02,4.064267966896295547e-03,2.484902143478393555e-01,1.066975831985473633e+00,-5.360690355300903320e-01,-2.165367364883422852e+00,5.543185472488403320e-01,-3.124589622020721436e-01,-2.130638360977172852e-01,2.084693014621734619e-01,-1.131009817123413086e+00,5.376047492027282715e-01,-2.336923360824584961e+00,-5.900073647499084473e-01,-2.041087895631790161e-01,9.451024234294891357e-02
1.571994274854660034e-01,2.511778771877288818e-01,8.519221544265747070e-01,1.534204464405775070e-03,1.315001957118511200e-02,6.467845439910888672e-01,7.625578641891479492e-01,-3.346337378025054932e-01,-1.486543864011764526e-01,4.352241158485412598e-01,7.530132532119750977e-01,-5.769128203392028809e-01,2.507389485836029053e-01,-4.310600757598876953e-01,2.176622301340103149e-02,-5.742761492729187012e-01,9.579617381095886230e-01,7.444099336862564087e-02,2.604321837425231934e-01,-1.381994131952524185e-02,8.302485942840576172e-02,7.111816108226776123e-02,2.444319725036621094e-01,1.074644207954406738e+00,-5.458927154541015625e-01,-2.173045635223388672e+00,5.694795846939086914e-01,-3.093077540397644043e-01,-1.886144280433654785e-01,1.714548021554946899e-01,-1.140688776969909668e+00,5.617460608482360840e-01,-2.342709541320800781e+00,-5.908887386322021484e-01,-2.279960364103317261e-01,9.246031194925308228e-02
1.720713376998901367e-01,2.508624792098999023e-01,8.529148101806640625e-01,-3.485891502350568771e-03,-9.739181026816368103e-03,6.440007090568542480e-01,7.649549841880798340e-01,-3.205576837062835693e-01,-8.927680552005767822e-02,4.383492469787597656e-01,8.003266453742980957e-01,-6.129121780395507812e-01,2.603108286857604980e-01,-4.312469661235809326e-01,-4.381526261568069458e-02,-5.907386541366577148e-01,1.055967807769775391e+00,8.435606956481933594e-02,2.618918716907501221e-01,-5.502781830728054047e-03,1.089536249637603760e-01,1.322031468152999878e-01,2.402194142341613770e-01,1.089403748512268066e+00,-5.513464808464050293e-01,-2.184166193008422852e+00,5.844491124153137207e-01,-3.094756305217742920e-01,-1.682348102331161499e-01,1.464089453220367432e-01,-1.142907977104187012e+00,5.864819884300231934e-01,-2.348513126373291016e+00,-6.031345129013061523e-01,-2.474798560142517090e-01,9.493292123079299927e-02
1.789031028747558594e-01,2.551611363887786865e-01,8.519957065582275391e-01,-9.665436111390590668e-03,-3.755428269505500793e-02,6.394488215446472168e-01,7.678551077842712402e-01,-3.015616834163665771e-01,-2.611344121396541595e-02,4.420648515224456787e-01,8.582265973091125488e-01,-6.236212253570556641e-01,2.617466151714324951e-01,-4.432115256786346436e-01,-1.155404523015022278e-01,-5.913920402526855469e-01,1.115072727203369141e+00,3.676835820078849792e-02,2.272020727396011353e-01,2.363793319091200829e-03,1.363171190023422241e-01,1.788749247789382935e-01,2.374589145183563232e-01,1.108714103698730469e+00,-5.596712827682495117e-01,-2.196364879608154297e+00,6.194807887077331543e-01,-3.032491803169250488e-01,-1.628979593515396118e-01,1.292641162872314453e-01,-1.141779541969299316e+00,6.107989549636840820e-01,-2.352100372314453125e+00,-6.346485018730163574e-01,-2.528128027915954590e-01,9.776791185140609741e-02
1.986451297998428345e-01,2.574268877506256104e-01,8.516092300415039062e-01,-1.262835133820772171e-02,-5.830209702253341675e-02,6.347935795783996582e-01,7.703756093978881836e-01,-2.880446910858154297e-01,3.096468932926654816e-02,4.298809468746185303e-01,9.126381278038024902e-01,-6.011594533920288086e-01,2.380903363227844238e-01,-4.549597501754760742e-01,-1.828229874372482300e-01,-5.627885460853576660e-01,1.122940659523010254e+00,-1.328981947153806686e-02,1.972004622220993042e-01,7.877365685999393463e-03,1.567513048648834229e-01,2.023571282625198364e-01,2.389695495367050171e-01,1.121103048324584961e+00,-5.701586604118347168e-01,-2.205305576324462891e+00,6.750296950340270996e-01,-3.022088110446929932e-01,-1.525361984968185425e-01,1.356152296066284180e-01,-1.140316009521484375e+00,6.355097293853759766e-01,-2.352102994918823242e+00,-6.837211251258850098e-01,-2.444468438625335693e-01,8.766774833202362061e-02
2.113208621740341187e-01,2.769174873828887939e-01,8.328502178192138672e-01,-1.280505862087011337e-02,-7.619991898536682129e-02,6.338662505149841309e-01,7.695733904838562012e-01,-2.818922102451324463e-01,7.901528477668762207e-02,4.076724946498870850e-01,9.768757224082946777e-01,-5.744829177856445312e-01,1.984009146690368652e-01,-4.632086753845214844e-01,-2.359032779932022095e-01,-5.012626647949218750e-01,1.084192514419555664e+00,-4.853849485516548157e-02,1.810466796159744263e-01,7.760210428386926651e-03,1.787118911743164062e-01,2.081924676895141602e-01,2.301621437072753906e-01,1.144621372222900391e+00,-5.727018713951110840e-01,-2.223466396331787109e+00,7.324973940849304199e-01,-3.068715035915374756e-01,-1.378346979618072510e-01,1.530213356018066406e-01,-1.140484333038330078e+00,6.503786444664001465e-01,-2.348880290985107422e+00,-7.310131192207336426e-01,-2.342318445444107056e-01,6.563413888216018677e-02
2.217298597097396851e-01,2.800686061382293701e-01,8.336689472198486328e-01,-7.678779307752847672e-03,-9.221334010362625122e-02,6.360493898391723633e-01,7.660802006721496582e-01,-2.938122153282165527e-01,1.177888363599777222e-01,3.535392284393310547e-01,1.012033104896545410e+00,-4.839403629302978516e-01,1.124764382839202881e-01,-4.513483047485351562e-01,-2.725291252136230469e-01,-4.286168813705444336e-01,9.931695461273193359e-01,-4.821157455444335938e-02,1.915923506021499634e-01,3.257242264226078987e-03,2.112863957881927490e-01,1.975519955158233643e-01,2.205467075109481812e-01,1.183945775032043457e+00,-5.577863454818725586e-01,-2.248812913894653320e+00,7.826165556907653809e-01,-3.191938400268554688e-01,-1.185697317123413086e-01,1.789133697748184204e-01,-1.142781615257263184e+00,6.343883275985717773e-01,-2.346275091171264648e+00,-7.619014978408813477e-01,-2.230918258428573608e-01,4.787922278046607971e-02
2.309115380048751831e-01,2.850066125392913818e-01,8.352869749069213867e-01,-5.629208404570817947e-03,-1.030698716640472412e-01,6.404496431350708008e-01,7.610316872596740723e-01,-3.221748471260070801e-01,1.705538630485534668e-01,2.991291880607604980e-01,1.067469000816345215e+00,-4.519424736499786377e-01,7.235418260097503662e-02,-4.237147867679595947e-01,-2.922924458980560303e-01,-3.520233333110809326e-01,8.911695480346679688e-01,1.465390156954526901e-02,2.368558496236801147e-01,-8.498001843690872192e-03,2.357088774442672729e-01,1.792182326316833496e-01,2.183581441640853882e-01,1.210696339607238770e+00,-5.418365597724914551e-01,-2.261250019073486328e+00,8.255056142807006836e-01,-3.371987044811248779e-01,-8.475431799888610840e-02,2.245750427246093750e-01,-1.153117895126342773e+00,6.045099496841430664e-01,-2.343402385711669922e+00,-7.689762711524963379e-01,-2.216751426458358765e-01,2.758831530809402466e-02
2.446749210357666016e-01,2.894956171512603760e-01,8.337063789367675781e-01,-4.006981384009122849e-03,-1.073754951357841492e-01,6.484784483909606934e-01,7.536113858222961426e-01,-3.645274639129638672e-01,2.320721745491027832e-01,2.401847988367080688e-01,1.132510423660278320e+00,-4.166543781757354736e-01,3.420102596282958984e-02,-3.804984092712402344e-01,-2.960791289806365967e-01,-2.957330942153930664e-01,7.891695499420166016e-01,9.243956208229064941e-02,2.586533725261688232e-01,-1.638238131999969482e-02,2.469027340412139893e-01,1.551293879747390747e-01,2.167158126831054688e-01,1.224510073661804199e+00,-5.214216113090515137e-01,-2.279088020324707031e+00,8.575286269187927246e-01,-3.502753674983978271e-01,-6.275123357772827148e-02,2.715810239315032959e-01,-1.164255857467651367e+00,5.736197233200073242e-01,-2.344205379486083984e+00,-7.718577980995178223e-01,-2.129997760057449341e-01,2.500333078205585480e-02
2.643836736679077148e-01,3.125863373279571533e-01,8.251731395721435547e-01,1.529564731754362583e-03,-1.072514727711677551e-01,6.567575335502624512e-01,7.464344501495361328e-01,-4.171403646469116211e-01,2.806174159049987793e-01,1.803782135248184204e-01,1.197000026702880859e+00,-3.990176618099212646e-01,7.342793047428131104e-03,-3.490524291992187500e-01,-3.042878508567810059e-01,-2.487590759992599487e-01,6.927972435951232910e-01,1.102714613080024719e-01,2.619230151176452637e-01,-2.499370276927947998e-02,2.493009567260742188e-01,1.178320124745368958e-01,2.043347358703613281e-01,1.221713662147521973e+00,-5.005363225936889648e-01,-2.291295766830444336e+00,8.724768757820129395e-01,-3.555017709732055664e-01,-6.465657055377960205e-02,3.049705326557159424e-01,-1.154995322227478027e+00,5.490167737007141113e-01,-2.344935655593872070e+00,-7.728692293167114258e-01,-2.089782953262329102e-01,2.070131525397300720e-02
2.858501970767974854e-01,3.167667686939239502e-01,8.135793209075927734e-01,1.321738027036190033e-02,-1.059667095541954041e-01,6.618097424507141113e-01,7.420271039009094238e-01,-4.655167758464813232e-01,3.237911760807037354e-01,1.264640539884567261e-01,1.245759963989257812e+00,-4.093782603740692139e-01,-2.348629292100667953e-03,-3.302061557769775391e-01,-3.129125237464904785e-01,-2.076967954635620117e-01,7.276212573051452637e-01,5.290994793176651001e-02,2.624134421348571777e-01,-3.541768342256546021e-02,2.598195970058441162e-01,7.268236577510833740e-02,1.878493577241897583e-01,1.200232028961181641e+00,-4.757331907749176025e-01,-2.309525728225708008e+00,8.824256062507629395e-01,-3.634635508060455322e-01,-6.657242774963378906e-02,3.167319893836975098e-01,-1.138974547386169434e+00,5.211988091468811035e-01,-2.348111867904663086e+00,-7.589573860168457031e-01,-2.174168378114700317e-01,1.670727506279945374e-02
3.042805790901184082e-01,3.204453587532043457e-01,8.011943101882934570e-01,2.544830553233623505e-02,-1.096138879656791687e-01,6.649757623672485352e-01,7.383389472961425781e-01,-5.141704678535461426e-01,3.559113144874572754e-01,7.299181818962097168e-02,1.277378320693969727e+00,-4.402395188808441162e-01,-1.345140393823385239e-02,-3.377850055694580078e-01,-3.256391286849975586e-01,-1.842558383941650391e-01,8.257948756217956543e-01,-4.909005388617515564e-02,2.536141574382781982e-01,-4.842286556959152222e-02,2.880860269069671631e-01,3.738843277096748352e-02,1.708307862281799316e-01,1.170205831527709961e+00,-4.484315812587738037e-01,-2.332084894180297852e+00,8.933721780776977539e-01,-3.704352378845214844e-01,-6.811630725860595703e-02,3.117109239101409912e-01,-1.118291616439819336e+00,4.932264685630798340e-01,-2.354476690292358398e+00,-7.402518987655639648e-01,-2.335999906063079834e-01,2.441025339066982269e-02
3.177093863487243652e-01,3.250319063663482666e-01,7.901431322097778320e-01,3.770916163921356201e-02,-1.091630533337593079e-01,6.676585674285888672e-01,7.354546189308166504e-01,-5.639106631278991699e-01,3.848615288734436035e-01,4.260151460766792297e-02,1.287237167358398438e+00,-4.735248386859893799e-01,-2.406764589250087738e-02,-3.637745380401611328e-01,-3.546351194381713867e-01,-1.885626763105392456e-01,9.277948737144470215e-01,-1.510900557041168213e-01,2.201657593250274658e-01,-6.289076805114746094e-02,3.018854260444641113e-01,4.583717789500951767e-03,1.611940413713455200e-01,1.136957049369812012e+00,-4.257196485996246338e-01,-2.343609094619750977e+00,8.930990695953369141e-01,-3.636575639247894287e-01,-6.148545071482658386e-02,3.004482388496398926e-01,-1.091299414634704590e+00,4.773774147033691406e-01,-2.355431556701660156e+00,-7.222250699996948242e-01,-2.519876360893249512e-01,3.712347522377967834e-02
3.281324505805969238e-01,3.283578157424926758e-01,7.822830677032470703e-01,4.111168533563613892e-02,-1.043461710214614868e-01,6.703793406486511230e-01,7.334938645362854004e-01,-5.982044339179992676e-01,3.950086832046508789e-01,2.638638205826282501e-02,1.287900924682617188e+00,-4.950892925262451172e-01,-2.904671058058738708e-02,-3.945050537586212158e-01,-3.790114223957061768e-01,-1.984344124794006348e-01,1.029786348342895508e+00,-2.382013201713562012e-01,2.021349966526031494e-01,-8.084660023450851440e-02,3.052040636539459229e-01,-2.050875686109066010e-02,1.598672717809677124e-01,1.116578340530395508e+00,-4.094236791133880615e-01,-2.346286058425903320e+00,8.773337602615356445e-01,-3.469051122665405273e-01,-5.888479948043823242e-02,2.858840525150299072e-01,-1.064451217651367188e+00,4.669254422187805176e-01,-2.355574607849121094e+00,-7.098352909088134766e-01,-2.676971256732940674e-01,4.113552719354629517e-02
3.296412825584411621e-01,3.341867923736572266e-01,7.790656089782714844e-01,4.097306728363037109e-02,-9.705851227045059204e-02,6.732020378112792969e-01,7.319152355194091797e-01,-6.155247092247009277e-01,3.952770233154296875e-01,2.484443038702011108e-02,1.276055693626403809e+00,-4.963837862014770508e-01,-3.693057224154472351e-02,-4.167571365833282471e-01,-3.999980390071868896e-01,-2.012640684843063354e-01,1.081999659538269043e+00,-2.720133960247039795e-01,1.989480555057525635e-01,-9.701716154813766479e-02,3.006774187088012695e-01,-3.729392588138580322e-02,1.708445101976394653e-01,1.103561401367187500e+00,-4.113954007625579834e-01,-2.347744703292846680e+00,8.724958300590515137e-01,-3.327276408672332764e-01,-5.882867798209190369e-02,2.719890773296356201e-01,-1.041665315628051758e+00,4.708293378353118896e-01,-2.355596303939819336e+00,-7.136023640632629395e-01,-2.778953313827514648e-01,4.138580709695816040e-02
3.238016068935394287e-01,3.386291563510894775e-01,7.802330255508422852e-01,3.879100456833839417e-02,-9.071541577577590942e-02,6.745962500572204590e-01,7.315639853477478027e-01,-6.140615344047546387e-01,3.905299007892608643e-01,3.509416431188583374e-02,1.260790586471557617e+00,-4.904440343379974365e-01,-4.440631717443466187e-02,-4.293852150440216064e-01,-4.169516563415527344e-01,-2.019370347261428833e-01,1.097443938255310059e+00,-2.693894207477569580e-01,2.081815004348754883e-01,-1.088790968060493469e-01,2.934114933013916016e-01,-4.565060138702392578e-02,1.852612197399139404e-01,1.100758075714111328e+00,-4.234412014484405518e-01,-2.341847896575927734e+00,8.844936490058898926e-01,-3.252734243869781494e-01,-5.831505730748176575e-02,2.651309967041015625e-01,-1.036656618118286133e+00,4.767525792121887207e-01,-2.355599403381347656e+00,-7.224664688110351562e-01,-2.823525965213775635e-01,3.099369257688522339e-02
3.090155124664306641e-01,3.441929519176483154e-01,7.833716869354248047e-01,3.357481956481933594e-02,-8.874098956584930420e-02,6.745576262474060059e-01,7.320995330810546875e-01,-6.004023551940917969e-01,3.832488656044006348e-01,4.751918837428092957e-02,1.242734074592590332e+00,-4.853687882423400879e-01,-4.722706973552703857e-02,-4.296925365924835205e-01,-4.275253713130950928e-01,-2.014849185943603516e-01,1.085735559463500977e+00,-2.356091290712356567e-01,2.247572392225265503e-01,-1.182641461491584778e-01,2.896219491958618164e-01,-4.536747932434082031e-02,2.081705927848815918e-01,1.109733343124389648e+00,-4.384422600269317627e-01,-2.321996927261352539e+00,9.062147736549377441e-01,-3.163861930370330811e-01,-5.915047600865364075e-02,2.709128260612487793e-01,-1.044907093048095703e+00,4.838041961193084717e-01,-2.355599880218505859e+00,-7.456173300743103027e-01,-2.728611826896667480e-01,1.327276602387428284e-02
3.008207082748413086e-01,3.471569716930389404e-01,7.854896783828735352e-01,3.123152628540992737e-02,-9.070337563753128052e-02,6.724165678024291992e-01,7.339301109313964844e-01,-5.789037942886352539e-01,3.803512156009674072e-01,5.947981774806976318e-02,1.230561852455139160e+00,-4.858694970607757568e-01,-4.276131838560104370e-02,-4.250659346580505371e-01,-4.362593889236450195e-01,-2.075308263301849365e-01,1.069861650466918945e+00,-2.127854228019714355e-01,2.431693524122238159e-01,-1.235683560371398926e-01,2.889042496681213379e-01,-3.878652304410934448e-02,2.351426333189010620e-01,1.116330504417419434e+00,-4.488270580768585205e-01,-2.283663272857666016e+00,9.285467267036437988e-01,-3.074721992015838623e-01,-4.929503798484802246e-02,2.927122712135314941e-01,-1.057983756065368652e+00,4.904552996158599854e-01,-2.353822946548461914e+00,-7.766970992088317871e-01,-2.517592012882232666e-01,-1.691013760864734650e-02
2.927899658679962158e-01,3.494902551174163818e-01,7.844474315643310547e-01,2.975729480385780334e-02,-9.506726264953613281e-02,6.695601344108581543e-01,7.360475063323974609e-01,-5.598987340927124023e-01,3.767354190349578857e-01,6.559716910123825073e-02,1.228721141815185547e+00,-4.979360699653625488e-01,-3.125565126538276672e-02,-4.205928444862365723e-01,-4.462458491325378418e-01,-2.143336534500122070e-01,1.059993982315063477e+00,-1.994838267564773560e-01,2.576377391815185547e-01,-1.298904120922088623e-01,2.904398739337921143e-01,-3.100058808922767639e-02,2.621266245841979980e-01,1.111395955085754395e+00,-4.573712944984436035e-01,-2.240302801132202148e+00,9.420197606086730957e-01,-3.003023862838745117e-01,-2.782949991524219513e-02,3.170258700847625732e-01,-1.059029340744018555e+00,4.911829233169555664e-01,-2.339209079742431641e+00,-8.003314733505249023e-01,-2.357755005359649658e-01,-4.568424075841903687e-02
2.860819399356842041e-01,3.513582646846771240e-01,7.800194025039672852e-01,2.941611222922801971e-02,-9.930054843425750732e-02,6.662413477897644043e-01,7.385097146034240723e-01,-5.485111474990844727e-01,3.743155300617218018e-01,6.699933111667633057e-02,1.241227030754089355e+00,-5.238623619079589844e-01,-2.017239481210708618e-02,-4.217744171619415283e-01,-4.582186937332153320e-01,-2.171364277601242065e-01,1.059595704078674316e+00,-1.950054466724395752e-01,2.617705762386322021e-01,-1.282863467931747437e-01,2.928538620471954346e-01,-2.337892353534698486e-02,2.799439430236816406e-01,1.108131527900695801e+00,-4.650666713714599609e-01,-2.216393232345581055e+00,9.525304436683654785e-01,-2.956606745719909668e-01,-1.313932891935110092e-02,3.314395546913146973e-01,-1.069535732269287109e+00,4.939587414264678955e-01,-2.328217983245849609e+00,-7.997745275497436523e-01,-2.276941239833831787e-01,-6.048774719238281250e-02
2.822642326354980469e-01,3.726318776607513428e-01,7.723132371902465820e-01,2.755964174866676331e-02,-1.018152534961700439e-01,6.629939675331115723e-01,7.411565780639648438e-01,-5.389272570610046387e-01,3.845958709716796875e-01,7.440505176782608032e-02,1.269207477569580078e+00,-5.435459017753601074e-01,-3.963638097047805786e-03,-4.199711382389068604e-01,-4.754657745361328125e-01,-2.180122435092926025e-01,1.077419042587280273e+00,-1.884318590164184570e-01,2.604081630706787109e-01,-1.304386258125305176e-01,2.903611660003662109e-01,-1.398971304297447205e-02,2.848750650882720947e-01,1.102306604385375977e+00,-4.669709801673889160e-01,-2.212036132812500000e+00,9.585608243942260742e-01,-2.949286699295043945e-01,-5.691886879503726959e-03,3.305091261863708496e-01,-1.066343903541564941e+00,4.914047122001647949e-01,-2.333511352539062500e+00,-7.931666970252990723e-01,-2.287709563970565796e-01,-6.768190860748291016e-02
2.793231904506683350e-01,3.747464120388031006e-01,7.652474641799926758e-01,2.961834333837032318e-02,-1.078232675790786743e-01,6.615673303604125977e-01,7.415022253990173340e-01,-5.381243824958801270e-01,3.915693163871765137e-01,7.376824319362640381e-02,1.295663118362426758e+00,-5.655527114868164062e-01,7.403698749840259552e-03,-4.230648577213287354e-01,-4.823796153068542480e-01,-2.101796716451644897e-01,1.101846337318420410e+00,-1.952481865882873535e-01,2.536577284336090088e-01,-1.285664439201354980e-01,2.975145280361175537e-01,-8.590761572122573853e-03,2.692092657089233398e-01,1.102514743804931641e+00,-4.607954919338226318e-01,-2.232684850692749023e+00,9.498168826103210449e-01,-2.977611422538757324e-01,-2.005939185619354248e-02,3.166936337947845459e-01,-1.060358762741088867e+00,4.847604036331176758e-01,-2.352284431457519531e+00,-7.754575610160827637e-01,-2.378698885440826416e-01,-5.915476754307746887e-02
2.807587087154388428e-01,3.733078241348266602e-01,7.580687999725341797e-01,3.306522965431213379e-02,-1.134031862020492554e-01,6.601107716560363770e-01,7.418221831321716309e-01,-5.405474901199340820e-01,3.973199129104614258e-01,6.609506160020828247e-02,1.321952581405639648e+00,-5.724403858184814453e-01,7.798389531672000885e-03,-4.329133927822113037e-01,-4.826575219631195068e-01,-1.950815021991729736e-01,1.138353347778320312e+00,-2.068997621536254883e-01,2.429557740688323975e-01,-1.217926740646362305e-01,3.053411245346069336e-01,-4.263750277459621429e-03,2.373378872871398926e-01,1.114582538604736328e+00,-4.431647658348083496e-01,-2.272117376327514648e+00,9.175145626068115234e-01,-3.051241636276245117e-01,-4.465855285525321960e-02,2.832303047180175781e-01,-1.049640059471130371e+00,4.690780341625213623e-01,-2.355102539062500000e+00,-7.314584255218505859e-01,-2.609704732894897461e-01,-3.103772550821304321e-02
2.890486121177673340e-01,3.702245950698852539e-01,7.535333633422851562e-01,3.656062111258506775e-02,-1.137732490897178650e-01,6.580730676651000977e-01,7.434102892875671387e-01,-5.422646403312683105e-01,4.034554064273834229e-01,6.043511256575584412e-02,1.333705425262451172e+00,-5.637536644935607910e-01,6.970218964852392673e-04,-4.521310031414031982e-01,-4.809542894363403320e-01,-1.808874160051345825e-01,1.176995635032653809e+00,-2.271917462348937988e-01,2.288548648357391357e-01,-1.144304350018501282e-01,3.058298528194427490e-01,-7.451343815773725510e-03,2.182020097970962524e-01,1.117873907089233398e+00,-4.230019152164459229e-01,-2.299611091613769531e+00,8.748330473899841309e-01,-3.197496235370635986e-01,-4.849688708782196045e-02,2.605615258216857910e-01,-1.035423636436462402e+00,4.573473334312438965e-01,-2.355525493621826172e+00,-6.894975304603576660e-01,-2.775195837020874023e-01,-1.492591574788093567e-02
2.971107363700866699e-01,3.656477630138397217e-01,7.514466047286987305e-01,4.143850505352020264e-02,-1.134185269474983215e-01,6.579979658126831055e-01,7.432749867439270020e-01,-5.422804355621337891e-01,4.053944647312164307e-01,5.674162134528160095e-02,1.335774540901184082e+00,-5.434043407440185547e-01,-1.051920093595981598e-02,-4.667792618274688721e-01,-4.817549586296081543e-01,-1.721709966659545898e-01,1.208310842514038086e+00,-2.389414906501770020e-01,2.193252146244049072e-01,-1.053742989897727966e-01,3.036484420299530029e-01,-1.775515638291835785e-02,1.969623118638992310e-01,1.126217365264892578e+00,-4.083454310894012451e-01,-2.310801029205322266e+00,8.325843811035156250e-01,-3.241588771343231201e-01,-5.257335677742958069e-02,2.562044858932495117e-01,-1.028007864952087402e+00,4.548571705818176270e-01,-2.355588912963867188e+00,-6.693093180656433105e-01,-2.777729928493499756e-01,-1.048150192946195602e-02
3.127011358737945557e-01,3.624713420867919922e-01,7.523633241653442383e-01,4.705545306205749512e-02,-1.074442788958549500e-01,6.599901318550109863e-01,7.420610189437866211e-01,-5.392858982086181641e-01,4.019982516765594482e-01,5.311428755521774292e-02,1.320434570312500000e+00,-4.991885423660278320e-01,-3.167079389095306396e-02,-4.816277921199798584e-01,-4.829805791378021240e-01,-1.650160998106002808e-01,1.236880660057067871e+00,-2.685949206352233887e-01,2.020890116691589355e-01,-1.013248190283775330e-01,2.995231747627258301e-01,-2.901251241564750671e-02,1.845457851886749268e-01,1.141153693199157715e+00,-4.012622237205505371e-01,-2.318956851959228516e+00,7.971319556236267090e-01,-3.302477002143859863e-01,-5.512701719999313354e-02,2.597429752349853516e-01,-1.051161408424377441e+00,4.452660977840423584e-01,-2.355598211288452148e+00,-6.344786286354064941e-01,-2.777034044265747070e-01,-7.418546825647354126e-03
3.291603028774261475e-01,3.627498149871826172e-01,7.550787925720214844e-01,5.223155766725540161e-02,-9.922528266906738281e-02,6.637769937515258789e-01,7.394770979881286621e-01,-5.338445901870727539e-01,3.942075073719024658e-01,4.972524568438529968e-02,1.297668695449829102e+00,-4.521933495998382568e-01,-5.551426112651824951e-02,-4.904304146766662598e-01,-4.862306714057922363e-01,-1.615116000175476074e-01,1.258557915687561035e+00,-3.101618289947509766e-01,1.832525581121444702e-01,-1.005024909973144531e-01,2.970046103000640869e-01,-4.408998042345046997e-02,1.763210892677307129e-01,1.155471801757812500e+00,-4.011641144752502441e-01,-2.317972660064697266e+00,7.800095677375793457e-01,-3.371098637580871582e-01,-5.816867202520370483e-02,2.822315692901611328e-01,-1.089460730552673340e+00,4.409034550189971924e-01,-2.355599641799926758e+00,-6.119554638862609863e-01,-2.708250880241394043e-01,-1.435582712292671204e-02
3.411839604377746582e-01,3.600760400295257568e-01,7.578129768371582031e-01,5.767028033733367920e-02,-9.260148555040359497e-02,6.673728227615356445e-01,7.366903424263000488e-01,-5.308657884597778320e-01,3.814974725246429443e-01,4.390789568424224854e-02,1.277829408645629883e+00,-4.057392776012420654e-01,-7.940399646759033203e-02,-4.976284503936767578e-01,-4.904368221759796143e-01,-1.574492603540420532e-01,1.273140430450439453e+00,-3.529395163059234619e-01,1.643145382404327393e-01,-1.050170063972473145e-01,2.972832322120666504e-01,-6.223462894558906555e-02,1.697749495506286621e-01,1.172411203384399414e+00,-4.020815193653106689e-01,-2.312850475311279297e+00,7.654423713684082031e-01,-3.395681679248809814e-01,-5.922122672200202942e-02,3.083816170692443848e-01,-1.131774306297302246e+00,4.460954666137695312e-01,-2.355599880218505859e+00,-6.073985695838928223e-01,-2.569761276245117188e-01,-2.149580977857112885e-02
3.515738248825073242e-01,3.520740866661071777e-01,7.595899105072021484e-01,6.380934268236160278e-02,-8.762476593255996704e-02,6.712335348129272461e-01,7.332774400711059570e-01,-5.346419811248779297e-01,3.699072003364562988e-01,3.773169592022895813e-02,1.262481451034545898e+00,-3.659570515155792236e-01,-1.024821847677230835e-01,-5.073558688163757324e-01,-4.954893589019775391e-01,-1.544044762849807739e-01,1.286678910255432129e+00,-3.956556022167205811e-01,1.442243158817291260e-01,-1.106666028499603271e-01,2.993785142898559570e-01,-7.945773005485534668e-02,1.677767485380172729e-01,1.175852417945861816e+00,-4.056876897811889648e-01,-2.306210279464721680e+00,7.545130848884582520e-01,-3.424463272094726562e-01,-5.173530429601669312e-02,3.313267827033996582e-01,-1.157653689384460449e+00,4.546709954738616943e-01,-2.352102279663085938e+00,-6.082488298416137695e-01,-2.492235600948333740e-01,-3.230105713009834290e-02
3.585168719291687012e-01,3.459475636482238770e-01,7.599933147430419922e-01,6.792432814836502075e-02,-8.356326073408126831e-02,6.741763353347778320e-01,7.306776046752929688e-01,-5.448589324951171875e-01,3.640303313732147217e-01,3.405120968818664551e-02,1.260477900505065918e+00,-3.490236699581146240e-01,-1.139823943376541138e-01,-5.179867148399353027e-01,-5.000666379928588867e-01,-1.505970358848571777e-01,1.299958109855651855e+00,-4.253025352954864502e-01,1.282599866390228271e-01,-1.122269630432128906e-01,3.047376573085784912e-01,-9.050011634826660156e-02,1.683138161897659302e-01,1.168226838111877441e+00,-4.102120995521545410e-01,-2.304166078567504883e+00,7.413703203201293945e-01,-3.439199924468994141e-01,-4.971498623490333557e-02,3.388977646827697754e-01,-1.165244817733764648e+00,4.579669535160064697e-01,-2.352739095687866211e+00,-5.980920195579528809e-01,-2.483663111925125122e-01,-3.267608955502510071e-02
3.626448512077331543e-01,3.392008244991302490e-01,7.595841884613037109e-01,7.086062431335449219e-02,-7.985295355319976807e-02,6.769512295722961426e-01,7.282440066337585449e-01,-5.634717941284179688e-01,3.656747043132781982e-01,3.869818150997161865e-02,1.271387338638305664e+00,-3.435252308845520020e-01,-1.196526065468788147e-01,-5.309146046638488770e-01,-5.052645802497863770e-01,-1.466677337884902954e-01,1.313263297080993652e+00,-4.372867941856384277e-01,1.178239881992340088e-01,-1.182480156421661377e-01,3.105055987834930420e-01,-9.307085722684860229e-02,1.706287115812301636e-01,1.141260862350463867e+00,-4.133436679840087891e-01,-2.310403585433959961e+00,7.256758213043212891e-01,-3.448770940303802490e-01,-4.198876023292541504e-02,3.324525356292724609e-01,-1.155306935310363770e+00,4.543506205081939697e-01,-2.355170965194702148e+00,-5.723819136619567871e-01,-2.572956383228302002e-01,-2.625269815325737000e-02
3.642111122608184814e-01,3.305443823337554932e-01,7.603168487548828125e-01,7.082557678222656250e-02,-7.566475123167037964e-02,6.808100342750549316e-01,7.250905036926269531e-01,-5.929682254791259766e-01,3.751840889453887939e-01,5.292043089866638184e-02,1.289184927940368652e+00,-3.633927702903747559e-01,-1.147028207778930664e-01,-5.441458821296691895e-01,-5.121098160743713379e-01,-1.505612432956695557e-01,1.318478226661682129e+00,-4.362832009792327881e-01,1.148007065057754517e-01,-1.234424039721488953e-01,3.131885528564453125e-01,-8.739589899778366089e-02,1.745647937059402466e-01,1.102144956588745117e+00,-4.139375686645507812e-01,-2.317675352096557617e+00,7.059038281440734863e-01,-3.416623473167419434e-01,-2.192503958940505981e-02,3.152093887329101562e-01,-1.128404259681701660e+00,4.519017934799194336e-01,-2.355535745620727539e+00,-5.419139862060546875e-01,-2.733853459358215332e-01,-1.403727754950523376e-02
3.542845249176025391e-01,3.285923302173614502e-01,7.626345157623291016e-01,6.563589721918106079e-02,-7.368287444114685059e-02,6.838236451148986816e-01,7.229439616203308105e-01,-6.233830451965332031e-01,3.826417326927185059e-01,6.589977443218231201e-02,1.315380454063415527e+00,-4.151391088962554932e-01,-9.733816236257553101e-02,-5.464705824851989746e-01,-5.159800648689270020e-01,-1.539585292339324951e-01,1.304287910461425781e+00,-4.020447432994842529e-01,1.258638352155685425e-01,-1.277079135179519653e-01,3.127461373805999756e-01,-7.698205858469009399e-02,1.771193444728851318e-01,1.084598183631896973e+00,-4.215295314788818359e-01,-2.329950571060180664e+00,6.956588625907897949e-01,-3.330205678939819336e-01,-8.544371463358402252e-03,2.956396341323852539e-01,-1.103716492652893066e+00,4.594334661960601807e-01,-2.355590343475341797e+00,-5.373741388320922852e-01,-2.835558652877807617e-01,-9.984132833778858185e-03
3.411951065063476562e-01,3.298431932926177979e-01,7.659486532211303711e-01,5.740730464458465576e-02,-7.326684147119522095e-02,6.872757673263549805e-01,7.204084992408752441e-01,-6.461663842201232910e-01,3.876098394393920898e-01,7.547081261873245239e-02,1.336786866188049316e+00,-4.678771793842315674e-01,-8.309400081634521484e-02,-5.390767455101013184e-01,-5.147781372070312500e-01,-1.590808182954788208e-01,1.277820110321044922e+00,-3.547086119651794434e-01,1.436492204666137695e-01,-1.323509365320205688e-01,3.091791570186614990e-01,-5.943033844232559204e-02,1.863524466753005981e-01,1.087938904762268066e+00,-4.397747218608856201e-01,-2.342122316360473633e+00,7.132118940353393555e-01,-3.266402781009674072e-01,-1.807342632673680782e-03,2.727139890193939209e-01,-1.085847377777099609e+00,4.675188064575195312e-01,-2.355598449707031250e+00,-5.510511994361877441e-01,-2.930625677108764648e-01,-1.840563118457794189e-02
3.237357735633850098e-01,3.323688805103302002e-01,7.690306901931762695e-01,4.539657756686210632e-02,-7.612987607717514038e-02,6.916011571884155273e-01,7.168202400207519531e-01,-6.648454070091247559e-01,3.946657180786132812e-01,8.435435593128204346e-02,1.352073788642883301e+00,-5.033565163612365723e-01,-7.243190705776214600e-02,-5.215084552764892578e-01,-5.104956030845642090e-01,-1.735510975122451782e-01,1.240731477737426758e+00,-2.950163781642913818e-01,1.713169068098068237e-01,-1.318964660167694092e-01,3.059542775154113770e-01,-3.616257756948471069e-02,1.986494958400726318e-01,1.104309082031250000e+00,-4.563939571380615234e-01,-2.345654964447021484e+00,7.549294233322143555e-01,-3.208332061767578125e-01,3.628525650128722191e-03,2.581649422645568848e-01,-1.078735589981079102e+00,4.744961559772491455e-01,-2.355599880218505859e+00,-5.788573622703552246e-01,-2.963451445102691650e-01,-3.021315112709999084e-02
3.029926121234893799e-01,3.318571746349334717e-01,7.706857919692993164e-01,3.448932245373725891e-02,-8.201872557401657104e-02,6.965089440345764160e-01,7.120103240013122559e-01,-6.766444444656372070e-01,3.951015174388885498e-01,8.817617595195770264e-02,1.360122203826904297e+00,-5.272617340087890625e-01,-6.773434579372406006e-02,-4.994006752967834473e-01,-5.061710476875305176e-01,-1.888424158096313477e-01,1.199657201766967773e+00,-2.391243427991867065e-01,1.995435208082199097e-01,-1.363398432731628418e-01,3.038398325443267822e-01,-9.860660880804061890e-03,2.199647128582000732e-01,1.130161881446838379e+00,-4.760558307170867920e-01,-2.341573953628540039e+00,8.094703555107116699e-01,-3.129330575466156006e-01,3.957800567150115967e-03,2.483575791120529175e-01,-1.084497094154357910e+00,4.807060956954956055e-01,-2.355599880218505859e+00,-6.180244088172912598e-01,-2.878967523574829102e-01,-3.616229817271232605e-02
2.868516445159912109e-01,3.354561924934387207e-01,7.698980569839477539e-01,2.658399753272533417e-02,-8.780939877033233643e-02,6.989388465881347656e-01,7.092723846435546875e-01,-6.831102371215820312e-01,3.937696814537048340e-01,8.692225813865661621e-02,1.370824337005615234e+00,-5.472915172576904297e-01,-6.189312785863876343e-02,-4.810144305229187012e-01,-5.037532448768615723e-01,-1.989523321390151978e-01,1.172492146492004395e+00,-2.061456441879272461e-01,2.227629125118255615e-01,-1.406498849391937256e-01,3.037617802619934082e-01,9.712054394185543060e-03,2.396118193864822388e-01,1.136933326721191406e+00,-4.865486323833465576e-01,-2.315618038177490234e+00,8.511257767677307129e-01,-3.078988492488861084e-01,2.103977464139461517e-02,2.501818537712097168e-01,-1.084086418151855469e+00,4.880096316337585449e-01,-2.355599880218505859e+00,-6.565467715263366699e-01,-2.761836051940917969e-01,-5.093806982040405273e-02
2.779896855354309082e-01,3.377449810504913330e-01,7.666357755661010742e-01,2.292043529450893402e-02,-9.291028976440429688e-02,7.002053856849670410e-01,7.074989676475524902e-01,-6.877282261848449707e-01,3.944661617279052734e-01,8.264710754156112671e-02,1.382741928100585938e+00,-5.703777670860290527e-01,-5.093321949243545532e-02,-4.711828827857971191e-01,-5.018025040626525879e-01,-2.005346417427062988e-01,1.163311243057250977e+00,-2.013201117515563965e-01,2.313422560691833496e-01,-1.409389674663543701e-01,3.062780201435089111e-01,2.436479367315769196e-02,2.499170601367950439e-01,1.141489744186401367e+00,-4.910854101181030273e-01,-2.298490047454833984e+00,8.668120503425598145e-01,-3.060382604598999023e-01,3.374005481600761414e-02,2.457778006792068481e-01,-1.089020609855651855e+00,4.892467856407165527e-01,-2.355599880218505859e+00,-6.666229367256164551e-01,-2.710644900798797607e-01,-6.037973240017890930e-02
2.754757404327392578e-01,3.389969468116760254e-01,7.622561454772949219e-01,2.227738872170448303e-02,-9.765176475048065186e-02,7.012979984283447266e-01,7.057967185974121094e-01,-6.917884945869445801e-01,3.948937058448791504e-01,7.211235165596008301e-02,1.396983861923217773e+00,-5.978658795356750488e-01,-3.833651915192604065e-02,-4.644099473953247070e-01,-5.010457634925842285e-01,-2.017493546009063721e-01,1.166266679763793945e+00,-2.102379351854324341e-01,2.328865379095077515e-01,-1.395458132028579712e-01,3.086284995079040527e-01,3.516115993261337280e-02,2.434467971324920654e-01,1.149007678031921387e+00,-4.893032014369964600e-01,-2.299309730529785156e+00,8.651326298713684082e-01,-3.039258420467376709e-01,3.279911354184150696e-02,2.335540354251861572e-01,-1.089610934257507324e+00,4.873518943786621094e-01,-2.355600118637084961e+00,-6.650527119636535645e-01,-2.723852097988128662e-01,-5.552415549755096436e-02
2.762051522731781006e-01,3.398991823196411133e-01,7.574987411499023438e-01,2.242148108780384064e-02,-1.007578969001770020e-01,7.013928890228271484e-01,7.052610516548156738e-01,-6.966906785964965820e-01,3.969030678272247314e-01,6.105269119143486023e-02,1.411489486694335938e+00,-6.196290254592895508e-01,-2.925626188516616821e-02,-4.652486741542816162e-01,-4.987684190273284912e-01,-1.973224431276321411e-01,1.179821848869323730e+00,-2.263405472040176392e-01,2.260028719902038574e-01,-1.327382922172546387e-01,3.108536303043365479e-01,3.948477283120155334e-02,2.252999395132064819e-01,1.156758904457092285e+00,-4.751152396202087402e-01,-2.320943355560302734e+00,8.401124477386474609e-01,-3.068546056747436523e-01,2.637584879994392395e-02,2.106808423995971680e-01,-1.091694235801696777e+00,4.792518615722656250e-01,-2.355600118637084961e+00,-6.343135237693786621e-01,-2.854427397251129150e-01,-4.017668962478637695e-02
2.809684574604034424e-01,3.363482654094696045e-01,7.534306049346923828e-01,2.439706958830356598e-02,-1.025693267583847046e-01,7.002996802330017090e-01,7.060202956199645996e-01,-7.017973661422729492e-01,3.985941708087921143e-01,4.999988526105880737e-02,1.421059370040893555e+00,-6.272132992744445801e-01,-2.364634349942207336e-02,-4.765304625034332275e-01,-4.952848553657531738e-01,-1.885841190814971924e-01,1.201765060424804688e+00,-2.429256886243820190e-01,2.136654406785964966e-01,-1.276346743106842041e-01,3.123750090599060059e-01,3.551898524165153503e-02,2.078757733106613159e-01,1.154715418815612793e+00,-4.515754878520965576e-01,-2.344732522964477539e+00,8.026273250579833984e-01,-3.183212876319885254e-01,3.506910055875778198e-02,1.880371272563934326e-01,-1.081153631210327148e+00,4.618880748748779297e-01,-2.355600118637084961e+00,-5.940113067626953125e-01,-3.033636808395385742e-01,-3.514837846159934998e-02
2.915915846824645996e-01,3.350977599620819092e-01,7.512437105178833008e-01,2.627590112388134003e-02,-9.881199896335601807e-02,6.984968781471252441e-01,7.082710266113281250e-01,-7.038230895996093750e-01,4.004670977592468262e-01,4.277401790022850037e-02,1.420032858848571777e+00,-6.159274578094482422e-01,-2.706205099821090698e-02,-4.967815876007080078e-01,-4.924153685569763184e-01,-1.774126440286636353e-01,1.226192593574523926e+00,-2.778792083263397217e-01,1.947526484727859497e-01,-1.194090470671653748e-01,3.114441633224487305e-01,2.393135242164134979e-02,1.915783137083053589e-01,1.151139974594116211e+00,-4.303983747959136963e-01,-2.353969812393188477e+00,7.575555443763732910e-01,-3.305046558380126953e-01,5.075514316558837891e-02,1.837175488471984863e-01,-1.076663374900817871e+00,4.450515806674957275e-01,-2.355600118637084961e+00,-5.531790852546691895e-01,-3.101298809051513672e-01,-4.387936741113662720e-02
3.063201010227203369e-01,3.336446881294250488e-01,7.504543066024780273e-01,3.262436762452125549e-02,-9.610438346862792969e-02,6.985008716583251953e-01,7.083756923675537109e-01,-6.967951059341430664e-01,3.990837037563323975e-01,3.544719889760017395e-02,1.411154270172119141e+00,-5.890944600105285645e-01,-3.859852626919746399e-02,-5.091354846954345703e-01,-4.927391111850738525e-01,-1.702100634574890137e-01,1.251941680908203125e+00,-3.218888044357299805e-01,1.757877022027969360e-01,-1.157410517334938049e-01,3.093680739402770996e-01,1.177448872476816177e-02,1.687605082988739014e-01,1.160102009773254395e+00,-4.186025261878967285e-01,-2.355355501174926758e+00,7.253580093383789062e-01,-3.356947302818298340e-01,5.355680733919143677e-02,1.885720044374465942e-01,-1.087142705917358398e+00,4.395543932914733887e-01,-2.355600118637084961e+00,-5.333852171897888184e-01,-3.048710227012634277e-01,-5.440672114491462708e-02
3.231067955493927002e-01,3.343468010425567627e-01,7.517887353897094727e-01,3.823787719011306763e-02,-8.734399825334548950e-02,6.994642615318298340e-01,7.082786560058593750e-01,-6.869810223579406738e-01,3.931737244129180908e-01,3.357876464724540710e-02,1.389496922492980957e+00,-5.599045753479003906e-01,-5.608959123492240906e-02,-5.256511569023132324e-01,-4.965336918830871582e-01,-1.625802516937255859e-01,1.277916073799133301e+00,-3.790035843849182129e-01,1.533205807209014893e-01,-1.188811883330345154e-01,3.056276142597198486e-01,-5.840153899043798447e-03,1.507696211338043213e-01,1.180089831352233887e+00,-4.216782450675964355e-01,-2.355563402175903320e+00,7.115103006362915039e-01,-3.458176851272583008e-01,4.536618292331695557e-02,2.062092572450637817e-01,-1.131116509437561035e+00,4.379770159721374512e-01,-2.355600118637084961e+00,-5.184116363525390625e-01,-2.945669889450073242e-01,-5.690361559391021729e-02
3.370649218559265137e-01,3.349888622760772705e-01,7.382144927978515625e-01,4.483762383460998535e-02,-8.484934270381927490e-02,7.008399367332458496e-01,7.068334817886352539e-01,-6.884031295776367188e-01,3.851421773433685303e-01,1.251127477735280991e-02,1.392695188522338867e+00,-6.043509244918823242e-01,-4.655244201421737671e-02,-5.474450588226318359e-01,-5.016101598739624023e-01,-1.434057950973510742e-01,1.322722434997558594e+00,-4.810035824775695801e-01,1.125618517398834229e-01,-1.248347610235214233e-01,3.064038753509521484e-01,-2.131458371877670288e-02,1.398639976978302002e-01,1.210506200790405273e+00,-4.254919588565826416e-01,-2.355594396591186523e+00,7.040530443191528320e-01,-3.468356430530548096e-01,3.351880982518196106e-02,2.329460084438323975e-01,-1.179262399673461914e+00,4.425294995307922363e-01,-2.355600118637084961e+00,-5.192238092422485352e-01,-2.714538574218750000e-01,-6.737433373928070068e-02
3.502945005893707275e-01,3.332668840885162354e-01,7.373204231262207031e-01,4.996845498681068420e-02,-7.885276526212692261e-02,7.028113007545471191e-01,7.052245736122131348e-01,-6.851391792297363281e-01,3.753500580787658691e-01,6.340240361168980598e-04,1.383154153823852539e+00,-5.967130064964294434e-01,-5.875388532876968384e-02,-5.642380118370056152e-01,-5.064312815666198730e-01,-1.349156051874160767e-01,1.354280233383178711e+00,-5.809847116470336914e-01,8.837421983480453491e-02,-1.271789819002151489e-01,3.062323927879333496e-01,-3.190880641341209412e-02,1.358271390199661255e-01,1.242706298828125000e+00,-4.333760440349578857e-01,-2.355581998825073242e+00,7.022588253021240234e-01,-3.416336774826049805e-01,2.748757228255271912e-02,2.582452595233917236e-01,-1.221876978874206543e+00,4.574242532253265381e-01,-2.352928161621093750e+00,-5.403264760971069336e-01,-2.455023229122161865e-01,-7.488095015287399292e-02
3.601402938365936279e-01,3.317291736602783203e-01,7.353187799453735352e-01,5.478086695075035095e-02,-7.427660375833511353e-02,7.031662464141845703e-01,7.050101161003112793e-01,-6.791521310806274414e-01,3.662469685077667236e-01,-9.004380553960800171e-03,1.375858902931213379e+00,-5.862970948219299316e-01,-6.834635883569717407e-02,-5.795782208442687988e-01,-5.139418244361877441e-01,-1.311599612236022949e-01,1.380536913871765137e+00,-6.442224383354187012e-01,7.267057150602340698e-02,-1.256401836872100830e-01,3.065934181213378906e-01,-4.272449016571044922e-02,1.354603618383407593e-01,1.257393836975097656e+00,-4.422711133956909180e-01,-2.350010633468627930e+00,7.087398171424865723e-01,-3.360095620155334473e-01,2.880220301449298859e-02,2.708149552345275879e-01,-1.246003389358520508e+00,4.704766571521759033e-01,-2.349866151809692383e+00,-5.648446083068847656e-01,-2.299561351537704468e-01,-7.716768980026245117e-02
3.684035837650299072e-01,3.300868868827819824e-01,7.313725948333740234e-01,5.838273465633392334e-02,-7.057476043701171875e-02,7.032590508460998535e-01,7.050088047981262207e-01,-6.780630350112915039e-01,3.643633425235748291e-01,-1.240972988307476044e-02,1.377637505531311035e+00,-5.782359242439270020e-01,-6.963933259248733521e-02,-5.967815518379211426e-01,-5.175927877426147461e-01,-1.231279000639915466e-01,1.407755494117736816e+00,-6.918216347694396973e-01,5.685112252831459045e-02,-1.272408217191696167e-01,3.110841214656829834e-01,-4.560010507702827454e-02,1.355171650648117065e-01,1.254717707633972168e+00,-4.472202360630035400e-01,-2.349681377410888672e+00,7.111089229583740234e-01,-3.337259292602539062e-01,3.187717869877815247e-02,2.687679529190063477e-01,-1.252696394920349121e+00,4.742270112037658691e-01,-2.352699041366577148e+00,-5.744929909706115723e-01,-2.271516025066375732e-01,-7.401147484779357910e-02
3.735106587409973145e-01,3.269624114036560059e-01,7.258372306823730469e-01,5.972655862569808960e-02,-6.723192334175109863e-02,7.024340629577636719e-01,7.060446143150329590e-01,-6.864938735961914062e-01,3.701025843620300293e-01,-8.867800235748291016e-03,1.387313246726989746e+00,-5.731070637702941895e-01,-6.718004494905471802e-02,-6.198218464851379395e-01,-5.180554389953613281e-01,-1.111058294773101807e-01,1.434066772460937500e+00,-7.276443839073181152e-01,4.281987249851226807e-02,-1.270194351673126221e-01,3.135626018047332764e-01,-4.255959019064903259e-02,1.283585876226425171e-01,1.238667964935302734e+00,-4.466858804225921631e-01,-2.354712247848510742e+00,6.970272660255432129e-01,-3.435346782207489014e-01,2.342953160405158997e-02,2.477077245712280273e-01,-1.250549316406250000e+00,4.668298661708831787e-01,-2.355164766311645508e+00,-5.473592877388000488e-01,-2.470166981220245361e-01,-5.497547984123229980e-02
3.749063909053802490e-01,3.203677535057067871e-01,7.197842597961425781e-01,5.907008051872253418e-02,-6.511520594358444214e-02,6.992248892784118652e-01,7.094753980636596680e-01,-7.029023766517639160e-01,3.853464126586914062e-01,4.724263213574886322e-03,1.404757618904113770e+00,-5.685168504714965820e-01,-5.883407220244407654e-02,-6.508829593658447266e-01,-5.180026888847351074e-01,-1.000074297189712524e-01,1.457061886787414551e+00,-7.347415089607238770e-01,3.387535735964775085e-02,-1.284274458885192871e-01,3.139343857765197754e-01,-3.581118583679199219e-02,1.219618320465087891e-01,1.205514788627624512e+00,-4.399847984313964844e-01,-2.355466842651367188e+00,6.577582955360412598e-01,-3.570421040058135986e-01,2.786139585077762604e-02,2.175943404436111450e-01,-1.224783778190612793e+00,4.517439007759094238e-01,-2.355534791946411133e+00,-4.901744425296783447e-01,-2.841868698596954346e-01,-4.316579923033714294e-02
3.683086931705474854e-01,3.158578872680664062e-01,7.156223058700561523e-01,5.599829927086830139e-02,-6.493268907070159912e-02,6.960169672966003418e-01,7.128872871398925781e-01,-7.202332019805908203e-01,3.960094451904296875e-01,1.702021062374114990e-02,1.426985502243041992e+00,-5.798127055168151855e-01,-4.770733043551445007e-02,-6.748142838478088379e-01,-5.178082585334777832e-01,-8.966144919395446777e-02,1.464334011077880859e+00,-7.028769850730895996e-01,4.005871713161468506e-02,-1.283634006977081299e-01,3.139901459217071533e-01,-2.602224610745906830e-02,1.159365251660346985e-01,1.168296933174133301e+00,-4.389768838882446289e-01,-2.355580091476440430e+00,6.234459877014160156e-01,-3.639999926090240479e-01,5.240711942315101624e-02,1.876811385154724121e-01,-1.189027547836303711e+00,4.423536658287048340e-01,-2.355590105056762695e+00,-4.354238510131835938e-01,-3.127253651618957520e-01,-5.079430341720581055e-02
3.536950051784515381e-01,3.164439201354980469e-01,7.140454053878784180e-01,4.874029010534286499e-02,-6.631633639335632324e-02,6.943439245223999023e-01,7.149216532707214355e-01,-7.372118830680847168e-01,4.009229242801666260e-01,2.554313279688358307e-02,1.450056552886962891e+00,-6.117844581604003906e-01,-3.241029754281044006e-02,-6.826895475387573242e-01,-5.177401900291442871e-01,-8.483316749334335327e-02,1.450994253158569336e+00,-6.558230519294738770e-01,5.568932741880416870e-02,-1.286182850599288940e-01,3.139985203742980957e-01,-1.960089802742004395e-02,1.070783212780952454e-01,1.151875257492065430e+00,-4.470539689064025879e-01,-2.355597019195556641e+00,6.030302047729492188e-01,-3.694247007369995117e-01,6.173401698470115662e-02,1.577112823724746704e-01,-1.165966272354125977e+00,4.463144242763519287e-01,-2.355598449707031250e+00,-4.112914800643920898e-01,-3.339393436908721924e-01,-5.274534597992897034e-02
3.384428918361663818e-01,3.183983862400054932e-01,7.141926288604736328e-01,4.056369513273239136e-02,-6.820629537105560303e-02,6.931051611900329590e-01,7.164549827575683594e-01,-7.513083815574645996e-01,4.045113325119018555e-01,3.341529518365859985e-02,1.467988491058349609e+00,-6.488686203956604004e-01,-1.891619153320789337e-02,-6.816593408584594727e-01,-5.147953033447265625e-01,-8.237460255622863770e-02,1.426416754722595215e+00,-6.147431135177612305e-01,7.073307782411575317e-02,-1.279408037662506104e-01,3.139997720718383789e-01,-1.224914193153381348e-02,1.025976464152336121e-01,1.149336099624633789e+00,-4.624313414096832275e-01,-2.355599641799926758e+00,6.046625375747680664e-01,-3.782919347286224365e-01,6.651785969734191895e-02,1.321934461593627930e-01,-1.160189747810363770e+00,4.565200209617614746e-01,-2.355599880218505859e+00,-4.016461074352264404e-01,-3.509682416915893555e-01,-5.147859081625938416e-02
3.204444944858551025e-01,3.218493759632110596e-01,7.153706550598144531e-01,3.123045153915882111e-02,-7.004160434007644653e-02,6.925526261329650879e-01,7.172793745994567871e-01,-7.641746401786804199e-01,4.062900841236114502e-01,4.260193929076194763e-02,1.482914924621582031e+00,-6.889392733573913574e-01,-8.500616997480392456e-03,-6.739650368690490723e-01,-5.115369558334350586e-01,-8.122110366821289062e-02,1.392155528068542480e+00,-5.748804211616516113e-01,8.805953711271286011e-02,-1.287360340356826782e-01,3.105811178684234619e-01,-3.074016189202666283e-03,1.060829162597656250e-01,1.167318224906921387e+00,-4.824501276016235352e-01,-2.355599880218505859e+00,6.226857304573059082e-01,-3.838087916374206543e-01,5.881715193390846252e-02,1.162300333380699158e-01,-1.178604602813720703e+00,4.702265858650207520e-01,-2.355599880218505859e+00,-4.001841843128204346e-01,-3.583365380764007568e-01,-4.413577169179916382e-02
3.032983839511871338e-01,3.236247301101684570e-01,7.017452716827392578e-01,2.375539392232894897e-02,-7.481400668621063232e-02,6.928239464759826660e-01,7.168218493461608887e-01,-7.904704809188842773e-01,4.036667943000793457e-01,3.429129719734191895e-02,1.519353270530700684e+00,-7.858587503433227539e-01,2.657809853553771973e-02,-6.782402396202087402e-01,-5.111476182937622070e-01,-6.768753379583358765e-02,1.381081819534301758e+00,-6.223735213279724121e-01,7.970836758613586426e-02,-1.275977790355682373e-01,3.104704916477203369e-01,7.631576620042324066e-03,1.093001887202262878e-01,1.191681146621704102e+00,-4.952320158481597900e-01,-2.355599880218505859e+00,6.468433737754821777e-01,-3.867630064487457275e-01,4.610813409090042114e-02,1.134900599718093872e-01,-1.206590294837951660e+00,4.853948354721069336e-01,-2.355599880218505859e+00,-4.087930619716644287e-01,-3.582822680473327637e-01,-3.410593792796134949e-02
2.951195240020751953e-01,3.238657116889953613e-01,7.018764019012451172e-01,1.935905590653419495e-02,-7.630105316638946533e-02,6.920596361160278320e-01,7.175352573394775391e-01,-8.000726103782653809e-01,4.017525315284729004e-01,3.240402787923812866e-02,1.528799057006835938e+00,-8.004287481307983398e-01,3.845738247036933899e-02,-6.767227053642272949e-01,-5.111871957778930664e-01,-6.852239370346069336e-02,1.365387082099914551e+00,-6.300718784332275391e-01,8.448228985071182251e-02,-1.255821585655212402e-01,3.086124658584594727e-01,1.792152784764766693e-02,1.212190315127372742e-01,1.215722441673278809e+00,-5.056552886962890625e-01,-2.355599880218505859e+00,6.721302866935729980e-01,-3.773034811019897461e-01,4.990737512707710266e-02,1.135764122009277344e-01,-1.225082278251647949e+00,4.932247400283813477e-01,-2.355599880218505859e+00,-4.215926527976989746e-01,-3.476084470748901367e-01,-3.993792086839675903e-02
2.891221940517425537e-01,3.246211111545562744e-01,7.033066749572753906e-01,1.522189378738403320e-02,-7.746794074773788452e-02,6.904872655868530273e-01,7.190231680870056152e-01,-8.029713034629821777e-01,4.008386135101318359e-01,3.120976127684116364e-02,1.529571771621704102e+00,-8.026143312454223633e-01,5.048195645213127136e-02,-6.725087761878967285e-01,-5.088125467300415039e-01,-7.384379208087921143e-02,1.346481561660766602e+00,-6.212506294250488281e-01,9.204454720020294189e-02,-1.231310963630676270e-01,3.087188005447387695e-01,2.544790506362915039e-02,1.265745162963867188e-01,1.229526400566101074e+00,-5.032914876937866211e-01,-2.355600118637084961e+00,6.865575313568115234e-01,-3.717218935489654541e-01,5.902801454067230225e-02,1.154202073812484741e-01,-1.233410239219665527e+00,4.902467727661132812e-01,-2.355600118637084961e+00,-4.275532364845275879e-01,-3.417973220348358154e-01,-5.171865969896316528e-02
2.866342365741729736e-01,3.260873854160308838e-01,7.040672302246093750e-01,1.337877754122018814e-02,-7.841622084379196167e-02,6.889036893844604492e-01,7.204745411872863770e-01,-8.013935685157775879e-01,4.035015404224395752e-01,3.252128884196281433e-02,1.529843807220458984e+00,-8.029421567916870117e-01,5.879066884517669678e-02,-6.689522266387939453e-01,-5.082359910011291504e-01,-8.002135902643203735e-02,1.336671113967895508e+00,-6.052852869033813477e-01,9.765109419822692871e-02,-1.223934516310691833e-01,3.099166154861450195e-01,3.036737628281116486e-02,1.258510053157806396e-01,1.225951194763183594e+00,-4.968036711215972900e-01,-2.355600118637084961e+00,6.873061656951904297e-01,-3.685412108898162842e-01,6.652228534221649170e-02,1.083316057920455933e-01,-1.225260734558105469e+00,4.781312644481658936e-01,-2.355600118637084961e+00,-4.183177053928375244e-01,-3.463118374347686768e-01,-6.258814036846160889e-02
2.862792611122131348e-01,3.266268074512481689e-01,7.042350769042968750e-01,1.224149763584136963e-02,-7.866264134645462036e-02,6.875975728034973145e-01,7.217146158218383789e-01,-8.011355400085449219e-01,4.058575034141540527e-01,3.177132084965705872e-02,1.530925869941711426e+00,-8.029913306236267090e-01,6.168475374579429626e-02,-6.694150567054748535e-01,-5.059416890144348145e-01,-8.199610561132431030e-02,1.335139155387878418e+00,-5.794696211814880371e-01,1.005966812372207642e-01,-1.241673827171325684e-01,3.111684024333953857e-01,2.973566390573978424e-02,1.174518689513206482e-01,1.215196371078491211e+00,-4.846799075603485107e-01,-2.355600118637084961e+00,6.650685667991638184e-01,-3.739982247352600098e-01,6.742299348115921021e-02,9.588923305273056030e-02,-1.213895440101623535e+00,4.610868692398071289e-01,-2.355600118637084961e+00,-3.833627104759216309e-01,-3.606834113597869873e-01,-6.455994397401809692e-02
2.919820547103881836e-01,3.264235258102416992e-01,7.051020860671997070e-01,1.286409702152013779e-02,-7.752011716365814209e-02,6.848742961883544922e-01,7.244117259979248047e-01,-7.964554429054260254e-01,4.108546376228332520e-01,3.085644543170928955e-02,1.526190996170043945e+00,-8.029987215995788574e-01,5.871352553367614746e-02,-6.765615940093994141e-01,-5.004710555076599121e-01,-8.009145408868789673e-02,1.342034220695495605e+00,-5.734983682632446289e-01,9.520017355680465698e-02,-1.228736191987991333e-01,3.124636113643646240e-01,2.870143391191959381e-02,1.150067970156669617e-01,1.193958878517150879e+00,-4.694845676422119141e-01,-2.355600118637084961e+00,6.409261822700500488e-01,-3.795547187328338623e-01,8.890634030103683472e-02,8.623557537794113159e-02,-1.188870549201965332e+00,4.424834251403808594e-01,-2.355600118637084961e+00,-3.520663082599639893e-01,-3.697879612445831299e-01,-8.307921886444091797e-02
3.027456402778625488e-01,3.246361017227172852e-01,7.066910266876220703e-01,1.633299514651298523e-02,-7.658340036869049072e-02,6.813062429428100586e-01,7.277980446815490723e-01,-7.849354147911071777e-01,4.203241765499114990e-01,3.241284564137458801e-02,1.514510750770568848e+00,-7.978788614273071289e-01,4.871773719787597656e-02,-6.862576603889465332e-01,-4.934684038162231445e-01,-7.771904021501541138e-02,1.355481028556823730e+00,-5.912302732467651367e-01,8.515241742134094238e-02,-1.138265579938888550e-01,3.123814463615417480e-01,2.314453199505805969e-02,1.051925569772720337e-01,1.181280136108398438e+00,-4.581321179866790771e-01,-2.355600118637084961e+00,6.145024895668029785e-01,-3.803027570247650146e-01,1.036757528781890869e-01,8.482545614242553711e-02,-1.177207589149475098e+00,4.378068149089813232e-01,-2.355600118637084961e+00,-3.321875929832458496e-01,-3.671804964542388916e-01,-9.158740192651748657e-02
3.158172369003295898e-01,3.250129818916320801e-01,7.099286317825317383e-01,1.998495124280452728e-02,-7.142481207847595215e-02,6.816022396087646484e-01,7.279542684555053711e-01,-7.732077836990356445e-01,4.212039411067962646e-01,3.290422260761260986e-02,1.491905570030212402e+00,-7.732644081115722656e-01,3.601248189806938171e-02,-6.940117478370666504e-01,-4.897075891494750977e-01,-7.522772252559661865e-02,1.370353698730468750e+00,-6.179183125495910645e-01,6.991994380950927734e-02,-1.131661236286163330e-01,3.106989264488220215e-01,1.249198149889707565e-02,8.701197803020477295e-02,1.178561687469482422e+00,-4.567936062812805176e-01,-2.355600118637084961e+00,5.983290672302246094e-01,-3.817283511161804199e-01,9.712906181812286377e-02,8.708264678716659546e-02,-1.189004302024841309e+00,4.384327232837677002e-01,-2.355600118637084961e+00,-3.204700052738189697e-01,-3.601726293563842773e-01,-8.516095578670501709e-02
3.308955132961273193e-01,3.243453204631805420e-01,7.137070894241333008e-01,2.364327199757099152e-02,-6.508154422044754028e-02,6.821800470352172852e-01,7.278981804847717285e-01,-7.619275450706481934e-01,4.217722415924072266e-01,3.536499291658401489e-02,1.463812589645385742e+00,-7.240721583366394043e-01,1.786471717059612274e-02,-7.035018205642700195e-01,-4.894961416721343994e-01,-7.811795920133590698e-02,1.386561393737792969e+00,-6.566445827484130859e-01,5.487168580293655396e-02,-1.120981052517890930e-01,3.072447776794433594e-01,7.654525106772780418e-04,6.363144516944885254e-02,1.190978050231933594e+00,-4.685281515121459961e-01,-2.355600118637084961e+00,6.023629903793334961e-01,-3.883435726165771484e-01,7.099243998527526855e-02,9.239818900823593140e-02,-1.226346969604492188e+00,4.527511298656463623e-01,-2.355600118637084961e+00,-3.204869627952575684e-01,-3.511050641536712646e-01,-6.288222223520278931e-02
3.435258269309997559e-01,3.235978484153747559e-01,7.176810503005981445e-01,2.743843197822570801e-02,-5.904365703463554382e-02,6.814379096031188965e-01,7.289741635322570801e-01,-7.479856610298156738e-01,4.175649881362915039e-01,3.641957417130470276e-02,1.435253262519836426e+00,-6.720383763313293457e-01,3.980521578341722488e-03,-7.138984203338623047e-01,-4.855735301971435547e-01,-7.467389106750488281e-02,1.399299502372741699e+00,-6.940732002258300781e-01,3.921305760741233826e-02,-1.128772124648094177e-01,3.059812784194946289e-01,-1.125808339565992355e-02,4.889009520411491394e-02,1.210260987281799316e+00,-4.797513186931610107e-01,-2.355600118637084961e+00,6.168113350868225098e-01,-3.820233643054962158e-01,4.913206398487091064e-02,1.026288568973541260e-01,-1.264529824256896973e+00,4.716573655605316162e-01,-2.355600118637084961e+00,-3.438087403774261475e-01,-3.287679553031921387e-01,-4.745606333017349243e-02
3.538395166397094727e-01,3.245708048343658447e-01,7.216360569000244141e-01,2.921745926141738892e-02,-5.127157643437385559e-02,6.816856265068054199e-01,7.292614579200744629e-01,-7.378939986228942871e-01,4.088141620159149170e-01,3.622614592313766479e-02,1.409106492996215820e+00,-6.291473507881164551e-01,-1.075502950698137283e-02,-7.244164347648620605e-01,-4.859502613544464111e-01,-7.370443642139434814e-02,1.408034563064575195e+00,-7.235194444656372070e-01,2.780176140367984772e-02,-1.126847043633460999e-01,3.058688640594482422e-01,-1.901842840015888214e-02,4.329340159893035889e-02,1.227781414985656738e+00,-4.874055385589599609e-01,-2.355600118637084961e+00,6.350411772727966309e-01,-3.750023543834686279e-01,3.201758116483688354e-02,1.100828796625137329e-01,-1.295930266380310059e+00,4.846992492675781250e-01,-2.355600118637084961e+00,-3.711990118026733398e-01,-3.087204098701477051e-01,-3.179722279310226440e-02
3.629282712936401367e-01,3.214296698570251465e-01,7.250783443450927734e-01,3.327483311295509338e-02,-4.694199189543724060e-02,6.800135970115661621e-01,7.309382557868957520e-01,-7.251226902008056641e-01,4.033130705356597900e-01,3.936266154050827026e-02,1.386149883270263672e+00,-5.900152921676635742e-01,-2.410572580993175507e-02,-7.347582578659057617e-01,-4.855382442474365234e-01,-7.295083999633789062e-02,1.414965867996215820e+00,-7.457657456398010254e-01,1.781774125993251801e-02,-1.111579835414886475e-01,3.061120808124542236e-01,-2.346165664494037628e-02,4.137411341071128845e-02,1.230859041213989258e+00,-4.898968040943145752e-01,-2.355600118637084961e+00,6.476336121559143066e-01,-3.639996647834777832e-01,2.783723920583724976e-02,1.092833727598190308e-01,-1.305976390838623047e+00,4.919904768466949463e-01,-2.355600118637084961e+00,-3.904378414154052734e-01,-2.973543703556060791e-01,-1.801404356956481934e-02
3.679313063621520996e-01,3.207995295524597168e-01,7.276952266693115234e-01,3.431703895330429077e-02,-4.257560521364212036e-02,6.774228215217590332e-01,7.335584163665771484e-01,-7.168586254119873047e-01,4.030519425868988037e-01,4.687670245766639709e-02,1.373860478401184082e+00,-5.550842881202697754e-01,-3.462751954793930054e-02,-7.461969256401062012e-01,-4.804036915302276611e-01,-6.665966659784317017e-02,1.418293356895446777e+00,-7.490924000740051270e-01,1.404306758195161819e-02,-1.083424389362335205e-01,3.082896769046783447e-01,-2.112288028001785278e-02,4.362234473228454590e-02,1.217025518417358398e+00,-4.892993569374084473e-01,-2.355600118637084961e+00,6.466566324234008789e-01,-3.648884594440460205e-01,3.077382780611515045e-02,9.503646939992904663e-02,-1.296810269355773926e+00,4.879034757614135742e-01,-2.355600118637084961e+00,-3.800932168960571289e-01,-3.098583817481994629e-01,-1.314139924943447113e-02
3.659926056861877441e-01,3.169942796230316162e-01,7.299236059188842773e-01,3.340747207403182983e-02,-4.014917463064193726e-02,6.758669018745422363e-01,7.351706624031066895e-01,-7.189719676971435547e-01,4.057759642601013184e-01,5.978358164429664612e-02,1.371082305908203125e+00,-5.263895392417907715e-01,-4.629189148545265198e-02,-7.565307021141052246e-01,-4.781006872653961182e-01,-6.267166882753372192e-02,1.412037491798400879e+00,-7.144059538841247559e-01,1.928056590259075165e-02,-1.098014861345291138e-01,3.074115216732025146e-01,-1.540552452206611633e-02,4.640451073646545410e-02,1.199957132339477539e+00,-4.905216395854949951e-01,-2.355600118637084961e+00,6.259117722511291504e-01,-3.771967589855194092e-01,3.139921650290489197e-02,7.508055120706558228e-02,-1.281401157379150391e+00,4.896365702152252197e-01,-2.355600118637084961e+00,-3.508074581623077393e-01,-3.374189436435699463e-01,-3.504137741401791573e-03
3.602745234966278076e-01,3.146351873874664307e-01,7.329307794570922852e-01,2.980819903314113617e-02,-3.825816884636878967e-02,6.761708855628967285e-01,7.351467013359069824e-01,-7.275834083557128906e-01,4.060740470886230469e-01,7.015346735715866089e-02,1.371810317039489746e+00,-5.196470022201538086e-01,-5.074401199817657471e-02,-7.602774500846862793e-01,-4.776531457901000977e-01,-6.299037486314773560e-02,1.396141529083251953e+00,-6.677966713905334473e-01,2.929260581731796265e-02,-1.105861365795135498e-01,3.066811263561248779e-01,-6.737134419381618500e-03,4.728410392999649048e-02,1.186499953269958496e+00,-4.991766810417175293e-01,-2.355600118637084961e+00,6.150550246238708496e-01,-3.850839436054229736e-01,3.177181631326675415e-02,5.283486843109130859e-02,-1.261426210403442383e+00,4.955863356590270996e-01,-2.355600118637084961e+00,-3.344527781009674072e-01,-3.607726395130157471e-01,2.316482365131378174e-03
3.446699678897857666e-01,3.140503466129302979e-01,7.204643487930297852e-01,2.391077019274234772e-02,-4.270320013165473938e-02,6.771786808967590332e-01,7.341891527175903320e-01,-7.537142634391784668e-01,4.094173610210418701e-01,6.863315403461456299e-02,1.402456402778625488e+00,-6.017831563949584961e-01,-2.191181853413581848e-02,-7.686206102371215820e-01,-4.786561727523803711e-01,-5.087444931268692017e-02,1.394652962684631348e+00,-6.980816125869750977e-01,2.087244950234889984e-02,-1.133619025349617004e-01,3.074577450752258301e-01,1.478587655583396554e-04,4.080213978886604309e-02,1.194676041603088379e+00,-5.121639370918273926e-01,-2.355600118637084961e+00,6.185522079467773438e-01,-3.891622424125671387e-01,1.824371330440044403e-02,3.335957601666450500e-02,-1.257367491722106934e+00,5.030443668365478516e-01,-2.355600118637084961e+00,-3.320807814598083496e-01,-3.761705160140991211e-01,1.138541474938392639e-02
3.277979493141174316e-01,3.144555985927581787e-01,7.216838598251342773e-01,1.514509692788124084e-02,-4.481562972068786621e-02,6.790489554405212402e-01,7.325671911239624023e-01,-7.727239727973937988e-01,4.082848429679870605e-01,7.326007634401321411e-02,1.416770815849304199e+00,-6.370028257369995117e-01,-1.292850170284509659e-02,-7.614740729331970215e-01,-4.810847342014312744e-01,-5.427820235490798950e-02,1.366480231285095215e+00,-6.639230847358703613e-01,3.891560807824134827e-02,-1.159101948142051697e-01,3.034866154193878174e-01,1.016002241522073746e-02,3.482487425208091736e-02,1.221910953521728516e+00,-5.263006687164306641e-01,-2.355600118637084961e+00,6.409375071525573730e-01,-3.861265778541564941e-01,-7.684854790568351746e-04,1.389990001916885376e-02,-1.271984457969665527e+00,5.086780190467834473e-01,-2.355600118637084961e+00,-3.388698697090148926e-01,-3.795857429504394531e-01,2.467649802565574646e-02
3.110937476158142090e-01,3.130142986774444580e-01,7.231239080429077148e-01,5.497487727552652359e-03,-4.685965180397033691e-02,6.805096864700317383e-01,7.312185168266296387e-01,-7.911877036094665527e-01,4.035653471946716309e-01,7.469499856233596802e-02,1.423304677009582520e+00,-6.467462778091430664e-01,-1.475448627024888992e-02,-7.515388131141662598e-01,-4.836616516113281250e-01,-6.610926240682601929e-02,1.327902913093566895e+00,-6.120564937591552734e-01,6.065886095166206360e-02,-1.176987662911415100e-01,2.997027337551116943e-01,2.614469267427921295e-02,3.549935668706893921e-02,1.268304347991943359e+00,-5.298460125923156738e-01,-2.355600118637084961e+00,6.716357469558715820e-01,-3.827975988388061523e-01,-2.166931889951229095e-02,3.737474326044321060e-04,-1.309280514717102051e+00,5.068029165267944336e-01,-2.355600118637084961e+00,-3.500573933124542236e-01,-3.754973709583282471e-01,4.537466913461685181e-02
2.980237007141113281e-01,3.109225630760192871e-01,7.228579521179199219e-01,7.863903883844614029e-04,-5.184847488999366760e-02,6.800106763839721680e-01,7.313662767410278320e-01,-8.000385761260986328e-01,4.022321105003356934e-01,7.653427869081497192e-02,1.430080413818359375e+00,-6.458098888397216797e-01,-1.666275225579738617e-02,-7.390257716178894043e-01,-4.866430461406707764e-01,-8.067633956670761108e-02,1.295797705650329590e+00,-5.660272240638732910e-01,8.190644532442092896e-02,-1.186947524547576904e-01,2.966843545436859131e-01,4.104413837194442749e-02,4.317038878798484802e-02,1.307890176773071289e+00,-5.267708897590637207e-01,-2.355600118637084961e+00,7.045999169349670410e-01,-3.701509237289428711e-01,-2.680533193051815033e-02,-7.887130486778914928e-04,-1.341263651847839355e+00,5.031094551086425781e-01,-2.355600118637084961e+00,-3.691297769546508789e-01,-3.612851500511169434e-01,5.577806755900382996e-02
2.912001609802246094e-01,3.087883293628692627e-01,7.204902172088623047e-01,-1.155891222879290581e-04,-5.671294406056404114e-02,6.798756122589111328e-01,7.311311364173889160e-01,-8.048388361930847168e-01,4.008427262306213379e-01,7.376961410045623779e-02,1.439391851425170898e+00,-6.456304788589477539e-01,-1.494271494448184967e-02,-7.295605540275573730e-01,-4.882978498935699463e-01,-8.993057161569595337e-02,1.280846714973449707e+00,-5.396356582641601562e-01,9.436839818954467773e-02,-1.206969916820526123e-01,2.978946268558502197e-01,5.237336084246635437e-02,4.426313936710357666e-02,1.326300024986267090e+00,-5.217965841293334961e-01,-2.355600118637084961e+00,7.216606736183166504e-01,-3.579771816730499268e-01,-3.161680325865745544e-02,-4.171978434897027910e-05,-1.359502196311950684e+00,4.941836297512054443e-01,-2.355600118637084961e+00,-3.746918737888336182e-01,-3.479271233081817627e-01,6.215734407305717468e-02
2.870286703109741211e-01,3.081953525543212891e-01,7.170680761337280273e-01,-1.188409398309886456e-03,-6.054057553410530090e-02,6.792080402374267578e-01,7.314437031745910645e-01,-8.107916712760925293e-01,4.020506143569946289e-01,6.880965828895568848e-02,1.453669071197509766e+00,-6.483055353164672852e-01,-8.384611457586288452e-03,-7.256520986557006836e-01,-4.867383539676666260e-01,-9.268250316381454468e-02,1.278105497360229492e+00,-5.223321318626403809e-01,9.841327369213104248e-02,-1.228666454553604126e-01,3.004318475723266602e-01,5.899294838309288025e-02,3.342362120747566223e-02,1.328087449073791504e+00,-5.073562860488891602e-01,-2.355600118637084961e+00,7.152988910675048828e-01,-3.618584275245666504e-01,-4.624318704009056091e-02,-2.922659972682595253e-03,-1.367174386978149414e+00,4.783931970596313477e-01,-2.355600118637084961e+00,-3.585132062435150146e-01,-3.548335731029510498e-01,7.003065943717956543e-02
2.861382663249969482e-01,3.078810274600982666e-01,7.137320041656494141e-01,-7.121931412257254124e-04,-6.418880075216293335e-02,6.788492202758789062e-01,7.314663529396057129e-01,-8.148837089538574219e-01,4.050542414188385010e-01,6.322151422500610352e-02,1.468643069267272949e+00,-6.444336175918579102e-01,-6.854120641946792603e-03,-7.232170701026916504e-01,-4.879338145256042480e-01,-9.760694205760955811e-02,1.284536004066467285e+00,-5.055593252182006836e-01,1.020140424370765686e-01,-1.187720969319343567e-01,3.005159795284271240e-01,6.113519892096519470e-02,1.051347702741622925e-02,1.310773015022277832e+00,-4.927709102630615234e-01,-2.355600118637084961e+00,6.962035298347473145e-01,-3.705274164676666260e-01,-6.958286464214324951e-02,-1.076731830835342407e-02,-1.357234835624694824e+00,4.670515060424804688e-01,-2.355600118637084961e+00,-3.317873477935791016e-01,-3.746468722820281982e-01,8.925872296094894409e-02
2.882604002952575684e-01,3.069022893905639648e-01,7.116664648056030273e-01,2.195961307734251022e-03,-6.737321615219116211e-02,6.779738664627075195e-01,7.319886684417724609e-01,-8.125494122505187988e-01,4.083295464515686035e-01,5.973580107092857361e-02,1.477812170982360840e+00,-6.302115917205810547e-01,-1.298553403466939926e-02,-7.220234870910644531e-01,-4.891321659088134766e-01,-1.005693450570106506e-01,1.295600175857543945e+00,-4.914444983005523682e-01,1.029256433248519897e-01,-1.115325912833213806e-01,2.988407611846923828e-01,5.980756878852844238e-02,-1.479844003915786743e-02,1.283726334571838379e+00,-4.794582426548004150e-01,-2.355600118637084961e+00,6.742050647735595703e-01,-3.804232180118560791e-01,-8.377940952777862549e-02,-2.760580368340015411e-02,-1.337012052536010742e+00,4.597078561782836914e-01,-2.355600118637084961e+00,-3.067857623100280762e-01,-3.958270251750946045e-01,1.086195036768913269e-01
2.942321002483367920e-01,3.062734007835388184e-01,7.122486829757690430e-01,5.190717522054910660e-03,-6.706184893846511841e-02,6.762775778770446777e-01,7.335696220397949219e-01,-8.052642345428466797e-01,4.101088345050811768e-01,5.848219990730285645e-02,1.475334167480468750e+00,-6.070404648780822754e-01,-2.006576023995876312e-02,-7.250343561172485352e-01,-4.916938841342926025e-01,-1.056206300854682922e-01,1.305080056190490723e+00,-4.948061406612396240e-01,9.985741227865219116e-02,-1.039164140820503235e-01,2.957620024681091309e-01,5.522343143820762634e-02,-4.330369830131530762e-02,1.278147339820861816e+00,-4.744449257850646973e-01,-2.355600118637084961e+00,6.549453735351562500e-01,-3.844507634639739990e-01,-1.128376275300979614e-01,-4.243793711066246033e-02,-1.338974595069885254e+00,4.649716615676879883e-01,-2.355600118637084961e+00,-2.970741987228393555e-01,-3.998190462589263916e-01,1.458227038383483887e-01
3.020547628402709961e-01,3.036187887191772461e-01,7.150810956954956055e-01,9.855610318481922150e-03,-6.637187302112579346e-02,6.747997999191284180e-01,7.349441051483154297e-01,-7.930164933204650879e-01,4.114968180656433105e-01,6.152196228504180908e-02,1.463307738304138184e+00,-5.746901631355285645e-01,-2.934875339269638062e-02,-7.266838550567626953e-01,-4.962037205696105957e-01,-1.149173080921173096e-01,1.310422062873840332e+00,-5.101546049118041992e-01,9.791110455989837646e-02,-9.712723642587661743e-02,2.908963561058044434e-01,4.544660821557044983e-02,-7.085809856653213501e-02,1.302868962287902832e+00,-4.765739440917968750e-01,-2.355600118637084961e+00,6.568933129310607910e-01,-3.805071115493774414e-01,-1.591754406690597534e-01,-5.130311846733093262e-02,-1.371881961822509766e+00,4.720118343830108643e-01,-2.355600118637084961e+00,-3.071808815002441406e-01,-3.836732804775238037e-01,1.984630823135375977e-01
3.101077079772949219e-01,2.990293800830841064e-01,7.202008962631225586e-01,1.655180752277374268e-02,-6.472669541835784912e-02,6.740298867225646973e-01,7.356767058372497559e-01,-7.759381532669067383e-01,4.050323367118835449e-01,6.462768465280532837e-02,1.440611004829406738e+00,-5.391576886177062988e-01,-4.109807312488555908e-02,-7.260283231735229492e-01,-5.000947713851928711e-01,-1.215521767735481262e-01,1.309703946113586426e+00,-5.262138247489929199e-01,9.473606199026107788e-02,-9.587394446134567261e-02,2.854156792163848877e-01,3.181119635701179504e-02,-9.106113016605377197e-02,1.350600957870483398e+00,-4.714903533458709717e-01,-2.355600118637084961e+00,6.701331734657287598e-01,-3.691477179527282715e-01,-2.185191214084625244e-01,-5.324655771255493164e-02,-1.431076884269714355e+00,4.702920615673065186e-01,-2.355600118637084961e+00,-3.389663100242614746e-01,-3.459178507328033447e-01,2.670135796070098877e-01
3.218505382537841797e-01,3.000068962574005127e-01,7.263814210891723633e-01,2.307396568357944489e-02,-6.026956439018249512e-02,6.730144619941711426e-01,7.368084192276000977e-01,-7.526781558990478516e-01,3.946778476238250732e-01,6.419955193996429443e-02,1.413294434547424316e+00,-5.188075900077819824e-01,-5.039026960730552673e-02,-7.231304645538330078e-01,-5.048145055770874023e-01,-1.300189942121505737e-01,1.310512423515319824e+00,-5.463101267814636230e-01,9.030720591545104980e-02,-9.478765726089477539e-02,2.819801568984985352e-01,1.418921165168285370e-02,-9.121938794851303101e-02,1.391270995140075684e+00,-4.623539745807647705e-01,-2.355600118637084961e+00,6.920965909957885742e-01,-3.443348705768585205e-01,-2.431919723749160767e-01,-4.590173065662384033e-02,-1.481097817420959473e+00,4.614449143409729004e-01,-2.355600118637084961e+00,-3.737319409847259521e-01,-2.984010875225067139e-01,3.089482486248016357e-01
3.386924862861633301e-01,3.011907637119293213e-01,7.309528589248657227e-01,3.346633166074752808e-02,-5.707916617393493652e-02,6.728886961936950684e-01,7.367786765098571777e-01,-7.241863608360290527e-01,3.851616978645324707e-01,6.096987426280975342e-02,1.387558698654174805e+00,-4.969697594642639160e-01,-6.039216369390487671e-02,-7.162294983863830566e-01,-5.129489898681640625e-01,-1.418861299753189087e-01,1.320834398269653320e+00,-5.736525058746337891e-01,8.386197686195373535e-02,-9.414999186992645264e-02,2.801781594753265381e-01,-9.562050108797848225e-04,-8.922851085662841797e-02,1.412577986717224121e+00,-4.517372250556945801e-01,-2.355600118637084961e+00,7.115005850791931152e-01,-3.024598956108093262e-01,-2.394540458917617798e-01,-4.000955447554588318e-02,-1.501679062843322754e+00,4.580453932285308838e-01,-2.355600118637084961e+00,-4.134464263916015625e-01,-2.388377934694290161e-01,3.301603794097900391e-01
3.538232147693634033e-01,3.004052042961120605e-01,7.326973676681518555e-01,4.484208300709724426e-02,-5.538111552596092224e-02,6.726756095886230469e-01,7.364982366561889648e-01,-6.982731819152832031e-01,3.780619204044342041e-01,5.925834551453590393e-02,1.368926525115966797e+00,-4.825687706470489502e-01,-6.487471610307693481e-02,-7.114824056625366211e-01,-5.194734334945678711e-01,-1.467763036489486694e-01,1.336946725845336914e+00,-6.010108590126037598e-01,7.486306130886077881e-02,-9.503935277462005615e-02,2.812989056110382080e-01,-1.246621832251548767e-02,-8.173350989818572998e-02,1.399775028228759766e+00,-4.504835307598114014e-01,-2.355600118637084961e+00,7.331855893135070801e-01,-2.528328895568847656e-01,-2.115013599395751953e-01,-3.799851611256599426e-02,-1.489358425140380859e+00,4.577713608741760254e-01,-2.355600118637084961e+00,-4.395937621593475342e-01,-1.777559816837310791e-01,3.251984119415283203e-01
3.651800751686096191e-01,3.014306724071502686e-01,7.313169240951538086e-01,5.418616160750389099e-02,-5.466507375240325928e-02,6.722878813743591309e-01,7.362775206565856934e-01,-6.790357828140258789e-01,3.735264837741851807e-01,5.704379454255104065e-02,1.362710118293762207e+00,-4.904593527317047119e-01,-5.405288562178611755e-02,-7.094842195510864258e-01,-5.209655761718750000e-01,-1.415441781282424927e-01,1.358210563659667969e+00,-6.278800964355468750e-01,6.117071583867073059e-02,-9.999071806669235229e-02,2.846831083297729492e-01,-2.117861993610858917e-02,-6.982876360416412354e-02,1.354936480522155762e+00,-4.554845392704010010e-01,-2.349765539169311523e+00,7.493988871574401855e-01,-2.046820819377899170e-01,-1.643739491701126099e-01,-3.832238912582397461e-02,-1.450379848480224609e+00,4.588386118412017822e-01,-2.355600118637084961e+00,-4.524209499359130859e-01,-1.215557456016540527e-01,2.905458211898803711e-01
3.792288005352020264e-01,3.017290830612182617e-01,7.281777858734130859e-01,6.258169561624526978e-02,-5.260328948497772217e-02,6.715399026870727539e-01,7.364445924758911133e-01,-6.652050614356994629e-01,3.781405687332153320e-01,6.138933449983596802e-02,1.359234571456909180e+00,-4.902290701866149902e-01,-4.196050763130187988e-02,-7.156177163124084473e-01,-5.204714536666870117e-01,-1.326506137847900391e-01,1.388614654541015625e+00,-6.770601868629455566e-01,3.957803919911384583e-02,-1.135599389672279358e-01,2.911138236522674561e-01,-2.892893366515636444e-02,-7.280839234590530396e-02,1.252936482429504395e+00,-4.637616276741027832e-01,-2.257121801376342773e+00,7.582929134368896484e-01,-1.594063639640808105e-01,-1.175110265612602234e-01,-4.169075191020965576e-02,-1.370628476142883301e+00,4.627520740032196045e-01,-2.330312967300415039e+00,-4.432308375835418701e-01,-6.888068467378616333e-02,2.365530133247375488e-01
3.868145942687988281e-01,3.027866482734680176e-01,7.248096466064453125e-01,6.665538996458053589e-02,-4.794371873140335083e-02,6.693414449691772461e-01,7.384039759635925293e-01,-6.589727401733398438e-01,3.850432038307189941e-01,7.326325029134750366e-02,1.358417034149169922e+00,-4.854283928871154785e-01,-3.083151206374168396e-02,-7.326168417930603027e-01,-5.197256803512573242e-01,-1.171460375189781189e-01,1.414611577987670898e+00,-7.298210263252258301e-01,1.517984271049499512e-02,-1.224897205829620361e-01,2.950077950954437256e-01,-3.193298354744911194e-02,-9.853792190551757812e-02,1.150936484336853027e+00,-4.581264853477478027e-01,-2.155121803283691406e+00,7.404166460037231445e-01,-1.236507147550582886e-01,-6.918285787105560303e-02,-6.084417179226875305e-02,-1.268628478050231934e+00,4.618030786514282227e-01,-2.228529691696166992e+00,-3.976091146469116211e-01,-4.147374257445335388e-02,1.897047907114028931e-01
3.859442174434661865e-01,3.003329336643218994e-01,7.227938175201416016e-01,6.885952502489089966e-02,-4.870694130659103394e-02,6.682367324829101562e-01,7.391520142555236816e-01,-6.580235958099365234e-01,3.933638036251068115e-01,8.643219619989395142e-02,1.361987471580505371e+00,-4.909119904041290283e-01,-1.607694663107395172e-02,-7.393442392349243164e-01,-5.241051316261291504e-01,-1.140492632985115051e-01,1.423568487167358398e+00,-7.471120357513427734e-01,4.721939563751220703e-03,-1.257865130901336670e-01,2.985719144344329834e-01,-3.511546924710273743e-02,-1.327626407146453857e-01,1.048936486244201660e+00,-4.227728247642517090e-01,-2.053121805191040039e+00,7.737842798233032227e-01,-9.382726252079010010e-02,1.073147542774677277e-02,-9.367655217647552490e-02,-1.166628479957580566e+00,4.505595862865447998e-01,-2.126529693603515625e+00,-4.112895727157592773e-01,-1.764815859496593475e-02,1.365317702293395996e-01
3.775704801082611084e-01,2.987397313117980957e-01,7.223368883132934570e-01,6.774022430181503296e-02,-5.199361220002174377e-02,6.693299412727355957e-01,7.380415797233581543e-01,-6.637180447578430176e-01,3.954249322414398193e-01,9.221260994672775269e-02,1.370700955390930176e+00,-5.157430768013000488e-01,5.358947440981864929e-03,-7.336359620094299316e-01,-5.323150157928466797e-01,-1.207094192504882812e-01,1.415313482284545898e+00,-7.311089038848876953e-01,1.148976385593414307e-02,-1.248750388622283936e-01,2.975726723670959473e-01,-3.479715436697006226e-02,-1.831078827381134033e-01,9.469365477561950684e-01,-3.852302432060241699e-01,-1.951121807098388672e+00,8.413214087486267090e-01,-6.381176412105560303e-02,7.897778600454330444e-02,-1.335012912750244141e-01,-1.064628481864929199e+00,4.293864369392395020e-01,-2.024529695510864258e+00,-4.505787193775177002e-01,1.018666289746761322e-02,8.964610844850540161e-02
3.673911988735198975e-01,2.981159687042236328e-01,7.240436077117919922e-01,6.476126611232757568e-02,-5.486919730901718140e-02,6.712260246276855469e-01,7.363768815994262695e-01,-6.703802943229675293e-01,3.971045017242431641e-01,1.003763750195503235e-01,1.376073241233825684e+00,-5.486693978309631348e-01,2.436403557658195496e-02,-7.212666869163513184e-01,-5.395528674125671387e-01,-1.310742348432540894e-01,1.394673109054565430e+00,-7.101278305053710938e-01,2.343155629932880402e-02,-1.196650713682174683e-01,2.914977073669433594e-01,-3.171906247735023499e-02,-2.347615510225296021e-01,8.449365496635437012e-01,-3.659098744392395020e-01,-1.849121809005737305e+00,9.286604523658752441e-01,-4.001641273498535156e-02,1.279928088188171387e-01,-1.846945434808731079e-01,-9.626284837722778320e-01,4.232721626758575439e-01,-1.922529697418212891e+00,-4.998569190502166748e-01,3.620389103889465332e-02,6.041776388883590698e-02
3.547848165035247803e-01,2.979665696620941162e-01,7.267813682556152344e-01,5.930438265204429626e-02,-5.770673975348472595e-02,6.754896640777587891e-01,7.327118515968322754e-01,-6.825915575027465820e-01,3.976446390151977539e-01,1.077586114406585693e-01,1.381253719329833984e+00,-5.870766043663024902e-01,3.880276903510093689e-02,-7.018248438835144043e-01,-5.487225055694580078e-01,-1.496811211109161377e-01,1.364884495735168457e+00,-6.721812486648559570e-01,4.352611303329467773e-02,-1.137132570147514343e-01,2.823781371116638184e-01,-3.116761334240436554e-02,-2.889814078807830811e-01,7.429365515708923340e-01,-3.540531098842620850e-01,-1.747121810913085938e+00,1.028947234153747559e+00,-1.984668523073196411e-02,1.768148094415664673e-01,-2.395435869693756104e-01,-8.606284856796264648e-01,4.338012337684631348e-01,-1.820529699325561523e+00,-5.583502054214477539e-01,6.428293883800506592e-02,3.505468741059303284e-02
3.440664708614349365e-01,2.996702492237091064e-01,7.294871807098388672e-01,5.410609394311904907e-02,-6.098039820790290833e-02,6.794540882110595703e-01,7.291749119758605957e-01,-6.924269199371337891e-01,3.960762321949005127e-01,1.097792834043502808e-01,1.385748744010925293e+00,-6.202949881553649902e-01,4.858125373721122742e-02,-6.773436069488525391e-01,-5.571607351303100586e-01,-1.729494184255599976e-01,1.333896756172180176e+00,-6.396703124046325684e-01,6.404388695955276489e-02,-1.078597456216812134e-01,2.721741497516632080e-01,-2.583406865596771240e-02,-3.396879434585571289e-01,6.409365534782409668e-01,-3.595943152904510498e-01,-1.645121812820434570e+00,1.099448919296264648e+00,1.023401599377393723e-02,2.038492262363433838e-01,-2.994441986083984375e-01,-7.586284875869750977e-01,4.561274945735931396e-01,-1.718529701232910156e+00,-6.097857356071472168e-01,9.855931997299194336e-02,3.215087950229644775e-02
3.321104943752288818e-01,2.985328733921051025e-01,7.309588193893432617e-01,5.067134648561477661e-02,-6.628185510635375977e-02,6.837257146835327148e-01,7.249539494514465332e-01,-7.020583748817443848e-01,3.899928927421569824e-01,1.066827923059463501e-01,1.391367554664611816e+00,-6.599520444869995117e-01,5.927256867289543152e-02,-6.498277783393859863e-01,-5.661509633064270020e-01,-1.977002024650573730e-01,1.301824450492858887e+00,-5.968717932701110840e-01,8.347279578447341919e-02,-1.060109883546829224e-01,2.623065710067749023e-01,-1.712271757423877716e-02,-3.852134943008422852e-01,5.389365553855895996e-01,-3.777456879615783691e-01,-1.543121814727783203e+00,1.114899992942810059e+00,4.525587707757949829e-02,2.037709057331085205e-01,-3.561972677707672119e-01,-6.764100790023803711e-01,4.852271080017089844e-01,-1.616529703140258789e+00,-6.262574195861816406e-01,1.331112682819366455e-01,5.861688032746315002e-02
3.193238675594329834e-01,3.023015856742858887e-01,7.303218841552734375e-01,4.451712220907211304e-02,-6.974206119775772095e-02,6.844978928565979004e-01,7.243044376373291016e-01,-7.116267085075378418e-01,3.829999268054962158e-01,9.853675961494445801e-02,1.404446721076965332e+00,-7.129814624786376953e-01,7.653776556253433228e-02,-6.300539374351501465e-01,-5.709015727043151855e-01,-2.162842899560928345e-01,1.273753046989440918e+00,-5.528479814529418945e-01,1.082260608673095703e-01,-1.043890416622161865e-01,2.561239302158355713e-01,-8.439137600362300873e-03,-4.327942430973052979e-01,4.389585256576538086e-01,-3.960110843181610107e-01,-1.441121816635131836e+00,1.099790096282958984e+00,6.788256764411926270e-02,1.878476291894912720e-01,-4.035513401031494141e-01,-6.519671678543090820e-01,5.021244287490844727e-01,-1.514529705047607422e+00,-6.219667792320251465e-01,1.558483690023422241e-01,8.874540030956268311e-02
3.108279109001159668e-01,2.994685471057891846e-01,7.262949943542480469e-01,4.053579643368721008e-02,-7.377757132053375244e-02,6.830045580863952637e-01,7.255470156669616699e-01,-7.250560522079467773e-01,3.847901523113250732e-01,9.375505149364471436e-02,1.422687053680419922e+00,-7.507315874099731445e-01,9.388026595115661621e-02,-6.272825002670288086e-01,-5.701580643653869629e-01,-2.240400910377502441e-01,1.261343359947204590e+00,-5.139963626861572266e-01,1.255229264497756958e-01,-1.065621674060821533e-01,2.542061805725097656e-01,4.755064845085144043e-03,-4.827495813369750977e-01,3.703506886959075928e-01,-3.879036605358123779e-01,-1.339121818542480469e+00,1.092766284942626953e+00,7.669476419687271118e-02,1.795461922883987427e-01,-4.371085464954376221e-01,-6.164219379425048828e-01,5.029383897781372070e-01,-1.412529706954956055e+00,-6.203331947326660156e-01,1.596454679965972900e-01,1.033877730369567871e-01
3.042396605014801025e-01,2.951455414295196533e-01,7.202277183532714844e-01,3.652266040444374084e-02,-7.693921029567718506e-02,6.793428063392639160e-01,7.288619875907897949e-01,-7.422149181365966797e-01,3.923739194869995117e-01,9.019812941551208496e-02,1.446788907051086426e+00,-7.731475830078125000e-01,1.106286197900772095e-01,-6.395209431648254395e-01,-5.652952790260314941e-01,-2.217467129230499268e-01,1.262170791625976562e+00,-4.806777834892272949e-01,1.377713233232498169e-01,-1.056948676705360413e-01,2.559946775436401367e-01,1.619201898574829102e-02,-5.357009768486022949e-01,2.855810821056365967e-01,-3.456163704395294189e-01,-1.237121820449829102e+00,1.100933551788330078e+00,6.337524205446243286e-02,1.773994714021682739e-01,-4.705711603164672852e-01,-5.527724623680114746e-01,4.774892926216125488e-01,-1.332611203193664551e+00,-6.212879419326782227e-01,1.443755030632019043e-01,9.719067066907882690e-02
3.008143603801727295e-01,2.907986640930175781e-01,7.141416072845458984e-01,3.553678095340728760e-02,-8.075509965419769287e-02,6.742709279060363770e-01,7.331947088241577148e-01,-7.526579499244689941e-01,4.045294821262359619e-01,9.002406150102615356e-02,1.470264554023742676e+00,-7.769387960433959961e-01,1.212837398052215576e-01,-6.552353501319885254e-01,-5.609620213508605957e-01,-2.164143770933151245e-01,1.271741628646850586e+00,-4.617007672786712646e-01,1.395818740129470825e-01,-1.009691432118415833e-01,2.603123784065246582e-01,2.251567505300045013e-02,-5.857024788856506348e-01,1.976798176765441895e-01,-2.669189870357513428e-01,-1.135121822357177734e+00,1.111744165420532227e+00,3.186016157269477844e-02,1.869980692863464355e-01,-4.994146823883056641e-01,-4.767245948314666748e-01,4.150315821170806885e-01,-1.294770956039428711e+00,-6.209885478019714355e-01,1.127277985215187073e-01,7.511267066001892090e-02
2.994221746921539307e-01,2.881855368614196777e-01,7.104094028472900391e-01,3.656231984496116638e-02,-8.369677513837814331e-02,6.703364253044128418e-01,7.364150881767272949e-01,-7.544171810150146484e-01,4.157559275627136230e-01,9.407838433980941772e-02,1.485016226768493652e+00,-7.766163945198059082e-01,1.268965154886245728e-01,-6.661805510520935059e-01,-5.571515560150146484e-01,-2.090595215559005737e-01,1.280136466026306152e+00,-4.553772211074829102e-01,1.359996348619461060e-01,-9.818850457668304443e-02,2.636986672878265381e-01,2.558131702244281769e-02,-6.310892701148986816e-01,1.363293975591659546e-01,-1.910325288772583008e-01,-1.097396135330200195e+00,1.113302469253540039e+00,-3.859344171360135078e-03,1.928322911262512207e-01,-5.197323560714721680e-01,-4.131325781345367432e-01,3.465728163719177246e-01,-1.276495337486267090e+00,-6.203364729881286621e-01,8.417009562253952026e-02,4.968675598502159119e-02
3.022812604904174805e-01,2.875052988529205322e-01,7.092061042785644531e-01,3.646692633628845215e-02,-8.224922418594360352e-02,6.701606512069702148e-01,7.367427349090576172e-01,-7.586795687675476074e-01,4.201423823833465576e-01,9.395059198141098022e-02,1.489323616027832031e+00,-7.650622725486755371e-01,1.243439391255378723e-01,-6.752942204475402832e-01,-5.586271286010742188e-01,-2.087774872779846191e-01,1.292171001434326172e+00,-4.394119977951049805e-01,1.320739686489105225e-01,-8.630711585283279419e-02,2.629840672016143799e-01,1.965323649346828461e-02,-6.724588274955749512e-01,9.185744076967239380e-02,-1.165642142295837402e-01,-1.084271073341369629e+00,1.112488508224487305e+00,-3.703738749027252197e-02,2.062723040580749512e-01,-5.377345681190490723e-01,-3.662624955177307129e-01,2.842409312725067139e-01,-1.264910936355590820e+00,-6.196265220642089844e-01,6.316382437944412231e-02,3.522284701466560364e-02
3.104987144470214844e-01,2.885010540485382080e-01,7.114135026931762695e-01,3.893966227769851685e-02,-8.020262420177459717e-02,6.700792312622070312e-01,7.369158864021301270e-01,-7.514522075653076172e-01,4.231463372707366943e-01,9.545906633138656616e-02,1.479047060012817383e+00,-7.383024096488952637e-01,1.090613827109336853e-01,-6.772246360778808594e-01,-5.594744682312011719e-01,-2.110385596752166748e-01,1.300403714179992676e+00,-4.475579261779785156e-01,1.237547621130943298e-01,-7.555869966745376587e-02,2.598825991153717041e-01,1.445683278143405914e-02,-6.985666751861572266e-01,6.934563815593719482e-02,-6.047251448035240173e-02,-1.079867959022521973e+00,1.113272190093994141e+00,-5.915785208344459534e-02,2.160210758447647095e-01,-5.557304620742797852e-01,-3.532448709011077881e-01,2.542450428009033203e-01,-1.255187749862670898e+00,-6.086044311523437500e-01,5.367936566472053528e-02,3.507683798670768738e-02
3.203539848327636719e-01,2.896602451801300049e-01,7.161175012588500977e-01,4.143946617841720581e-02,-7.614328712224960327e-02,6.719794273376464844e-01,7.354784607887268066e-01,-7.412476539611816406e-01,4.261895716190338135e-01,1.023746207356452942e-01,1.457832098007202148e+00,-7.035957574844360352e-01,8.601547032594680786e-02,-6.748296618461608887e-01,-5.623887777328491211e-01,-2.183238267898559570e-01,1.305787920951843262e+00,-4.580251574516296387e-01,1.160184293985366821e-01,-6.928147375583648682e-02,2.556275427341461182e-01,9.401106275618076324e-03,-7.163752913475036621e-01,6.643781810998916626e-02,-2.068750932812690735e-02,-1.070452570915222168e+00,1.102516531944274902e+00,-6.922166049480438232e-02,2.265835553407669067e-01,-5.678387284278869629e-01,-3.590436279773712158e-01,2.416853755712509155e-01,-1.242313504219055176e+00,-5.969557762145996094e-01,4.989985376596450806e-02,4.331087321043014526e-02
3.339589238166809082e-01,2.893303930759429932e-01,7.219257354736328125e-01,4.595685005187988281e-02,-7.119806855916976929e-02,6.752369999885559082e-01,7.327167391777038574e-01,-7.284249067306518555e-01,4.254946708679199219e-01,1.085052415728569031e-01,1.428017258644104004e+00,-6.563798785209655762e-01,5.608817562460899353e-02,-6.705911755561828613e-01,-5.670186281204223633e-01,-2.279862165451049805e-01,1.313027024269104004e+00,-4.676512777805328369e-01,1.072605475783348083e-01,-6.569411605596542358e-02,2.501423358917236328e-01,3.145679598674178123e-03,-7.266811132431030273e-01,7.548604160547256470e-02,2.432670444250106812e-03,-1.052916288375854492e+00,1.088363289833068848e+00,-6.858785450458526611e-02,2.373302131891250610e-01,-5.694347023963928223e-01,-3.859350979328155518e-01,2.554425895214080811e-01,-1.227872848510742188e+00,-5.867016911506652832e-01,5.134800449013710022e-02,5.711372569203376770e-02
3.434468805789947510e-01,2.877814471721649170e-01,7.267606258392333984e-01,6.040921434760093689e-02,-7.534447312355041504e-02,6.768472194671630859e-01,7.297614812850952148e-01,-6.924948096275329590e-01,4.219236373901367188e-01,1.193035244941711426e-01,1.401590704917907715e+00,-6.066063046455383301e-01,2.162356115877628326e-02,-6.478055119514465332e-01,-5.795310735702514648e-01,-2.371421903371810913e-01,1.322812438011169434e+00,-4.751809835433959961e-01,1.005371659994125366e-01,-5.614764615893363953e-02,2.168046385049819946e-01,7.610244210809469223e-03,-7.129660844802856445e-01,5.795384570956230164e-02,1.780374906957149506e-02,-9.947308301925659180e-01,1.068571209907531738e+00,-6.043256446719169617e-02,2.474527508020401001e-01,-5.505248904228210449e-01,-4.126139283180236816e-01,2.940228283405303955e-01,-1.168223500251770020e+00,-5.858649015426635742e-01,6.256401538848876953e-02,6.914891302585601807e-02
3.517170548439025879e-01,2.836921811103820801e-01,7.327734231948852539e-01,6.759556382894515991e-02,-7.461619377136230469e-02,6.779755353927612305e-01,7.281568646430969238e-01,-6.689540743827819824e-01,4.165157079696655273e-01,1.279919147491455078e-01,1.370440721511840820e+00,-5.668087005615234375e-01,-3.463484114035964012e-03,-6.343835592269897461e-01,-5.864291191101074219e-01,-2.489041686058044434e-01,1.320075988769531250e+00,-4.633855223655700684e-01,1.013418734073638916e-01,-5.532104149460792542e-02,2.177491188049316406e-01,-2.686538027774076909e-05,-7.250410318374633789e-01,8.829456567764282227e-02,2.551899477839469910e-02,-9.617381691932678223e-01,1.046465516090393066e+00,-5.104196816682815552e-02,2.351092696189880371e-01,-5.428941249847412109e-01,-4.559445977210998535e-01,3.198871910572052002e-01,-1.157606363296508789e+00,-5.818268060684204102e-01,6.951928138732910156e-02,9.979705512523651123e-02
3.591378927230834961e-01,2.835890650749206543e-01,7.381663322448730469e-01,6.843841820955276489e-02,-7.018192857503890991e-02,6.783392429351806641e-01,7.281803488731384277e-01,-6.567813754081726074e-01,4.147810935974121094e-01,1.347300410270690918e-01,1.342505931854248047e+00,-5.421677827835083008e-01,-1.816290803253650665e-02,-6.314244270324707031e-01,-5.850617289543151855e-01,-2.561334669589996338e-01,1.313060283660888672e+00,-4.549744129180908203e-01,1.021465808153152466e-01,-6.287989020347595215e-02,2.416912764310836792e-01,-1.286373753100633621e-02,-7.500545382499694824e-01,1.306984573602676392e-01,4.675544425845146179e-02,-9.592314362525939941e-01,1.028789758682250977e+00,-5.640745162963867188e-02,2.250668704509735107e-01,-5.445950627326965332e-01,-4.850017428398132324e-01,3.055996000766754150e-01,-1.163434386253356934e+00,-5.834859609603881836e-01,6.358821690082550049e-02,1.145546436309814453e-01
3.686852753162384033e-01,2.846237719058990479e-01,7.406302690505981445e-01,7.108142971992492676e-02,-6.538106501102447510e-02,6.785184144973754883e-01,7.282070517539978027e-01,-6.460869312286376953e-01,4.180420339107513428e-01,1.443916708230972290e-01,1.323037385940551758e+00,-5.169662833213806152e-01,-2.981190942227840424e-02,-6.346666812896728516e-01,-5.870993137359619141e-01,-2.591751515865325928e-01,1.318671584129333496e+00,-4.650769829750061035e-01,9.566270560026168823e-02,-6.880557537078857422e-02,2.488830983638763428e-01,-1.806147769093513489e-02,-7.681604027748107910e-01,1.536414474248886108e-01,8.827874064445495605e-02,-9.577464461326599121e-01,1.019006609916687012e+00,-6.413584202527999878e-02,2.186066657304763794e-01,-5.488991737365722656e-01,-4.985891580581665039e-01,2.685371637344360352e-01,-1.155341267585754395e+00,-5.803633332252502441e-01,5.892702564597129822e-02,1.200873404741287231e-01
3.732814192771911621e-01,2.826101481914520264e-01,7.409756183624267578e-01,7.402435690164566040e-02,-6.304796040058135986e-02,6.778797507286071777e-01,7.287142276763916016e-01,-6.404004693031311035e-01,4.239654242992401123e-01,1.553015857934951782e-01,1.315479040145874023e+00,-4.994002580642700195e-01,-3.450090065598487854e-02,-6.423611044883728027e-01,-5.887633562088012695e-01,-2.561378479003906250e-01,1.327661395072937012e+00,-4.651885032653808594e-01,8.985742926597595215e-02,-7.625070214271545410e-02,2.547405064105987549e-01,-2.534102089703083038e-02,-7.886801958084106445e-01,1.675139218568801880e-01,1.409219652414321899e-01,-9.707931280136108398e-01,1.006111025810241699e+00,-7.709202170372009277e-02,2.138034105300903320e-01,-5.600991845130920410e-01,-4.991803169250488281e-01,2.103614807128906250e-01,-1.139417886734008789e+00,-5.682074427604675293e-01,5.294019356369972229e-02,1.194926872849464417e-01
3.709858357906341553e-01,2.838914692401885986e-01,7.411210536956787109e-01,7.167469710111618042e-02,-5.954909324645996094e-02,6.761204600334167480e-01,7.308746576309204102e-01,-6.419288516044616699e-01,4.321718215942382812e-01,1.681100428104400635e-01,1.316188693046569824e+00,-5.024193525314331055e-01,-2.810695767402648926e-02,-6.535480618476867676e-01,-5.906373262405395508e-01,-2.532925009727478027e-01,1.329126477241516113e+00,-4.517075717449188232e-01,9.299003332853317261e-02,-8.488623797893524170e-02,2.573725879192352295e-01,-3.374297171831130981e-02,-7.980734705924987793e-01,1.826998889446258545e-01,1.857432872056961060e-01,-9.960306286811828613e-01,9.918660521507263184e-01,-9.216295927762985229e-02,2.065947204828262329e-01,-5.708345770835876465e-01,-4.978462159633636475e-01,1.545107215642929077e-01,-1.138590335845947266e+00,-5.462751388549804688e-01,4.352618381381034851e-02,1.265145987272262573e-01
3.672836720943450928e-01,2.892999947071075439e-01,7.422014474868774414e-01,6.761165708303451538e-02,-5.570808053016662598e-02,6.757101416587829590e-01,7.319433689117431641e-01,-6.452484726905822754e-01,4.373145997524261475e-01,1.764080822467803955e-01,1.319677829742431641e+00,-5.173964500427246094e-01,-1.948744244873523712e-02,-6.595976352691650391e-01,-5.917275547981262207e-01,-2.499417662620544434e-01,1.325692296028137207e+00,-4.414955377578735352e-01,1.001853570342063904e-01,-9.319736808538436890e-02,2.608529031276702881e-01,-3.638987243175506592e-02,-7.930697202682495117e-01,1.997360736131668091e-01,2.113809883594512939e-01,-1.007510662078857422e+00,9.728738069534301758e-01,-9.881623834371566772e-02,2.077351510524749756e-01,-5.714146494865417480e-01,-4.969018399715423584e-01,1.028570309281349182e-01,-1.125695466995239258e+00,-5.326378941535949707e-01,3.967596963047981262e-02,1.253587156534194946e-01
3.623995482921600342e-01,2.893707156181335449e-01,7.435073852539062500e-01,6.551788747310638428e-02,-5.467749014496803284e-02,6.763823032379150391e-01,7.315905690193176270e-01,-6.495717167854309082e-01,4.432485699653625488e-01,1.874652951955795288e-01,1.323412895202636719e+00,-5.318257212638854980e-01,-1.604281365871429443e-02,-6.609090566635131836e-01,-5.936850905418395996e-01,-2.495281398296356201e-01,1.317546010017395020e+00,-4.286847710609436035e-01,1.089822351932525635e-01,-1.020891889929771423e-01,2.605422437191009521e-01,-3.310441970825195312e-02,-7.819510102272033691e-01,2.260942310094833374e-01,2.086156606674194336e-01,-1.007709980010986328e+00,9.473657608032226562e-01,-9.403269737958908081e-02,2.033866494894027710e-01,-5.654808878898620605e-01,-5.142711997032165527e-01,7.524594664573669434e-02,-1.106248736381530762e+00,-5.126281976699829102e-01,4.142180085182189941e-02,1.264153569936752319e-01
3.585224151611328125e-01,2.930416762828826904e-01,7.451231479644775391e-01,6.417205184698104858e-02,-5.458796024322509766e-02,6.783286333084106445e-01,7.299125790596008301e-01,-6.500053405761718750e-01,4.486078619956970215e-01,1.964914053678512573e-01,1.327641010284423828e+00,-5.437870621681213379e-01,-1.621774397790431976e-02,-6.537936925888061523e-01,-5.949140191078186035e-01,-2.483417689800262451e-01,1.309175252914428711e+00,-4.239926934242248535e-01,1.149272471666336060e-01,-1.090679392218589783e-01,2.605663836002349854e-01,-2.490509115159511566e-02,-7.626927495002746582e-01,2.549918293952941895e-01,1.836561858654022217e-01,-9.956881999969482422e-01,9.246612787246704102e-01,-8.522665500640869141e-02,1.965549439191818237e-01,-5.532817840576171875e-01,-5.373506546020507812e-01,6.413732469081878662e-02,-1.081879377365112305e+00,-5.034983754158020020e-01,4.524671286344528198e-02,1.254976093769073486e-01
3.525836467742919922e-01,2.979286313056945801e-01,7.465003728866577148e-01,6.169117242097854614e-02,-5.427228659391403198e-02,6.811863780021667480e-01,7.274845838546752930e-01,-6.508209109306335449e-01,4.528149962425231934e-01,2.061636447906494141e-01,1.331461787223815918e+00,-5.630699396133422852e-01,-1.718385517597198486e-02,-6.420345902442932129e-01,-6.003015041351318359e-01,-2.528551220893859863e-01,1.297063946723937988e+00,-4.175784885883331299e-01,1.216387227177619934e-01,-1.185182034969329834e-01,2.600672245025634766e-01,-1.628929749131202698e-02,-7.429829239845275879e-01,2.863797843456268311e-01,1.577895581722259521e-01,-9.698041081428527832e-01,9.093019366264343262e-01,-7.196005433797836304e-02,1.905236989259719849e-01,-5.350155234336853027e-01,-5.619343519210815430e-01,5.879768729209899902e-02,-1.052831053733825684e+00,-5.067082047462463379e-01,5.231332033872604370e-02,1.272902339696884155e-01
3.452147245407104492e-01,2.991791963577270508e-01,7.461476325988769531e-01,6.037846580147743225e-02,-5.770318210124969482e-02,6.821665167808532715e-01,7.264114618301391602e-01,-6.502631902694702148e-01,4.583044052124023438e-01,2.123679667711257935e-01,1.338375926017761230e+00,-5.853430032730102539e-01,-1.443535555154085159e-02,-6.287844777107238770e-01,-6.057644486427307129e-01,-2.617058157920837402e-01,1.283857345581054688e+00,-4.086367785930633545e-01,1.291122585535049438e-01,-1.280803382396697998e-01,2.607949078083038330e-01,-8.412414230406284332e-03,-7.291070222854614258e-01,3.264828920364379883e-01,1.414971798658370972e-01,-9.374451041221618652e-01,8.893813490867614746e-01,-6.396356225013732910e-02,1.826069056987762451e-01,-5.148669481277465820e-01,-5.887705087661743164e-01,5.000867694616317749e-02,-1.018634676933288574e+00,-5.109356641769409180e-01,5.868697538971900940e-02,1.340529024600982666e-01
3.378466665744781494e-01,3.046863377094268799e-01,7.436729669570922852e-01,5.853624641895294189e-02,-6.164864450693130493e-02,6.822319030761718750e-01,7.261766791343688965e-01,-6.463776826858520508e-01,4.662086963653564453e-01,2.157643437385559082e-01,1.348741054534912109e+00,-6.149123907089233398e-01,-6.598112173378467560e-03,-6.146097183227539062e-01,-6.112828254699707031e-01,-2.693312466144561768e-01,1.274676322937011719e+00,-4.048202037811279297e-01,1.359228491783142090e-01,-1.374753415584564209e-01,2.621806561946868896e-01,-8.239200105890631676e-04,-7.194025516510009766e-01,3.624145090579986572e-01,1.376404315233230591e-01,-8.959792852401733398e-01,8.801990747451782227e-01,-5.538468807935714722e-02,1.751650571823120117e-01,-4.930650889873504639e-01,-6.107037663459777832e-01,2.702056057751178741e-02,-9.698507785797119141e-01,-5.192456245422363281e-01,6.781984120607376099e-02,1.356873512268066406e-01
3.348988592624664307e-01,3.090524375438690186e-01,7.387948036193847656e-01,5.719302967190742493e-02,-6.550933420658111572e-02,6.825673580169677734e-01,7.256302237510681152e-01,-6.455817818641662598e-01,4.736765325069427490e-01,2.107008397579193115e-01,1.360680580139160156e+00,-6.445127129554748535e-01,8.735491894185543060e-03,-6.062211394309997559e-01,-6.131671071052551270e-01,-2.709661722183227539e-01,1.276584625244140625e+00,-4.148957431316375732e-01,1.351701021194458008e-01,-1.462620198726654053e-01,2.680683434009552002e-01,7.372281048446893692e-03,-7.081322073936462402e-01,4.095017313957214355e-01,1.305660009384155273e-01,-8.598233461380004883e-01,8.610516786575317383e-01,-5.206786468625068665e-02,1.586222648620605469e-01,-4.770714640617370605e-01,-6.289506554603576660e-01,-1.875931769609451294e-02,-9.161373376846313477e-01,-5.305317640304565430e-01,7.321704924106597900e-02,1.324558556079864502e-01
3.349750041961669922e-01,3.127824366092681885e-01,7.325310707092285156e-01,5.688425526022911072e-02,-6.881771236658096313e-02,6.821696162223815918e-01,7.257223725318908691e-01,-6.469070911407470703e-01,4.822938740253448486e-01,2.024312764406204224e-01,1.374808788299560547e+00,-6.730913519859313965e-01,2.672714553773403168e-02,-6.044876575469970703e-01,-6.142053604125976562e-01,-2.681767642498016357e-01,1.288826227188110352e+00,-4.351549148559570312e-01,1.279538124799728394e-01,-1.522771567106246948e-01,2.741035223007202148e-01,1.031239703297615051e-02,-7.019727230072021484e-01,4.477176666259765625e-01,1.371141672134399414e-01,-8.389602899551391602e-01,8.497787117958068848e-01,-5.740551277995109558e-02,1.405997425317764282e-01,-4.674809873104095459e-01,-6.414842009544372559e-01,-7.504516839981079102e-02,-8.687329292297363281e-01,-5.363385677337646484e-01,7.246658205986022949e-02,1.285108327865600586e-01
3.381979465484619141e-01,3.162899911403656006e-01,7.261775732040405273e-01,5.727776139974594116e-02,-7.086170464754104614e-02,6.802567839622497559e-01,7.272885441780090332e-01,-6.471525430679321289e-01,4.934427738189697266e-01,1.948823779821395874e-01,1.388036727905273438e+00,-7.009568810462951660e-01,4.461015388369560242e-02,-6.104310750961303711e-01,-6.129984855651855469e-01,-2.603079378604888916e-01,1.308953404426574707e+00,-4.640682637691497803e-01,1.189205646514892578e-01,-1.536877453327178955e-01,2.794995903968811035e-01,7.986829616129398346e-03,-7.007684707641601562e-01,4.815728366374969482e-01,1.676639616489410400e-01,-8.272607922554016113e-01,8.382276296615600586e-01,-7.158316671848297119e-02,1.296639591455459595e-01,-4.626090824604034424e-01,-6.475788354873657227e-01,-1.509848237037658691e-01,-8.255932927131652832e-01,-5.371035933494567871e-01,6.473930180072784424e-02,1.160323396325111389e-01
3.396501541137695312e-01,3.183679878711700439e-01,7.207924127578735352e-01,5.737408995628356934e-02,-7.253473997116088867e-02,6.776901483535766602e-01,7.295087575912475586e-01,-6.482469439506530762e-01,5.029075741767883301e-01,1.887877881526947021e-01,1.401138663291931152e+00,-7.259487509727478027e-01,6.125846877694129944e-02,-6.192798018455505371e-01,-6.135818958282470703e-01,-2.544902563095092773e-01,1.328336477279663086e+00,-4.842134714126586914e-01,1.149381548166275024e-01,-1.514488905668258667e-01,2.825235128402709961e-01,1.433911500498652458e-03,-6.965504288673400879e-01,5.219363570213317871e-01,1.959962993860244751e-01,-8.203750848770141602e-01,8.123580217361450195e-01,-8.257393538951873779e-02,1.176950484514236450e-01,-4.567840397357940674e-01,-6.549241542816162109e-01,-2.231471240520477295e-01,-7.907251715660095215e-01,-5.342107415199279785e-01,5.806948989629745483e-02,1.107628121972084045e-01
3.448463678359985352e-01,3.191610276699066162e-01,7.173635959625244141e-01,5.970380082726478577e-02,-7.385816425085067749e-02,6.771914958953857422e-01,7.296520471572875977e-01,-6.464549899101257324e-01,5.105168223381042480e-01,1.847459524869918823e-01,1.406248927116394043e+00,-7.348518967628479004e-01,6.498095393180847168e-02,-6.229885220527648926e-01,-6.160703301429748535e-01,-2.528771460056304932e-01,1.346857666969299316e+00,-5.029744505882263184e-01,1.083570420742034912e-01,-1.464740484952926636e-01,2.848751246929168701e-01,-4.227755125612020493e-03,-6.910053491592407227e-01,5.551432371139526367e-01,2.175432443618774414e-01,-8.160182833671569824e-01,7.874472737312316895e-01,-9.252102673053741455e-02,1.120101958513259888e-01,-4.463353455066680908e-01,-6.687496900558471680e-01,-2.681889235973358154e-01,-7.616499066352844238e-01,-5.240002870559692383e-01,5.218336358666419983e-02,1.060822829604148865e-01
3.536796271800994873e-01,3.200688064098358154e-01,7.168357372283935547e-01,6.179082393646240234e-02,-7.148489356040954590e-02,6.775749325752258301e-01,7.293586134910583496e-01,-6.420978903770446777e-01,5.163149833679199219e-01,1.857710331678390503e-01,1.398281335830688477e+00,-7.221463918685913086e-01,5.876779183745384216e-02,-6.279414892196655273e-01,-6.165776848793029785e-01,-2.506536245346069336e-01,1.362494230270385742e+00,-5.304304361343383789e-01,9.461966902017593384e-02,-1.425059735774993896e-01,2.851859629154205322e-01,-9.417880326509475708e-03,-6.846638917922973633e-01,5.819188356399536133e-01,2.389302998781204224e-01,-8.126546144485473633e-01,7.711180448532104492e-01,-9.870017319917678833e-02,1.017697304487228394e-01,-4.364712834358215332e-01,-6.820831894874572754e-01,-3.037976622581481934e-01,-7.377820014953613281e-01,-5.164499282836914062e-01,4.613585025072097778e-02,1.102857440710067749e-01
3.600452840328216553e-01,3.239896893501281738e-01,7.185734510421752930e-01,6.328524649143218994e-02,-6.916576623916625977e-02,6.780881285667419434e-01,7.289770841598510742e-01,-6.317266821861267090e-01,5.218449234962463379e-01,1.927834451198577881e-01,1.385484933853149414e+00,-7.073109745979309082e-01,4.918219149112701416e-02,-6.252652406692504883e-01,-6.186537742614746094e-01,-2.536021769046783447e-01,1.370473623275756836e+00,-5.445058345794677734e-01,8.547563850879669189e-02,-1.406355947256088257e-01,2.840772569179534912e-01,-1.550355367362499237e-02,-6.753517389297485352e-01,6.056327223777770996e-01,2.508875429630279541e-01,-8.013946413993835449e-01,7.582069039344787598e-01,-9.743519127368927002e-02,9.154090285301208496e-02,-4.284528493881225586e-01,-7.021446824073791504e-01,-3.213407397270202637e-01,-7.180139422416687012e-01,-5.080836415290832520e-01,4.238595440983772278e-02,1.151215732097625732e-01
3.670400083065032959e-01,3.291984796524047852e-01,7.221902608871459961e-01,6.424507498741149902e-02,-6.604044139385223389e-02,6.791140437126159668e-01,7.282275557518005371e-01,-6.173550486564636230e-01,5.276210904121398926e-01,2.040748298168182373e-01,1.366266250610351562e+00,-6.869617700576782227e-01,3.826951235532760620e-02,-6.171888709068298340e-01,-6.208057999610900879e-01,-2.612379789352416992e-01,1.372494697570800781e+00,-5.520473718643188477e-01,8.066237717866897583e-02,-1.378301680088043213e-01,2.826191484928131104e-01,-2.098360098898410797e-02,-6.636548638343811035e-01,6.294220089912414551e-01,2.551063895225524902e-01,-7.881154417991638184e-01,7.476415634155273438e-01,-9.383801370859146118e-02,8.306971192359924316e-02,-4.212134480476379395e-01,-7.252141833305358887e-01,-3.260917961597442627e-01,-7.009665369987487793e-01,-4.990999102592468262e-01,3.932315483689308167e-02,1.211346164345741272e-01
3.729847073554992676e-01,3.325738012790679932e-01,7.268487215042114258e-01,6.549888104200363159e-02,-6.305236369371414185e-02,6.803716421127319336e-01,7.272061109542846680e-01,-6.005821824073791504e-01,5.325260162353515625e-01,2.193699777126312256e-01,1.341513991355895996e+00,-6.638074517250061035e-01,2.879354357719421387e-02,-6.070822477340698242e-01,-6.218792200088500977e-01,-2.697578966617584229e-01,1.368331313133239746e+00,-5.521100759506225586e-01,7.764309644699096680e-02,-1.392752528190612793e-01,2.822075188159942627e-01,-2.724823541939258575e-02,-6.531293392181396484e-01,6.504685878753662109e-01,2.653634846210479736e-01,-7.580654025077819824e-01,7.453433275222778320e-01,-8.544058352708816528e-02,8.178862929344177246e-02,-4.194653034210205078e-01,-7.468343973159790039e-01,-3.415345549583435059e-01,-6.684579253196716309e-01,-4.968134462833404541e-01,3.884595632553100586e-02,1.179040521383285522e-01
3.760572373867034912e-01,3.304289877414703369e-01,7.306799888610839844e-01,6.771175563335418701e-02,-6.289617717266082764e-02,6.832685470581054688e-01,7.242950797080993652e-01,-5.892751812934875488e-01,5.353332757949829102e-01,2.309152334928512573e-01,1.321069478988647461e+00,-6.445528268814086914e-01,2.227612771093845367e-02,-5.955404639244079590e-01,-6.218619942665100098e-01,-2.771887481212615967e-01,1.361498355865478516e+00,-5.396519303321838379e-01,7.886867970228195190e-02,-1.429344713687896729e-01,2.819729745388031006e-01,-3.282250836491584778e-02,-6.458893418312072754e-01,6.660552024841308594e-01,2.628095448017120361e-01,-7.279036045074462891e-01,7.430685758590698242e-01,-7.788071036338806152e-02,7.577812671661376953e-02,-4.208014607429504395e-01,-7.672652602195739746e-01,-3.501278758049011230e-01,-6.356023550033569336e-01,-4.907268881797790527e-01,4.006374627351760864e-02,1.144054904580116272e-01
3.765071034431457520e-01,3.317559361457824707e-01,7.342230081558227539e-01,6.779244542121887207e-02,-6.203182041645050049e-02,6.855732798576354980e-01,7.221810817718505859e-01,-5.810895562171936035e-01,5.404685735702514648e-01,2.418040633201599121e-01,1.308304190635681152e+00,-6.251229047775268555e-01,1.734061725437641144e-02,-5.848235487937927246e-01,-6.209000945091247559e-01,-2.816657721996307373e-01,1.352887988090515137e+00,-5.232110023498535156e-01,8.335262537002563477e-02,-1.482034772634506226e-01,2.827532291412353516e-01,-3.695125877857208252e-02,-6.360303759574890137e-01,6.827689409255981445e-01,2.609366178512573242e-01,-6.986941695213317871e-01,7.384861707687377930e-01,-6.878922134637832642e-02,7.342045009136199951e-02,-4.249945282936096191e-01,-7.881210446357727051e-01,-3.616496026515960693e-01,-6.005421280860900879e-01,-4.803053736686706543e-01,4.050793126225471497e-02,1.038857698440551758e-01
3.761338591575622559e-01,3.327821195125579834e-01,7.380228042602539062e-01,6.745163351297378540e-02,-6.167837232351303101e-02,6.876313090324401855e-01,7.202841639518737793e-01,-5.737704038619995117e-01,5.464046001434326172e-01,2.522549927234649658e-01,1.299270033836364746e+00,-6.117481589317321777e-01,1.355864480137825012e-02,-5.735078454017639160e-01,-6.194241046905517578e-01,-2.870638072490692139e-01,1.341759562492370605e+00,-5.090481638908386230e-01,8.744052797555923462e-02,-1.513442993164062500e-01,2.827396094799041748e-01,-4.214505106210708618e-02,-6.284754276275634766e-01,6.954929232597351074e-01,2.626786530017852783e-01,-6.788737177848815918e-01,7.368677854537963867e-01,-6.492260098457336426e-02,6.355630606412887573e-02,-4.321729242801666260e-01,-7.990170717239379883e-01,-3.765945732593536377e-01,-5.779325962066650391e-01,-4.780284166336059570e-01,4.143742099404335022e-02,1.012415960431098938e-01
3.736777603626251221e-01,3.334280848503112793e-01,7.415192127227783203e-01,6.744173169136047363e-02,-6.200686097145080566e-02,6.895095109939575195e-01,7.184590101242065430e-01,-5.676406621932983398e-01,5.496741533279418945e-01,2.597117722034454346e-01,1.293555378913879395e+00,-6.046047210693359375e-01,1.367241889238357544e-02,-5.626140236854553223e-01,-6.182234883308410645e-01,-2.897697985172271729e-01,1.330140590667724609e+00,-4.912027418613433838e-01,9.285784512758255005e-02,-1.501687914133071899e-01,2.826900780200958252e-01,-4.844194650650024414e-02,-6.215798854827880859e-01,7.028405666351318359e-01,2.641063928604125977e-01,-6.662515997886657715e-01,7.354439496994018555e-01,-6.443642079830169678e-02,6.058470532298088074e-02,-4.330077767372131348e-01,-8.026245832443237305e-01,-3.940611183643341064e-01,-5.600571036338806152e-01,-4.808387458324432373e-01,4.218427464365959167e-02,9.718846529722213745e-02
3.697337210178375244e-01,3.329546153545379639e-01,7.455517053604125977e-01,6.647252291440963745e-02,-6.180962920188903809e-02,6.919721961021423340e-01,7.161951065063476562e-01,-5.649945139884948730e-01,5.482923984527587891e-01,2.631902098655700684e-01,1.287128210067749023e+00,-5.950314402580261230e-01,1.363653782755136490e-02,-5.513685941696166992e-01,-6.182439923286437988e-01,-2.946781516075134277e-01,1.312935471534729004e+00,-4.719212055206298828e-01,9.621527791023254395e-02,-1.470479220151901245e-01,2.811440229415893555e-01,-5.339051410555839539e-02,-6.269758343696594238e-01,6.994512081146240234e-01,2.791828513145446777e-01,-6.544446349143981934e-01,7.430869340896606445e-01,-6.691002845764160156e-02,6.276921927928924561e-02,-4.256824254989624023e-01,-7.925227880477905273e-01,-4.087619781494140625e-01,-5.476022958755493164e-01,-4.949576854705810547e-01,4.476696997880935669e-02,9.934660792350769043e-02
3.661308884620666504e-01,3.289777040481567383e-01,7.488547563552856445e-01,6.684044748544692993e-02,-6.207369640469551086e-02,6.953223943710327148e-01,7.128856778144836426e-01,-5.645217895507812500e-01,5.441476106643676758e-01,2.648860812187194824e-01,1.278893470764160156e+00,-5.845767855644226074e-01,1.286397967487573624e-02,-5.418122410774230957e-01,-6.192542910575866699e-01,-2.983521521091461182e-01,1.296310305595397949e+00,-4.571584165096282959e-01,9.450365602970123291e-02,-1.431700289249420166e-01,2.792522609233856201e-01,-5.460185557603836060e-02,-6.259355545043945312e-01,6.914652585983276367e-01,2.775581777095794678e-01,-6.451880335807800293e-01,7.478652000427246094e-01,-6.662519276142120361e-02,6.718366593122482300e-02,-4.086900353431701660e-01,-7.796087265014648438e-01,-4.029503762722015381e-01,-5.385429263114929199e-01,-5.022047758102416992e-01,5.002712085843086243e-02,9.918589144945144653e-02
3.647071719169616699e-01,3.249749243259429932e-01,7.510519027709960938e-01,6.761805713176727295e-02,-6.244380772113800049e-02,6.986150741577148438e-01,7.095530629158020020e-01,-5.630102157592773438e-01,5.371625423431396484e-01,2.603253722190856934e-01,1.270562291145324707e+00,-5.721291303634643555e-01,1.148059312254190445e-02,-5.339343547821044922e-01,-6.182944178581237793e-01,-2.988206148147583008e-01,1.282983899116516113e+00,-4.522823095321655273e-01,8.695195615291595459e-02,-1.375343352556228638e-01,2.770550847053527832e-01,-5.240528285503387451e-02,-6.182839870452880859e-01,6.775208115577697754e-01,2.629237174987792969e-01,-6.439128518104553223e-01,7.505468726158142090e-01,-6.482674181461334229e-02,6.235872209072113037e-02,-3.826709389686584473e-01,-7.661669254302978516e-01,-3.749425113201141357e-01,-5.337783098220825195e-01,-5.003020167350769043e-01,5.483791604638099670e-02,1.077775806188583374e-01
3.635358810424804688e-01,3.239194750785827637e-01,7.516725063323974609e-01,6.818190217018127441e-02,-6.369780749082565308e-02,6.999558210372924805e-01,7.080647349357604980e-01,-5.559069514274597168e-01,5.310855507850646973e-01,2.524231076240539551e-01,1.263895153999328613e+00,-5.606549978256225586e-01,1.224078238010406494e-02,-5.254474282264709473e-01,-6.177889108657836914e-01,-3.011042177677154541e-01,1.272332191467285156e+00,-4.527591168880462646e-01,8.203601837158203125e-02,-1.304233074188232422e-01,2.739514112472534180e-01,-4.993481934070587158e-02,-6.021692156791687012e-01,6.693313121795654297e-01,2.381458580493927002e-01,-6.390941739082336426e-01,7.498626112937927246e-01,-5.848405882716178894e-02,5.489519983530044556e-02,-3.542063832283020020e-01,-7.495098114013671875e-01,-3.340956270694732666e-01,-5.310100913047790527e-01,-4.991891086101531982e-01,6.530594080686569214e-02,1.200801432132720947e-01
3.652534484863281250e-01,3.233723938465118408e-01,7.498384714126586914e-01,6.976727396249771118e-02,-6.513033807277679443e-02,7.007707953453063965e-01,7.069730162620544434e-01,-5.469189286231994629e-01,5.269372463226318359e-01,2.424789220094680786e-01,1.258104801177978516e+00,-5.572891831398010254e-01,1.824886351823806763e-02,-5.210286974906921387e-01,-6.150656342506408691e-01,-2.976455390453338623e-01,1.271410226821899414e+00,-4.618473052978515625e-01,7.319252938032150269e-02,-1.225932240486145020e-01,2.733205556869506836e-01,-4.631519690155982971e-02,-5.847059488296508789e-01,6.639353036880493164e-01,2.130428105592727661e-01,-6.505827903747558594e-01,7.492888569831848145e-01,-5.898163840174674988e-02,3.956550359725952148e-02,-3.254682719707489014e-01,-7.337047457695007324e-01,-2.965661585330963135e-01,-5.398215055465698242e-01,-4.988239109516143799e-01,7.010564953088760376e-02,1.331619620323181152e-01
3.700550794601440430e-01,3.275400400161743164e-01,7.452130317687988281e-01,7.153560221195220947e-02,-6.582086533308029175e-02,6.990377306938171387e-01,7.084465622901916504e-01,-5.356709361076354980e-01,5.290412902832031250e-01,2.357180118560791016e-01,1.260110974311828613e+00,-5.644993782043457031e-01,2.727537229657173157e-02,-5.236434936523437500e-01,-6.119412779808044434e-01,-2.885255217552185059e-01,1.284976720809936523e+00,-4.840202331542968750e-01,6.469222903251647949e-02,-1.141372770071029663e-01,2.753188312053680420e-01,-4.357060045003890991e-02,-5.598832368850708008e-01,6.732833981513977051e-01,1.798957139253616333e-01,-6.773103475570678711e-01,7.327225804328918457e-01,-6.570224463939666748e-02,1.489910017699003220e-02,-3.016010522842407227e-01,-7.270612716674804688e-01,-2.521579265594482422e-01,-5.619873404502868652e-01,-4.844665229320526123e-01,6.751439720392227173e-02,1.530678272247314453e-01
3.791424930095672607e-01,3.289338052272796631e-01,7.385200262069702148e-01,7.542892545461654663e-02,-6.755012273788452148e-02,6.949408054351806641e-01,7.119022011756896973e-01,-5.217474699020385742e-01,5.361140370368957520e-01,2.333276271820068359e-01,1.266015172004699707e+00,-5.795201659202575684e-01,3.974814340472221375e-02,-5.355798602104187012e-01,-6.044711470603942871e-01,-2.721149921417236328e-01,1.311068654060363770e+00,-5.213763117790222168e-01,5.097251012921333313e-02,-1.087943241000175476e-01,2.778420150279998779e-01,-4.334792494773864746e-02,-5.361617803573608398e-01,6.828257441520690918e-01,1.598306596279144287e-01,-7.368363142013549805e-01,7.186930179595947266e-01,-7.932839542627334595e-02,-2.249151095747947693e-02,-2.793773412704467773e-01,-7.217221856117248535e-01,-2.003773450851440430e-01,-6.228312849998474121e-01,-4.683574438095092773e-01,5.815133824944496155e-02,1.880317330360412598e-01
3.835057318210601807e-01,3.329144120216369629e-01,7.306336164474487305e-01,7.833115011453628540e-02,-6.827010214328765869e-02,6.905301809310913086e-01,7.158012986183166504e-01,-5.093855261802673340e-01,5.468609929084777832e-01,2.385373711585998535e-01,1.278229713439941406e+00,-6.082697510719299316e-01,5.513121187686920166e-02,-5.517364144325256348e-01,-5.997104644775390625e-01,-2.501324713230133057e-01,1.340374112129211426e+00,-5.570220351219177246e-01,3.986232355237007141e-02,-1.057840585708618164e-01,2.811612188816070557e-01,-4.741318523883819580e-02,-5.072027444839477539e-01,7.009488344192504883e-01,1.578381657600402832e-01,-8.048583865165710449e-01,7.008744478225708008e-01,-9.290114045143127441e-02,-5.107300356030464172e-02,-2.586376070976257324e-01,-7.302703261375427246e-01,-1.541789174079895020e-01,-7.164939641952514648e-01,-4.487442970275878906e-01,3.911164402961730957e-02,2.250050455331802368e-01
3.866280317306518555e-01,3.378763794898986816e-01,7.225556373596191406e-01,8.088556677103042603e-02,-6.750931590795516968e-02,6.856069564819335938e-01,7.203076481819152832e-01,-5.001064538955688477e-01,5.558305382728576660e-01,2.412539124488830566e-01,1.292074561119079590e+00,-6.376096606254577637e-01,7.143422961235046387e-02,-5.728135704994201660e-01,-5.965953469276428223e-01,-2.235492616891860962e-01,1.372307896614074707e+00,-5.829876065254211426e-01,3.114919736981391907e-02,-9.923186898231506348e-02,2.839777171611785889e-01,-5.296297743916511536e-02,-4.723935425281524658e-01,7.198617458343505859e-01,1.655738353729248047e-01,-8.961293697357177734e-01,6.900365352630615234e-01,-1.149748265743255615e-01,-7.419036328792572021e-02,-2.243906408548355103e-01,-7.526695728302001953e-01,-1.042861565947532654e-01,-8.184939622879028320e-01,-4.204858243465423584e-01,1.228453777730464935e-02,2.622041106224060059e-01
3.918117582798004150e-01,3.397831916809082031e-01,7.158265113830566406e-01,8.419951796531677246e-02,-6.625012308359146118e-02,6.814954280853271484e-01,7.239373922348022461e-01,-4.901933372020721436e-01,5.643016695976257324e-01,2.498755902051925659e-01,1.299694538116455078e+00,-6.570252776145935059e-01,8.344716578722000122e-02,-5.949481129646301270e-01,-5.910926461219787598e-01,-1.959482878446578979e-01,1.401718497276306152e+00,-6.197533607482910156e-01,1.530016399919986725e-02,-9.746127575635910034e-02,2.871881425380706787e-01,-5.797963216900825500e-02,-4.242973923683166504e-01,7.288267612457275391e-01,1.934520453214645386e-01,-9.900204539299011230e-01,6.948512196540832520e-01,-1.323144733905792236e-01,-9.066006541252136230e-02,-1.826113313436508179e-01,-7.866657376289367676e-01,-7.013111561536788940e-02,-9.204939603805541992e-01,-3.950517773628234863e-01,-1.569711044430732727e-02,2.949144244194030762e-01
3.933536708354949951e-01,3.385933339595794678e-01,7.114502191543579102e-01,8.893911540508270264e-02,-6.703454256057739258e-02,6.790828704833984375e-01,7.255637049674987793e-01,-4.799024462699890137e-01,5.690714120864868164e-01,2.613277137279510498e-01,1.304024696350097656e+00,-6.667839288711547852e-01,8.923996984958648682e-02,-6.092153191566467285e-01,-5.852135419845581055e-01,-1.695409119129180908e-01,1.420946121215820312e+00,-6.478254199028015137e-01,-7.036900206003338099e-05,-9.919019043445587158e-02,2.909755110740661621e-01,-6.106662377715110779e-02,-3.755135834217071533e-01,7.252116203308105469e-01,2.258509546518325806e-01,-1.073629856109619141e+00,7.208141684532165527e-01,-1.476550102233886719e-01,-9.875451028347015381e-02,-1.490095704793930054e-01,-8.218634724617004395e-01,-5.604210868477821350e-02,-1.022493958473205566e+00,-3.760187625885009766e-01,-4.409690573811531067e-02,3.178800046443939209e-01
3.882643580436706543e-01,3.390640914440155029e-01,7.106460332870483398e-01,9.039849042892456055e-02,-6.757565587759017944e-02,6.809993386268615723e-01,7.235340476036071777e-01,-4.744443297386169434e-01,5.715055465698242188e-01,2.772950828075408936e-01,1.305791258811950684e+00,-6.766301989555358887e-01,9.041723608970642090e-02,-6.087517142295837402e-01,-5.848691463470458984e-01,-1.546114385128021240e-01,1.421847224235534668e+00,-6.584975123405456543e-01,-4.964794497936964035e-03,-1.029756143689155579e-01,2.955582737922668457e-01,-6.041650101542472839e-02,-3.298228979110717773e-01,7.173663377761840820e-01,2.579953670501708984e-01,-1.128034114837646484e+00,7.463278770446777344e-01,-1.542296409606933594e-01,-9.629723429679870605e-02,-1.197500377893447876e-01,-8.489419221878051758e-01,-6.728469580411911011e-02,-1.121520042419433594e+00,-3.660177290439605713e-01,-6.278342753648757935e-02,3.270634114742279053e-01
3.771895766258239746e-01,3.398761749267578125e-01,7.133283615112304688e-01,8.841592818498611450e-02,-6.871804594993591309e-02,6.871680617332458496e-01,7.178164720535278320e-01,-4.733921289443969727e-01,5.705381035804748535e-01,2.945160865783691406e-01,1.306442260742187500e+00,-6.859609484672546387e-01,9.048347920179367065e-02,-5.925363302230834961e-01,-5.857099890708923340e-01,-1.496323496103286743e-01,1.402652978897094727e+00,-6.443049907684326172e-01,-1.415409496985375881e-03,-1.136886402964591980e-01,2.993967235088348389e-01,-5.538838356733322144e-02,-2.881257832050323486e-01,7.101376056671142578e-01,2.842941880226135254e-01,-1.152886033058166504e+00,7.661106586456298828e-01,-1.554754525423049927e-01,-8.349287509918212891e-02,-9.589288383722305298e-02,-8.769077658653259277e-01,-8.761011064052581787e-02,-1.160252690315246582e+00,-3.459838926792144775e-01,-6.962386518716812134e-02,3.218488097190856934e-01
3.582167029380798340e-01,3.417575061321258545e-01,7.190308570861816406e-01,8.072193711996078491e-02,-6.900780647993087769e-02,6.975376009941101074e-01,7.086347341537475586e-01,-4.784912168979644775e-01,5.695424079895019531e-01,3.182566463947296143e-01,1.307457208633422852e+00,-6.947577595710754395e-01,9.190440177917480469e-02,-5.623266696929931641e-01,-5.898233056068420410e-01,-1.583150774240493774e-01,1.360194683074951172e+00,-6.022046804428100586e-01,9.746165946125984192e-03,-1.300258487462997437e-01,2.939567863941192627e-01,-3.854687884449958801e-02,-2.543735504150390625e-01,7.041040658950805664e-01,3.075102567672729492e-01,-1.138863325119018555e+00,7.731956839561462402e-01,-1.511840671300888062e-01,-5.456401407718658447e-02,-8.106026798486709595e-02,-8.951481580734252930e-01,-1.246049255132675171e-01,-1.140914797782897949e+00,-3.175073862075805664e-01,-6.991031765937805176e-02,2.865374088287353516e-01
3.340189754962921143e-01,3.407084643840789795e-01,7.274745702743530273e-01,6.960828602313995361e-02,-7.057597488164901733e-02,7.127457857131958008e-01,6.943826079368591309e-01,-4.913734495639801025e-01,5.663712024688720703e-01,3.455152809619903564e-01,1.306857585906982422e+00,-6.993709206581115723e-01,9.477394074201583862e-02,-5.126752257347106934e-01,-5.952720642089843750e-01,-1.871234476566314697e-01,1.291596293449401855e+00,-5.355384945869445801e-01,2.661852724850177765e-02,-1.486359536647796631e-01,2.814056277275085449e-01,-8.438139222562313080e-03,-2.308373153209686279e-01,6.972752809524536133e-01,3.183252215385437012e-01,-1.086221575736999512e+00,7.707169055938720703e-01,-1.367069482803344727e-01,-2.088373713195323944e-02,-8.223693072795867920e-02,-8.887161612510681152e-01,-1.810018122196197510e-01,-1.057045698165893555e+00,-2.889451980590820312e-01,-6.101395562291145325e-02,2.285120785236358643e-01
3.053154349327087402e-01,3.412066102027893066e-01,7.371585369110107422e-01,5.591104179620742798e-02,-7.095743715763092041e-02,7.378267049789428711e-01,6.689175963401794434e-01,-5.227155685424804688e-01,5.494813323020935059e-01,3.595749735832214355e-01,1.303215861320495605e+00,-7.018582224845886230e-01,1.010070145130157471e-01,-4.354428648948669434e-01,-5.976505875587463379e-01,-2.324523031711578369e-01,1.193977952003479004e+00,-4.335384964942932129e-01,5.673828721046447754e-02,-1.677494198083877563e-01,2.631304562091827393e-01,3.877183794975280762e-02,-2.209796905517578125e-01,7.127112746238708496e-01,2.959949374198913574e-01,-9.842216372489929199e-01,7.205043435096740723e-01,-1.247446313500404358e-01,2.598113380372524261e-02,-1.100888550281524658e-01,-8.851066231727600098e-01,-2.586169540882110596e-01,-9.550457000732421875e-01,-2.470316588878631592e-01,-5.660191178321838379e-02,1.293454766273498535e-01
2.662710547447204590e-01,3.533078730106353760e-01,7.476630210876464844e-01,4.082535207271575928e-02,-7.250995934009552002e-02,7.673093676567077637e-01,6.358552575111389160e-01,-5.569025874137878418e-01,5.135588049888610840e-01,3.550874888896942139e-01,1.301217079162597656e+00,-7.170455455780029297e-01,1.312835514545440674e-01,-3.614545464515686035e-01,-5.696433186531066895e-01,-2.503063380718231201e-01,1.091977953910827637e+00,-3.315384984016418457e-01,1.076502054929733276e-01,-1.921556293964385986e-01,2.449038922786712646e-01,9.257624298334121704e-02,-2.235285490751266479e-01,7.237223386764526367e-01,2.486108541488647461e-01,-8.822216391563415527e-01,6.887667775154113770e-01,-1.182018145918846130e-01,4.886696860194206238e-02,-1.373555213212966919e-01,-9.057363867759704590e-01,-3.548012077808380127e-01,-8.530457019805908203e-01,-2.146628201007843018e-01,-6.411574035882949829e-02,3.059411980211734772e-02
2.241241037845611572e-01,3.669062256813049316e-01,7.574750185012817383e-01,3.099503368139266968e-02,-7.150495797395706177e-02,7.942028045654296875e-01,6.026344299316406250e-01,-5.789208412170410156e-01,4.538152813911437988e-01,3.386020362377166748e-01,1.295321464538574219e+00,-7.440477609634399414e-01,1.715437024831771851e-01,-2.997067570686340332e-01,-5.454717278480529785e-01,-2.516676187515258789e-01,1.011238098144531250e+00,-2.295385003089904785e-01,1.190458536148071289e-01,-2.016855776309967041e-01,2.229773849248886108e-01,1.325242519378662109e-01,-2.286671549081802368e-01,7.405151724815368652e-01,2.187641263008117676e-01,-8.671241998672485352e-01,6.566811203956604004e-01,-1.336605995893478394e-01,4.471869766712188721e-02,-1.383023113012313843e-01,-9.329910874366760254e-01,-4.198884069919586182e-01,-7.510457038879394531e-01,-1.944203525781631470e-01,-8.126460760831832886e-02,-1.575701311230659485e-02
1.912111043930053711e-01,3.678259253501892090e-01,7.644919157028198242e-01,3.506503626704216003e-02,-7.129402458667755127e-02,8.139667510986328125e-01,5.754526257514953613e-01,-5.824674963951110840e-01,3.771549761295318604e-01,3.126842081546783447e-01,1.281863212585449219e+00,-7.498492002487182617e-01,2.070243507623672485e-01,-2.486493885517120361e-01,-5.206055045127868652e-01,-2.413476258516311646e-01,1.002605795860290527e+00,-1.275385022163391113e-01,9.342466294765472412e-02,-2.037882208824157715e-01,2.079456597566604614e-01,1.467006802558898926e-01,-2.499376982450485229e-01,7.477443218231201172e-01,2.066653668880462646e-01,-9.392779469490051270e-01,6.315835118293762207e-01,-1.601472049951553345e-01,4.499689489603042603e-02,-1.386864483356475830e-01,-9.524596333503723145e-01,-4.611467421054840088e-01,-7.719644308090209961e-01,-1.895988583564758301e-01,-1.065329015254974365e-01,-4.142431169748306274e-02
1.589465290307998657e-01,3.733923435211181641e-01,7.712135314941406250e-01,4.603551328182220459e-02,-6.946286559104919434e-02,8.299692869186401367e-01,5.515492558479309082e-01,-5.592117309570312500e-01,2.965136766433715820e-01,2.927428185939788818e-01,1.259935021400451660e+00,-7.561268210411071777e-01,2.382696866989135742e-01,-2.128242552280426025e-01,-4.869717061519622803e-01,-2.170317322015762329e-01,1.034727454185485840e+00,-4.398532211780548096e-02,5.200921744108200073e-02,-1.978528946638107300e-01,2.110566347837448120e-01,1.371095180511474609e-01,-2.685599923133850098e-01,7.408486604690551758e-01,1.897156387567520142e-01,-1.041278004646301270e+00,5.985962748527526855e-01,-2.022927850484848022e-01,3.726987913250923157e-02,-1.101927310228347778e-01,-9.385823011398315430e-01,-4.290905296802520752e-01,-8.739644289016723633e-01,-2.030248939990997314e-01,-1.364067345857620239e-01,-1.268302928656339645e-02
1.391500681638717651e-01,3.771905899047851562e-01,7.783809900283813477e-01,6.787585467100143433e-02,-6.516239047050476074e-02,8.393805623054504395e-01,5.353382825851440430e-01,-5.070255398750305176e-01,2.304217815399169922e-01,2.981473505496978760e-01,1.221617698669433594e+00,-7.391536235809326172e-01,2.574306428432464600e-01,-1.994499713182449341e-01,-4.462067484855651855e-01,-2.099146544933319092e-01,1.086076736450195312e+00,-4.119184613227844238e-02,1.461717672646045685e-02,-1.813981533050537109e-01,2.196018844842910767e-01,1.020599976181983948e-01,-2.861482799053192139e-01,7.385449409484863281e-01,1.187795922160148621e-01,-1.143278002738952637e+00,5.926392078399658203e-01,-2.459528148174285889e-01,1.425868179649114609e-02,-4.946868494153022766e-02,-9.299982786178588867e-01,-3.270905017852783203e-01,-9.759644269943237305e-01,-2.247612923383712769e-01,-1.522983759641647339e-01,3.893051669001579285e-02
1.171170324087142944e-01,3.853574693202972412e-01,7.836768627166748047e-01,9.138210117816925049e-02,-5.805707722902297974e-02,8.433471322059631348e-01,5.263499617576599121e-01,-4.406608343124389648e-01,1.737826913595199585e-01,3.225037455558776855e-01,1.186954259872436523e+00,-6.988751292228698730e-01,2.490618973970413208e-01,-2.178485989570617676e-01,-3.716166615486145020e-01,-2.014881372451782227e-01,1.119151830673217773e+00,-5.247184261679649353e-02,-1.497662306064739823e-04,-1.356103420257568359e-01,2.062373608350753784e-01,8.581925928592681885e-02,-2.487430274486541748e-01,7.614699602127075195e-01,1.677959039807319641e-02,-1.245278000831604004e+00,4.906392097473144531e-01,-2.869554162025451660e-01,-1.785834692418575287e-02,4.909233003854751587e-02,-1.020016312599182129e+00,-2.250905185937881470e-01,-1.077964425086975098e+00,-1.876600235700607300e-01,-1.653189957141876221e-01,9.761743247509002686e-02
9.081137180328369141e-02,3.792585730552673340e-01,7.926386594772338867e-01,1.017010435461997986e-01,-4.408067837357521057e-02,8.493401408195495605e-01,5.160766839981079102e-01,-3.941583633422851562e-01,1.159267276525497437e-01,3.669228553771972656e-01,1.124863624572753906e+00,-6.474214792251586914e-01,2.226618975400924683e-01,-2.733698487281799316e-01,-2.801990211009979248e-01,-2.142384201288223267e-01,1.095887660980224609e+00,-4.524020850658416748e-02,7.230938877910375595e-03,-1.460372656583786011e-01,2.016202509403228760e-01,4.360774531960487366e-02,-1.881026327610015869e-01,8.634699583053588867e-01,-8.522041141986846924e-02,-1.347277998924255371e+00,3.886392116546630859e-01,-3.351586461067199707e-01,-9.444645047187805176e-02,1.134716346859931946e-01,-1.122016310691833496e+00,-1.230905130505561829e-01,-1.179964423179626465e+00,-1.671833097934722900e-01,-1.922954916954040527e-01,1.806910783052444458e-01
4.887716472148895264e-02,3.567402660846710205e-01,8.000791072845458984e-01,1.104957461357116699e-01,-3.939962759613990784e-02,8.521839976310729980e-01,5.099223256111145020e-01,-3.508154749870300293e-01,3.938121721148490906e-02,3.949209153652191162e-01,1.051208615303039551e+00,-5.776185393333435059e-01,1.921649873256683350e-01,-3.471859097480773926e-01,-1.781990230083465576e-01,-2.317320406436920166e-01,1.037011146545410156e+00,-3.685726225376129150e-02,2.354018762707710266e-02,-1.721718609333038330e-01,2.037855088710784912e-01,7.378561422228813171e-03,-1.248255223035812378e-01,9.654699563980102539e-01,-1.872204095125198364e-01,-1.449277997016906738e+00,3.017536699771881104e-01,-3.660102188587188721e-01,-1.888083666563034058e-01,1.420124471187591553e-01,-1.224016308784484863e+00,-2.109051682054996490e-02,-1.281964421272277832e+00,-1.633285880088806152e-01,-1.912191510200500488e-01,2.706218361854553223e-01
3.267114609479904175e-02,3.596662580966949463e-01,8.068109750747680664e-01,1.132861897349357605e-01,-3.472598269581794739e-02,8.512069582939147949e-01,5.112798213958740234e-01,-3.082837462425231934e-01,-2.416891790926456451e-02,3.866112530231475830e-01,9.850821495056152344e-01,-5.328438878059387207e-01,1.947187781333923340e-01,-4.236717224121093750e-01,-8.472025394439697266e-02,-2.634907364845275879e-01,9.396997094154357910e-01,-2.013866044580936432e-02,4.235887899994850159e-02,-2.081886827945709229e-01,2.251836806535720825e-01,-2.516155131161212921e-02,-8.265051245689392090e-02,1.067469954490661621e+00,-2.673096358776092529e-01,-1.551277995109558105e+00,2.854460477828979492e-01,-3.947454392910003662e-01,-2.786857187747955322e-01,1.560858786106109619e-01,-1.326016306877136230e+00,8.090948313474655151e-02,-1.383964419364929199e+00,-1.990192681550979614e-01,-2.080854624509811401e-01,3.427516818046569824e-01
-2.507865242660045624e-02,3.675706684589385986e-01,8.069244623184204102e-01,9.912253171205520630e-02,-3.434913232922554016e-02,8.481233119964599609e-01,5.193088650703430176e-01,-2.830873727798461914e-01,-8.659756183624267578e-02,3.738236725330352783e-01,9.523096084594726562e-01,-5.004639029502868652e-01,1.813866943120956421e-01,-5.024380087852478027e-01,1.090677175670862198e-02,-2.981533706188201904e-01,8.376997113227844238e-01,1.310161408036947250e-02,6.463605165481567383e-02,-1.960442215204238892e-01,1.770812422037124634e-01,-3.258697316050529480e-02,-1.846505105495452881e-01,1.077698588371276855e+00,-3.693096339702606201e-01,-1.653277993202209473e+00,2.591511905193328857e-01,-3.634438812732696533e-01,-3.048630356788635254e-01,5.408588424324989319e-02,-1.320731401443481445e+00,1.829094886779785156e-01,-1.485964417457580566e+00,-2.092572301626205444e-01,-1.975929439067840576e-01,3.405188024044036865e-01
-4.920579865574836731e-02,3.687711358070373535e-01,8.067604303359985352e-01,1.037779375910758972e-01,-3.733636438846588135e-02,8.443926572799682617e-01,5.242491364479064941e-01,-2.515199482440948486e-01,-1.285934299230575562e-01,3.630712330341339111e-01,9.252017140388488770e-01,-4.652949571609497070e-01,1.611851304769515991e-01,-5.380313396453857422e-01,8.030996471643447876e-02,-3.285479843616485596e-01,7.356997132301330566e-01,5.525634437799453735e-02,9.186603873968124390e-02,-2.004933357238769531e-01,1.712074130773544312e-01,-5.138424783945083618e-02,-2.866505086421966553e-01,1.024095892906188965e+00,-4.713096320629119873e-01,-1.755277991294860840e+00,2.522243857383728027e-01,-3.423230946063995361e-01,-3.459236621856689453e-01,-4.791411757469177246e-02,-1.258666992187500000e+00,2.849094867706298828e-01,-1.587964415550231934e+00,-2.259607166051864624e-01,-1.886786371469497681e-01,3.575012087821960449e-01
-6.352657079696655273e-02,3.702802360057830811e-01,8.052173852920532227e-01,1.091577336192131042e-01,-3.723301365971565247e-02,8.422361016273498535e-01,5.266276001930236816e-01,-2.284811884164810181e-01,-1.585381329059600830e-01,3.587848246097564697e-01,9.101248383522033691e-01,-4.217200279235839844e-01,1.329032778739929199e-01,-5.432655215263366699e-01,1.346918493509292603e-01,-3.455401659011840820e-01,6.336997151374816895e-01,9.826671332120895386e-02,1.115217730402946472e-01,-2.022636681795120239e-01,1.716135293245315552e-01,-6.303904950618743896e-02,-3.886505067348480225e-01,9.868525862693786621e-01,-5.733096599578857422e-01,-1.857277989387512207e+00,2.333906590938568115e-01,-3.297469317913055420e-01,-3.457043766975402832e-01,-1.499141156673431396e-01,-1.171487450599670410e+00,3.869094848632812500e-01,-1.689964413642883301e+00,-2.237882614135742188e-01,-1.841691881418228149e-01,3.407721221446990967e-01
-6.712005287408828735e-02,3.742637038230895996e-01,8.030300140380859375e-01,1.150050833821296692e-01,-3.802932798862457275e-02,8.420177102088928223e-01,5.256746411323547363e-01,-2.155082374811172485e-01,-1.796308159828186035e-01,3.407682180404663086e-01,9.123685956001281738e-01,-3.674545586109161377e-01,1.034534722566604614e-01,-5.305504202842712402e-01,1.702607274055480957e-01,-3.427511453628540039e-01,5.316997170448303223e-01,1.253907382488250732e-01,1.123547032475471497e-01,-1.982064098119735718e-01,1.676883697509765625e-01,-6.433361023664474487e-02,-4.904912412166595459e-01,9.346122741699218750e-01,-6.753096580505371094e-01,-1.959277987480163574e+00,2.371663600206375122e-01,-3.139169812202453613e-01,-3.308958113193511963e-01,-2.519141137599945068e-01,-1.076427817344665527e+00,4.889094829559326172e-01,-1.791964411735534668e+00,-2.200712114572525024e-01,-1.809681653976440430e-01,3.103012144565582275e-01
-8.252340555191040039e-02,3.841658234596252441e-01,8.020470142364501953e-01,1.141690984368324280e-01,-3.822435811161994934e-02,8.415480256080627441e-01,5.265940427780151367e-01,-2.035650461912155151e-01,-2.013438791036605835e-01,3.145531713962554932e-01,9.065173864364624023e-01,-2.840643525123596191e-01,5.548911541700363159e-02,-5.206359028816223145e-01,1.918499469757080078e-01,-3.344334065914154053e-01,4.796858727931976318e-01,1.162573993206024170e-01,9.674780815839767456e-02,-1.940091103315353394e-01,1.532871127128601074e-01,-5.450793355703353882e-02,-4.603179693222045898e-01,8.930826783180236816e-01,-7.773096561431884766e-01,-2.061277866363525391e+00,2.522320151329040527e-01,-2.955153882503509521e-01,-3.302027583122253418e-01,-3.539141118526458740e-01,-9.884710907936096191e-01,5.909094810485839844e-01,-1.893964409828186035e+00,-2.304567694664001465e-01,-1.716528683900833130e-01,2.943386137485504150e-01
-9.819733351469039917e-02,3.948791623115539551e-01,8.024952411651611328e-01,1.087122038006782532e-01,-3.405355662107467651e-02,8.419342041015625000e-01,5.274170637130737305e-01,-2.018795162439346313e-01,-2.149334549903869629e-01,2.950046658515930176e-01,9.068479537963867188e-01,-2.177132815122604370e-01,1.072166580706834793e-02,-5.125068426132202148e-01,1.921856999397277832e-01,-3.433666825294494629e-01,4.797743260860443115e-01,8.124402910470962524e-02,7.221823930740356445e-02,-1.847557723522186279e-01,1.313933432102203369e-01,-4.302446916699409485e-02,-4.383587241172790527e-01,8.644769787788391113e-01,-8.793096542358398438e-01,-2.064000129699707031e+00,2.846785485744476318e-01,-2.796146571636199951e-01,-3.297947049140930176e-01,-4.559141099452972412e-01,-9.254007339477539062e-01,6.929094791412353516e-01,-1.995964407920837402e+00,-2.533691823482513428e-01,-1.604488343000411987e-01,2.805441617965698242e-01
-1.134465113282203674e-01,4.054334759712219238e-01,8.045461177825927734e-01,9.813356399536132812e-02,-2.934925816953182220e-02,8.439585566520690918e-01,5.265381336212158203e-01,-2.047905027866363525e-01,-2.112838774919509888e-01,2.911190688610076904e-01,9.146465063095092773e-01,-1.926954388618469238e-01,-2.985570579767227173e-03,-5.151787400245666504e-01,1.849187612533569336e-01,-3.561013042926788330e-01,5.055918097496032715e-01,3.145504742860794067e-02,3.982694447040557861e-02,-1.833059191703796387e-01,1.083126962184906006e-01,-2.542943507432937622e-02,-4.161569774150848389e-01,8.539103269577026367e-01,-9.813096523284912109e-01,-2.060802221298217773e+00,3.086699247360229492e-01,-2.675250172615051270e-01,-3.413815498352050781e-01,-5.524556636810302734e-01,-8.987854719161987305e-01,7.949094772338867188e-01,-2.050858497619628906e+00,-2.814332544803619385e-01,-1.490065902471542358e-01,2.786296010017395020e-01
-1.275561600923538208e-01,4.152441620826721191e-01,8.077332973480224609e-01,8.535113185644149780e-02,-2.589124999940395355e-02,8.460340499877929688e-01,5.256150960922241211e-01,-1.996724009513854980e-01,-2.016129195690155029e-01,2.938344180583953857e-01,9.129222035408020020e-01,-1.765217930078506470e-01,-1.336009125225245953e-03,-5.247004032135009766e-01,1.764211356639862061e-01,-3.687123954296112061e-01,5.419754981994628906e-01,-2.724857628345489502e-02,1.579304225742816925e-02,-1.802183091640472412e-01,8.775129169225692749e-02,-7.194140926003456116e-03,-4.101665318012237549e-01,8.497570157051086426e-01,-1.083309650421142578e+00,-2.061867237091064453e+00,3.137659132480621338e-01,-2.634391784667968750e-01,-3.288999795913696289e-01,-5.970529317855834961e-01,-8.630429506301879883e-01,8.969094753265380859e-01,-2.040502786636352539e+00,-3.081585466861724854e-01,-1.404556185007095337e-01,2.665186226367950439e-01
-1.399216353893280029e-01,4.232386052608489990e-01,8.116052150726318359e-01,7.447549700736999512e-02,-2.292513474822044373e-02,8.476701378822326660e-01,5.247696042060852051e-01,-1.937601119279861450e-01,-1.959677636623382568e-01,3.006462454795837402e-01,8.999066948890686035e-01,-1.561945825815200806e-01,-4.890200216323137283e-03,-5.307183861732482910e-01,1.662508845329284668e-01,-3.868004977703094482e-01,5.637133121490478516e-01,-5.724797397851943970e-02,4.004674497991800308e-03,-1.759262382984161377e-01,6.816363334655761719e-02,1.108880154788494110e-02,-4.113803207874298096e-01,8.383549451828002930e-01,-1.142193675041198730e+00,-2.054887771606445312e+00,3.336452841758728027e-01,-2.576508820056915283e-01,-3.244163691997528076e-01,-6.276825070381164551e-01,-8.305439949035644531e-01,9.989094734191894531e-01,-2.018055915832519531e+00,-3.443327546119689941e-01,-1.338915079832077026e-01,2.587337493896484375e-01
-1.502889543771743774e-01,4.292968511581420898e-01,8.157298564910888672e-01,6.453451514244079590e-02,-2.159622311592102051e-02,8.498394489288330078e-01,5.226297378540039062e-01,-1.883100867271423340e-01,-1.927728503942489624e-01,3.024008572101593018e-01,8.849812150001525879e-01,-1.525639146566390991e-01,-2.648941706866025925e-03,-5.336651802062988281e-01,1.592452675104141235e-01,-3.970922827720642090e-01,5.779978036880493164e-01,-7.220770418643951416e-02,6.252134684473276138e-03,-1.722901165485382080e-01,5.413790419697761536e-02,2.634491771459579468e-02,-4.268066585063934326e-01,8.226842284202575684e-01,-1.175961136817932129e+00,-2.046071290969848633e+00,3.468743562698364258e-01,-2.554316520690917969e-01,-3.126604259014129639e-01,-6.566529273986816406e-01,-8.016438484191894531e-01,1.100909471511840820e+00,-1.996446490287780762e+00,-3.695507347583770752e-01,-1.306463778018951416e-01,2.419668436050415039e-01
-1.588720530271530151e-01,4.335096776485443115e-01,8.196519613265991211e-01,5.552553758025169373e-02,-2.067634835839271545e-02,8.524103760719299316e-01,5.195054411888122559e-01,-1.864496469497680664e-01,-1.945504248142242432e-01,2.978433668613433838e-01,8.660700917243957520e-01,-1.577915698289871216e-01,2.030050149187445641e-03,-5.343165397644042969e-01,1.536680161952972412e-01,-4.048792719841003418e-01,5.852156877517700195e-01,-7.402829080820083618e-02,1.104103773832321167e-02,-1.714602112770080566e-01,3.905323892831802368e-02,3.913450613617897034e-02,-4.271385967731475830e-01,8.185292482376098633e-01,-1.191068530082702637e+00,-2.041331291198730469e+00,3.670873045921325684e-01,-2.536853551864624023e-01,-3.085978031158447266e-01,-6.576235294342041016e-01,-7.891121506690979004e-01,1.202909469604492188e+00,-1.982907176017761230e+00,-3.988140821456909180e-01,-1.284048557281494141e-01,2.341688722372055054e-01
-1.662251800298690796e-01,4.361300766468048096e-01,8.229171037673950195e-01,4.730443656444549561e-02,-2.001577429473400116e-02,8.537018895149230957e-01,5.182226896286010742e-01,-1.866596639156341553e-01,-1.973115056753158569e-01,2.975199818611145020e-01,8.465394377708435059e-01,-1.698495149612426758e-01,6.584445480257272720e-03,-5.327025651931762695e-01,1.477696746587753296e-01,-4.158113598823547363e-01,5.858995914459228516e-01,-7.104739546775817871e-02,1.932705938816070557e-02,-1.689696758985519409e-01,2.178987860679626465e-02,4.860899969935417175e-02,-4.203649163246154785e-01,8.147670030593872070e-01,-1.199896335601806641e+00,-2.038078069686889648e+00,3.864949047565460205e-01,-2.510100305080413818e-01,-3.072017133235931396e-01,-6.560061573982238770e-01,-7.822691202163696289e-01,1.304909467697143555e+00,-1.975931406021118164e+00,-4.245487749576568604e-01,-1.226289719343185425e-01,2.285276949405670166e-01
-1.725277155637741089e-01,4.379563629627227783e-01,8.254145383834838867e-01,3.962592780590057373e-02,-1.831175573170185089e-02,8.559122085571289062e-01,5.152753591537475586e-01,-1.857482045888900757e-01,-1.994775086641311646e-01,2.930036485195159912e-01,8.317101597785949707e-01,-1.868155449628829956e-01,1.691907458007335663e-02,-5.351422429084777832e-01,1.402193307876586914e-01,-4.227231740951538086e-01,5.923225879669189453e-01,-7.104254513978958130e-02,2.276944369077682495e-02,-1.661027520895004272e-01,1.127896737307310104e-02,5.757847428321838379e-02,-4.144090414047241211e-01,8.107754588127136230e-01,-1.205571889877319336e+00,-2.034841537475585938e+00,4.060481190681457520e-01,-2.480900138616561890e-01,-3.045176863670349121e-01,-6.506628394126892090e-01,-7.786517143249511719e-01,1.406909465789794922e+00,-1.970681190490722656e+00,-4.295517802238464355e-01,-1.221498176455497742e-01,2.220720946788787842e-01
-1.782243698835372925e-01,4.392878115177154541e-01,8.267728090286254883e-01,3.375192731618881226e-02,-1.706841588020324707e-02,8.585169911384582520e-01,5.113883614540100098e-01,-1.857742965221405029e-01,-2.015021741390228271e-01,2.876789867877960205e-01,8.216279745101928711e-01,-2.029672563076019287e-01,2.928175590932369232e-02,-5.387085676193237305e-01,1.309099346399307251e-01,-4.279603362083435059e-01,6.015626192092895508e-01,-6.801636517047882080e-02,2.102490328252315521e-02,-1.679643243551254272e-01,3.397220512852072716e-03,6.358745694160461426e-02,-4.013711214065551758e-01,8.084235191345214844e-01,-1.206225156784057617e+00,-2.033957719802856445e+00,4.316519498825073242e-01,-2.459266930818557739e-01,-3.055533468723297119e-01,-6.496990919113159180e-01,-7.795887589454650879e-01,1.486062645912170410e+00,-1.970573067665100098e+00,-4.285474419593811035e-01,-1.207026168704032898e-01,2.183212339878082275e-01
-1.834630966186523438e-01,4.405913352966308594e-01,8.276200294494628906e-01,2.879403159022331238e-02,-1.587405614554882050e-02,8.596644997596740723e-01,5.097997784614562988e-01,-1.863921433687210083e-01,-2.060122638940811157e-01,2.799612283706665039e-01,8.118742704391479492e-01,-2.248105704784393311e-01,4.497665166854858398e-02,-5.417785048484802246e-01,1.221344247460365295e-01,-4.357818365097045898e-01,6.110822558403015137e-01,-6.632091104984283447e-02,1.722234115004539490e-02,-1.676156818866729736e-01,-3.324734978377819061e-03,7.132402807474136353e-02,-3.863490819931030273e-01,8.189654946327209473e-01,-1.195210337638854980e+00,-2.047282934188842773e+00,4.406587779521942139e-01,-2.416021972894668579e-01,-3.090074360370635986e-01,-6.494099497795104980e-01,-7.949326038360595703e-01,1.496405124664306641e+00,-1.983808398246765137e+00,-4.291183054447174072e-01,-1.134394779801368713e-01,2.237786203622817993e-01
-1.882392764091491699e-01,4.414065778255462646e-01,8.284839391708374023e-01,2.332251705229282379e-02,-1.418861374258995056e-02,8.602547049522399902e-01,5.091331005096435547e-01,-1.881415098905563354e-01,-2.105036675930023193e-01,2.747110724449157715e-01,8.001306056976318359e-01,-2.471057921648025513e-01,5.748078972101211548e-02,-5.458536744117736816e-01,1.149748042225837708e-01,-4.438800513744354248e-01,6.163461804389953613e-01,-6.863891333341598511e-02,1.318861078470945358e-02,-1.680422872304916382e-01,-9.563975036144256592e-03,7.777106761932373047e-02,-3.730248212814331055e-01,8.335670232772827148e-01,-1.190788865089416504e+00,-2.068480491638183594e+00,4.411498904228210449e-01,-2.383066415786743164e-01,-3.157709538936614990e-01,-6.530790925025939941e-01,-8.122112751007080078e-01,1.503425955772399902e+00,-2.003051757812500000e+00,-4.306887388229370117e-01,-1.072145849466323853e-01,2.296365946531295776e-01
-1.922383308410644531e-01,4.415244758129119873e-01,8.291195631027221680e-01,1.884127222001552582e-02,-1.261679269373416901e-02,8.603245615959167480e-01,5.092420578002929688e-01,-1.906269937753677368e-01,-2.150559425354003906e-01,2.707632184028625488e-01,7.916840314865112305e-01,-2.687655687332153320e-01,6.821652501821517944e-02,-5.511994957923889160e-01,1.098097711801528931e-01,-4.471777975559234619e-01,6.188743710517883301e-01,-6.620565801858901978e-02,1.055782660841941833e-02,-1.697547137737274170e-01,-1.559965778142213821e-02,8.355759084224700928e-02,-3.518411517143249512e-01,8.489760160446166992e-01,-1.179030418395996094e+00,-2.087376594543457031e+00,4.401594698429107666e-01,-2.359395623207092285e-01,-3.193528652191162109e-01,-6.540205478668212891e-01,-8.284370899200439453e-01,1.504787206649780273e+00,-2.021671295166015625e+00,-4.287967681884765625e-01,-1.034682616591453552e-01,2.307873070240020752e-01
-1.954108476638793945e-01,4.412546753883361816e-01,8.299517631530761719e-01,1.319762505590915680e-02,-1.101227756589651108e-02,8.600597977638244629e-01,5.099036693572998047e-01,-1.954140663146972656e-01,-2.162805199623107910e-01,2.709091603755950928e-01,7.846035957336425781e-01,-2.843962311744689941e-01,7.635112106800079346e-02,-5.578632950782775879e-01,1.066359579563140869e-01,-4.505253732204437256e-01,6.151500344276428223e-01,-6.181470304727554321e-02,1.075519341975450516e-02,-1.686264723539352417e-01,-2.333591133356094360e-02,9.012059122323989868e-02,-3.366824984550476074e-01,8.582245111465454102e-01,-1.178158402442932129e+00,-2.098866224288940430e+00,4.518609941005706787e-01,-2.321578562259674072e-01,-3.264825046062469482e-01,-6.554427742958068848e-01,-8.400798439979553223e-01,1.511611104011535645e+00,-2.033901453018188477e+00,-4.360252022743225098e-01,-9.991779923439025879e-02,2.336450964212417603e-01
-1.981343626976013184e-01,4.410235583782196045e-01,8.309078216552734375e-01,9.616744704544544220e-03,-1.131905149668455124e-02,8.610243201255798340e-01,5.083468556404113770e-01,-1.966973841190338135e-01,-2.166873216629028320e-01,2.662925720214843750e-01,7.778655886650085449e-01,-2.922633290290832520e-01,8.381070196628570557e-02,-5.605739951133728027e-01,1.037383973598480225e-01,-4.537777304649353027e-01,6.111039519309997559e-01,-5.898074433207511902e-02,1.236719824373722076e-02,-1.695683002471923828e-01,-2.855549193918704987e-02,9.677501767873764038e-02,-3.280971646308898926e-01,8.644818067550659180e-01,-1.175144076347351074e+00,-2.105973005294799805e+00,4.514059722423553467e-01,-2.333559542894363403e-01,-3.214644491672515869e-01,-6.580428481101989746e-01,-8.461612462997436523e-01,1.517623782157897949e+00,-2.042536258697509766e+00,-4.368156790733337402e-01,-9.963497519493103027e-02,2.309525161981582642e-01
-2.005100548267364502e-01,4.407019615173339844e-01,8.326199054718017578e-01,5.848317872732877731e-03,-1.123297121375799179e-02,8.616557121276855469e-01,5.073353052139282227e-01,-1.965543329715728760e-01,-2.154497206211090088e-01,2.666400969028472900e-01,7.692936658859252930e-01,-2.938389182090759277e-01,8.789477497339248657e-02,-5.616782307624816895e-01,1.005213186144828796e-01,-4.598573744297027588e-01,6.035863757133483887e-01,-5.189218744635581970e-02,1.465203054249286652e-02,-1.704708933830261230e-01,-3.252904862165451050e-02,1.027933582663536072e-01,-3.281665146350860596e-01,8.644333481788635254e-01,-1.184992313385009766e+00,-2.109630823135375977e+00,4.583381414413452148e-01,-2.340634316205978394e-01,-3.198289871215820312e-01,-6.677587628364562988e-01,-8.459354043006896973e-01,1.536005616188049316e+00,-2.045385360717773438e+00,-4.481205046176910400e-01,-9.890434890985488892e-02,2.287615388631820679e-01
-2.023712694644927979e-01,4.404856860637664795e-01,8.347847461700439453e-01,3.523796098306775093e-03,-1.217552926391363144e-02,8.622888922691345215e-01,5.062580108642578125e-01,-1.934059262275695801e-01,-2.141578346490859985e-01,2.640386819839477539e-01,7.591503858566284180e-01,-2.816141843795776367e-01,8.491201698780059814e-02,-5.599910616874694824e-01,9.906811267137527466e-02,-4.641716182231903076e-01,5.957841277122497559e-01,-4.768164455890655518e-02,1.582076214253902435e-02,-1.707892119884490967e-01,-3.421611711382865906e-02,1.095634922385215759e-01,-3.298168182373046875e-01,8.636019825935363770e-01,-1.189535856246948242e+00,-2.108449935913085938e+00,4.567207992076873779e-01,-2.333619594573974609e-01,-3.212724328041076660e-01,-6.739903688430786133e-01,-8.497139811515808105e-01,1.546527385711669922e+00,-2.047853469848632812e+00,-4.459160268306732178e-01,-9.693695604801177979e-02,2.309708595275878906e-01
-2.039289921522140503e-01,4.403564631938934326e-01,8.372292518615722656e-01,7.372126565314829350e-04,-1.308338344097137451e-02,8.631052374839782715e-01,5.048540830612182617e-01,-1.899294555187225342e-01,-2.116640508174896240e-01,2.628445923328399658e-01,7.504832744598388672e-01,-2.640041410923004150e-01,7.884553819894790649e-02,-5.591763854026794434e-01,9.963382035493850708e-02,-4.627408385276794434e-01,5.890522599220275879e-01,-4.053074866533279419e-02,1.880284026265144348e-02,-1.723857671022415161e-01,-3.576868399977684021e-02,1.143536344170570374e-01,-3.371536433696746826e-01,8.584151268005371094e-01,-1.196517944335937500e+00,-2.104091405868530273e+00,4.505786299705505371e-01,-2.347542047500610352e-01,-3.236048519611358643e-01,-6.774182319641113281e-01,-8.499168157577514648e-01,1.556297063827514648e+00,-2.044174909591674805e+00,-4.368339478969573975e-01,-9.536142647266387939e-02,2.366049140691757202e-01
-2.053095549345016479e-01,4.404604136943817139e-01,8.395258188247680664e-01,4.265823517926037312e-04,-1.447642222046852112e-02,8.635431528091430664e-01,5.040669441223144531e-01,-1.828445792198181152e-01,-2.121837139129638672e-01,2.556073069572448730e-01,7.416244149208068848e-01,-2.370533794164657593e-01,6.888661533594131470e-02,-5.564450621604919434e-01,9.717088192701339722e-02,-4.662722647190093994e-01,5.924592018127441406e-01,-4.596039652824401855e-02,1.553106401115655899e-02,-1.729907989501953125e-01,-3.319732844829559326e-02,1.180916801095008850e-01,-3.404017984867095947e-01,8.556933403015136719e-01,-1.199063420295715332e+00,-2.097633361816406250e+00,4.412723779678344727e-01,-2.409533709287643433e-01,-3.208035528659820557e-01,-6.711507439613342285e-01,-8.523607254028320312e-01,1.554848194122314453e+00,-2.041198015213012695e+00,-4.262753129005432129e-01,-9.741014242172241211e-02,2.374608367681503296e-01
-2.065188437700271606e-01,4.408736824989318848e-01,8.410844802856445312e-01,-2.383565763011574745e-03,-1.634475402534008026e-02,8.640789389610290527e-01,5.030852556228637695e-01,-1.789036244153976440e-01,-2.079352438449859619e-01,2.524671256542205811e-01,7.446333765983581543e-01,-2.158584743738174438e-01,6.074799224734306335e-02,-5.576521158218383789e-01,9.344442188739776611e-02,-4.720946848392486572e-01,6.048984527587890625e-01,-5.645002052187919617e-02,1.473551616072654724e-02,-1.705119609832763672e-01,-3.123526647686958313e-02,1.191387921571731567e-01,-3.480841219425201416e-01,8.441838622093200684e-01,-1.204950213432312012e+00,-2.083250284194946289e+00,4.476346075534820557e-01,-2.468051910400390625e-01,-3.211867511272430420e-01,-6.588023900985717773e-01,-8.454801440238952637e-01,1.548058629035949707e+00,-2.027036190032958984e+00,-4.272940158843994141e-01,-9.605087339878082275e-02,2.417225241661071777e-01
-2.079740613698959351e-01,4.419999420642852783e-01,8.402568101882934570e-01,-2.312351483851671219e-03,-1.934937387704849243e-02,8.643179535865783691e-01,5.025681853294372559e-01,-1.723552346229553223e-01,-1.961079835891723633e-01,2.600024640560150146e-01,7.605556249618530273e-01,-1.945044398307800293e-01,5.259366333484649658e-02,-5.616886615753173828e-01,8.114311099052429199e-02,-4.803746044635772705e-01,6.363700628280639648e-01,-8.137042820453643799e-02,6.729651708155870438e-03,-1.654998362064361572e-01,-3.190110996365547180e-02,1.149074956774711609e-01,-3.445343077182769775e-01,8.288093805313110352e-01,-1.199485659599304199e+00,-2.062698364257812500e+00,4.767450690269470215e-01,-2.506502270698547363e-01,-3.255400955677032471e-01,-6.346709132194519043e-01,-8.330937623977661133e-01,1.528449058532714844e+00,-2.006702184677124023e+00,-4.228300154209136963e-01,-9.194160997867584229e-02,2.551046907901763916e-01
-2.399207204580307007e-01,4.282854199409484863e-01,8.350361585617065430e-01,-7.314703892916440964e-03,-2.291270345449447632e-02,8.598908782005310059e-01,5.099109411239624023e-01,-1.667437851428985596e-01,-2.075058370828628540e-01,2.498343139886856079e-01,7.511756420135498047e-01,-2.230659574270248413e-01,2.584936656057834625e-02,-5.840258002281188965e-01,4.762270301580429077e-02,-4.829708933830261230e-01,6.930324435234069824e-01,-1.198866069316864014e-01,-1.087441202253103256e-02,-1.241304352879524231e-01,-4.225767031311988831e-02,1.090331673622131348e-01,-3.250074982643127441e-01,8.562821149826049805e-01,-1.134577035903930664e+00,-2.087812900543212891e+00,5.301358103752136230e-01,-2.769855856895446777e-01,-3.171528279781341553e-01,-5.574660897254943848e-01,-9.350937604904174805e-01,1.426449060440063477e+00,-2.096714735031127930e+00,-4.148123562335968018e-01,-1.132966205477714539e-01,2.559835612773895264e-01
-2.494780570268630981e-01,4.294072687625885010e-01,8.266912698745727539e-01,-4.505480639636516571e-03,-2.752369083464145660e-02,8.555232286453247070e-01,5.170127153396606445e-01,-1.641474664211273193e-01,-2.014718204736709595e-01,2.567377388477325439e-01,7.833199501037597656e-01,-2.318217754364013672e-01,1.835694722831249237e-02,-5.955091118812561035e-01,3.480235859751701355e-02,-4.822504520416259766e-01,7.435963153839111328e-01,-1.520799994468688965e-01,-1.447145547717809677e-02,-1.075981557369232178e-01,-4.534786567091941833e-02,9.966523945331573486e-02,-2.910428941249847412e-01,8.786940574645996094e-01,-1.075598120689392090e+00,-2.096599340438842773e+00,5.412073135375976562e-01,-2.846447825431823730e-01,-3.264252841472625732e-01,-4.793552756309509277e-01,-1.017104625701904297e+00,1.324449062347412109e+00,-2.122876167297363281e+00,-3.852879405021667480e-01,-1.170515790581703186e-01,2.788218259811401367e-01
-2.693982422351837158e-01,4.248824715614318848e-01,8.175171613693237305e-01,-5.934471264481544495e-03,-3.382393345236778259e-02,8.489065766334533691e-01,5.274261236190795898e-01,-1.661010086536407471e-01,-1.926511973142623901e-01,2.673830091953277588e-01,8.205736875534057617e-01,-2.161509394645690918e-01,5.072155036032199860e-04,-6.119953989982604980e-01,2.337782829999923706e-02,-4.745585620403289795e-01,7.934724092483520508e-01,-1.900125294923782349e-01,-2.285762503743171692e-02,-9.275177121162414551e-02,-4.861727356910705566e-02,9.742357581853866577e-02,-2.659263014793395996e-01,8.945134282112121582e-01,-1.029358506202697754e+00,-2.099656343460083008e+00,5.483970642089843750e-01,-2.827151119709014893e-01,-3.459733426570892334e-01,-3.956061899662017822e-01,-1.068760395050048828e+00,1.222449064254760742e+00,-2.135845184326171875e+00,-3.530255258083343506e-01,-1.195211037993431091e-01,3.103629052639007568e-01
-2.928939759731292725e-01,4.178169965744018555e-01,8.098559379577636719e-01,-6.636786740273237228e-03,-4.025810956954956055e-02,8.403198719024658203e-01,5.405532121658325195e-01,-1.680403500795364380e-01,-1.811370402574539185e-01,2.784962654113769531e-01,8.544480204582214355e-01,-1.934991627931594849e-01,-1.823035068809986115e-02,-6.255953311920166016e-01,1.108603738248348236e-02,-4.634254872798919678e-01,8.342846632003784180e-01,-2.142778337001800537e-01,-2.410695143043994904e-02,-7.604912668466567993e-02,-4.835404828190803528e-02,9.577018022537231445e-02,-2.414742410182952881e-01,9.075829982757568359e-01,-9.807450175285339355e-01,-2.096106290817260742e+00,5.566466450691223145e-01,-2.739654481410980225e-01,-3.669337332248687744e-01,-3.434791862964630127e-01,-1.089238524436950684e+00,1.120449066162109375e+00,-2.108125209808349609e+00,-3.177374005317687988e-01,-1.195171847939491272e-01,3.417840301990509033e-01
-3.202048540115356445e-01,4.085971415042877197e-01,8.042839765548706055e-01,-4.843754228204488754e-03,-4.781082272529602051e-02,8.307317495346069336e-01,5.545948147773742676e-01,-1.646796315908432007e-01,-1.703265309333801270e-01,2.899615764617919922e-01,8.785006999969482422e-01,-1.720768809318542480e-01,-3.805630654096603394e-02,-6.295894384384155273e-01,-5.801198538392782211e-03,-4.544443786144256592e-01,8.632745742797851562e-01,-2.222685366868972778e-01,-1.418501231819391251e-02,-5.937169864773750305e-02,-4.287996143102645874e-02,9.255041927099227905e-02,-2.252245545387268066e-01,9.036554098129272461e-01,-9.356582760810852051e-01,-2.070523262023925781e+00,5.704412460327148438e-01,-2.616243064403533936e-01,-3.834556043148040771e-01,-3.417492806911468506e-01,-1.069292664527893066e+00,1.039826750755310059e+00,-2.025550842285156250e+00,-2.784183621406555176e-01,-1.139379069209098816e-01,3.668212890625000000e-01
-3.206388950347900391e-01,4.078043401241302490e-01,7.999774217605590820e-01,5.844773259013891220e-04,-4.774206876754760742e-02,8.201875090599060059e-01,5.700989365577697754e-01,-1.683821976184844971e-01,-1.536678224802017212e-01,3.025733530521392822e-01,9.067317843437194824e-01,-1.921107321977615356e-01,-3.679214045405387878e-02,-6.346033811569213867e-01,-9.197114035487174988e-03,-4.476720392704010010e-01,8.819040656089782715e-01,-2.162622511386871338e-01,2.089571580290794373e-02,-4.398968443274497986e-02,-3.628063201904296875e-02,7.590194046497344971e-02,-2.093315571546554565e-01,8.920235633850097656e-01,-8.893875479698181152e-01,-2.032022237777709961e+00,5.914689898490905762e-01,-2.479329109191894531e-01,-3.900849819183349609e-01,-3.567353188991546631e-01,-1.022473692893981934e+00,1.018536567687988281e+00,-1.930763006210327148e+00,-2.434557676315307617e-01,-1.052143871784210205e-01,3.822915554046630859e-01
-3.202831745147705078e-01,4.105401337146759033e-01,7.960344552993774414e-01,4.381203558295965195e-03,-4.698860272765159607e-02,8.099817633628845215e-01,5.845531225204467773e-01,-1.681031882762908936e-01,-1.416609287261962891e-01,3.190186321735382080e-01,9.249536991119384766e-01,-1.932453364133834839e-01,-4.762988165020942688e-02,-6.409886479377746582e-01,-6.827848032116889954e-03,-4.374064207077026367e-01,9.000064730644226074e-01,-2.135310918092727661e-01,5.845107883214950562e-02,-3.580135479569435120e-02,-2.611679397523403168e-02,6.096372008323669434e-02,-1.974275112152099609e-01,8.679985404014587402e-01,-8.465777635574340820e-01,-1.990416049957275391e+00,6.176597476005554199e-01,-2.328393161296844482e-01,-3.855855166912078857e-01,-3.731798529624938965e-01,-9.642046689987182617e-01,1.002022266387939453e+00,-1.828763008117675781e+00,-2.174993604421615601e-01,-9.596504271030426025e-02,3.857858479022979736e-01
-3.177581131458282471e-01,4.124306440353393555e-01,7.934005260467529297e-01,6.320036947727203369e-03,-4.288892075419425964e-02,8.001366257667541504e-01,5.982490777969360352e-01,-1.755751669406890869e-01,-1.270313113927841187e-01,3.315545618534088135e-01,9.405118823051452637e-01,-2.096260488033294678e-01,-4.814024642109870911e-02,-6.530326008796691895e-01,-3.970186691731214523e-03,-4.197248816490173340e-01,9.144479036331176758e-01,-2.200205028057098389e-01,8.667538315057754517e-02,-3.434221819043159485e-02,-1.597406528890132904e-02,4.835598915815353394e-02,-1.869920939207077026e-01,8.535193204879760742e-01,-8.146886229515075684e-01,-1.955207109451293945e+00,6.349013447761535645e-01,-2.220988422632217407e-01,-3.685472905635833740e-01,-3.777174055576324463e-01,-9.376102089881896973e-01,9.794018864631652832e-01,-1.744640707969665527e+00,-1.904398053884506226e-01,-8.770122379064559937e-02,3.691783845424652100e-01
