1.115826517343521118e-02,1.142270304262638092e-02,9.618472456932067871e-01,2.594702690839767456e-02,2.086539007723331451e-02,7.753422856330871582e-01,6.306629180908203125e-01,9.604118019342422485e-02,5.139793083071708679e-02,1.019999980926513672e-01,9.793329238891601562e-02,7.181350141763687134e-02,-4.815153777599334717e-03,-1.019999980926513672e-01,-1.019999980926513672e-01,-1.019999980926513672e-01,7.133161276578903198e-02,2.276176959276199341e-02,3.288552397862076759e-03,-1.019999980926513672e-01,1.019999980926513672e-01,1.019999980926513672e-01,-1.019999980926513672e-01,-3.915940597653388977e-02,-1.019999980926513672e-01,-1.019999980926513672e-01,-4.796356335282325745e-02,-1.019999980926513672e-01,-4.731898196041584015e-03,1.019999980926513672e-01,5.184999853372573853e-02,-1.019999980926513672e-01,-2.741244289956844146e-17,-1.019999980926513672e-01,1.019999980926513672e-01,-1.019999980926513672e-01
2.409088425338268280e-02,2.718291059136390686e-02,9.627228379249572754e-01,7.194044440984725952e-02,-3.154269978404045105e-02,8.070635199546813965e-01,5.852162837982177734e-01,1.305784136056900024e-01,1.172315478324890137e-01,2.039999961853027344e-01,1.999332904815673828e-01,1.043633595108985901e-01,1.408726628869771957e-02,3.469446951953614189e-18,-8.357036113739013672e-02,-2.039999961853027344e-01,4.289648681879043579e-02,-1.525075826793909073e-02,1.803016103804111481e-02,3.469446951953614189e-18,2.039999961853027344e-01,2.016582936048507690e-01,-3.065754286944866180e-02,6.284059584140777588e-02,-2.039999961853027344e-01,-2.039999961853027344e-01,9.945642203092575073e-03,-1.634153127670288086e-01,6.412153691053390503e-02,-3.469446951953614189e-18,-5.014999955892562866e-02,3.469446951953614189e-18,-1.019999980926513672e-01,3.469446951953614189e-18,-3.469446951953614189e-18,-4.641234874725341797e-02
3.853474184870719910e-02,4.207878932356834412e-02,9.642528891563415527e-01,7.052155584096908569e-02,-2.886267937719821930e-02,7.940760254859924316e-01,6.030231118202209473e-01,1.130229756236076355e-01,1.204507648944854736e-01,3.059999942779541016e-01,2.663970291614532471e-01,1.036361306905746460e-01,2.540207840502262115e-02,6.396817415952682495e-02,-6.537081301212310791e-02,-3.059999942779541016e-01,3.400535508990287781e-02,-3.545551374554634094e-02,1.486500166356563568e-02,5.538431927561759949e-02,2.974770367145538330e-01,2.226728796958923340e-01,4.493442550301551819e-02,1.648405939340591431e-01,-3.059999942779541016e-01,-3.059999942779541016e-01,1.288594398647546768e-02,-1.578304618597030640e-01,6.183639168739318848e-02,-1.019999980926513672e-01,-1.521500051021575928e-01,1.019999980926513672e-01,-2.039999961853027344e-01,1.019999980926513672e-01,-1.019999980926513672e-01,-2.922396175563335419e-02
5.338572710752487183e-02,5.367447063326835632e-02,9.658662080764770508e-01,6.794022768735885620e-02,-2.658981829881668091e-02,7.765580415725708008e-01,6.258072853088378906e-01,8.117245882749557495e-02,1.079506054520606995e-01,4.079999923706054688e-01,2.856419384479522705e-01,9.640625864267349243e-02,3.406705334782600403e-02,6.393546611070632935e-02,-4.732468351721763611e-02,-4.079999923706054688e-01,3.133168444037437439e-02,-4.624671116471290588e-02,1.088219974189996719e-02,7.883559912443161011e-02,3.114892244338989258e-01,2.324381470680236816e-01,1.273464113473892212e-01,2.668406069278717041e-01,-4.079999923706054688e-01,-4.079999923706054688e-01,1.617225119844079018e-03,-1.459607779979705811e-01,4.956371337175369263e-02,-2.039999961853027344e-01,-2.541500031948089600e-01,2.039999961853027344e-01,-3.059999942779541016e-01,2.039999961853027344e-01,-1.530532389879226685e-01,-2.830101549625396729e-02
6.990785896778106689e-02,6.575274467468261719e-02,9.677259325981140137e-01,6.686640530824661255e-02,-2.422257512807846069e-02,7.563183307647705078e-01,6.503266096115112305e-01,4.024674370884895325e-02,8.867003768682479858e-02,4.149011671543121338e-01,2.888076901435852051e-01,8.417833596467971802e-02,4.068608954548835754e-02,5.876807495951652527e-02,-2.813630551099777222e-02,-5.099999904632568359e-01,2.516976743936538696e-02,-5.046282336115837097e-02,8.226809091866016388e-03,1.066644191741943359e-01,3.136135637760162354e-01,2.413349300622940063e-01,2.010028511285781860e-01,3.688406050205230713e-01,-5.099999904632568359e-01,-5.099999904632568359e-01,-1.211639866232872009e-02,-1.362463533878326416e-01,4.215263947844505310e-02,-2.132496833801269531e-01,-3.561500012874603271e-01,3.059999942779541016e-01,-4.079999923706054688e-01,2.645799815654754639e-01,-1.569582819938659668e-01,-3.376381844282150269e-02
8.899404108524322510e-02,8.268604427576065063e-02,9.693869948387145996e-01,6.536868214607238770e-02,-2.106317132711410522e-02,7.330694198608398438e-01,6.766775250434875488e-01,-5.439412780106067657e-03,6.589280813932418823e-02,3.777118623256683350e-01,2.818355858325958252e-01,7.168365269899368286e-02,4.924160614609718323e-02,5.821640044450759888e-02,-6.113931071013212204e-03,-4.946256279945373535e-01,1.475245505571365356e-02,-5.099619552493095398e-02,2.637860598042607307e-03,1.367175132036209106e-01,3.139407038688659668e-01,2.475821375846862793e-01,2.597898244857788086e-01,3.932312130928039551e-01,-6.119999885559082031e-01,-6.119999885559082031e-01,-2.904355153441429138e-02,-1.309389919042587280e-01,4.033841192722320557e-02,-1.613792479038238525e-01,-4.581499993801116943e-01,4.079999923706054688e-01,-5.099999904632568359e-01,2.518541216850280762e-01,-1.512126028537750244e-01,-4.449363425374031067e-02
1.053121909499168396e-01,9.309788793325424194e-02,9.705600738525390625e-01,6.429872661828994751e-02,-1.761508546769618988e-02,7.104390263557434082e-01,7.005938291549682617e-01,-5.225404724478721619e-02,4.407617822289466858e-02,3.304541707038879395e-01,2.666244804859161377e-01,6.334888190031051636e-02,5.890760570764541626e-02,5.555765703320503235e-02,1.117313932627439499e-02,-4.426593780517578125e-01,4.911504220217466354e-03,-4.641260951757431030e-02,-5.799224600195884705e-03,1.661523133516311646e-01,3.139891028404235840e-01,2.458915561437606812e-01,2.968125045299530029e-01,4.009665846824645996e-01,-7.139999866485595703e-01,-7.139999866485595703e-01,-4.788410663604736328e-02,-1.317395269870758057e-01,4.093208163976669312e-02,-1.233764812350273132e-01,-5.601500272750854492e-01,5.099999904632568359e-01,-6.119999885559082031e-01,2.379824966192245483e-01,-1.455488950014114380e-01,-7.252215594053268433e-02
1.235303580760955811e-01,1.057205870747566223e-01,9.711797237396240234e-01,6.291452050209045410e-02,-1.276127155870199203e-02,6.873551607131958008e-01,7.234789133071899414e-01,-9.268608689308166504e-02,2.349785715341567993e-02,2.921681404113769531e-01,2.452640235424041748e-01,5.401100590825080872e-02,7.059388607740402222e-02,5.207894369959831238e-02,2.635608613491058350e-02,-3.854950070381164551e-01,7.367256912402808666e-04,-4.288231581449508667e-02,-1.471779588609933853e-02,1.835550963878631592e-01,3.139945864677429199e-01,2.352193593978881836e-01,3.079310655593872070e-01,3.906217813491821289e-01,-7.873110771179199219e-01,-7.750144004821777344e-01,-7.226723432540893555e-02,-1.310189217329025269e-01,4.914507269859313965e-02,-1.389756053686141968e-01,-6.621500253677368164e-01,5.133528113365173340e-01,-7.139999866485595703e-01,2.285949587821960449e-01,-1.307529360055923462e-01,-1.142737865447998047e-01
1.345465481281280518e-01,1.126856058835983276e-01,9.707790613174438477e-01,6.088969483971595764e-02,-1.016290578991174698e-02,6.695231199264526367e-01,7.402215600013732910e-01,-1.335317492485046387e-01,9.604051709175109863e-03,2.596927285194396973e-01,2.316675037145614624e-01,5.368100106716156006e-02,7.415333390235900879e-02,4.725543782114982605e-02,3.780352324247360229e-02,-3.354020416736602783e-01,1.105088522308506072e-04,-4.369295760989189148e-02,-2.200116403400897980e-02,1.981909722089767456e-01,3.139991760253906250e-01,2.253765314817428589e-01,3.168815076351165771e-01,3.865636587142944336e-01,-7.963771820068359375e-01,-7.790672779083251953e-01,-7.347454130649566650e-02,-1.284876465797424316e-01,5.133519694209098816e-02,-1.192979365587234497e-01,-7.547440528869628906e-01,4.427731931209564209e-01,-7.654863595962524414e-01,2.057992666959762573e-01,-1.169884651899337769e-01,-1.346352100372314453e-01
1.472966223955154419e-01,1.239609196782112122e-01,9.697146415710449219e-01,5.610544234514236450e-02,-6.688427180051803589e-03,6.472244858741760254e-01,7.602025866508483887e-01,-1.768544018268585205e-01,-4.085280932486057281e-03,2.290782332420349121e-01,2.064434438943862915e-01,5.793650448322296143e-02,7.660938799381256104e-02,4.198046401143074036e-02,5.202659964561462402e-02,-2.818964421749114990e-01,1.657632856222335249e-05,-4.363098368048667908e-02,-3.153946623206138611e-02,2.028600573539733887e-01,3.139998912811279297e-01,2.130126953125000000e-01,3.200297057628631592e-01,3.737683892250061035e-01,-7.798366546630859375e-01,-7.767417430877685547e-01,-6.565413624048233032e-02,-1.311679631471633911e-01,4.843494296073913574e-02,-9.987729787826538086e-02,-7.006601691246032715e-01,3.407731950283050537e-01,-7.372876405715942383e-01,1.754067689180374146e-01,-1.064158901572227478e-01,-1.636391431093215942e-01
1.565327793359756470e-01,1.296684443950653076e-01,9.680946469306945801e-01,5.396180972456932068e-02,-5.950133316218852997e-03,6.309038996696472168e-01,7.739592790603637695e-01,-2.112062573432922363e-01,-1.441420055925846100e-02,2.064566314220428467e-01,1.908952891826629639e-01,6.382779777050018311e-02,7.634755969047546387e-02,4.018827527761459351e-02,6.370120495557785034e-02,-2.358425110578536987e-01,2.486451876393402927e-06,-4.705565050244331360e-02,-3.871143236756324768e-02,2.027471959590911865e-01,3.139999806880950928e-01,1.995628476142883301e-01,3.039512634277343750e-01,3.643788099288940430e-01,-7.748222947120666504e-01,-7.706423401832580566e-01,-5.892879888415336609e-02,-1.292342543601989746e-01,4.974536225199699402e-02,-8.984199166297912598e-02,-6.514275670051574707e-01,2.959717214107513428e-01,-7.205523252487182617e-01,1.566811650991439819e-01,-9.892161190509796143e-02,-1.795157492160797119e-01
1.666208654642105103e-01,1.395991742610931396e-01,9.662092328071594238e-01,5.061881244182586670e-02,-6.254652980715036392e-03,6.119971275329589844e-01,7.892135977745056152e-01,-2.402538955211639404e-01,-3.027994371950626373e-02,1.903049051761627197e-01,1.693640202283859253e-01,6.155816465616226196e-02,7.807274907827377319e-02,4.318014532327651978e-02,7.741239666938781738e-02,-1.836382299661636353e-01,3.729786612893803976e-07,-4.771111905574798584e-02,-4.170148819684982300e-02,1.939440667629241943e-01,3.140000104904174805e-01,1.823508292436599731e-01,2.734466493129730225e-01,3.599974215030670166e-01,-7.737936377525329590e-01,-7.710361480712890625e-01,-5.795826390385627747e-02,-1.274848580360412598e-01,4.997909814119338989e-02,-8.307382464408874512e-02,-5.894103050231933594e-01,2.921961247920989990e-01,-7.063597440719604492e-01,1.442399621009826660e-01,-9.210105985403060913e-02,-1.903328597545623779e-01
1.787524670362472534e-01,1.497759819030761719e-01,9.638814926147460938e-01,4.720284417271614075e-02,-6.333891302347183228e-03,5.911966562271118164e-01,8.051200509071350098e-01,-2.713432013988494873e-01,-4.798105359077453613e-02,1.755798757076263428e-01,1.493675410747528076e-01,6.019952148199081421e-02,7.838816940784454346e-02,4.788006842136383057e-02,9.243468195199966431e-02,-1.236515194177627563e-01,5.596530527895993146e-08,-5.038660764694213867e-02,-4.599133133888244629e-02,1.869403570890426636e-01,3.140000104904174805e-01,1.620966643095016479e-01,2.296500355005264282e-01,3.596541583538055420e-01,-7.681530714035034180e-01,-7.765998840332031250e-01,-6.018557026982307434e-02,-1.264676898717880249e-01,5.114860460162162781e-02,-7.142492383718490601e-02,-5.245005488395690918e-01,3.151977062225341797e-01,-7.000123262405395508e-01,1.361689269542694092e-01,-8.821440488100051880e-02,-1.915455609560012817e-01
1.871913820505142212e-01,1.571622341871261597e-01,9.612511992454528809e-01,4.363423585891723633e-02,-8.201077580451965332e-03,5.724071860313415527e-01,8.187666535377502441e-01,-3.013221621513366699e-01,-6.267651170492172241e-02,1.595706790685653687e-01,1.239079236984252930e-01,6.518615037202835083e-02,7.133921235799789429e-02,5.308814719319343567e-02,1.066745594143867493e-01,-6.542789936065673828e-02,1.327631343883695081e-05,-5.406630411744117737e-02,-4.938409477472305298e-02,1.761047691106796265e-01,3.140000104904174805e-01,1.434269398450851440e-01,1.829846650362014771e-01,3.737289011478424072e-01,-7.662653923034667969e-01,-8.021881580352783203e-01,-6.234167516231536865e-02,-1.331562399864196777e-01,5.172571912407875061e-02,-5.415669083595275879e-02,-4.772630631923675537e-01,3.527260422706604004e-01,-7.083703875541687012e-01,1.369468867778778076e-01,-8.835316449403762817e-02,-1.907433718442916870e-01
1.992706507444381714e-01,1.695138067007064819e-01,9.588308334350585938e-01,4.075857996940612793e-02,-9.647175669670104980e-03,5.520397424697875977e-01,8.327651619911193848e-01,-3.230761587619781494e-01,-7.864764332771301270e-02,1.490978747606277466e-01,1.031466796994209290e-01,6.365204602479934692e-02,6.933209300041198730e-02,6.379523873329162598e-02,1.200715303421020508e-01,-6.446877028793096542e-03,1.764528453350067139e-03,-5.974996462464332581e-02,-4.955324158072471619e-02,1.635173708200454712e-01,3.140000104904174805e-01,1.220181435346603394e-01,1.111188679933547974e-01,3.877747654914855957e-01,-7.703759074211120605e-01,-8.310902714729309082e-01,-6.096306443214416504e-02,-1.430916041135787964e-01,6.434474140405654907e-02,-3.736370801925659180e-02,-4.394149482250213623e-01,4.146840870380401611e-01,-7.113661170005798340e-01,1.448927819728851318e-01,-8.564874529838562012e-02,-1.915032118558883667e-01
2.078481614589691162e-01,1.802287101745605469e-01,9.563882946968078613e-01,3.850799798965454102e-02,-1.121432799845933914e-02,5.382109880447387695e-01,8.418552875518798828e-01,-3.347845673561096191e-01,-8.622642606496810913e-02,1.361110210418701172e-01,8.113397657871246338e-02,6.917636841535568237e-02,6.661833822727203369e-02,7.420555502176284790e-02,1.297456622123718262e-01,4.077490046620368958e-02,5.325291771441698074e-03,-6.617481261491775513e-02,-5.142915993928909302e-02,1.527441889047622681e-01,3.140000104904174805e-01,1.034899801015853882e-01,4.997792094945907593e-02,4.125663638114929199e-01,-7.616070508956909180e-01,-8.687215447425842285e-01,-5.869060009717941284e-02,-1.528959721326828003e-01,7.945609092712402344e-02,-1.807977817952632904e-02,-4.235752522945404053e-01,4.712255299091339111e-01,-7.191286683082580566e-01,1.498533785343170166e-01,-8.588231354951858521e-02,-1.816306114196777344e-01
2.183734625577926636e-01,1.926524192094802856e-01,9.542830586433410645e-01,3.816030547022819519e-02,-1.497572567313909531e-02,5.225668549537658691e-01,8.516122698783874512e-01,-3.375718295574188232e-01,-9.485951811075210571e-02,1.286942660808563232e-01,4.662799090147018433e-02,7.077111303806304932e-02,6.232194975018501282e-02,9.158243983983993530e-02,1.383936405181884766e-01,9.402148425579071045e-02,1.016300357878208160e-02,-6.938567757606506348e-02,-5.379443988204002380e-02,1.299551874399185181e-01,3.140000104904174805e-01,7.749804109334945679e-02,-2.390821650624275208e-02,4.474751949310302734e-01,-7.506775856018066406e-01,-9.156125187873840332e-01,-6.137820333242416382e-02,-1.656058579683303833e-01,9.193936735391616821e-02,-4.624827764928340912e-03,-4.033859074115753174e-01,5.378138422966003418e-01,-7.222953438758850098e-01,1.587025225162506104e-01,-8.638720959424972534e-02,-1.726028174161911011e-01
2.293283790349960327e-01,2.077433168888092041e-01,9.525498747825622559e-01,3.753619641065597534e-02,-1.786329038441181183e-02,5.046496987342834473e-01,8.623228073120117188e-01,-3.274573087692260742e-01,-9.538048505783081055e-02,1.328657269477844238e-01,1.487325876951217651e-02,7.760497927665710449e-02,5.566634237766265869e-02,1.082491204142570496e-01,1.440856605768203735e-01,1.388560235500335693e-01,2.090885862708091736e-02,-6.927104294300079346e-02,-4.935367032885551453e-02,1.046909093856811523e-01,3.140000104904174805e-01,5.178293213248252869e-02,-8.632472157478332520e-02,4.995151460170745850e-01,-7.257124185562133789e-01,-9.833992719650268555e-01,-6.117959693074226379e-02,-1.845309436321258545e-01,1.002954691648483276e-01,6.759308278560638428e-03,-4.004274606704711914e-01,5.965050458908081055e-01,-7.320051789283752441e-01,1.685190796852111816e-01,-8.894295990467071533e-02,-1.533008813858032227e-01
2.372904121875762939e-01,2.225840240716934204e-01,9.509673714637756348e-01,3.825109824538230896e-02,-2.395648881793022156e-02,4.921607673168182373e-01,8.693335056304931641e-01,-3.118552565574645996e-01,-9.128037840127944946e-02,1.417526304721832275e-01,2.230988815426826477e-03,8.607421815395355225e-02,4.655630886554718018e-02,1.249424666166305542e-01,1.487565189599990845e-01,1.774044632911682129e-01,4.323877394199371338e-02,-7.271969318389892578e-02,-4.484659805893898010e-02,7.782821357250213623e-02,3.139791190624237061e-01,2.691391669213771820e-02,-1.484169661998748779e-01,5.634236931800842285e-01,-6.795191168785095215e-01,-1.053866267204284668e+00,-5.954532325267791748e-02,-2.001078724861145020e-01,1.099074557423591614e-01,2.363965660333633423e-02,-4.024334251880645752e-01,6.401829719543457031e-01,-7.360938191413879395e-01,1.729230433702468872e-01,-8.872114121913909912e-02,-1.318811327219009399e-01
2.474506348371505737e-01,2.334289997816085815e-01,9.500128626823425293e-01,4.199041798710823059e-02,-3.268070891499519348e-02,4.766150414943695068e-01,8.775003552436828613e-01,-2.835139930248260498e-01,-8.269830793142318726e-02,1.539321243762969971e-01,3.346483281347900629e-04,1.011436581611633301e-01,3.825807943940162659e-02,1.423004418611526489e-01,1.539586335420608521e-01,2.214182466268539429e-01,7.450903207063674927e-02,-6.817858666181564331e-02,-2.995191514492034912e-02,5.389029160141944885e-02,3.139909505844116211e-01,3.980356559623032808e-04,-2.106400579214096069e-01,6.285496354103088379e-01,-6.346283555030822754e-01,-1.104013681411743164e+00,-6.100596487522125244e-02,-2.075181603431701660e-01,1.172394081950187683e-01,3.355552256107330322e-02,-3.953716158866882324e-01,6.663550734519958496e-01,-7.222079038619995117e-01,1.643538475036621094e-01,-8.485050499439239502e-02,-1.144572198390960693e-01
2.529335618019104004e-01,2.504172623157501221e-01,9.503237605094909668e-01,4.430945962667465210e-02,-3.810484334826469421e-02,4.650823771953582764e-01,8.833363056182861328e-01,-2.534651756286621094e-01,-7.567659765481948853e-02,1.760147511959075928e-01,5.019724994781427085e-05,1.080092191696166992e-01,3.290856629610061646e-02,1.526575386524200439e-01,1.524357348680496216e-01,2.465792149305343628e-01,1.143800318241119385e-01,-5.380004644393920898e-02,-5.710122641175985336e-03,2.358072623610496521e-02,3.137452304363250732e-01,-3.042063862085342407e-02,-2.590407729148864746e-01,6.971895694732666016e-01,-5.768844485282897949e-01,-1.145858645439147949e+00,-6.578212231397628784e-02,-2.133685201406478882e-01,1.302785724401473999e-01,5.721979215741157532e-02,-4.063366353511810303e-01,6.687902808189392090e-01,-7.157666683197021484e-01,1.561399251222610474e-01,-8.288521319627761841e-02,-1.040727868676185608e-01
2.607389390468597412e-01,2.702116668224334717e-01,9.515972733497619629e-01,4.641502350568771362e-02,-3.539969772100448608e-02,4.527918100357055664e-01,8.897033929824829102e-01,-2.300108224153518677e-01,-7.554314285516738892e-02,1.938167959451675415e-01,7.529587037424789742e-06,1.007186844944953918e-01,3.602015599608421326e-02,1.505076438188552856e-01,1.420239955186843872e-01,2.453834861516952515e-01,1.573855280876159668e-01,-2.347983047366142273e-02,2.399150282144546509e-02,-6.814179942011833191e-03,3.052468895912170410e-01,-6.492714583873748779e-02,-3.056920766830444336e-01,7.550345659255981445e-01,-5.270832777023315430e-01,-1.170117497444152832e+00,-7.595492154359817505e-02,-2.122126519680023193e-01,1.410206258296966553e-01,8.000925928354263306e-02,-4.162103533744812012e-01,6.592788100242614746e-01,-7.122050523757934570e-01,1.399966627359390259e-01,-7.981838285923004150e-02,-8.457974344491958618e-02
2.706220746040344238e-01,2.936964929103851318e-01,9.531266689300537109e-01,4.707974940538406372e-02,-2.349704504013061523e-02,4.462291002273559570e-01,8.933705687522888184e-01,-2.206116765737533569e-01,-8.612028509378433228e-02,2.236970067024230957e-01,1.129438032876350917e-06,6.948080658912658691e-02,4.787936061620712280e-02,1.307724416255950928e-01,1.266534924507141113e-01,2.328975647687911987e-01,2.113627940416336060e-01,3.208879381418228149e-02,7.205642759799957275e-02,-4.015012457966804504e-02,2.817795872688293457e-01,-1.078225076198577881e-01,-3.277727663516998291e-01,8.112236857414245605e-01,-4.997523725032806396e-01,-1.188242435455322266e+00,-9.076493233442306519e-02,-2.110917866230010986e-01,1.323745548725128174e-01,1.166870892047882080e-01,-4.280670285224914551e-01,6.348296999931335449e-01,-7.261315584182739258e-01,1.238960549235343933e-01,-8.068042993545532227e-02,-6.095083430409431458e-02
2.859109938144683838e-01,3.175506591796875000e-01,9.546319842338562012e-01,5.215011164546012878e-02,-1.429389230906963348e-02,4.360247254371643066e-01,8.983086943626403809e-01,-2.018834054470062256e-01,-9.889029711484909058e-02,2.572264671325683594e-01,1.694157134579654667e-07,3.070010244846343994e-02,6.262654066085815430e-02,1.187024042010307312e-01,1.045480370521545410e-01,1.949811726808547974e-01,2.639434635639190674e-01,1.241298839449882507e-01,1.302680522203445435e-01,-6.912761926651000977e-02,2.667212188243865967e-01,-1.481564790010452271e-01,-3.567677736282348633e-01,8.581233024597167969e-01,-4.684314727783203125e-01,-1.192811012268066406e+00,-9.954912960529327393e-02,-2.096312791109085083e-01,1.287796199321746826e-01,1.410740762948989868e-01,-4.416528344154357910e-01,6.225139498710632324e-01,-7.349305748939514160e-01,1.165055036544799805e-01,-7.956323772668838501e-02,-4.323401302099227905e-02
2.947125136852264404e-01,3.352249562740325928e-01,9.560486078262329102e-01,5.504746362566947937e-02,-1.043200865387916565e-02,4.321338236331939697e-01,9.000673890113830566e-01,-1.846816390752792358e-01,-1.096305921673774719e-01,2.827835083007812500e-01,2.541235666342345212e-08,5.965171847492456436e-03,7.315057516098022461e-02,1.144380196928977966e-01,8.957126736640930176e-02,1.580506414175033569e-01,3.016984462738037109e-01,2.142532914876937866e-01,1.827766746282577515e-01,-8.554594963788986206e-02,2.578048706054687500e-01,-1.748141795396804810e-01,-3.781297504901885986e-01,8.888759016990661621e-01,-4.552462995052337646e-01,-1.187708854675292969e+00,-1.157506853342056274e-01,-2.075287699699401855e-01,1.318979412317276001e-01,1.667606979608535767e-01,-4.455159008502960205e-01,6.002447009086608887e-01,-7.386133670806884766e-01,1.150798872113227844e-01,-7.928603887557983398e-02,-3.801252692937850952e-02
3.049045503139495850e-01,3.529145121574401855e-01,9.577721357345581055e-01,5.581626296043395996e-02,-8.075661025941371918e-03,4.303856790065765381e-01,9.008815288543701172e-01,-1.666744649410247803e-01,-1.160025000572204590e-01,2.998187243938446045e-01,3.811853499513517818e-09,-1.540772616863250732e-02,8.468768745660781860e-02,1.083581298589706421e-01,7.643391937017440796e-02,1.148458197712898254e-01,3.441648483276367188e-01,2.976775765419006348e-01,2.271577417850494385e-01,-9.844426065683364868e-02,2.528481185436248779e-01,-1.907638907432556152e-01,-3.955596983432769775e-01,9.076019525527954102e-01,-4.479805529117584229e-01,-1.175250530242919922e+00,-1.360789239406585693e-01,-2.046749591827392578e-01,1.348705291748046875e-01,1.893419325351715088e-01,-4.442650675773620605e-01,5.799179673194885254e-01,-7.384570837020874023e-01,1.135898306965827942e-01,-7.999310642480850220e-02,-3.468435630202293396e-02
3.228776156902313232e-01,3.743119239807128906e-01,9.601799249649047852e-01,5.430864915251731873e-02,-4.966337233781814575e-03,4.319936037063598633e-01,9.002263545989990234e-01,-1.449974030256271362e-01,-1.167047917842864990e-01,3.077224493026733398e-01,5.717780138247974264e-10,-4.220626875758171082e-02,9.873595833778381348e-02,9.378892928361892700e-02,6.562352925539016724e-02,5.992418527603149414e-02,4.114704430103302002e-01,3.799842000007629395e-01,2.571986615657806396e-01,-1.200060918927192688e-01,2.471717298030853271e-01,-2.003926336765289307e-01,-4.229427874088287354e-01,9.155225753784179688e-01,-4.387472569942474365e-01,-1.149276971817016602e+00,-1.477888673543930054e-01,-2.013823837041854858e-01,1.282894164323806763e-01,2.124816775321960449e-01,-4.474201500415802002e-01,5.668392181396484375e-01,-7.398871183395385742e-01,1.070662289857864380e-01,-8.157827705144882202e-02,-1.663174107670783997e-02
3.310072124004364014e-01,3.919365406036376953e-01,9.624530673027038574e-01,5.009427294135093689e-02,-7.841096259653568268e-03,4.392906129360198975e-01,8.969129323959350586e-01,-1.253277361392974854e-01,-1.142812669277191162e-01,3.030739128589630127e-01,8.576670623705595631e-11,-6.186042726039886475e-02,1.123173460364341736e-01,7.661714404821395874e-02,5.207176879048347473e-02,-6.772343069314956665e-03,4.782949090003967285e-01,4.416921138763427734e-01,2.601941227912902832e-01,-1.290188431739807129e-01,2.497266829013824463e-01,-1.963639855384826660e-01,-4.547843635082244873e-01,9.072905182838439941e-01,-4.282000362873077393e-01,-1.119196653366088867e+00,-1.624719947576522827e-01,-1.957997977733612061e-01,1.344308704137802124e-01,2.339898496866226196e-01,-4.440704286098480225e-01,5.533056259155273438e-01,-7.333232164382934570e-01,1.147151291370391846e-01,-7.919652760028839111e-02,-1.153403427451848984e-02
3.358802795410156250e-01,4.106067717075347900e-01,9.647473692893981934e-01,4.516506567597389221e-02,-1.137177180498838425e-02,4.472515583038330078e-01,8.931947350502014160e-01,-1.065315529704093933e-01,-1.128249019384384155e-01,2.855619192123413086e-01,1.286500506819665546e-11,-8.082924783229827881e-02,1.262646168470382690e-01,4.871575161814689636e-02,3.664846345782279968e-02,-6.951006501913070679e-02,5.472530722618103027e-01,4.513038098812103271e-01,2.473740130662918091e-01,-1.395725160837173462e-01,2.533235251903533936e-01,-1.882460862398147583e-01,-4.836634993553161621e-01,8.950713276863098145e-01,-4.358872771263122559e-01,-1.102992057800292969e+00,-1.742073744535446167e-01,-1.904777884483337402e-01,1.321981400251388550e-01,2.592792212963104248e-01,-4.352624714374542236e-01,5.371728539466857910e-01,-7.234240770339965820e-01,1.208130419254302979e-01,-7.898434251546859741e-02,-8.781529963016510010e-03
3.384109437465667725e-01,4.228725433349609375e-01,9.674317240715026855e-01,4.153604805469512939e-02,-1.890022121369838715e-02,4.602148532867431641e-01,8.866339921951293945e-01,-8.773926645517349243e-02,-1.090324968099594116e-01,2.617507278919219971e-01,1.929755834295665551e-12,-8.883996307849884033e-02,1.321114152669906616e-01,2.263719215989112854e-02,2.376750670373439789e-02,-1.082870215177536011e-01,5.907170176506042480e-01,4.522845447063446045e-01,2.141055017709732056e-01,-1.507412940263748169e-01,2.610695064067840576e-01,-1.780490577220916748e-01,-5.179592967033386230e-01,8.819882273674011230e-01,-4.752027690410614014e-01,-1.092669248580932617e+00,-1.696357727050781250e-01,-1.895776242017745972e-01,1.158636286854743958e-01,2.694585025310516357e-01,-4.166375398635864258e-01,5.371866822242736816e-01,-7.059506773948669434e-01,1.321115791797637939e-01,-8.256357163190841675e-02,-4.195461980998516083e-03
3.378379344940185547e-01,4.356267154216766357e-01,9.699155688285827637e-01,4.143312945961952209e-02,-3.033332340419292450e-02,4.721034169197082520e-01,8.800463676452636719e-01,-6.103395298123359680e-02,-1.088582128286361694e-01,2.365551441907882690e-01,2.894598352242566675e-13,-9.414938837289810181e-02,1.357497721910476685e-01,1.424817135557532310e-03,9.507224895060062408e-03,-1.404757946729660034e-01,6.193936467170715332e-01,4.093099534511566162e-01,1.749531924724578857e-01,-1.595312207937240601e-01,2.772741615772247314e-01,-1.696888953447341919e-01,-5.639153122901916504e-01,8.543955683708190918e-01,-5.343434214591979980e-01,-1.063442111015319824e+00,-1.596377789974212646e-01,-1.861526817083358765e-01,1.109575256705284119e-01,2.648118734359741211e-01,-3.902106583118438721e-01,5.475760102272033691e-01,-6.812793016433715820e-01,1.409332007169723511e-01,-8.387899398803710938e-02,-7.176746614277362823e-03
3.420399725437164307e-01,4.469705820083618164e-01,9.721122384071350098e-01,4.192481189966201782e-02,-3.699333220720291138e-02,4.904332756996154785e-01,8.696832656860351562e-01,-3.988073393702507019e-02,-1.096704825758934021e-01,1.989931911230087280e-01,4.342443830733511145e-14,-9.205579757690429688e-02,1.348379999399185181e-01,-2.829969860613346100e-02,-6.600577384233474731e-03,-1.568451970815658569e-01,6.152285933494567871e-01,3.556497097015380859e-01,1.398287415504455566e-01,-1.742112487554550171e-01,2.837157249450683594e-01,-1.616713553667068481e-01,-5.711233019828796387e-01,8.288164138793945312e-01,-5.873726010322570801e-01,-1.052829504013061523e+00,-1.637865751981735229e-01,-1.893446594476699829e-01,1.003726124763488770e-01,2.730613350868225098e-01,-3.809688687324523926e-01,5.664486289024353027e-01,-6.800844669342041016e-01,1.473279148340225220e-01,-8.607140928506851196e-02,-4.950759932398796082e-03
3.448598384857177734e-01,4.601569771766662598e-01,9.739824533462524414e-01,4.413053393363952637e-02,-4.304485023021697998e-02,5.125599503517150879e-01,8.564355969429016113e-01,-1.880182512104511261e-02,-1.146756336092948914e-01,1.602121144533157349e-01,6.508979790429466478e-15,-8.873139321804046631e-02,1.292114108800888062e-01,-5.147296562790870667e-02,-1.921611465513706207e-02,-1.632661372423171997e-01,5.798836350440979004e-01,2.974085211753845215e-01,1.121692433953285217e-01,-1.857264190912246704e-01,2.933984994888305664e-01,-1.564487814903259277e-01,-5.535438656806945801e-01,8.046944737434387207e-01,-6.251047253608703613e-01,-1.049324870109558105e+00,-1.764306873083114624e-01,-1.924351751804351807e-01,1.020303592085838318e-01,2.842930257320404053e-01,-3.715298771858215332e-01,5.813993811607360840e-01,-6.909401416778564453e-01,1.543511003255844116e-01,-8.444859832525253296e-02,-7.912292145192623138e-03
3.486202061176300049e-01,4.726539254188537598e-01,9.756948351860046387e-01,4.518283531069755554e-02,-4.678673297166824341e-02,5.392584204673767090e-01,8.396248221397399902e-01,-3.045404562726616859e-03,-1.186803653836250305e-01,1.143001988530158997e-01,9.760542763294962482e-16,-8.229912817478179932e-02,1.234985440969467163e-01,-7.390321791172027588e-02,-2.840882539749145508e-02,-1.517104208469390869e-01,5.291451215744018555e-01,2.490389645099639893e-01,9.697993099689483643e-02,-1.975973248481750488e-01,3.021168708801269531e-01,-1.491807550191879272e-01,-5.136418938636779785e-01,7.846021652221679688e-01,-6.689195036888122559e-01,-1.058013439178466797e+00,-1.777328848838806152e-01,-1.985512673854827881e-01,9.631649404764175415e-02,2.905247509479522705e-01,-3.636238574981689453e-01,5.917068123817443848e-01,-7.036663889884948730e-01,1.539108902215957642e-01,-8.619578182697296143e-02,-1.328220497816801071e-02
3.547038137912750244e-01,4.826578795909881592e-01,9.766622781753540039e-01,4.696237668395042419e-02,-4.594687744975090027e-02,5.693217515945434570e-01,8.194853067398071289e-01,4.247790668159723282e-03,-1.240579858422279358e-01,6.175477802753448486e-02,1.455794864701475950e-16,-7.127349078655242920e-02,1.150638684630393982e-01,-9.771331399679183960e-02,-3.255650773644447327e-02,-1.206979081034660339e-01,4.638500511646270752e-01,2.137286514043807983e-01,9.411723166704177856e-02,-2.100818306207656860e-01,3.072642385959625244e-01,-1.451520770788192749e-01,-4.399953782558441162e-01,7.652015686035156250e-01,-6.946398019790649414e-01,-1.077683448791503906e+00,-1.869960874319076538e-01,-2.047793120145797729e-01,9.753283113241195679e-02,3.053575754165649414e-01,-3.596624732017517090e-01,6.021078824996948242e-01,-7.287309765815734863e-01,1.473434120416641235e-01,-8.985877782106399536e-02,-1.735509000718593597e-02
3.591741919517517090e-01,4.874903261661529541e-01,9.774654507637023926e-01,4.851360246539115906e-02,-4.656710103154182434e-02,5.905360579490661621e-01,8.042046427726745605e-01,8.989483118057250977e-03,-1.258707791566848755e-01,2.616484090685844421e-02,2.484817803757038035e-17,-6.247450411319732666e-02,1.048537492752075195e-01,-1.125564724206924438e-01,-3.235296905040740967e-02,-9.345716983079910278e-02,4.140851497650146484e-01,1.891850084066390991e-01,9.624255448579788208e-02,-2.145217955112457275e-01,3.129111230373382568e-01,-1.383580118417739868e-01,-3.751691579818725586e-01,7.409571409225463867e-01,-7.207204103469848633e-01,-1.078954339027404785e+00,-1.902179270982742310e-01,-2.083732038736343384e-01,9.441897273063659668e-02,3.010952770709991455e-01,-3.546228706836700439e-01,6.223731040954589844e-01,-7.405411005020141602e-01,1.517509669065475464e-01,-9.115894138813018799e-02,-1.681734807789325714e-02
3.623933494091033936e-01,4.922026395797729492e-01,9.780005216598510742e-01,4.756568744778633118e-02,-4.405764862895011902e-02,6.214482784271240234e-01,7.807678580284118652e-01,3.851776011288166046e-03,-1.290189474821090698e-01,-2.780828811228275299e-02,1.074502691267298360e-07,-4.691372066736221313e-02,9.796793758869171143e-02,-1.312520503997802734e-01,-3.142784908413887024e-02,-4.736199602484703064e-02,3.449947237968444824e-01,1.761367321014404297e-01,1.044912189245223999e-01,-2.116404175758361816e-01,3.138240873813629150e-01,-1.252497732639312744e-01,-2.975709438323974609e-01,7.098359465599060059e-01,-7.777592539787292480e-01,-1.067594408988952637e+00,-2.084534019231796265e-01,-2.104942649602890015e-01,8.915336430072784424e-02,3.002027273178100586e-01,-3.549834489822387695e-01,6.432762742042541504e-01,-7.509329915046691895e-01,1.467638462781906128e-01,-9.608026593923568726e-02,-1.830857433378696442e-02
3.631411194801330566e-01,4.964794218540191650e-01,9.785568714141845703e-01,4.431768134236335754e-02,-4.190215840935707092e-02,6.580062508583068848e-01,7.505384087562561035e-01,-6.718831136822700500e-03,-1.324373334646224976e-01,-9.684031456708908081e-02,5.496969242813065648e-05,-3.106953762471675873e-02,8.761698752641677856e-02,-1.549358963966369629e-01,-2.656049467623233795e-02,2.377075701951980591e-02,2.718932330608367920e-01,1.670605540275573730e-01,1.178751066327095032e-01,-2.009498327970504761e-01,3.139491081237792969e-01,-1.077264994382858276e-01,-2.008984833955764771e-01,6.858119964599609375e-01,-8.432209491729736328e-01,-1.047913670539855957e+00,-2.154335677623748779e-01,-2.128781825304031372e-01,8.362594246864318848e-02,3.043573796749114990e-01,-3.721680939197540283e-01,6.608549952507019043e-01,-7.814905643463134766e-01,1.267445087432861328e-01,-1.050157994031906128e-01,-2.894921228289604187e-02
3.728418946266174316e-01,5.013489723205566406e-01,9.791643619537353516e-01,4.255656898021697998e-02,-3.746810182929039001e-02,6.861276030540466309e-01,7.252682447433471680e-01,-1.799463853240013123e-02,-1.317676007747650146e-01,-1.496076732873916626e-01,3.282344201579689980e-03,-2.195717021822929382e-02,7.281407713890075684e-02,-1.644472330808639526e-01,-1.983366720378398895e-02,7.482265681028366089e-02,2.196115702390670776e-01,1.504626274108886719e-01,1.250032633543014526e-01,-1.824492216110229492e-01,3.139903247356414795e-01,-8.859859406948089600e-02,-1.268001347780227661e-01,6.628300547599792480e-01,-9.058735370635986328e-01,-1.007454991340637207e+00,-2.203296422958374023e-01,-2.151197046041488647e-01,7.045382261276245117e-02,2.921914458274841309e-01,-3.957794010639190674e-01,6.907988786697387695e-01,-8.033474087715148926e-01,1.118657886981964111e-01,-1.113408729434013367e-01,-2.971953153610229492e-02
3.781182467937469482e-01,5.066761374473571777e-01,9.797763824462890625e-01,3.996585682034492493e-02,-3.566755726933479309e-02,7.030813097953796387e-01,7.090890407562255859e-01,-2.414318919181823730e-02,-1.285260766744613647e-01,-1.789447516202926636e-01,4.495007917284965515e-03,-2.050303667783737183e-02,5.672144144773483276e-02,-1.646247655153274536e-01,-1.926205679774284363e-02,9.162537008523941040e-02,1.884006261825561523e-01,1.353658139705657959e-01,1.267700046300888062e-01,-1.637846082448959351e-01,3.139972388744354248e-01,-7.387068122625350952e-02,-6.143985316157341003e-02,6.358762979507446289e-01,-9.351145625114440918e-01,-9.691714048385620117e-01,-2.307851612567901611e-01,-2.162482142448425293e-01,4.823325574398040771e-02,2.859245836734771729e-01,-4.145387709140777588e-01,7.029013037681579590e-01,-8.262029290199279785e-01,1.089705228805541992e-01,-1.148716807365417480e-01,-2.187612652778625488e-02
3.850978314876556396e-01,5.132652521133422852e-01,9.803443551063537598e-01,3.944810479879379272e-02,-3.432130441069602966e-02,7.201622128486633301e-01,6.918326020240783691e-01,-2.658823318779468536e-02,-1.250747442245483398e-01,-2.001671195030212402e-01,6.600036285817623138e-03,-1.794104091823101044e-02,3.996111825108528137e-02,-1.524831354618072510e-01,-2.326701208949089050e-02,7.286870479583740234e-02,1.609472632408142090e-01,1.216629594564437866e-01,1.239986643195152283e-01,-1.284035593271255493e-01,3.139988183975219727e-01,-5.774122104048728943e-02,-5.849797162227332592e-04,6.153885126113891602e-01,-9.518750309944152832e-01,-9.285277724266052246e-01,-2.390841841697692871e-01,-2.161681652069091797e-01,2.348294295370578766e-02,2.798063158988952637e-01,-4.433621168136596680e-01,7.065701484680175781e-01,-8.537619709968566895e-01,1.034670919179916382e-01,-1.169445589184761047e-01,-7.899586111307144165e-03
3.901079297065734863e-01,5.201376080513000488e-01,9.809532761573791504e-01,3.836716338992118835e-02,-3.277619555592536926e-02,7.347130775451660156e-01,6.764985918998718262e-01,-2.897113002836704254e-02,-1.221872121095657349e-01,-2.137316167354583740e-01,8.754244074225425720e-03,-1.627747528254985809e-02,2.388059720396995544e-02,-1.374500095844268799e-01,-2.702327631413936615e-02,5.122929811477661133e-02,1.443328410387039185e-01,1.104762330651283264e-01,1.183237135410308838e-01,-1.022430136799812317e-01,3.139971494674682617e-01,-4.348654672503471375e-02,6.206469610333442688e-02,6.019650101661682129e-01,-9.440745711326599121e-01,-9.085009694099426270e-01,-2.399719357490539551e-01,-2.190905809402465820e-01,-1.515066687716171145e-04,2.755072712898254395e-01,-4.737609028816223145e-01,6.985627412796020508e-01,-8.869024515151977539e-01,9.634110331535339355e-02,-1.219571754336357117e-01,8.060426451265811920e-03
3.965147435665130615e-01,5.280084609985351562e-01,9.818318486213684082e-01,3.719831630587577820e-02,-3.083832003176212311e-02,7.494131922721862793e-01,6.603371500968933105e-01,-3.244274854660034180e-02,-1.185056641697883606e-01,-2.277274876832962036e-01,1.266777981072664261e-02,-1.210436131805181503e-02,9.856211021542549133e-03,-1.141145229339599609e-01,-2.963224612176418304e-02,1.236995495855808258e-02,1.199734583497047424e-01,9.444587677717208862e-02,1.103112921118736267e-01,-6.237940862774848938e-02,3.139995634555816650e-01,-2.337212860584259033e-02,1.182496845722198486e-01,5.951845645904541016e-01,-9.299471974372863770e-01,-8.944739103317260742e-01,-2.296501994132995605e-01,-2.212523370981216431e-01,-2.196933701634407043e-02,2.695118784904479980e-01,-5.158870816230773926e-01,6.872423291206359863e-01,-9.205596446990966797e-01,8.798500895500183105e-02,-1.254801154136657715e-01,2.619106322526931763e-02
4.066199958324432373e-01,5.362605452537536621e-01,9.827561378479003906e-01,3.629851341247558594e-02,-2.759298309683799744e-02,7.642792463302612305e-01,6.432715654373168945e-01,-3.702263534069061279e-02,-1.127632409334182739e-01,-2.394342273473739624e-01,1.461353339254856110e-02,-6.134928204119205475e-03,-6.875708233565092087e-03,-9.285277128219604492e-02,-2.903845347464084625e-02,-3.198821097612380981e-02,1.001754328608512878e-01,7.066675275564193726e-02,9.948836266994476318e-02,-2.295907400548458099e-02,3.139999508857727051e-01,-9.111612453125417233e-04,1.655761897563934326e-01,5.910312533378601074e-01,-9.014514088630676270e-01,-9.007092118263244629e-01,-2.064121067523956299e-01,-2.251953333616256714e-01,-3.732367604970932007e-02,2.614539265632629395e-01,-5.651235580444335938e-01,6.674799919128417969e-01,-9.629645943641662598e-01,8.389408886432647705e-02,-1.292236000299453735e-01,3.992879763245582581e-02
4.184952676296234131e-01,5.440539121627807617e-01,9.835041761398315430e-01,3.482350334525108337e-02,-2.327171340584754944e-02,7.804452776908874512e-01,6.238196492195129395e-01,-4.595699533820152283e-02,-1.063572317361831665e-01,-2.541228830814361572e-01,1.659559085965156555e-02,2.490500221028923988e-03,-2.718455158174037933e-02,-7.566890865564346313e-02,-2.636535279452800751e-02,-8.020652830600738525e-02,8.508572727441787720e-02,4.606171324849128723e-02,8.694021403789520264e-02,1.978338509798049927e-02,3.139999806880950928e-01,2.387358620762825012e-02,1.953215301036834717e-01,5.836704373359680176e-01,-8.630352020263671875e-01,-9.142965674400329590e-01,-1.748695373535156250e-01,-2.291480600833892822e-01,-4.340448603034019470e-02,2.469578385353088379e-01,-6.110227704048156738e-01,6.379122734069824219e-01,-9.922149181365966797e-01,7.966049015522003174e-02,-1.327210813760757446e-01,4.843793436884880066e-02
4.250051379203796387e-01,5.486516952514648438e-01,9.837166666984558105e-01,3.401198983192443848e-02,-2.131528407335281372e-02,7.948122024536132812e-01,6.055265069007873535e-01,-5.505375191569328308e-02,-1.023519635200500488e-01,-2.556863129138946533e-01,1.940204575657844543e-02,9.126085788011550903e-03,-5.071611329913139343e-02,-6.178155168890953064e-02,-2.493534237146377563e-02,-1.240753903985023499e-01,7.794468104839324951e-02,2.654634229838848114e-02,7.553113251924514771e-02,5.237288028001785278e-02,3.140000104904174805e-01,4.146067798137664795e-02,2.238794416189193726e-01,5.899848937988281250e-01,-8.246609568595886230e-01,-9.464077949523925781e-01,-1.547355949878692627e-01,-2.313582599163055420e-01,-4.836662858724594116e-02,2.362458109855651855e-01,-6.518779397010803223e-01,6.031321883201599121e-01,-1.017537474632263184e+00,7.943471521139144897e-02,-1.340151429176330566e-01,5.609936267137527466e-02
4.380244910717010498e-01,5.524367094039916992e-01,9.835207462310791016e-01,3.286601975560188293e-02,-1.752579770982265472e-02,8.112692832946777344e-01,5.834850668907165527e-01,-7.185193896293640137e-02,-9.680037200450897217e-02,-2.615103721618652344e-01,2.538710273802280426e-02,1.802288927137851715e-02,-7.835609465837478638e-02,-5.220670998096466064e-02,-2.043119445443153381e-02,-1.729290336370468140e-01,7.224281132221221924e-02,6.505137425847351551e-04,6.201630830764770508e-02,9.103167057037353516e-02,3.140000104904174805e-01,6.433110684156417847e-02,2.260422110557556152e-01,5.888864994049072266e-01,-7.889588475227355957e-01,-9.798689484596252441e-01,-1.298657804727554321e-01,-2.294095754623413086e-01,-4.524474218487739563e-02,2.127390056848526001e-01,-6.932163238525390625e-01,5.672543048858642578e-01,-1.026279211044311523e+00,8.213368058204650879e-02,-1.357997059822082520e-01,5.967618525028228760e-02
4.449773132801055908e-01,5.517808794975280762e-01,9.829060435295104980e-01,3.119496814906597137e-02,-1.575196534395217896e-02,8.256300091743469238e-01,5.631285905838012695e-01,-9.004913270473480225e-02,-9.398964792490005493e-02,-2.601153850555419922e-01,3.019138053059577942e-02,2.431325055658817291e-02,-1.026137471199035645e-01,-4.635738208889961243e-02,-1.762506552040576935e-02,-2.129277884960174561e-01,6.811658293008804321e-02,-1.797887496650218964e-02,5.194349586963653564e-02,1.200471445918083191e-01,3.140000104904174805e-01,7.952868193387985229e-02,2.241510748863220215e-01,5.874800086021423340e-01,-7.535966038703918457e-01,-1.018736004829406738e+00,-9.753298759460449219e-02,-2.249042093753814697e-01,-3.813662007451057434e-02,1.842974871397018433e-01,-7.222267985343933105e-01,5.285325050354003906e-01,-1.027228355407714844e+00,8.354810625314712524e-02,-1.349181830883026123e-01,5.191211402416229248e-02
4.550452530384063721e-01,5.539827346801757812e-01,9.821743369102478027e-01,2.836147323250770569e-02,-1.240871287882328033e-02,8.423262238502502441e-01,5.380782485008239746e-01,-1.098656728863716125e-01,-8.958355337381362915e-02,-2.547432780265808105e-01,2.942183054983615875e-02,3.532836958765983582e-02,-1.323160976171493530e-01,-4.079550877213478088e-02,-1.304093748331069946e-02,-2.604274153709411621e-01,6.274057179689407349e-02,-4.143308848142623901e-02,4.128062352538108826e-02,1.528555750846862793e-01,3.140000104904174805e-01,9.808842092752456665e-02,2.207291722297668457e-01,5.891096591949462891e-01,-7.033463120460510254e-01,-1.073109626770019531e+00,-5.835488066077232361e-02,-2.158654034137725830e-01,-2.510172128677368164e-02,1.452234983444213867e-01,-7.496440410614013672e-01,4.735554456710815430e-01,-1.021597862243652344e+00,8.526135981082916260e-02,-1.321251243352890015e-01,3.976907581090927124e-02
4.704701006412506104e-01,5.601122379302978516e-01,9.813176989555358887e-01,2.707568369805812836e-02,-9.226558730006217957e-03,8.613826632499694824e-01,5.071505904197692871e-01,-1.288970261812210083e-01,-8.096642792224884033e-02,-2.429778128862380981e-01,2.604636736214160919e-02,5.620202049612998962e-02,-1.679956763982772827e-01,-3.218371048569679260e-02,-4.235169850289821625e-03,-3.191942870616912842e-01,6.113083660602569580e-02,-7.083716988563537598e-02,2.667094767093658447e-02,1.929688900709152222e-01,3.139999806880950928e-01,1.195838302373886108e-01,1.991344988346099854e-01,5.755400657653808594e-01,-6.355348229408264160e-01,-1.130733966827392578e+00,-1.993031240999698639e-02,-2.019300460815429688e-01,1.338464580476284027e-02,9.465472400188446045e-02,-7.631920576095581055e-01,3.994252681732177734e-01,-9.903101325035095215e-01,9.984869509935379028e-02,-1.257425695657730103e-01,1.203271467238664627e-02
4.778431653976440430e-01,5.608054399490356445e-01,9.805638194084167480e-01,2.464845031499862671e-02,-8.115448057651519775e-03,8.734769821166992188e-01,4.861734211444854736e-01,-1.450161635875701904e-01,-7.132566720247268677e-02,-2.186096906661987305e-01,1.803124509751796722e-02,7.683980464935302734e-02,-1.817730516195297241e-01,-3.053954988718032837e-02,1.767389359883964062e-03,-3.531950712203979492e-01,6.257390230894088745e-02,-8.839336037635803223e-02,1.335569005459547043e-02,2.173696160316467285e-01,3.139999806880950928e-01,1.355088055133819580e-01,1.868473887443542480e-01,5.571938157081604004e-01,-5.948971509933471680e-01,-1.174305558204650879e+00,1.793370395898818970e-02,-1.870291084051132202e-01,2.874684892594814301e-02,4.166891425848007202e-02,-7.718012332916259766e-01,3.561048805713653564e-01,-9.533922076225280762e-01,1.194399595260620117e-01,-1.168094202876091003e-01,-1.411774102598428726e-02
4.900310337543487549e-01,5.634468197822570801e-01,9.798498749732971191e-01,2.243869192898273468e-02,-5.784353241324424744e-03,8.879843950271606445e-01,4.592894017696380615e-01,-1.628877371549606323e-01,-5.531723797321319580e-02,-1.685318201780319214e-01,3.632011124864220619e-03,1.072123795747756958e-01,-1.871435344219207764e-01,-2.773022837936878204e-02,1.009423471987247467e-02,-3.942934572696685791e-01,5.936389788985252380e-02,-1.024266108870506287e-01,2.116590039804577827e-03,2.412465512752532959e-01,3.140000104904174805e-01,1.481649428606033325e-01,1.797147095203399658e-01,5.448373556137084961e-01,-5.535004734992980957e-01,-1.238275289535522461e+00,6.025519967079162598e-02,-1.777940988540649414e-01,4.759341850876808167e-02,-1.486040465533733368e-02,-7.713167667388916016e-01,3.116541206836700439e-01,-9.043623208999633789e-01,1.444552540779113770e-01,-1.078073978424072266e-01,-4.500904306769371033e-02
5.004417300224304199e-01,5.632439255714416504e-01,9.799268841743469238e-01,2.255285158753395081e-02,-2.733545610681176186e-03,8.992881178855895996e-01,4.367662370204925537e-01,-1.822525709867477417e-01,-3.424633294343948364e-02,-9.585206210613250732e-02,5.448016454465687275e-04,1.271966546773910522e-01,-1.543298363685607910e-01,-2.713979780673980713e-02,1.288578100502490997e-02,-4.208750426769256592e-01,5.898277088999748230e-02,-1.142694354057312012e-01,-1.298797409981489182e-02,2.633014321327209473e-01,3.139943778514862061e-01,1.580706536769866943e-01,1.754869669675827026e-01,5.324741005897521973e-01,-5.176753997802734375e-01,-1.302426815032958984e+00,9.991405159235000610e-02,-1.725825667381286621e-01,4.719460755586624146e-02,-6.963417679071426392e-02,-7.715169787406921387e-01,2.881406843662261963e-01,-8.661916255950927734e-01,1.663120239973068237e-01,-1.015778034925460815e-01,-6.037843227386474609e-02
5.146492719650268555e-01,5.599534511566162109e-01,9.810531735420227051e-01,2.421052008867263794e-02,2.901500090956687927e-03,9.105719923973083496e-01,4.126306474208831787e-01,-1.973470002412796021e-01,-1.541146636009216309e-02,-1.180949434638023376e-02,8.172024536179378629e-05,1.268251836299896240e-01,-1.063498258590698242e-01,-2.700659446418285370e-02,1.137266308069229126e-02,-4.537111520767211914e-01,5.040239915251731873e-02,-1.186880618333816528e-01,-2.442890778183937073e-02,2.755517065525054932e-01,3.139896392822265625e-01,1.620971709489822388e-01,1.768345385789871216e-01,5.184779167175292969e-01,-4.885049462318420410e-01,-1.360230207443237305e+00,1.385359317064285278e-01,-1.690628528594970703e-01,4.525222256779670715e-02,-1.178404092788696289e-01,-7.636196017265319824e-01,2.728168666362762451e-01,-8.359503149986267090e-01,1.802100837230682373e-01,-9.232557564973831177e-02,-7.750282436609268188e-02
5.232972502708435059e-01,5.554605126380920410e-01,9.829242825508117676e-01,2.493285015225410461e-02,1.010521315038204193e-02,9.196040630340576172e-01,3.919242024421691895e-01,-2.028746902942657471e-01,-3.688955446705222130e-03,6.150865927338600159e-02,1.225803771376376972e-05,1.037894338369369507e-01,-5.826414376497268677e-02,-3.191713616251945496e-02,1.012458116747438908e-03,-4.806045889854431152e-01,4.894475638866424561e-02,-1.200063899159431458e-01,-3.395485877990722656e-02,2.836422622203826904e-01,3.139808475971221924e-01,1.574072390794754028e-01,1.831060349941253662e-01,5.182175636291503906e-01,-4.658289849758148193e-01,-1.423298001289367676e+00,1.626685112714767456e-01,-1.643167883157730103e-01,3.839987143874168396e-02,-1.747611016035079956e-01,-7.486163377761840820e-01,2.671236097812652588e-01,-8.083258271217346191e-01,1.942762583494186401e-01,-8.160180598497390747e-02,-8.441045880317687988e-02
5.321720838546752930e-01,5.499695539474487305e-01,9.845507144927978516e-01,2.683269418776035309e-02,1.483919937163591385e-02,9.257948398590087891e-01,3.767806589603424072e-01,-2.007989436388015747e-01,3.118325490504503250e-03,1.091987416148185730e-01,1.838705543377727736e-06,8.549060672521591187e-02,-3.218522667884826660e-02,-3.282321244478225708e-02,-5.935670807957649231e-03,-5.000490546226501465e-01,3.921165689826011658e-02,-1.124527901411056519e-01,-3.661398217082023621e-02,2.860944271087646484e-01,3.139716088771820068e-01,1.520046591758728027e-01,1.887242794036865234e-01,5.123392343521118164e-01,-4.426441490650177002e-01,-1.474878907203674316e+00,1.958474367856979370e-01,-1.620367020368576050e-01,3.298880159854888916e-02,-2.177607268095016479e-01,-7.342588305473327637e-01,2.678400278091430664e-01,-7.939819693565368652e-01,2.053289711475372314e-01,-7.384913414716720581e-02,-9.140748530626296997e-02
5.399581789970397949e-01,5.484584569931030273e-01,9.859816431999206543e-01,2.720912732183933258e-02,1.966891251504421234e-02,9.334123134613037109e-01,3.572313487529754639e-01,-1.928395777940750122e-01,7.544097024947404861e-03,1.539164930582046509e-01,2.758058315066591604e-07,7.237870991230010986e-02,-2.271515317261219025e-02,-3.020366095006465912e-02,-9.896108880639076233e-03,-5.246399641036987305e-01,2.662068605422973633e-02,-1.059266179800033569e-01,-3.918140754103660583e-02,2.896146178245544434e-01,3.139942288398742676e-01,1.565474420785903931e-01,1.795931607484817505e-01,4.981206059455871582e-01,-4.298723638057708740e-01,-1.513519644737243652e+00,2.142366617918014526e-01,-1.599846780300140381e-01,1.264923531562089920e-02,-2.714813947677612305e-01,-7.139225602149963379e-01,2.617132365703582764e-01,-7.782126069068908691e-01,2.155725806951522827e-01,-6.345731019973754883e-02,-9.026047587394714355e-02
5.485991835594177246e-01,5.477582812309265137e-01,9.869468808174133301e-01,3.054822795093059540e-02,2.290239743888378143e-02,9.389996528625488281e-01,3.417922556400299072e-01,-1.815931499004364014e-01,1.121341250836849213e-02,1.751780658960342407e-01,2.009085938334465027e-02,6.185677647590637207e-02,-1.235926989465951920e-02,-2.215919084846973419e-02,-1.051696389913558960e-02,-5.397128462791442871e-01,1.110084168612957001e-02,-1.005534306168556213e-01,-4.394013807177543640e-02,2.948991656303405762e-01,3.139846324920654297e-01,1.589630991220474243e-01,1.709914505481719971e-01,4.884296655654907227e-01,-4.191307127475738525e-01,-1.562134146690368652e+00,2.271367758512496948e-01,-1.642914563417434692e-01,1.097808592021465302e-02,-3.179145157337188721e-01,-6.805815100669860840e-01,2.310051470994949341e-01,-7.712686061859130859e-01,2.092992663383483887e-01,-5.680024996399879456e-02,-1.054363176226615906e-01
5.532613992691040039e-01,5.455331206321716309e-01,9.875386357307434082e-01,3.408800065517425537e-02,2.405677549540996552e-02,9.431952238082885742e-01,3.296088576316833496e-01,-1.701744645833969116e-01,1.672366634011268616e-02,1.972388327121734619e-01,5.657813698053359985e-02,5.222707614302635193e-02,-8.160648867487907410e-03,-1.362161990255117416e-02,-1.228251308202743530e-02,-5.527088642120361328e-01,1.665126183070242405e-03,-9.416902065277099609e-02,-4.679743200540542603e-02,2.969130277633666992e-01,3.139820992946624756e-01,1.587421447038650513e-01,1.689638793468475342e-01,4.808473885059356689e-01,-4.036564528942108154e-01,-1.602846980094909668e+00,2.304683923721313477e-01,-1.619990020990371704e-01,-1.037474954500794411e-03,-3.773831725120544434e-01,-6.586405634880065918e-01,2.354445755481719971e-01,-7.596747875213623047e-01,2.164164781570434570e-01,-4.699513688683509827e-02,-1.057386919856071472e-01
5.543686747550964355e-01,5.427998900413513184e-01,9.878663420677185059e-01,3.616015240550041199e-02,2.445369586348533630e-02,9.468699097633361816e-01,3.186406791210174561e-01,-1.578931659460067749e-01,2.142732404172420502e-02,2.178186923265457153e-01,9.598346799612045288e-02,4.340523108839988708e-02,-2.432795707136392593e-03,-7.885348983108997345e-03,-1.635413616895675659e-02,-5.657465457916259766e-01,2.497689274605363607e-04,-8.876974880695343018e-02,-5.126870051026344299e-02,2.985780537128448486e-01,3.086723685264587402e-01,1.532596200704574585e-01,1.651526838541030884e-01,4.806236624717712402e-01,-4.017712771892547607e-01,-1.637770891189575195e+00,2.283632457256317139e-01,-1.600740253925323486e-01,-1.937558129429817200e-02,-4.274891912937164307e-01,-6.415738463401794434e-01,2.532553970813751221e-01,-7.614139318466186523e-01,2.193668782711029053e-01,-3.910352662205696106e-02,-1.013789921998977661e-01
5.555763244628906250e-01,5.420129895210266113e-01,9.882236719131469727e-01,3.447878733277320862e-02,2.635604515671730042e-02,9.504175782203674316e-01,3.079334795475006104e-01,-1.550915837287902832e-01,2.733749151229858398e-02,2.345896810293197632e-01,1.315456628799438477e-01,3.432246670126914978e-02,2.977958647534251213e-03,-8.502266369760036469e-03,-1.943965628743171692e-02,-5.771254301071166992e-01,3.746533911908045411e-05,-8.508827537298202515e-02,-5.464035645127296448e-02,2.952763736248016357e-01,2.987614572048187256e-01,1.507721841335296631e-01,1.630340516567230225e-01,4.826979339122772217e-01,-4.032253623008728027e-01,-1.661188006401062012e+00,2.356356531381607056e-01,-1.573748290538787842e-01,-3.414468094706535339e-02,-4.604336619377136230e-01,-6.273005008697509766e-01,2.617127001285552979e-01,-7.578555941581726074e-01,2.137532234191894531e-01,-3.603379055857658386e-02,-1.022223904728889465e-01
5.575153827667236328e-01,5.403866767883300781e-01,9.885622262954711914e-01,3.355151042342185974e-02,2.871197462081909180e-02,9.540448784828186035e-01,2.963921427726745605e-01,-1.476331055164337158e-01,3.389209881424903870e-02,2.517146468162536621e-01,1.687195301055908203e-01,2.464941330254077911e-02,7.227185182273387909e-03,-9.790615178644657135e-03,-2.399922162294387817e-02,-5.900066494941711426e-01,5.619800958811538294e-06,-8.386017382144927979e-02,-5.685438215732574463e-02,2.920092344284057617e-01,2.860901951789855957e-01,1.473254710435867310e-01,1.586246937513351440e-01,4.883148372173309326e-01,-4.041284322738647461e-01,-1.683031201362609863e+00,2.355245202779769897e-01,-1.581738591194152832e-01,-4.927331954240798950e-02,-4.962058961391448975e-01,-6.130772233009338379e-01,2.612949907779693604e-01,-7.545709609985351562e-01,2.159011065959930420e-01,-3.261198475956916809e-02,-1.005837097764015198e-01
5.605408549308776855e-01,5.363951325416564941e-01,9.887002706527709961e-01,3.264497965574264526e-02,2.972007729113101959e-02,9.562535881996154785e-01,2.891886234283447266e-01,-1.373694241046905518e-01,3.719019144773483276e-02,2.637355625629425049e-01,1.929171979427337646e-01,1.784091256558895111e-02,1.180153153836727142e-02,-1.392939407378435135e-02,-2.770810946822166443e-02,-5.972989797592163086e-01,8.429701665590982884e-07,-8.032345771789550781e-02,-5.965311825275421143e-02,2.915864288806915283e-01,2.708415091037750244e-01,1.440330594778060913e-01,1.568045020103454590e-01,4.942822754383087158e-01,-4.033414423465728760e-01,-1.708674788475036621e+00,2.343104034662246704e-01,-1.582040488719940186e-01,-5.208572000265121460e-02,-5.316971540451049805e-01,-5.983756780624389648e-01,2.891443967819213867e-01,-7.461663484573364258e-01,2.242739200592041016e-01,-2.901530824601650238e-02,-9.652896970510482788e-02
5.591396093368530273e-01,5.300397872924804688e-01,9.889101982116699219e-01,3.194613382220268250e-02,2.888869494199752808e-02,9.583899378776550293e-01,2.821941971778869629e-01,-1.180908605456352234e-01,3.636215627193450928e-02,2.691159248352050781e-01,1.988036036491394043e-01,5.840762052685022354e-03,2.104744687676429749e-02,-1.502012275159358978e-02,-3.230975568294525146e-02,-6.025394201278686523e-01,1.264455278260356863e-07,-7.108223438262939453e-02,-5.938486009836196899e-02,2.902069389820098877e-01,2.578850388526916504e-01,1.404614150524139404e-01,1.462486684322357178e-01,4.944887161254882812e-01,-4.062351584434509277e-01,-1.723858952522277832e+00,2.401235401630401611e-01,-1.629351228475570679e-01,-5.696513876318931580e-02,-5.746228098869323730e-01,-5.894097089767456055e-01,3.504862189292907715e-01,-7.383055686950683594e-01,2.311437427997589111e-01,-2.974613942205905914e-02,-8.328096568584442139e-02
5.542148947715759277e-01,5.260409116744995117e-01,9.890530109405517578e-01,2.929568290710449219e-02,2.781359292566776276e-02,9.616236686706542969e-01,2.713817358016967773e-01,-1.011568829417228699e-01,3.317284211516380310e-02,2.748304307460784912e-01,1.981526315212249756e-01,-5.742261186242103577e-03,2.733991481363773346e-02,-1.330657955259084702e-02,-3.565053641796112061e-02,-6.101556420326232910e-01,1.896682810809124931e-08,-6.142462417483329773e-02,-5.763934180140495300e-02,2.827876508235931396e-01,2.469496726989746094e-01,1.378464996814727783e-01,1.417947411537170410e-01,4.988693594932556152e-01,-4.072338640689849854e-01,-1.749460458755493164e+00,2.479251176118850708e-01,-1.680576205253601074e-01,-5.607426166534423828e-02,-5.883006453514099121e-01,-5.685753822326660156e-01,3.803116381168365479e-01,-7.287375926971435547e-01,2.320595085620880127e-01,-3.132392466068267822e-02,-8.579295128583908081e-02
5.554100871086120605e-01,5.198118686676025391e-01,9.894098639488220215e-01,3.018257580697536469e-02,2.698632515966892242e-02,9.634222984313964844e-01,2.649118304252624512e-01,-8.459987491369247437e-02,2.851326391100883484e-02,2.762503921985626221e-01,1.890079379081726074e-01,-1.880982331931591034e-02,3.434452414512634277e-02,-1.268730405718088150e-02,-3.961963951587677002e-02,-6.156466007232666016e-01,2.845024216213687396e-09,-5.127915740013122559e-02,-5.513369664549827576e-02,2.792968750000000000e-01,2.413134723901748657e-01,1.354434937238693237e-01,1.293849200010299683e-01,5.050684809684753418e-01,-4.135698974132537842e-01,-1.759893655776977539e+00,2.652894556522369385e-01,-1.738786697387695312e-01,-5.485208705067634583e-02,-5.904987454414367676e-01,-5.539975762367248535e-01,4.215325415134429932e-01,-7.248875498771667480e-01,2.314913272857666016e-01,-3.279844298958778381e-02,-8.052203059196472168e-02
5.511977076530456543e-01,5.147178769111633301e-01,9.897672533988952637e-01,2.765350416302680969e-02,2.574444003403186798e-02,9.657254219055175781e-01,2.568013072013854980e-01,-6.642402708530426025e-02,1.812168397009372711e-02,2.716718614101409912e-01,1.661563366651535034e-01,-3.273729234933853149e-02,4.185113683342933655e-02,-1.213804166764020920e-02,-4.305085167288780212e-02,-6.216065883636474609e-01,4.267536601876287250e-10,-4.048681259155273438e-02,-5.060077831149101257e-02,2.742811441421508789e-01,2.368378192186355591e-01,1.324252933263778687e-01,1.141526252031326294e-01,5.116642117500305176e-01,-4.129034876823425293e-01,-1.775384426116943359e+00,2.749153077602386475e-01,-1.814460158348083496e-01,-5.875318869948387146e-02,-5.823338031768798828e-01,-5.400305986404418945e-01,4.637119770050048828e-01,-7.255968451499938965e-01,2.293857634067535400e-01,-3.658749908208847046e-02,-7.227141410112380981e-02
5.515863299369812012e-01,5.073025822639465332e-01,9.902431368827819824e-01,2.699954248964786530e-02,2.475615777075290680e-02,9.677971601486206055e-01,2.490517944097518921e-01,-4.965086653828620911e-02,6.006586831063032150e-03,2.594117224216461182e-01,1.327210664749145508e-01,-4.460362717509269714e-02,4.986270889639854431e-02,-1.334092766046524048e-02,-4.741477593779563904e-02,-6.238218545913696289e-01,6.401303792591406250e-11,-2.681141719222068787e-02,-4.659150913357734680e-02,2.689025402069091797e-01,2.331485897302627563e-01,1.288760006427764893e-01,1.004395931959152222e-01,5.170074105262756348e-01,-4.074183702468872070e-01,-1.792379140853881836e+00,2.912601232528686523e-01,-1.884167790412902832e-01,-7.330201566219329834e-02,-5.666312575340270996e-01,-5.271899104118347168e-01,5.031899809837341309e-01,-7.192437648773193359e-01,2.280945032835006714e-01,-4.188556969165802002e-02,-5.577432736754417419e-02
5.561727285385131836e-01,5.012114644050598145e-01,9.909302592277526855e-01,2.659785374999046326e-02,2.514953166246414185e-02,9.694367051124572754e-01,2.425954639911651611e-01,-3.290704637765884399e-02,-8.429697714745998383e-03,2.358808368444442749e-01,8.400179445743560791e-02,-4.974764958024024963e-02,5.546030774712562561e-02,-1.816523820161819458e-02,-5.153402313590049744e-02,-6.227223873138427734e-01,9.601964189032141661e-12,-1.492459606379270554e-02,-4.272750020027160645e-02,2.640213072299957275e-01,2.276130020618438721e-01,1.188770011067390442e-01,9.373530000448226929e-02,5.149074196815490723e-01,-3.835235536098480225e-01,-1.822264194488525391e+00,3.134816288948059082e-01,-1.990879476070404053e-01,-7.810612022876739502e-02,-5.125905871391296387e-01,-5.094266533851623535e-01,5.322786569595336914e-01,-7.218352556228637695e-01,2.274597585201263428e-01,-4.558706656098365784e-02,-4.582232236862182617e-02
5.577709078788757324e-01,4.913989007472991943e-01,9.914336800575256348e-01,2.925556153059005737e-02,2.342122420668601990e-02,9.706038236618041992e-01,2.377473413944244385e-01,-2.173913083970546722e-02,-1.959932409226894379e-02,2.173835039138793945e-01,5.466796085238456726e-02,-5.254013091325759888e-02,6.056059524416923523e-02,-1.728322729468345642e-02,-5.754543840885162354e-02,-6.200880408287048340e-01,1.440299919261422978e-12,2.280387270729988813e-04,-3.797612339258193970e-02,2.620677947998046875e-01,2.292686253786087036e-01,1.142683029174804688e-01,8.856254070997238159e-02,5.101117491722106934e-01,-3.590297996997833252e-01,-1.849495410919189453e+00,3.332483768463134766e-01,-2.057559639215469360e-01,-8.594802767038345337e-02,-4.747945666313171387e-01,-4.934111535549163818e-01,5.544984936714172363e-01,-7.217451930046081543e-01,2.271795868873596191e-01,-4.618137329816818237e-02,-2.938499860465526581e-02
5.569410920143127441e-01,4.802327156066894531e-01,9.919180870056152344e-01,3.006372973322868347e-02,2.136358246207237244e-02,9.716414213180541992e-01,2.335652709007263184e-01,-1.346722617745399475e-02,-2.992904558777809143e-02,2.080415636301040649e-01,2.899786643683910370e-02,-5.342245846986770630e-02,6.488664448261260986e-02,-1.721845567226409912e-02,-6.464298814535140991e-02,-6.183151602745056152e-01,2.160556618596015666e-13,1.989364251494407654e-02,-2.929484099149703979e-02,2.610846459865570068e-01,2.312272936105728149e-01,1.078837886452674866e-01,8.415289968252182007e-02,5.020084977149963379e-01,-3.284478485584259033e-01,-1.883171796798706055e+00,3.568583726882934570e-01,-2.102691233158111572e-01,-9.551452845335006714e-02,-4.242940843105316162e-01,-4.785648882389068604e-01,5.645794868469238281e-01,-7.294234037399291992e-01,2.286058813333511353e-01,-4.364686459302902222e-02,-7.646661717444658279e-03
5.545862913131713867e-01,4.686321914196014404e-01,9.924131631851196289e-01,3.243480250239372253e-02,1.847133040428161621e-02,9.734111428260803223e-01,2.260034978389739990e-01,-3.011698136106133461e-03,-4.000356793403625488e-02,2.021298706531524658e-01,4.350085277110338211e-03,-5.276118218898773193e-02,6.722839921712875366e-02,-1.141668111085891724e-02,-7.242443412542343140e-02,-6.285439133644104004e-01,3.241311163698287756e-14,4.241497814655303955e-02,-2.251193858683109283e-02,2.612743973731994629e-01,2.365027964115142822e-01,1.002322584390640259e-01,7.872740924358367920e-02,4.815262258052825928e-01,-2.835641801357269287e-01,-1.921686530113220215e+00,3.806315064430236816e-01,-2.169785797595977783e-01,-1.108279526233673096e-01,-3.614722788333892822e-01,-4.495712518692016602e-01,5.765568614006042480e-01,-7.349433302879333496e-01,2.274107933044433594e-01,-3.973054140806198120e-02,2.089460752904415131e-02
5.531572103500366211e-01,4.553442597389221191e-01,9.928632974624633789e-01,3.530564904212951660e-02,1.498733181506395340e-02,9.746052026748657227e-01,2.206209599971771240e-01,-1.209757290780544281e-03,-4.822146520018577576e-02,1.993032246828079224e-01,6.525127682834863663e-04,-6.082406640052795410e-02,7.000618427991867065e-02,-5.989027675241231918e-03,-8.007536828517913818e-02,-6.344127058982849121e-01,4.869684316839749741e-15,6.852231919765472412e-02,-1.491462625563144684e-02,2.622448205947875977e-01,2.433663457632064819e-01,9.105148911476135254e-02,7.636852562427520752e-02,4.505113363265991211e-01,-2.239300161600112915e-01,-1.979286313056945801e+00,4.497377872467041016e-01,-2.207019329071044922e-01,-1.227505803108215332e-01,-2.909781932830810547e-01,-4.149010777473449707e-01,5.673831105232238770e-01,-7.418463826179504395e-01,2.066218554973602295e-01,-3.461131453514099121e-02,3.824564069509506226e-02
5.504363775253295898e-01,4.457477629184722900e-01,9.933462738990783691e-01,3.073992766439914703e-02,1.397155225276947021e-02,9.761415719985961914e-01,2.144934535026550293e-01,-1.141307689249515533e-02,-5.479235202074050903e-02,2.055184692144393921e-01,9.787691669771447778e-05,-6.671863794326782227e-02,6.938255578279495239e-02,-1.078316662460565567e-02,-8.676264435052871704e-02,-6.484223008155822754e-01,7.285390730431729085e-16,9.190711379051208496e-02,-5.371951963752508163e-03,2.643289864063262939e-01,2.459781318902969360e-01,7.977662235498428345e-02,7.190790027379989624e-02,4.177287220954895020e-01,-1.723301857709884644e-01,-2.032298088073730469e+00,5.203793048858642578e-01,-2.121360301971435547e-01,-1.272369176149368286e-01,-2.088309377431869507e-01,-3.909826278686523438e-01,5.384100675582885742e-01,-7.608534097671508789e-01,1.680843979120254517e-01,-2.757823094725608826e-02,5.319501459598541260e-02
5.486142635345458984e-01,4.325689971446990967e-01,9.935951232910156250e-01,3.495669364929199219e-02,9.478230960667133331e-03,9.759702086448669434e-01,2.148728519678115845e-01,-7.872485555708408356e-03,-6.114981696009635925e-02,2.087689340114593506e-01,1.468153732275823131e-05,-7.547798007726669312e-02,6.999319791793823242e-02,-7.871043868362903595e-03,-9.366055577993392944e-02,-6.501289010047912598e-01,3.651542821899056435e-03,1.163283064961433411e-01,6.800364702939987183e-03,2.562572360038757324e-01,2.577737867832183838e-01,7.444974035024642944e-02,5.319322273135185242e-02,4.123219549655914307e-01,-9.620699286460876465e-02,-2.115489006042480469e+00,5.937312841415405273e-01,-2.225152999162673950e-01,-1.294840723276138306e-01,-1.543606668710708618e-01,-3.737377822399139404e-01,5.158525705337524414e-01,-7.855550050735473633e-01,1.329403519630432129e-01,-2.564540505409240723e-02,6.425030529499053955e-02
5.476704835891723633e-01,4.240882694721221924e-01,9.938973188400268555e-01,3.495154902338981628e-02,7.365632336586713791e-03,9.766610264778137207e-01,2.117956429719924927e-01,-9.820978157222270966e-03,-6.590841710567474365e-02,2.121649682521820068e-01,2.202230689363204874e-06,-7.950392365455627441e-02,6.723919510841369629e-02,-1.191833801567554474e-02,-1.010470688343048096e-01,-6.473799347877502441e-01,1.437268685549497604e-02,1.321341842412948608e-01,1.392742898315191269e-02,2.497266680002212524e-01,2.678854763507843018e-01,6.939276307821273804e-02,3.929970413446426392e-02,4.144559800624847412e-01,-2.091110870242118835e-02,-2.187509775161743164e+00,6.392918825149536133e-01,-2.234612852334976196e-01,-1.229215264320373535e-01,-1.090404018759727478e-01,-3.656792938709259033e-01,4.964724183082580566e-01,-8.148623704910278320e-01,9.756573289632797241e-02,-2.250868827104568481e-02,7.156994193792343140e-02
5.428867340087890625e-01,4.160310924053192139e-01,9.943208098411560059e-01,3.167478740215301514e-02,5.553570576012134552e-03,9.776104092597961426e-01,2.079512774944305420e-01,-1.487263385206460953e-02,-7.083097100257873535e-02,2.184993922710418701e-01,3.303345863514550729e-07,-8.599033951759338379e-02,6.404624879360198975e-02,-2.002742514014244080e-02,-1.098025068640708923e-01,-6.506527662277221680e-01,2.914698049426078796e-02,1.435474008321762085e-01,2.151345647871494293e-02,2.456099539995193481e-01,2.790578901767730713e-01,6.323490291833877563e-02,8.796999230980873108e-03,4.076257050037384033e-01,6.609180569648742676e-02,-2.263958692550659180e+00,6.780046224594116211e-01,-2.232224941253662109e-01,-9.036523848772048950e-02,-5.848573148250579834e-02,-3.685916364192962646e-01,4.838802814483642578e-01,-8.511736989021301270e-01,5.436643585562705994e-02,-2.613252028822898865e-02,5.815288051962852478e-02
5.450867414474487305e-01,4.045102894306182861e-01,9.944356083869934082e-01,3.170980513095855713e-02,1.929906196892261505e-03,9.776670336723327637e-01,2.077449411153793335e-01,-2.051859721541404724e-02,-7.411890476942062378e-02,2.205102443695068359e-01,4.955018795271826093e-08,-9.120570123195648193e-02,6.593151390552520752e-02,-3.115375339984893799e-02,-1.159042045474052429e-01,-6.425006985664367676e-01,4.212223738431930542e-02,1.538262963294982910e-01,2.845386974513530731e-02,2.352197021245956421e-01,2.923324406147003174e-01,5.632527545094490051e-02,-2.745153754949569702e-02,4.241858124732971191e-01,1.643494516611099243e-01,-2.326669931411743164e+00,6.976746916770935059e-01,-2.323042005300521851e-01,-4.286648705601692200e-02,-1.135305128991603851e-02,-3.766674101352691650e-01,4.651266336441040039e-01,-9.099280834197998047e-01,1.239844970405101776e-02,-3.409462422132492065e-02,3.386428579688072205e-02
5.459434390068054199e-01,3.970513939857482910e-01,9.947407245635986328e-01,2.923490479588508606e-02,-1.165379304438829422e-03,9.780644774436950684e-01,2.062374353408813477e-01,-2.831027284264564514e-02,-7.448695600032806396e-02,2.193668186664581299e-01,7.432528370543423080e-09,-9.186694025993347168e-02,6.801092624664306641e-02,-4.496746882796287537e-02,-1.191828548908233643e-01,-6.282172203063964844e-01,5.566488578915596008e-02,1.512714624404907227e-01,3.211512044072151184e-02,2.216813266277313232e-01,3.063277602195739746e-01,5.209780111908912659e-02,-7.532632350921630859e-02,4.596672356128692627e-01,2.461458295583724976e-01,-2.351136445999145508e+00,6.828140020370483398e-01,-2.414834648370742798e-01,1.972859166562557220e-02,2.111189626157283783e-02,-3.902715444564819336e-01,4.462929368019104004e-01,-9.664729833602905273e-01,-2.446718327701091766e-02,-4.427565634250640869e-02,-5.346880643628537655e-04
5.450120568275451660e-01,3.914909958839416504e-01,9.955710768699645996e-01,2.077515982091426849e-02,-4.597510211169719696e-03,9.790051579475402832e-01,2.027219086885452271e-01,-4.437929391860961914e-02,-7.092993706464767456e-02,2.203435301780700684e-01,1.114879188968131984e-09,-9.421426057815551758e-02,7.050151377916336060e-02,-6.754520535469055176e-02,-1.185394600033760071e-01,-5.992158055305480957e-01,6.665062159299850464e-02,1.310463845729827881e-01,3.550309315323829651e-02,2.072199881076812744e-01,3.128279149532318115e-01,4.744850099086761475e-02,-9.275007247924804688e-02,4.863713681697845459e-01,2.997111380100250244e-01,-2.354896068572998047e+00,6.662737727165222168e-01,-2.489227801561355591e-01,5.865754932165145874e-02,3.447042033076286316e-02,-4.011440575122833252e-01,4.428012073040008545e-01,-1.007132291793823242e+00,-4.568032547831535339e-02,-5.238865688443183899e-02,-2.161827310919761658e-02
5.445930361747741699e-01,3.879771828651428223e-01,9.965511560440063477e-01,1.245248969644308090e-02,-8.137896656990051270e-03,9.801462292671203613e-01,1.977170854806900024e-01,-6.152170524001121521e-02,-6.523171812295913696e-02,2.158239930868148804e-01,1.672319088763529749e-10,-9.481469541788101196e-02,7.529313862323760986e-02,-9.121230989694595337e-02,-1.148245260119438171e-01,-5.550080537796020508e-01,7.762203365564346313e-02,9.888681769371032715e-02,3.624862059950828552e-02,1.946445554494857788e-01,3.138234913349151611e-01,4.655872657895088196e-02,-8.046802133321762085e-02,5.101677775382995605e-01,3.317612111568450928e-01,-2.355382680892944336e+00,6.377277374267578125e-01,-2.580920159816741943e-01,9.125077724456787109e-02,2.387789078056812286e-02,-4.068554043769836426e-01,4.565086364746093750e-01,-1.028384804725646973e+00,-5.262438952922821045e-02,-6.187222152948379517e-02,-4.224005714058876038e-02
5.441405773162841797e-01,3.873631358146667480e-01,9.973205327987670898e-01,8.045200956985354424e-04,-9.654081426560878754e-03,9.815478324890136719e-01,1.909713298082351685e-01,-8.451148122549057007e-02,-5.952230095863342285e-02,2.077318578958511353e-01,2.508475024920464591e-11,-9.362279623746871948e-02,7.948818057775497437e-02,-1.158692389726638794e-01,-1.127158924937248230e-01,-5.197753310203552246e-01,8.411388844251632690e-02,7.427359372377395630e-02,3.620309010148048401e-02,1.786388605833053589e-01,3.139733970165252686e-01,4.134187474846839905e-02,-3.009186312556266785e-02,5.326864123344421387e-01,3.258056044578552246e-01,-2.323229789733886719e+00,5.770953893661499023e-01,-2.692725658416748047e-01,1.149198114871978760e-01,1.024011056870222092e-02,-4.061854481697082520e-01,4.766855537891387939e-01,-1.049077510833740234e+00,-4.076927527785301208e-02,-7.056230306625366211e-02,-5.294212326407432556e-02
5.469127297401428223e-01,3.900428116321563721e-01,9.978011846542358398e-01,-7.896519266068935394e-03,-9.518302977085113525e-03,9.829793572425842285e-01,1.832992583513259888e-01,-1.060193032026290894e-01,-5.446116253733634949e-02,1.887177377939224243e-01,3.762734481632667993e-12,-8.891975879669189453e-02,8.649121224880218506e-02,-1.338453143835067749e-01,-1.099968254566192627e-01,-4.791230559349060059e-01,9.663049131631851196e-02,5.224405229091644287e-02,2.968584932386875153e-02,1.612152904272079468e-01,3.139958083629608154e-01,3.376908600330352783e-02,1.973045757040381432e-03,5.693271756172180176e-01,2.868285775184631348e-01,-2.237671136856079102e+00,4.953230619430541992e-01,-2.769090831279754639e-01,1.443515270948410034e-01,5.079845897853374481e-03,-4.036724865436553955e-01,4.967885613441467285e-01,-1.079514622688293457e+00,-3.533378243446350098e-02,-8.354464173316955566e-02,-6.948454678058624268e-02
5.477567911148071289e-01,3.900888264179229736e-01,9.983910918235778809e-01,-1.701538823544979095e-02,-1.059778407216072083e-02,9.842308759689331055e-01,1.757490485906600952e-01,-1.269428580999374390e-01,-5.006050691008567810e-02,1.771549433469772339e-01,5.644193879633663258e-13,-8.539228141307830811e-02,9.137935191392898560e-02,-1.493979543447494507e-01,-1.065501645207405090e-01,-4.389748871326446533e-01,1.114899367094039917e-01,3.129639476537704468e-02,2.269703894853591919e-02,1.457573175430297852e-01,3.139993846416473389e-01,2.680722065269947052e-02,2.069950848817825317e-02,5.817052721977233887e-01,2.340492606163024902e-01,-2.145941734313964844e+00,4.405528903007507324e-01,-2.740070819854736328e-01,1.579464823007583618e-01,-1.273873448371887207e-02,-4.047403037548065186e-01,5.278330445289611816e-01,-1.102812767028808594e+00,-3.392818942666053772e-02,-8.903384953737258911e-02,-7.639880478382110596e-02
5.515694022178649902e-01,3.908779621124267578e-01,9.988337159156799316e-01,-2.685474604368209839e-02,-1.083849929273128510e-02,9.855549335479736328e-01,1.668615639209747314e-01,-1.519110053777694702e-01,-4.612955451011657715e-02,1.651329845190048218e-01,8.469541393088877990e-14,-7.971410453319549561e-02,9.495875239372253418e-02,-1.617242693901062012e-01,-1.034022271633148193e-01,-4.051181077957153320e-01,1.305598467588424683e-01,1.146788336336612701e-02,1.261098496615886688e-02,1.259128749370574951e-01,3.139995932579040527e-01,1.523471530526876450e-02,4.235405474901199341e-03,5.840095281600952148e-01,1.320492625236511230e-01,-2.043941736221313477e+00,3.956042528152465820e-01,-2.599610388278961182e-01,1.690649092197418213e-01,-2.456749044358730316e-02,-4.074106812477111816e-01,5.622037053108215332e-01,-1.125416278839111328e+00,-4.582341760396957397e-02,-9.495842456817626953e-02,-8.972734957933425903e-02
5.561254024505615234e-01,3.896015584468841553e-01,9.990411400794982910e-01,-3.085713833570480347e-02,-1.177459117025136948e-02,9.864819049835205078e-01,1.605073213577270508e-01,-1.681449413299560547e-01,-4.388955608010292053e-02,1.582191735506057739e-01,1.269730848241223953e-14,-7.301108539104461670e-02,9.662101417779922485e-02,-1.648874729871749878e-01,-9.633898735046386719e-02,-3.759588599205017090e-01,1.396711021661758423e-01,-5.516591016203165054e-03,6.260662805289030075e-03,1.119362786412239075e-01,3.139998912811279297e-01,4.095992539077997208e-03,-1.085116062313318253e-02,5.656327605247497559e-01,4.706584662199020386e-02,-1.941941618919372559e+00,3.835934996604919434e-01,-2.522299885749816895e-01,1.669040769338607788e-01,-7.999589294195175171e-02,-3.831018209457397461e-01,6.112403869628906250e-01,-1.098418474197387695e+00,-6.052226573228836060e-02,-1.012816280126571655e-01,-1.019024029374122620e-01
5.585168600082397461e-01,3.874700963497161865e-01,9.992009997367858887e-01,-3.929545730352401733e-02,-1.238753926008939743e-02,9.871224761009216309e-01,1.545692533254623413e-01,-1.889740526676177979e-01,-4.247475787997245789e-02,1.603403985500335693e-01,1.855968619079734899e-15,-6.837175041437149048e-02,9.703898429870605469e-02,-1.674719750881195068e-01,-9.170219302177429199e-02,-3.542918264865875244e-01,1.543069928884506226e-01,-2.184213511645793915e-02,-1.480519305914640427e-03,9.669069945812225342e-02,3.139999806880950928e-01,-1.331736333668231964e-02,-5.709797143936157227e-02,5.268605947494506836e-01,-5.493415519595146179e-02,-1.839941620826721191e+00,3.713999688625335693e-01,-2.352062016725540161e-01,1.428821235895156860e-01,-1.506475806236267090e-01,-3.435237109661102295e-01,6.709833145141601562e-01,-1.055425286293029785e+00,-7.036968320608139038e-02,-1.039406359195709229e-01,-1.102300956845283508e-01
5.617157220840454102e-01,3.850180208683013916e-01,9.989880323410034180e-01,-4.773726686835289001e-02,-1.225212216377258301e-02,9.875215291976928711e-01,1.495736390352249146e-01,-2.112242132425308228e-01,-4.253324121236801147e-02,1.633473187685012817e-01,2.818260727598716903e-16,-6.561930477619171143e-02,1.000429987907409668e-01,-1.710108667612075806e-01,-8.385582268238067627e-02,-3.358922898769378662e-01,1.587682962417602539e-01,-3.369267284870147705e-02,-5.578182172030210495e-03,7.880312204360961914e-02,3.139999806880950928e-01,-3.678046539425849915e-02,-1.266522556543350220e-01,4.648893177509307861e-01,-1.569341570138931274e-01,-1.737941622734069824e+00,3.594172298908233643e-01,-2.123359590768814087e-01,1.163059473037719727e-01,-2.377455830574035645e-01,-2.932389676570892334e-01,7.487131953239440918e-01,-9.971736073493957520e-01,-8.829942345619201660e-02,-1.063687875866889954e-01,-1.153408065438270569e-01
5.626296401023864746e-01,3.804068267345428467e-01,9.986911416053771973e-01,-5.663679912686347961e-02,-1.241806615144014359e-02,9.876403212547302246e-01,1.456183344125747681e-01,-2.327049821615219116e-01,-4.446317628026008606e-02,1.711332201957702637e-01,3.803595163072780270e-17,-6.556110084056854248e-02,1.017746180295944214e-01,-1.759975701570510864e-01,-7.713891565799713135e-02,-3.235462903976440430e-01,1.598386317491531372e-01,-4.020379111170768738e-02,-1.080837659537792206e-02,5.670153722167015076e-02,3.140000104904174805e-01,-6.168865785002708435e-02,-1.931380331516265869e-01,3.777646124362945557e-01,-2.589341402053833008e-01,-1.635941624641418457e+00,3.431852757930755615e-01,-1.902406960725784302e-01,8.344104140996932983e-02,-3.346520662307739258e-01,-2.225284874439239502e-01,8.377346992492675781e-01,-9.111847281455993652e-01,-1.112995147705078125e-01,-1.068305447697639465e-01,-1.050783321261405945e-01
5.681508779525756836e-01,3.790196180343627930e-01,9.985849857330322266e-01,-6.557884812355041504e-02,-1.152383070439100266e-02,9.870910644531250000e-01,1.456636190414428711e-01,-2.563120126724243164e-01,-4.340293258428573608e-02,1.824986934661865234e-01,1.592916077856508502e-18,-6.171413511037826538e-02,9.753135591745376587e-02,-1.854922473430633545e-01,-6.816643476486206055e-02,-3.132403194904327393e-01,1.431343406438827515e-01,-3.837399557232856750e-02,-1.244463957846164703e-02,3.761754184961318970e-02,3.140000104904174805e-01,-8.375797420740127563e-02,-2.487548440694808960e-01,2.816295921802520752e-01,-3.609341681003570557e-01,-1.533941626548767090e+00,3.292462527751922607e-01,-1.678421050310134888e-01,5.242851376533508301e-02,-4.249972105026245117e-01,-1.339517086744308472e-01,9.283154606819152832e-01,-8.092645406723022461e-01,-1.379774361848831177e-01,-1.081941053271293640e-01,-8.605805039405822754e-02
5.697139501571655273e-01,3.798468708992004395e-01,9.985947012901306152e-01,-7.172762602567672729e-02,-1.044387649744749069e-02,9.861007928848266602e-01,1.495034098625183105e-01,-2.706052958965301514e-01,-4.082288593053817749e-02,1.945684850215911865e-01,-3.548851741265335804e-18,-6.193025037646293640e-02,9.425582736730575562e-02,-1.909721344709396362e-01,-5.874484032392501831e-02,-2.957976162433624268e-01,1.205863729119300842e-01,-3.575646504759788513e-02,-1.269206125289201736e-02,2.059555239975452423e-02,3.140000104904174805e-01,-1.030622720718383789e-01,-2.734044492244720459e-01,2.165923416614532471e-01,-4.629341661930084229e-01,-1.431941628456115723e+00,3.200320303440093994e-01,-1.561957299709320068e-01,3.190681338310241699e-02,-4.745066761970520020e-01,-6.698653846979141235e-02,9.870972037315368652e-01,-7.361319661140441895e-01,-1.620933264493942261e-01,-1.073648631572723389e-01,-7.025799155235290527e-02
5.721969008445739746e-01,3.856839835643768311e-01,9.988701939582824707e-01,-8.157104998826980591e-02,-7.688187994062900543e-03,9.845481514930725098e-01,1.547644436359405518e-01,-2.890238165855407715e-01,-3.443714976310729980e-02,2.129371017217636108e-01,-2.082270674020715653e-19,-6.045989319682121277e-02,8.491202443838119507e-02,-1.997669786214828491e-01,-4.783764854073524475e-02,-2.900401651859283447e-01,8.659555017948150635e-02,-3.365129977464675903e-02,-1.195733714848756790e-02,6.465916056185960770e-03,3.140000104904174805e-01,-1.233491152524948120e-01,-2.836810052394866943e-01,1.531062573194503784e-01,-5.493265390396118164e-01,-1.329941630363464355e+00,3.135786652565002441e-01,-1.407710015773773193e-01,1.413854956626892090e-02,-5.080825686454772949e-01,-7.463484071195125580e-03,1.039850831031799316e+00,-6.738798618316650391e-01,-1.908092796802520752e-01,-1.031751036643981934e-01,-4.890933632850646973e-02
5.760509967803955078e-01,3.914617896080017090e-01,9.990916252136230469e-01,-8.921758830547332764e-02,-4.924863111227750778e-03,9.824617505073547363e-01,1.636607348918914795e-01,-3.043593168258666992e-01,-2.632327564060688019e-02,2.344879060983657837e-01,-2.415192853545592122e-17,-5.966014787554740906e-02,7.349809259176254272e-02,-2.054053843021392822e-01,-3.670172020792961121e-02,-2.875998616218566895e-01,4.657359421253204346e-02,-2.798520401120185852e-02,-7.340195123106241226e-03,-2.799524459987878799e-03,3.140000104904174805e-01,-1.392888575792312622e-01,-2.938242554664611816e-01,1.129231005907058716e-01,-5.987991690635681152e-01,-1.227941632270812988e+00,2.997476756572723389e-01,-1.346321105957031250e-01,5.495659541338682175e-03,-5.199993252754211426e-01,2.766623347997665405e-02,1.074234485626220703e+00,-6.264024376869201660e-01,-2.119754254817962646e-01,-1.007508710026741028e-01,-3.680690005421638489e-02
5.809913277626037598e-01,3.992487490177154541e-01,9.991691708564758301e-01,-9.491581469774246216e-02,-1.615974004380404949e-03,9.809083342552185059e-01,1.697269380092620850e-01,-3.167820572853088379e-01,-1.818498596549034119e-02,2.558660507202148438e-01,-5.160325719562048051e-18,-5.740470066666603088e-02,6.016526371240615845e-02,-2.078426182270050049e-01,-2.606109902262687683e-02,-2.905898988246917725e-01,8.822840638458728790e-03,-2.233640849590301514e-02,-2.644069492816925049e-03,-1.098665036261081696e-02,3.139999806880950928e-01,-1.488064080476760864e-01,-2.911185622215270996e-01,9.801290929317474365e-02,-6.563705801963806152e-01,-1.125941634178161621e+00,2.741195261478424072e-01,-1.297184228897094727e-01,-7.257530000060796738e-03,-5.102834701538085938e-01,2.964030392467975616e-02,1.091730833053588867e+00,-5.954485535621643066e-01,-2.094517350196838379e-01,-9.533817321062088013e-02,-2.364654652774333954e-02
5.834673047065734863e-01,4.032312035560607910e-01,9.991856217384338379e-01,-9.750169515609741211e-02,5.717674503102898598e-04,9.791364073753356934e-01,1.782833188772201538e-01,-3.215725719928741455e-01,-1.212363503873348236e-02,2.745986878871917725e-01,2.694266055991997535e-17,-5.708093941211700439e-02,5.290844291448593140e-02,-2.173591107130050659e-01,-2.180080302059650421e-02,-2.901269793510437012e-01,1.323426025919616222e-03,-2.489156089723110199e-02,3.790218383073806763e-03,-2.077784016728401184e-02,3.139999806880950928e-01,-1.560991704463958740e-01,-3.044935166835784912e-01,9.263859689235687256e-02,-7.132008075714111328e-01,-1.023941636085510254e+00,2.415808290243148804e-01,-1.304220557212829590e-01,-2.272293902933597565e-02,-4.937040805816650391e-01,1.338205114006996155e-02,1.095035552978515625e+00,-5.686253905296325684e-01,-2.013645470142364502e-01,-9.386433660984039307e-02,-5.771162919700145721e-03
5.877175331115722656e-01,4.071043431758880615e-01,9.992954730987548828e-01,-9.443567693233489990e-02,1.762381871230900288e-03,9.780471920967102051e-01,1.857483536005020142e-01,-3.171119093894958496e-01,-6.414712872356176376e-03,2.897015810012817383e-01,2.982471166964865863e-17,-5.628301948308944702e-02,4.555762559175491333e-02,-2.197940945625305176e-01,-1.844567991793155670e-02,-2.876563072204589844e-01,1.985139097087085247e-04,-2.956903725862503052e-02,7.995660416781902313e-03,-3.083883225917816162e-02,3.139999806880950928e-01,-1.587577611207962036e-01,-3.270154297351837158e-01,1.006506010890007019e-01,-7.588310241699218750e-01,-9.219416975975036621e-01,2.084347903728485107e-01,-1.361422687768936157e-01,-3.661724179983139038e-02,-4.733519256114959717e-01,-1.920409873127937317e-02,1.093531608581542969e+00,-5.558727383613586426e-01,-1.879249066114425659e-01,-9.352909773588180542e-02,1.043056137859821320e-02
5.953439474105834961e-01,4.091425240039825439e-01,9.993805885314941406e-01,-8.515466004610061646e-02,1.805195352062582970e-03,9.768437743186950684e-01,1.962693482637405396e-01,-3.027099967002868652e-01,-3.461023152340203524e-04,3.056170642375946045e-01,-2.317190314367657020e-17,-5.328389257192611694e-02,4.106276482343673706e-02,-2.149119973182678223e-01,-1.515282876789569855e-02,-2.834315598011016846e-01,2.977708754769992083e-05,-3.217916190624237061e-02,1.103191822767257690e-02,-4.483447968959808350e-02,3.139998912811279297e-01,-1.597564518451690674e-01,-3.470631837844848633e-01,1.374527961015701294e-01,-8.032358884811401367e-01,-8.199416995048522949e-01,1.714813858270645142e-01,-1.336255967617034912e-01,-6.090899556875228882e-02,-4.342157542705535889e-01,-8.037510514259338379e-02,1.079816579818725586e+00,-5.516541600227355957e-01,-1.635110825300216675e-01,-8.723330497741699219e-02,3.513093665242195129e-02
6.026612520217895508e-01,4.124916791915893555e-01,9.996538758277893066e-01,-7.117380201816558838e-02,9.665490360930562019e-04,9.759703278541564941e-01,2.059495896100997925e-01,-2.779219448566436768e-01,6.186758633702993393e-03,3.231174051761627197e-01,3.012115996629786290e-17,-4.843832179903984070e-02,3.549038618803024292e-02,-1.995017379522323608e-01,-1.119484473019838333e-02,-2.788233757019042969e-01,4.466563041205517948e-06,-3.561432287096977234e-02,1.527619827538728714e-02,-5.284318327903747559e-02,3.139998614788055420e-01,-1.480393409729003906e-01,-3.982487022876739502e-01,1.854459345340728760e-01,-8.318315744400024414e-01,-7.179416418075561523e-01,1.239620000123977661e-01,-1.388835757970809937e-01,-7.375214248895645142e-02,-3.933498859405517578e-01,-1.665679365396499634e-01,1.063879966735839844e+00,-5.564855337142944336e-01,-1.271310001611709595e-01,-8.457119762897491455e-02,6.210127845406532288e-02
6.117939949035644531e-01,4.117392897605895996e-01,9.999704360961914062e-01,-5.131363496184349060e-02,-1.659631147049367428e-03,9.739562869071960449e-01,2.208467870950698853e-01,-2.421875596046447754e-01,1.169216074049472809e-02,3.373093008995056152e-01,3.975236463666513597e-17,-4.149509966373443604e-02,3.486276790499687195e-02,-1.770339012145996094e-01,-7.849035784602165222e-03,-2.631888687610626221e-01,6.699844448121439200e-07,-3.130726888775825500e-02,2.305809594690799713e-02,-6.210589036345481873e-02,3.139989674091339111e-01,-1.299896836280822754e-01,-4.777060151100158691e-01,2.672612667083740234e-01,-8.905926942825317383e-01,-6.159416437149047852e-01,5.922429263591766357e-02,-1.445821821689605713e-01,-9.344218671321868896e-02,-3.448787927627563477e-01,-2.685679495334625244e-01,1.044372797012329102e+00,-5.714660286903381348e-01,-7.301329821348190308e-02,-8.607945591211318970e-02,9.828683733940124512e-02
6.094440221786499023e-01,4.112516939640045166e-01,1.000730991363525391e+00,-3.435356169939041138e-02,-4.527692683041095734e-03,9.720934033393859863e-01,2.320210635662078857e-01,-2.015446275472640991e-01,1.224683132022619247e-02,3.438099026679992676e-01,-3.059958634334750816e-18,-4.247780889272689819e-02,3.806214407086372375e-02,-1.470983177423477173e-01,-8.302290923893451691e-03,-2.433304786682128906e-01,1.004976653007361165e-07,-2.931375615298748016e-02,2.931957691907882690e-02,-7.644546777009963989e-02,3.139989376068115234e-01,-1.101406291127204895e-01,-5.797060132026672363e-01,3.692612648010253906e-01,-9.442069530487060547e-01,-5.139416456222534180e-01,-2.467461116611957550e-02,-1.555078178644180298e-01,-7.559410482645034790e-02,-2.899291515350341797e-01,-3.705679476261138916e-01,1.028080940246582031e+00,-6.005859375000000000e-01,-2.727860957384109497e-02,-9.584580361843109131e-02,1.101345792412757874e-01
6.127026081085205078e-01,4.175774455070495605e-01,1.001519560813903809e+00,-2.626622281968593597e-02,-3.982954192906618118e-03,9.706377387046813965e-01,2.390744686126708984e-01,-1.789198666810989380e-01,1.619425043463706970e-02,3.517735004425048828e-01,3.837925722753629832e-18,-3.625732660293579102e-02,3.310803323984146118e-02,-1.323220878839492798e-01,-5.100382957607507706e-03,-2.337192445993423462e-01,1.507465086092452111e-08,-3.277807682752609253e-02,2.818763814866542816e-02,-8.597250282764434814e-02,3.139841854572296143e-01,-9.385686367750167847e-02,-6.717028617858886719e-01,4.546367228031158447e-01,-9.347860813140869141e-01,-4.661372900009155273e-01,-5.113433301448822021e-02,-1.634475290775299072e-01,-7.356375455856323242e-02,-2.411751151084899902e-01,-4.725679457187652588e-01,1.006400942802429199e+00,-6.534388661384582520e-01,-3.701593261212110519e-03,-1.045401021838188171e-01,1.182760745286941528e-01
6.102561354637145996e-01,4.151210188865661621e-01,1.002267956733703613e+00,-1.568616367876529694e-02,-5.974390543997287750e-03,9.666990637779235840e-01,2.553647756576538086e-01,-1.597281098365783691e-01,2.015056461095809937e-02,3.652278482913970947e-01,2.346625179052352905e-02,-4.544731602072715759e-02,3.816100209951400757e-02,-1.171559914946556091e-01,-5.930415354669094086e-03,-2.108328342437744141e-01,2.261197451502994227e-09,-2.944027446210384369e-02,3.834414109587669373e-02,-9.834978729486465454e-02,3.073601424694061279e-01,-7.476200163364410400e-02,-7.737028598785400391e-01,5.566367506980895996e-01,-9.713019728660583496e-01,-4.986405372619628906e-01,-9.056509286165237427e-02,-1.723497211933135986e-01,-7.466877996921539307e-02,-1.892003566026687622e-01,-5.745679140090942383e-01,9.645923972129821777e-01,-7.091980576515197754e-01,1.970701850950717926e-02,-1.131370961666107178e-01,1.441958993673324585e-01
6.062752604484558105e-01,4.098606407642364502e-01,1.002397775650024414e+00,-2.372713387012481689e-02,-4.331089556217193604e-03,9.624273777008056641e-01,2.704658806324005127e-01,-1.902566999197006226e-01,3.225997835397720337e-02,3.915225565433502197e-01,9.088961780071258545e-02,-6.606712192296981812e-02,4.536887258291244507e-02,-1.338088810443878174e-01,-8.470801636576652527e-03,-1.949019134044647217e-01,3.391796288276793803e-10,-2.555005066096782684e-02,5.429849401116371155e-02,-1.180340126156806946e-01,2.595967948436737061e-01,-5.417237058281898499e-02,-8.757028579711914062e-01,6.586367487907409668e-01,-9.766051173210144043e-01,-6.006405353546142578e-01,-1.618282347917556763e-01,-1.664678752422332764e-01,-8.987007290124893188e-02,-8.720035105943679810e-02,-6.765679121017456055e-01,8.625923991203308105e-01,-8.111980557441711426e-01,5.442795902490615845e-02,-1.203457266092300415e-01,1.860039681196212769e-01
5.953999757766723633e-01,4.063605070114135742e-01,1.001924633979797363e+00,-2.978575974702835083e-02,-4.751334898173809052e-03,9.589272141456604004e-01,2.820440828800201416e-01,-2.271151542663574219e-01,5.602695047855377197e-02,4.291869103908538818e-01,1.833840310573577881e-01,-7.136522978544235229e-02,5.265967920422554016e-02,-1.438632160425186157e-01,-1.117683481425046921e-02,-1.867980509996414185e-01,5.087694154859434548e-11,-2.723848447203636169e-02,6.755907088518142700e-02,-1.471286863088607788e-01,2.181069254875183105e-01,-1.549695711582899094e-02,-7.737028598785400391e-01,7.606367468833923340e-01,-8.746051192283630371e-01,-7.026405334472656250e-01,-2.484777122735977173e-01,-1.783240884542465210e-01,-9.126224368810653687e-02,1.479964889585971832e-02,-7.785679101943969727e-01,7.605924010276794434e-01,-9.109737873077392578e-01,6.955759227275848389e-02,-1.319089978933334351e-01,2.209763377904891968e-01
5.837030410766601562e-01,4.040198028087615967e-01,1.002020955085754395e+00,-1.053573936223983765e-02,-1.195347961038351059e-02,9.548850059509277344e-01,2.965480983257293701e-01,-2.303614467382431030e-01,9.005697816610336304e-02,4.644648134708404541e-01,2.853840291500091553e-01,-6.803083419799804688e-02,6.917092949151992798e-02,-1.207128688693046570e-01,-1.571728102862834930e-02,-1.614188402891159058e-01,2.503897808492183685e-02,-3.842167928814888000e-02,7.539002597332000732e-02,-1.786449104547500610e-01,2.180781364440917969e-01,1.274365093559026718e-02,-7.085293531417846680e-01,8.626367449760437012e-01,-7.726051211357116699e-01,-8.046405315399169922e-01,-3.078196942806243896e-01,-2.086790204048156738e-01,-5.311966314911842346e-02,7.480820268392562866e-02,-8.805679082870483398e-01,6.585924029350280762e-01,-8.585415482521057129e-01,8.166779577732086182e-02,-1.541337519884109497e-01,2.403185963630676270e-01
5.774252414703369141e-01,4.015841782093048096e-01,1.002993106842041016e+00,6.953279953449964523e-04,-1.320229191333055496e-02,9.520595669746398926e-01,3.056268095970153809e-01,-2.339242398738861084e-01,9.874933212995529175e-02,4.560083150863647461e-01,3.418161273002624512e-01,-9.133742749691009521e-02,8.359540253877639771e-02,-1.031665056943893433e-01,-2.357018925249576569e-02,-1.366953849792480469e-01,3.793636709451675415e-02,-3.835798799991607666e-02,8.288493752479553223e-02,-1.874040216207504272e-01,2.198900580406188965e-01,2.220267429947853088e-02,-7.068726420402526855e-01,9.646367430686950684e-01,-6.706051230430603027e-01,-9.066405296325683594e-01,-3.218668103218078613e-01,-2.210065871477127075e-01,-3.181584179401397705e-02,5.435962602496147156e-02,-9.825679659843444824e-01,5.565924048423767090e-01,-7.911697626113891602e-01,8.113466203212738037e-02,-1.659049391746520996e-01,2.432910650968551636e-01
5.661454796791076660e-01,4.029356241226196289e-01,1.003301024436950684e+00,1.727385073900222778e-02,-1.733413897454738617e-02,9.474095106124877930e-01,3.190867900848388672e-01,-2.394803464412689209e-01,1.114043220877647400e-01,4.525201320648193359e-01,4.107541441917419434e-01,-9.683848172426223755e-02,7.901574671268463135e-02,-7.801454514265060425e-02,-3.063495084643363953e-02,-1.132091209292411804e-01,5.951780080795288086e-02,-5.290533602237701416e-02,9.482055157423019409e-02,-1.951000094413757324e-01,2.193772494792938232e-01,3.895870968699455261e-02,-7.184262871742248535e-01,1.066636681556701660e+00,-5.686051249504089355e-01,-1.008640527725219727e+00,-3.433798551559448242e-01,-2.296759486198425293e-01,1.214677933603525162e-02,-1.882028765976428986e-03,-1.084567904472351074e+00,4.545923769474029541e-01,-7.189704179763793945e-01,8.640303462743759155e-02,-1.810225397348403931e-01,2.408924996852874756e-01
5.487291812896728516e-01,4.037978947162628174e-01,1.002794623374938965e+00,2.400757744908332825e-02,-1.980660669505596161e-02,9.442595839500427246e-01,3.277273178100585938e-01,-2.581351995468139648e-01,1.195788532495498657e-01,4.393745362758636475e-01,4.550299048423767090e-01,-9.840986132621765137e-02,6.781790405511856079e-02,-6.075260043144226074e-02,-3.977354988455772400e-02,-9.480652213096618652e-02,7.895548641681671143e-02,-6.508804857730865479e-02,1.030710935592651367e-01,-2.010176926851272583e-01,2.119217962026596069e-01,6.428742408752441406e-02,-7.331088781356811523e-01,1.168636679649353027e+00,-4.666051268577575684e-01,-1.035064578056335449e+00,-3.676859736442565918e-01,-2.295760959386825562e-01,5.494203418493270874e-02,-4.801008477807044983e-02,-1.186567902565002441e+00,3.608965575695037842e-01,-6.656339168548583984e-01,1.051346287131309509e-01,-1.796240508556365967e-01,2.091901004314422607e-01
5.310534238815307617e-01,4.096217453479766846e-01,1.001238584518432617e+00,2.581159211695194244e-02,-2.052116207778453827e-02,9.400938153266906738e-01,3.393173515796661377e-01,-2.731178700923919678e-01,1.263306140899658203e-01,4.193852841854095459e-01,4.698474407196044922e-01,-1.063933074474334717e-01,5.959529802203178406e-02,-5.585219338536262512e-02,-4.734172672033309937e-02,-8.194134384393692017e-02,1.051498726010322571e-01,-8.725975453853607178e-02,1.092781722545623779e-01,-1.975330859422683716e-01,1.929389685392379761e-01,9.894385933876037598e-02,-7.395225167274475098e-01,1.270636677742004395e+00,-3.646051287651062012e-01,-1.016918182373046875e+00,-3.873815834522247314e-01,-2.259431034326553345e-01,9.116651117801666260e-02,-8.852470666170120239e-02,-1.288567900657653809e+00,3.106399178504943848e-01,-6.592726111412048340e-01,1.279022544622421265e-01,-1.829308569431304932e-01,1.743977963924407959e-01
5.031033754348754883e-01,4.121437966823577881e-01,9.979082345962524414e-01,2.269123494625091553e-02,-2.240467816591262817e-02,9.359460473060607910e-01,3.506967127323150635e-01,-2.819446623325347900e-01,1.273589432239532471e-01,4.059363603591918945e-01,4.656613171100616455e-01,-1.177970468997955322e-01,5.463942885398864746e-02,-5.556659772992134094e-02,-5.782539770007133484e-02,-5.884067341685295105e-02,1.334211379289627075e-01,-1.048479452729225159e-01,1.087889447808265686e-01,-2.032764106988906860e-01,1.648822426795959473e-01,1.288878619670867920e-01,-7.638031840324401855e-01,1.372636795043945312e+00,-2.626051306724548340e-01,-9.842803478240966797e-01,-3.959979712963104248e-01,-2.207982689142227173e-01,1.038348525762557983e-01,-1.369300037622451782e-01,-1.390567898750305176e+00,2.563543319702148438e-01,-6.827456355094909668e-01,1.386739313602447510e-01,-1.826451569795608521e-01,1.586385220289230347e-01
4.851006567478179932e-01,4.127588272094726562e-01,9.922642111778259277e-01,2.110443264245986938e-02,-2.533772401511669159e-02,9.328100085258483887e-01,3.588567078113555908e-01,-2.809864580631256104e-01,1.383524686098098755e-01,3.937484025955200195e-01,4.659486711025238037e-01,-1.331197321414947510e-01,5.464180931448936462e-02,-6.069552153348922729e-02,-6.508351117372512817e-02,-4.557549953460693359e-02,1.632759273052215576e-01,-1.390383243560791016e-01,1.097551286220550537e-01,-1.980048269033432007e-01,1.512117534875869751e-01,1.711560487747192383e-01,-7.600057721138000488e-01,1.474636793136596680e+00,-1.606051325798034668e-01,-9.595797657966613770e-01,-4.130947291851043701e-01,-2.120293974876403809e-01,1.322656869888305664e-01,-1.769465059041976929e-01,-1.492567896842956543e+00,2.011220753192901611e-01,-7.204880118370056152e-01,1.460182219743728638e-01,-1.850008964538574219e-01,1.131622344255447388e-01
4.547799527645111084e-01,4.214277267456054688e-01,9.848057627677917480e-01,1.752489618957042694e-02,-2.883835695683956146e-02,9.313357472419738770e-01,3.625948131084442139e-01,-2.751977145671844482e-01,1.448391228914260864e-01,3.784177005290985107e-01,4.667420387268066406e-01,-1.559504568576812744e-01,5.626859143376350403e-02,-5.749806761741638184e-02,-7.276260852813720703e-02,-3.912773728370666504e-02,2.015942484140396118e-01,-1.815958023071289062e-01,1.036029681563377380e-01,-2.052139788866043091e-01,1.308522224426269531e-01,2.285482883453369141e-01,-7.436550259590148926e-01,1.576636791229248047e+00,-5.860513821244239807e-02,-9.230621457099914551e-01,-4.071665704250335693e-01,-1.899348050355911255e-01,1.508823037147521973e-01,-2.085569649934768677e-01,-1.594567894935607910e+00,1.438729315996170044e-01,-7.827438712120056152e-01,1.472785621881484985e-01,-1.807598173618316650e-01,6.424276530742645264e-02
4.240975081920623779e-01,4.247975051403045654e-01,9.747307896614074707e-01,1.594253070652484894e-02,-3.149278461933135986e-02,9.300853013992309570e-01,3.656438589096069336e-01,-2.755819261074066162e-01,1.411946266889572144e-01,3.537766933441162109e-01,4.973202943801879883e-01,-1.939961612224578857e-01,5.822664126753807068e-02,-6.467808037996292114e-02,-8.827556669712066650e-02,-3.451004251837730408e-02,2.661670744419097900e-01,-2.276132255792617798e-01,9.471703320741653442e-02,-2.209681272506713867e-01,1.080549359321594238e-01,2.823625504970550537e-01,-7.263138890266418457e-01,1.678636789321899414e+00,4.339485988020896912e-02,-8.750099539756774902e-01,-4.114057719707489014e-01,-1.814385652542114258e-01,2.099363803863525391e-01,-2.448149174451828003e-01,-1.696567893028259277e+00,7.544617354869842529e-02,-8.594227433204650879e-01,1.612074375152587891e-01,-1.856049299240112305e-01,-3.217700868844985962e-02
4.018629491329193115e-01,4.209441244602203369e-01,9.629412889480590820e-01,2.141230553388595581e-02,-3.668781742453575134e-02,9.281944036483764648e-01,3.696629405021667480e-01,-2.769217789173126221e-01,1.371223032474517822e-01,3.400136828422546387e-01,5.534023046493530273e-01,-2.494354248046875000e-01,7.107297331094741821e-02,-7.660269737243652344e-02,-1.065866574645042419e-01,-3.074903227388858795e-02,3.452420830726623535e-01,-2.669446766376495361e-01,8.974364399909973145e-02,-2.301649004220962524e-01,9.465458244085311890e-02,3.272755146026611328e-01,-7.067067027091979980e-01,1.780636787414550781e+00,1.088280230760574341e-01,-8.506165146827697754e-01,-4.007613062858581543e-01,-1.820844560861587524e-01,2.561242580413818359e-01,-2.822524607181549072e-01,-1.798567891120910645e+00,7.942236028611660004e-03,-9.424027800559997559e-01,1.510184407234191895e-01,-1.873843371868133545e-01,-1.049679890275001526e-01
3.806944191455841064e-01,4.203405678272247314e-01,9.502225518226623535e-01,2.649967558681964874e-02,-4.102605208754539490e-02,9.272027015686035156e-01,3.713620603084564209e-01,-2.822586297988891602e-01,1.345314681529998779e-01,3.314403295516967773e-01,6.240881681442260742e-01,-3.129933774471282959e-01,8.655694872140884399e-02,-8.535494655370712280e-02,-1.264836192131042480e-01,-3.433599695563316345e-02,4.228723049163818359e-01,-3.027859926223754883e-01,8.229068666696548462e-02,-2.360158115625381470e-01,8.355610072612762451e-02,3.735700845718383789e-01,-6.965645551681518555e-01,1.863421916961669922e+00,1.659785211086273193e-01,-8.384390473365783691e-01,-3.769614100456237793e-01,-1.801153868436813354e-01,3.126801252365112305e-01,-3.192424476146697998e-01,-1.888468623161315918e+00,-8.455011248588562012e-02,-1.023653030395507812e+00,1.246011257171630859e-01,-1.834911257028579712e-01,-1.832586079835891724e-01
3.598456084728240967e-01,4.242542088031768799e-01,9.370077252388000488e-01,3.324060514569282532e-02,-4.485063627362251282e-02,9.253549575805664062e-01,3.749689161777496338e-01,-2.809970676898956299e-01,1.371646225452423096e-01,3.371414244174957275e-01,6.950863003730773926e-01,-3.643277585506439209e-01,1.082771718502044678e-01,-9.151583164930343628e-02,-1.500047743320465088e-01,-4.536949098110198975e-02,5.052385330200195312e-01,-3.168066143989562988e-01,7.059609144926071167e-02,-2.468212991952896118e-01,7.843171805143356323e-02,4.063926041126251221e-01,-6.913274526596069336e-01,1.878443479537963867e+00,2.097561806440353394e-01,-8.262293934822082520e-01,-3.413991928100585938e-01,-1.818793267011642456e-01,3.378441929817199707e-01,-3.450585901737213135e-01,-1.933591723442077637e+00,-1.634773164987564087e-01,-1.105082273483276367e+00,1.018635258078575134e-01,-1.839446127414703369e-01,-2.421284019947052002e-01
3.428050875663757324e-01,4.236803054809570312e-01,9.234482645988464355e-01,4.548246413469314575e-02,-4.856838658452033997e-02,9.246523380279541016e-01,3.749540746212005615e-01,-2.754952013492584229e-01,1.268414407968521118e-01,3.288753628730773926e-01,7.622348070144653320e-01,-4.061850607395172119e-01,1.295405477285385132e-01,-9.423552453517913818e-02,-1.737924069166183472e-01,-4.149725660681724548e-02,5.974154472351074219e-01,-3.172696828842163086e-01,5.463523045182228088e-02,-2.626354098320007324e-01,7.719213515520095825e-02,4.378218352794647217e-01,-6.908063888549804688e-01,1.882986187934875488e+00,2.630791962146759033e-01,-8.338295817375183105e-01,-3.125336170196533203e-01,-1.889754533767700195e-01,3.877631425857543945e-01,-3.814630508422851562e-01,-1.955663204193115234e+00,-2.654773294925689697e-01,-1.200298547744750977e+00,7.759045809507369995e-02,-1.882133036851882935e-01,-3.239262402057647705e-01
3.240696489810943604e-01,4.217263460159301758e-01,9.100010395050048828e-01,5.782260000705718994e-02,-5.506216734647750854e-02,9.243171811103820801e-01,3.731789290904998779e-01,-2.637489438056945801e-01,1.207829043269157410e-01,3.300600945949554443e-01,8.252789974212646484e-01,-4.527796506881713867e-01,1.487880498170852661e-01,-8.310247212648391724e-02,-1.954789906740188599e-01,-4.487239196896553040e-02,6.735318303108215332e-01,-3.166227340698242188e-01,4.003703966736793518e-02,-2.810730040073394775e-01,7.172599434852600098e-02,4.575058519840240479e-01,-6.924813389778137207e-01,1.872642874717712402e+00,3.032943904399871826e-01,-8.564100265502929688e-01,-2.776061892509460449e-01,-1.974592208862304688e-01,4.170233011245727539e-01,-4.108766019344329834e-01,-1.954453468322753906e+00,-3.551648557186126709e-01,-1.284747481346130371e+00,5.850627273321151733e-02,-1.925046294927597046e-01,-3.792548179626464844e-01
3.125214278697967529e-01,4.137684106826782227e-01,8.970760703086853027e-01,7.626912742853164673e-02,-6.323619186878204346e-02,9.230819940567016602e-01,3.716232478618621826e-01,-2.462598234415054321e-01,1.114748194813728333e-01,3.290666341781616211e-01,8.811292648315429688e-01,-4.926777184009552002e-01,1.641619801521301270e-01,-6.895929574966430664e-02,-2.119996696710586548e-01,-3.426680713891983032e-02,7.485135197639465332e-01,-3.207322657108306885e-01,2.531681396067142487e-02,-2.983308732509613037e-01,7.114300876855850220e-02,4.757245481014251709e-01,-7.058455944061279297e-01,1.847989201545715332e+00,3.438739776611328125e-01,-8.875867724418640137e-01,-2.389685064554214478e-01,-1.986736655235290527e-01,4.445362687110900879e-01,-4.360116124153137207e-01,-1.940390467643737793e+00,-4.543936252593994141e-01,-1.372190117835998535e+00,5.677544698119163513e-02,-1.813921630382537842e-01,-4.397590160369873047e-01
3.016983270645141602e-01,4.109765291213989258e-01,8.856602907180786133e-01,9.509587287902832031e-02,-6.799593567848205566e-02,9.227554202079772949e-01,3.672271370887756348e-01,-2.223828434944152832e-01,9.632062166929244995e-02,3.239552378654479980e-01,9.259903430938720703e-01,-5.314540266990661621e-01,1.818744838237762451e-01,-4.603166133165359497e-02,-2.228330522775650024e-01,-1.005960907787084579e-02,8.066863417625427246e-01,-3.210417330265045166e-01,1.989597082138061523e-02,-3.197676241397857666e-01,6.960802525281906128e-02,4.860074818134307861e-01,-7.209779024124145508e-01,1.823126554489135742e+00,3.760215342044830322e-01,-9.189736247062683105e-01,-2.111313939094543457e-01,-2.023198008537292480e-01,4.601883888244628906e-01,-4.577591717243194580e-01,-1.916494250297546387e+00,-5.442641973495483398e-01,-1.460255980491638184e+00,6.059631705284118652e-02,-1.761131733655929565e-01,-4.831713438034057617e-01
2.989500463008880615e-01,4.050314724445343018e-01,8.762857913970947266e-01,1.120200157165527344e-01,-7.287696003913879395e-02,9.231690168380737305e-01,3.604156970977783203e-01,-2.067707926034927368e-01,8.203469216823577881e-02,3.116036653518676758e-01,9.616996645927429199e-01,-5.672745704650878906e-01,2.017783075571060181e-01,-2.289610542356967926e-02,-2.316285967826843262e-01,1.375197549350559711e-03,8.446666598320007324e-01,-3.368709087371826172e-01,3.936070483177900314e-03,-3.343853652477264404e-01,6.464904546737670898e-02,4.877011179924011230e-01,-7.229070067405700684e-01,1.806885838508605957e+00,3.950766324996948242e-01,-9.485929012298583984e-01,-1.997550576925277710e-01,-2.014560103416442871e-01,4.819993972778320312e-01,-4.722017943859100342e-01,-1.900511980056762695e+00,-6.069204211235046387e-01,-1.519590616226196289e+00,6.284061819314956665e-02,-1.699000746011734009e-01,-5.266035199165344238e-01
2.870482802391052246e-01,4.025642573833465576e-01,8.686407804489135742e-01,1.294842511415481567e-01,-7.828088104724884033e-02,9.216227531433105469e-01,3.573757410049438477e-01,-1.762222945690155029e-01,6.767685711383819580e-02,3.094606697559356689e-01,9.899273514747619629e-01,-5.898630619049072266e-01,2.159334272146224976e-01,1.050376147031784058e-02,-2.413275688886642456e-01,1.575299538671970367e-02,8.720274567604064941e-01,-3.254640698432922363e-01,-1.719438470900058746e-03,-3.540183901786804199e-01,6.786727905273437500e-02,4.879551827907562256e-01,-7.292683124542236328e-01,1.780294537544250488e+00,4.093665480613708496e-01,-9.826766848564147949e-01,-1.657074391841888428e-01,-2.040485143661499023e-01,4.997054934501647949e-01,-4.942601323127746582e-01,-1.858867287635803223e+00,-6.786683797836303711e-01,-1.600501656532287598e+00,5.499470606446266174e-02,-1.701561361551284790e-01,-5.553086996078491211e-01
2.772472500801086426e-01,4.027991294860839844e-01,8.648574352264404297e-01,1.412846595048904419e-01,-8.289507776498794556e-02,9.209893345832824707e-01,3.534766435623168945e-01,-1.479045897722244263e-01,5.869834125041961670e-02,3.076815903186798096e-01,1.005808591842651367e+00,-5.997284650802612305e-01,2.252172380685806274e-01,4.496904090046882629e-02,-2.461621910333633423e-01,2.264700457453727722e-02,8.805642724037170410e-01,-3.052307367324829102e-01,-6.970814429223537445e-03,-3.715060055255889893e-01,6.188521161675453186e-02,4.879932701587677002e-01,-7.249239087104797363e-01,1.754633188247680664e+00,4.139297604560852051e-01,-9.931901693344116211e-01,-1.417887210845947266e-01,-2.020610868930816650e-01,5.162622332572937012e-01,-5.131119489669799805e-01,-1.811100840568542480e+00,-7.349933981895446777e-01,-1.678573846817016602e+00,4.694896563887596130e-02,-1.703396141529083252e-01,-5.941075682640075684e-01
2.659707069396972656e-01,4.068993330001831055e-01,8.660883903503417969e-01,1.443030536174774170e-01,-8.583643287420272827e-02,9.211136102676391602e-01,3.512242138385772705e-01,-1.238509193062782288e-01,5.168138071894645691e-02,3.018343448638916016e-01,1.002798438072204590e+00,-6.024237275123596191e-01,2.319908887147903442e-01,7.641536742448806763e-02,-2.439758032560348511e-01,2.749999426305294037e-02,8.638285994529724121e-01,-2.667182385921478271e-01,-6.481114774942398071e-03,-3.833310604095458984e-01,4.163016751408576965e-02,4.879989922046661377e-01,-7.057397365570068359e-01,1.722974181175231934e+00,4.103112220764160156e-01,-9.935535192489624023e-01,-1.026717871427536011e-01,-2.052209973335266113e-01,5.187128186225891113e-01,-5.482386350631713867e-01,-1.752910852432250977e+00,-7.918789982795715332e-01,-1.754222631454467773e+00,3.977366909384727478e-02,-1.766739487648010254e-01,-6.266337633132934570e-01
2.561194300651550293e-01,4.141263067722320557e-01,8.737625479698181152e-01,1.372039318084716797e-01,-8.691334724426269531e-02,9.222995042800903320e-01,3.506918549537658691e-01,-1.070335060358047485e-01,4.982229322195053101e-02,2.945087254047393799e-01,9.754773974418640137e-01,-5.954229235649108887e-01,2.354515790939331055e-01,9.837720543146133423e-02,-2.340817004442214966e-01,3.015414066612720490e-02,8.188673257827758789e-01,-2.047668546438217163e-01,-2.398813609033823013e-03,-3.937332034111022949e-01,-4.737987183034420013e-03,4.879998564720153809e-01,-6.632772684097290039e-01,1.684652924537658691e+00,3.955559134483337402e-01,-9.763880968093872070e-01,-5.682374536991119385e-02,-2.139233052730560303e-01,5.112144351005554199e-01,-6.014663577079772949e-01,-1.677435755729675293e+00,-8.485755324363708496e-01,-1.829680800437927246e+00,3.931773826479911804e-02,-1.899390816688537598e-01,-6.662634611129760742e-01
2.540243864059448242e-01,4.202350378036499023e-01,8.882608413696289062e-01,1.285889148712158203e-01,-8.880294859409332275e-02,9.244917035102844238e-01,3.476980924606323242e-01,-9.107117354869842529e-02,5.465148016810417175e-02,2.857429981231689453e-01,9.228725433349609375e-01,-5.638684630393981934e-01,2.309310138225555420e-01,1.096105501055717468e-01,-2.212404012680053711e-01,2.296943217515945435e-02,7.593400478363037109e-01,-1.410834044218063354e-01,4.106032662093639374e-03,-3.952129781246185303e-01,-6.209155544638633728e-02,4.876004755496978760e-01,-6.121958494186401367e-01,1.653430938720703125e+00,3.646441102027893066e-01,-9.799701571464538574e-01,-1.149197947233915329e-02,-2.244951277971267700e-01,4.916095435619354248e-01,-6.672466397285461426e-01,-1.609026312828063965e+00,-9.132859110832214355e-01,-1.884619951248168945e+00,6.162143498659133911e-02,-1.910628378391265869e-01,-7.073370218276977539e-01
2.356788814067840576e-01,4.386219978332519531e-01,9.100660085678100586e-01,1.102113649249076843e-01,-8.470723778009414673e-02,9.269981980323791504e-01,3.483568727970123291e-01,-5.452283099293708801e-02,5.333088338375091553e-02,2.854312062263488770e-01,8.236418366432189941e-01,-4.927856028079986572e-01,2.313157469034194946e-01,1.259343475103378296e-01,-2.113747596740722656e-01,7.717080879956483841e-03,6.600517034530639648e-01,-3.908340260386466980e-02,2.002691850066184998e-02,-3.870592415332794189e-01,-1.395286768674850464e-01,4.602964222431182861e-01,-5.230385661125183105e-01,1.626041173934936523e+00,2.910451591014862061e-01,-1.001817464828491211e+00,3.245700895786285400e-02,-2.406401485204696655e-01,4.361501634120941162e-01,-7.616704702377319336e-01,-1.521388411521911621e+00,-9.777537584304809570e-01,-1.954233884811401367e+00,7.313468307256698608e-02,-2.008096277713775635e-01,-7.214091420173645020e-01
2.350819259881973267e-01,4.377233088016510010e-01,9.366518259048461914e-01,9.229338914155960083e-02,-7.241328060626983643e-02,9.323341250419616699e-01,3.420399725437164307e-01,-1.131763681769371033e-02,2.467695996165275574e-02,2.503569126129150391e-01,7.216418385505676270e-01,-3.907856047153472900e-01,2.011704742908477783e-01,1.585947275161743164e-01,-1.979244053363800049e-01,-4.576200619339942932e-02,5.580517053604125977e-01,6.291659921407699585e-02,7.789704203605651855e-02,-3.334533870220184326e-01,-2.415286749601364136e-01,3.813563585281372070e-01,-4.210385680198669434e-01,1.547944545745849609e+00,1.890451610088348389e-01,-1.059827685356140137e+00,6.063034757971763611e-02,-2.725572288036346436e-01,3.893325626850128174e-01,-8.636704683303833008e-01,-1.419388413429260254e+00,-1.072220921516418457e+00,-2.005181550979614258e+00,9.429883956909179688e-02,-1.980669349431991577e-01,-7.236113548278808594e-01
2.352682650089263916e-01,4.366716742515563965e-01,9.626529216766357422e-01,9.875163435935974121e-02,-7.084346562623977661e-02,9.402523636817932129e-01,3.180485069751739502e-01,9.068236500024795532e-02,1.336160209029912949e-02,2.047703713178634644e-01,6.196418404579162598e-01,-2.887856066226959229e-01,1.261320859193801880e-01,2.471518218517303467e-01,-1.561511009931564331e-01,-1.202017739415168762e-01,4.560516774654388428e-01,1.649166047573089600e-01,1.658051759004592896e-01,-2.314533740282058716e-01,-3.031291961669921875e-01,2.793563604354858398e-01,-3.208751082420349121e-01,1.445944547653198242e+00,8.704516291618347168e-02,-1.153880715370178223e+00,9.415522962808609009e-02,-3.216811418533325195e-01,3.314295709133148193e-01,-9.656704664230346680e-01,-1.317388415336608887e+00,-1.174220919609069824e+00,-2.017942905426025391e+00,1.588998883962631226e-01,-1.839369386434555054e-01,-7.239416837692260742e-01
2.345671355724334717e-01,4.371707141399383545e-01,9.923980832099914551e-01,9.717759490013122559e-02,-6.946539133787155151e-02,9.552806019783020020e-01,2.704997360706329346e-01,1.676273941993713379e-01,1.728380098938941956e-02,1.339607089757919312e-01,5.176418423652648926e-01,-1.867856085300445557e-01,4.544859752058982849e-02,2.648299038410186768e-01,-1.028487160801887512e-01,-1.946168690919876099e-01,3.540516793727874756e-01,2.669166028499603271e-01,2.468411177396774292e-01,-1.294533759355545044e-01,-3.123693764209747314e-01,1.773563474416732788e-01,-2.265755087137222290e-01,1.343944549560546875e+00,-1.495483983308076859e-02,-1.255880713462829590e+00,1.338698565959930420e-01,-3.656265735626220703e-01,2.980374991893768311e-01,-1.067670464515686035e+00,-1.220551252365112305e+00,-1.252665638923645020e+00,-2.036558389663696289e+00,2.608999013900756836e-01,-1.623670309782028198e-01,-7.239912748336791992e-01
2.361967116594314575e-01,4.346741735935211182e-01,1.026625990867614746e+00,6.656595319509506226e-02,-5.181240290403366089e-02,9.677202701568603516e-01,2.374909967184066772e-01,1.309211552143096924e-01,2.248434163630008698e-02,1.171143800020217896e-01,4.156418442726135254e-01,-8.478560298681259155e-02,-4.564319737255573273e-03,2.094834446907043457e-01,-6.491157412528991699e-02,-2.552742660045623779e-01,2.520516812801361084e-01,3.689166009426116943e-01,2.601511776447296143e-01,-2.745337411761283875e-02,-3.137553632259368896e-01,7.535634934902191162e-02,-1.857613921165466309e-01,1.241944551467895508e+00,-1.169548407196998596e-01,-1.357880711555480957e+00,1.313446611166000366e-01,-3.818947672843933105e-01,3.002223670482635498e-01,-1.169670462608337402e+00,-1.119537234306335449e+00,-1.263994932174682617e+00,-2.022740125656127930e+00,2.926617264747619629e-01,-1.394867599010467529e-01,-7.239986658096313477e-01
2.383681684732437134e-01,4.313659071922302246e-01,1.055478811264038086e+00,-2.099857106804847717e-02,-1.896348223090171814e-02,9.803354740142822266e-01,1.952992677688598633e-01,2.892114967107772827e-02,3.787910565733909607e-02,1.157687082886695862e-01,3.136418461799621582e-01,1.721439883112907410e-02,-6.106091663241386414e-02,1.074834391474723816e-01,-2.857433818280696869e-02,-2.994708120822906494e-01,1.500516980886459351e-01,4.403874874114990234e-01,2.621476650238037109e-01,7.454662770032882690e-02,-3.139632940292358398e-01,-2.664365246891975403e-02,-2.794231176376342773e-01,1.139944553375244141e+00,-2.189548462629318237e-01,-1.459880709648132324e+00,2.934466488659381866e-02,-3.962675631046295166e-01,3.120782673358917236e-01,-1.271670460700988770e+00,-1.065963745117187500e+00,-1.161994934082031250e+00,-1.920740127563476562e+00,3.946617245674133301e-01,-1.116349175572395325e-01,-7.239997982978820801e-01
2.413444966077804565e-01,4.288322031497955322e-01,1.077555179595947266e+00,-2.305767871439456940e-02,-2.241853065788745880e-02,9.919647574424743652e-01,1.223589852452278137e-01,-7.307884842157363892e-02,8.638264238834381104e-02,1.422262787818908691e-01,2.116418480873107910e-01,1.192144006490707397e-01,-5.560371279716491699e-02,5.483442451804876328e-03,-2.421150915324687958e-03,-2.941533923149108887e-01,9.110055863857269287e-02,4.511081278324127197e-01,2.600326538085937500e-01,1.394984573125839233e-01,-2.119633108377456665e-01,-1.286436468362808228e-01,-3.814231157302856445e-01,1.037944555282592773e+00,-3.209548294544219971e-01,-1.561880707740783691e+00,1.505036745220422745e-02,-3.903857171535491943e-01,2.626554965972900391e-01,-1.338056325912475586e+00,-1.156725287437438965e+00,-1.059994935989379883e+00,-1.818740129470825195e+00,3.361951708793640137e-01,-9.732994437217712402e-02,-7.239999771118164062e-01
2.466313838958740234e-01,4.259907603263854980e-01,1.083912372589111328e+00,-3.428957238793373108e-02,-3.879536315798759460e-02,9.977554082870483398e-01,4.246581718325614929e-02,-1.750788539648056030e-01,1.276455372571945190e-01,1.618779152631759644e-01,2.920721471309661865e-01,2.196854948997497559e-01,-3.831982985138893127e-02,-9.651655703783035278e-02,8.149761706590652466e-04,-2.993346750736236572e-01,1.169224530458450317e-01,4.354728758335113525e-01,2.550412416458129883e-01,8.967448770999908447e-02,-1.099633052945137024e-01,-2.306436449289321899e-01,-4.422981739044189453e-01,9.762402772903442383e-01,-4.229548275470733643e-01,-1.663880705833435059e+00,8.974425494670867920e-02,-3.947228193283081055e-01,1.992263346910476685e-01,-1.249997138977050781e+00,-1.243114829063415527e+00,-9.579948782920837402e-01,-1.716740131378173828e+00,2.803836166858673096e-01,-7.367354631423950195e-02,-6.219999790191650391e-01
2.502012848854064941e-01,4.183242321014404297e-01,1.081300258636474609e+00,-6.584985554218292236e-02,-5.231092870235443115e-02,9.962953925132751465e-01,-1.796811260282993317e-02,-2.770788371562957764e-01,1.480446308851242065e-01,1.705913394689559937e-01,3.377193212509155273e-01,1.985557973384857178e-01,-3.782780468463897705e-02,-1.985165625810623169e-01,-4.825212433934211731e-02,-3.032250404357910156e-01,1.476643830537796021e-01,4.300639927387237549e-01,2.537482380867004395e-01,4.063111916184425354e-02,-7.963305339217185974e-03,-3.326436579227447510e-01,-4.642405211925506592e-01,9.609501361846923828e-01,-5.249548554420471191e-01,-1.765880703926086426e+00,1.682150512933731079e-01,-4.035696089267730713e-01,1.445091366767883301e-01,-1.149197101593017578e+00,-1.305717110633850098e+00,-8.559948801994323730e-01,-1.614740133285522461e+00,2.846022844314575195e-01,-5.415605008602142334e-02,-5.199999809265136719e-01
2.510143220424652100e-01,4.053279757499694824e-01,1.075002670288085938e+00,-7.625064253807067871e-02,-7.548909634351730347e-02,9.907392859458923340e-01,-8.320426195859909058e-02,-3.790788352489471436e-01,1.697822064161300659e-01,1.575012207031250000e-01,3.716514408588409424e-01,1.563618183135986328e-01,-3.280888497829437256e-02,-2.482520192861557007e-01,-1.079352796077728271e-01,-3.424419164657592773e-01,1.599159091711044312e-01,4.191312193870544434e-01,2.391364574432373047e-01,1.068356912583112717e-02,7.580784708261489868e-02,-4.346436560153961182e-01,-3.622405230998992920e-01,9.998462200164794922e-01,-4.707342088222503662e-01,-1.867880702018737793e+00,2.076804488897323608e-01,-4.280634522438049316e-01,1.088948771357536316e-01,-1.047197103500366211e+00,-1.371496081352233887e+00,-7.539948821067810059e-01,-1.512740135192871094e+00,3.087462484836578369e-01,-6.277230381965637207e-02,-4.179999828338623047e-01
2.497551590204238892e-01,3.889245688915252686e-01,1.064830183982849121e+00,-7.503435015678405762e-02,-1.002591848373413086e-01,9.801973104476928711e-01,-1.533986032009124756e-01,-4.810788631439208984e-01,1.756683737039566040e-01,1.307700425386428833e-01,3.474423587322235107e-01,1.464927494525909424e-01,-3.415366634726524353e-02,-1.955806612968444824e-01,-1.845206618309020996e-01,-3.827717006206512451e-01,1.749664396047592163e-01,4.329259991645812988e-01,2.167421132326126099e-01,3.575743362307548523e-02,1.748658269643783569e-01,-4.799965620040893555e-01,-2.602405250072479248e-01,1.034103989601135254e+00,-4.094071090221405029e-01,-1.969880700111389160e+00,2.413758635520935059e-01,-4.547413885593414307e-01,1.164774894714355469e-01,-9.451970458030700684e-01,-1.398983597755432129e+00,-6.519948840141296387e-01,-1.426384449005126953e+00,2.801592946052551270e-01,-1.008032485842704773e-01,-3.159999847412109375e-01
2.481795698404312134e-01,3.726509511470794678e-01,1.052417159080505371e+00,-1.109615489840507507e-01,-1.403574198484420776e-01,9.588110446929931641e-01,-2.206098288297653198e-01,-5.830788612365722656e-01,1.873926520347595215e-01,8.635377138853073120e-02,3.364956378936767578e-01,9.936710447072982788e-02,-1.932557672262191772e-02,-1.535075455904006958e-01,-2.312710285186767578e-01,-4.209006428718566895e-01,1.979865580797195435e-01,4.216987192630767822e-01,1.866276711225509644e-01,8.798380196094512939e-02,2.248006761074066162e-01,-4.867994785308837891e-01,-1.582405269145965576e-01,1.074138879776000977e+00,-3.202480375766754150e-01,-2.071880817413330078e+00,2.074244618415832520e-01,-4.765587747097015381e-01,1.661135107278823853e-01,-8.431970477104187012e-01,-1.321200728416442871e+00,-5.499948859214782715e-01,-1.528384447097778320e+00,2.265208810567855835e-01,-1.428716331720352173e-01,-2.139999717473983765e-01
2.458266764879226685e-01,3.533694148063659668e-01,1.038919687271118164e+00,-1.675541102886199951e-01,-1.626049727201461792e-01,9.361786842346191406e-01,-2.627827227115631104e-01,-6.850788593292236328e-01,1.677197664976119995e-01,9.189479053020477295e-02,3.043602705001831055e-01,1.291573699563741684e-02,1.445344556123018265e-02,-1.635732650756835938e-01,-3.119505643844604492e-01,-3.967392444610595703e-01,2.656857669353485107e-01,3.565190434455871582e-01,1.575417965650558472e-01,1.437492966651916504e-01,2.243908047676086426e-01,-4.790647625923156738e-01,-5.624053254723548889e-02,9.925803542137145996e-01,-2.634279727935791016e-01,-2.167770862579345703e+00,1.672738045454025269e-01,-4.467002451419830322e-01,2.626534104347229004e-01,-7.411970496177673340e-01,-1.219200730323791504e+00,-4.479948878288269043e-01,-1.630384445190429688e+00,1.727618128061294556e-01,-1.267844289541244507e-01,-1.119999736547470093e-01
2.420496642589569092e-01,3.359540700912475586e-01,1.024012804031372070e+00,-1.699320077896118164e-01,-1.715433448553085327e-01,9.235548377037048340e-01,-2.978967726230621338e-01,-7.870788574218750000e-01,1.439947634935379028e-01,4.981390759348869324e-02,3.401021659374237061e-01,-8.908426016569137573e-02,6.206059828400611877e-02,-1.047665402293205261e-01,-3.718944191932678223e-01,-3.550931811332702637e-01,3.676857650279998779e-01,2.750838696956634521e-01,1.134833991527557373e-01,1.899706572294235229e-01,2.747407853603363037e-01,-4.326738119125366211e-01,3.663895418867468834e-03,8.979108333587646484e-01,-2.385921478271484375e-01,-2.065770864486694336e+00,1.033686995506286621e-01,-4.227970242500305176e-01,3.451778292655944824e-01,-7.265953421592712402e-01,-1.117200732231140137e+00,-3.459948897361755371e-01,-1.555799961090087891e+00,1.671722978353500366e-01,-6.265519559383392334e-02,-2.615541219711303711e-02
2.373469620943069458e-01,3.211334049701690674e-01,1.009363651275634766e+00,-1.857695728540420532e-01,-1.863227188587188721e-01,9.107038378715515137e-01,-3.184210658073425293e-01,-8.858937621116638184e-01,1.273528486490249634e-01,2.317113615572452545e-02,3.969354629516601562e-01,-1.910842657089233398e-01,1.144145950675010681e-01,-6.813349574804306030e-02,-3.896499574184417725e-01,-3.341076374053955078e-01,4.375202059745788574e-01,2.368642687797546387e-01,7.987409830093383789e-02,1.960360854864120483e-01,3.081102669239044189e-01,-4.034455120563507080e-01,5.319518968462944031e-02,8.636760711669921875e-01,-2.111459374427795410e-01,-1.963770866394042969e+00,4.782925918698310852e-02,-4.061843156814575195e-01,3.875573873519897461e-01,-7.496095299720764160e-01,-1.015200734138488770e+00,-2.439948916435241699e-01,-1.489249825477600098e+00,1.443355977535247803e-01,-5.753802135586738586e-02,-3.911668434739112854e-02
2.339201420545578003e-01,2.851097285747528076e-01,9.951308369636535645e-01,-2.053629159927368164e-01,-2.032778561115264893e-01,8.974093198776245117e-01,-3.334077596664428711e-01,-9.619238376617431641e-01,9.460183233022689819e-02,-7.976595312356948853e-03,4.845561981201171875e-01,-2.930842638015747070e-01,1.788269132375717163e-01,-7.714505493640899658e-02,-4.002004861831665039e-01,-2.888505458831787109e-01,5.395202040672302246e-01,1.716179996728897095e-01,1.065953634679317474e-02,1.954978406429290771e-01,3.131165504455566406e-01,-3.772678673267364502e-01,1.138836890459060669e-01,8.210515379905700684e-01,-2.123001366853713989e-01,-1.861770868301391602e+00,3.229779005050659180e-02,-3.453586995601654053e-01,3.971718549728393555e-01,-7.711046338081359863e-01,-9.132007956504821777e-01,-1.419948935508728027e-01,-1.416052103042602539e+00,8.993934839963912964e-02,-4.557092487812042236e-02,-1.064254045486450195e-01
2.305590659379959106e-01,2.582344710826873779e-01,9.822959303855895996e-01,-2.268807440996170044e-01,-2.074063569307327271e-01,8.895556926727294922e-01,-3.379325270652770996e-01,-1.027227520942687988e+00,4.713444039225578308e-02,-4.396056383848190308e-02,5.756390690803527832e-01,-3.731844425201416016e-01,2.318075746297836304e-01,-1.598958671092987061e-01,-4.077326059341430664e-01,-2.274855226278305054e-01,6.415202021598815918e-01,9.448806941509246826e-02,-8.135944604873657227e-02,1.927756071090698242e-01,3.138674795627593994e-01,-3.556208908557891846e-01,1.364299207925796509e-01,7.190515398979187012e-01,-2.014672458171844482e-01,-1.759770870208740234e+00,4.727643355727195740e-02,-2.579299211502075195e-01,3.379314541816711426e-01,-8.252246975898742676e-01,-8.112007975578308105e-01,-3.999489545822143555e-02,-1.427936196327209473e+00,1.506684068590402603e-02,-2.986256778240203857e-02,-1.250149160623550415e-01
2.209102362394332886e-01,2.485014647245407104e-01,9.750046730041503906e-01,-2.467303574085235596e-01,-1.957769244909286499e-01,8.843640089035034180e-01,-3.445226252079010010e-01,-1.059453487396240234e+00,-1.549684908241033554e-03,-5.817071348428726196e-02,6.205739974975585938e-01,-3.613731861114501953e-01,2.573029994964599609e-01,-2.618958652019500732e-01,-3.653337955474853516e-01,-1.266334056854248047e-01,7.435202002525329590e-01,3.751028329133987427e-02,-1.223094090819358826e-01,1.675787568092346191e-01,3.139801323413848877e-01,-3.564985394477844238e-01,1.793243288993835449e-01,6.170515418052673340e-01,-1.888684630393981934e-01,-1.657770872116088867e+00,7.564204931259155273e-02,-2.151818275451660156e-01,2.668395042419433594e-01,-8.976964950561523438e-01,-7.092007994651794434e-01,6.200510635972023010e-02,-1.438495874404907227e+00,-2.555781230330467224e-02,-4.090868681669235229e-02,-1.328397989273071289e-01
2.076025307178497314e-01,2.299123853445053101e-01,9.756763577461242676e-01,-2.600322961807250977e-01,-1.835177093744277954e-01,8.806001543998718262e-01,-3.510666787624359131e-01,-1.046851634979248047e+00,-4.726885631680488586e-02,-7.059332728385925293e-02,6.154915690422058105e-01,-3.197547793388366699e-01,2.598638236522674561e-01,-3.638958632946014404e-01,-2.916724681854248047e-01,-5.517831817269325256e-02,8.455201983451843262e-01,1.196630857884883881e-02,-1.269033700227737427e-01,1.463023871183395386e-01,3.139970302581787109e-01,-3.594810068607330322e-01,2.378023415803909302e-01,5.583488345146179199e-01,-2.078244239091873169e-01,-1.555770874023437500e+00,8.169912546873092651e-02,-1.974682956933975220e-01,2.147276401519775391e-01,-9.617201685905456543e-01,-6.072007417678833008e-01,1.640051007270812988e-01,-1.456793904304504395e+00,-5.875640735030174255e-02,-5.633281543850898743e-02,-1.254436969757080078e-01
2.016427218914031982e-01,2.151057422161102295e-01,9.811007976531982422e-01,-2.609713375568389893e-01,-1.699221432209014893e-01,8.801909089088439941e-01,-3.581681251525878906e-01,-1.006340980529785156e+00,-8.476619422435760498e-02,-7.964406907558441162e-02,5.817343592643737793e-01,-2.561501860618591309e-01,2.474442571401596069e-01,-4.631302356719970703e-01,-2.069582492113113403e-01,-4.131143167614936829e-02,9.475201964378356934e-01,3.974963910877704620e-03,-1.223298534750938416e-01,1.334387063980102539e-01,3.139995634555816650e-01,-3.607485592365264893e-01,2.913087010383605957e-01,5.160954594612121582e-01,-2.290822118520736694e-01,-1.453770875930786133e+00,8.319055289030075073e-02,-1.871583461761474609e-01,1.635016202926635742e-01,-9.974038600921630859e-01,-5.052007436752319336e-01,2.660050988197326660e-01,-1.461730003356933594e+00,-1.015109196305274963e-01,-6.588426232337951660e-02,-1.012113094329833984e-01
1.924700289964675903e-01,1.978130191564559937e-01,9.902359843254089355e-01,-2.519644200801849365e-01,-1.578620225191116333e-01,8.795405030250549316e-01,-3.714861869812011719e-01,-9.390436410903930664e-01,-1.169298514723777771e-01,-1.105056852102279663e-01,5.246556401252746582e-01,-1.712932884693145752e-01,2.170670330524444580e-01,-5.355169773101806641e-01,-1.265299171209335327e-01,-6.583943963050842285e-02,1.049520134925842285e+00,-2.720187790691852570e-02,-1.264822781085968018e-01,1.217225566506385803e-01,3.139999210834503174e-01,-3.482508361339569092e-01,3.598755300045013428e-01,4.849044382572174072e-01,-2.686181664466857910e-01,-1.351770877838134766e+00,5.917052552103996277e-02,-1.773491203784942627e-01,1.135041192173957825e-01,-1.017106771469116211e+00,-4.032007753849029541e-01,3.680050969123840332e-01,-1.492746353149414062e+00,-1.158142387866973877e-01,-6.455845385789871216e-02,-6.759124994277954102e-02
1.811000555753707886e-01,1.780849844217300415e-01,1.002599477767944336e+00,-2.406096011400222778e-01,-1.508072167634963989e-01,8.785501122474670410e-01,-3.840753436088562012e-01,-8.561394214630126953e-01,-1.335872858762741089e-01,-1.438883990049362183e-01,4.450648725032806396e-01,-8.154143393039703369e-02,1.877320557832717896e-01,-5.991122126579284668e-01,-5.072288960218429565e-02,-1.111258864402770996e-01,1.151520133018493652e+00,-4.839568957686424255e-02,-1.248413175344467163e-01,1.133878082036972046e-01,3.139999806880950928e-01,-3.161101341247558594e-01,4.270884394645690918e-01,4.485464394092559814e-01,-3.251523673534393311e-01,-1.249770879745483398e+00,3.165872767567634583e-02,-1.798222064971923828e-01,9.332040697336196899e-02,-1.010730028152465820e+00,-3.012007772922515869e-01,4.700050950050354004e-01,-1.534758687019348145e+00,-1.182524710893630981e-01,-7.430692762136459351e-02,-6.525777280330657959e-02
1.687305718660354614e-01,1.560452282428741455e-01,1.018062710762023926e+00,-2.249393165111541748e-01,-1.461659222841262817e-01,8.763638734817504883e-01,-4.000301957130432129e-01,-7.592085599899291992e-01,-1.411530226469039917e-01,-1.939521878957748413e-01,3.535551726818084717e-01,4.781082272529602051e-03,1.383632570505142212e-01,-6.380161046981811523e-01,1.161290705204010010e-02,-1.435579508543014526e-01,1.049520134925842285e+00,-7.327722012996673584e-02,-1.095394045114517212e-01,1.004467830061912537e-01,3.140000104904174805e-01,-2.753988206386566162e-01,4.767278134822845459e-01,4.061458706855773926e-01,-3.889183700084686279e-01,-1.147770881652832031e+00,1.670905202627182007e-02,-1.840079128742218018e-01,7.936503738164901733e-02,-9.936980605125427246e-01,-1.992007642984390259e-01,5.720050930976867676e-01,-1.583489060401916504e+00,-1.051590442657470703e-01,-8.181558549404144287e-02,-6.921435147523880005e-02
1.563804745674133301e-01,1.326743960380554199e-01,1.034325480461120605e+00,-2.085692733526229858e-01,-1.405468732118606567e-01,8.736426830291748047e-01,-4.165259599685668945e-01,-6.622879505157470703e-01,-1.394024640321731567e-01,-2.333226948976516724e-01,2.703268527984619141e-01,7.399655878543853760e-02,9.148107469081878662e-02,-6.657606363296508789e-01,5.842448770999908447e-02,-1.666113734245300293e-01,9.475201964378356934e-01,-8.431714773178100586e-02,-8.192818611860275269e-02,9.329549223184585571e-02,3.140000104904174805e-01,-2.287739813327789307e-01,4.961504340171813965e-01,3.578306734561920166e-01,-4.662401080131530762e-01,-1.045770883560180664e+00,1.775782927870750427e-02,-2.022718191146850586e-01,7.458939403295516968e-02,-9.712824821472167969e-01,-1.798469275236129761e-01,6.740050911903381348e-01,-1.610334634780883789e+00,-8.351660519838333130e-02,-9.518382698297500610e-02,-8.813035488128662109e-02
1.450837850570678711e-01,1.094598844647407532e-01,1.048872232437133789e+00,-1.979631632566452026e-01,-1.333961486816406250e-01,8.703810572624206543e-01,-4.306423366069793701e-01,-6.028124690055847168e-01,-1.360825151205062866e-01,-2.414356619119644165e-01,2.270252704620361328e-01,1.121610850095748901e-01,6.399264186620712280e-02,-6.959586143493652344e-01,9.072764962911605835e-02,-1.746485233306884766e-01,8.455201983451843262e-01,-7.381667941808700562e-02,-4.751205816864967346e-02,8.451158553361892700e-02,3.140000104904174805e-01,-1.895207464694976807e-01,5.006484389305114746e-01,3.049446642398834229e-01,-5.094642639160156250e-01,-9.437709450721740723e-01,2.496341429650783539e-02,-2.185477018356323242e-01,6.895259022712707520e-02,-9.444087147712707520e-01,-2.339854240417480469e-01,7.760050892829895020e-01,-1.640052437782287598e+00,-7.271853089332580566e-02,-9.721954166889190674e-02,-9.894476085901260376e-02
1.350743174552917480e-01,8.750610798597335815e-02,1.058792233467102051e+00,-1.916908323764801025e-01,-1.213961765170097351e-01,8.660512566566467285e-01,-4.455028474330902100e-01,-5.495045781135559082e-01,-1.399003267288208008e-01,-2.340946942567825317e-01,2.125263065099716187e-01,1.231920048594474792e-01,4.117342084646224976e-02,-7.028400897979736328e-01,1.046375259757041931e-01,-1.543303579092025757e-01,7.435202002525329590e-01,-1.091978419572114944e-02,1.429986022412776947e-02,7.630365341901779175e-02,3.140000104904174805e-01,-1.445030122995376587e-01,4.849525690078735352e-01,2.466218173503875732e-01,-5.716760158538818359e-01,-8.417708873748779297e-01,3.151726908981800079e-03,-2.365423738956451416e-01,7.243363559246063232e-02,-9.026399254798889160e-01,-3.164553046226501465e-01,8.403790593147277832e-01,-1.664507865905761719e+00,-4.656258970499038696e-02,-1.005105450749397278e-01,-1.115962117910385132e-01
1.272963136434555054e-01,6.888120621442794800e-02,1.062180042266845703e+00,-1.857800483703613281e-01,-1.065181046724319458e-01,8.630639910697937012e-01,-4.574497342109680176e-01,-5.035853981971740723e-01,-1.485913395881652832e-01,-2.360743284225463867e-01,2.269404232501983643e-01,1.033429056406021118e-01,3.534559160470962524e-02,-7.139617800712585449e-01,1.069838851690292358e-01,-1.026877090334892273e-01,6.415202021598815918e-01,7.398424297571182251e-02,7.840710878372192383e-02,7.382453233003616333e-02,3.140000104904174805e-01,-1.054884567856788635e-01,4.613715112209320068e-01,1.891102939844131470e-01,-5.946302413940429688e-01,-7.976670265197753906e-01,-3.185506910085678101e-02,-2.521422803401947021e-01,6.735076755285263062e-02,-8.389113545417785645e-01,-4.182294309139251709e-01,7.957786917686462402e-01,-1.705305099487304688e+00,-3.359760623425245285e-03,-9.986232221126556396e-02,-1.106080412864685059e-01
1.202580854296684265e-01,5.248616263270378113e-02,1.057641148567199707e+00,-1.653534919023513794e-01,-8.874300122261047363e-02,8.580608963966369629e-01,-4.780318140983581543e-01,-4.500874876976013184e-01,-1.576294600963592529e-01,-2.345791906118392944e-01,2.588162720203399658e-01,7.342018932104110718e-02,4.477244243025779724e-02,-7.147496342658996582e-01,9.564881026744842529e-02,-7.277367264032363892e-02,5.395202040672302246e-01,1.543471664190292358e-01,1.222296953201293945e-01,7.144276797771453857e-02,3.140000104904174805e-01,-7.581728696823120117e-02,4.336086511611938477e-01,1.601162850856781006e-01,-6.386644244194030762e-01,-8.196969628334045410e-01,-6.817443668842315674e-02,-2.599988281726837158e-01,7.196738570928573608e-02,-7.469552159309387207e-01,-5.202294588088989258e-01,7.455674409866333008e-01,-1.759319305419921875e+00,4.138063639402389526e-02,-1.078373119235038757e-01,-1.033863797783851624e-01
1.113925799727439880e-01,3.594777733087539673e-02,1.046054840087890625e+00,-1.412058621644973755e-01,-7.312314212322235107e-02,8.527458906173706055e-01,-4.975322782993316650e-01,-4.171641767024993896e-01,-1.720910966396331787e-01,-2.479460239410400391e-01,3.296743333339691162e-01,3.695474937558174133e-02,5.309802293777465820e-02,-7.234928607940673828e-01,8.440788090229034424e-02,-4.832218959927558899e-02,4.375202059745788574e-01,1.812185198068618774e-01,1.365247964859008789e-01,7.096874713897705078e-02,3.140000104904174805e-01,-4.874765500426292419e-02,3.963873684406280518e-01,1.637926101684570312e-01,-6.859959959983825684e-01,-8.491863608360290527e-01,-1.050177067518234253e-01,-2.541344165802001953e-01,8.714536577463150024e-02,-6.449552178382873535e-01,-6.222294569015502930e-01,6.928461790084838867e-01,-1.812465906143188477e+00,9.018971771001815796e-02,-1.177297160029411316e-01,-9.455180913209915161e-02
9.969658404588699341e-02,1.800480484962463379e-02,1.028831601142883301e+00,-1.233444511890411377e-01,-6.452999264001846313e-02,8.456155061721801758e-01,-5.153216719627380371e-01,-3.949887454509735107e-01,-1.878793090581893921e-01,-2.529294490814208984e-01,4.060768485069274902e-01,-4.708401858806610107e-03,5.538084357976913452e-02,-7.328267097473144531e-01,7.403094321489334106e-02,-4.750489443540573120e-02,3.355201780796051025e-01,1.649259179830551147e-01,1.297578960657119751e-01,7.002605497837066650e-02,3.140000104904174805e-01,-2.269609831273555756e-02,3.727933764457702637e-01,1.806579232215881348e-01,-7.022302150726318359e-01,-8.845596909523010254e-01,-1.201858818531036377e-01,-2.527602910995483398e-01,1.041943207383155823e-01,-5.429552197456359863e-01,-7.242294549942016602e-01,6.032360196113586426e-01,-1.870694160461425781e+00,1.085736304521560669e-01,-1.317405253648757935e-01,-1.017311736941337585e-01
8.717873692512512207e-02,-3.491503302939236164e-04,1.009028077125549316e+00,-1.064097434282302856e-01,-5.547703057527542114e-02,8.358530402183532715e-01,-5.356761813163757324e-01,-3.931132555007934570e-01,-2.099750936031341553e-01,-2.459286451339721680e-01,5.080768465995788574e-01,-4.680686444044113159e-02,4.550820961594581604e-02,-7.438797950744628906e-01,5.226570740342140198e-02,-6.417249143123626709e-02,2.335201948881149292e-01,1.354380697011947632e-01,1.002749577164649963e-01,7.576245069503784180e-02,3.140000104904174805e-01,1.254155393689870834e-02,3.412040770053863525e-01,2.267359644174575806e-01,-7.048175930976867676e-01,-9.380766749382019043e-01,-1.400639563798904419e-01,-2.460037767887115479e-01,1.456543952226638794e-01,-4.409551918506622314e-01,-8.262294530868530273e-01,5.012360215187072754e-01,-1.896486043930053711e+00,1.471216827630996704e-01,-1.421313434839248657e-01,-1.204151362180709839e-01
7.072406262159347534e-02,-1.936374790966510773e-02,9.925398826599121094e-01,-9.429620951414108276e-02,-5.411322787404060364e-02,8.250034451484680176e-01,-5.545712113380432129e-01,-3.998725414276123047e-01,-2.174081504344940186e-01,-2.335618585348129272e-01,6.100768446922302246e-01,-5.402396619319915771e-02,1.913518086075782776e-02,-7.632807493209838867e-01,3.855910524725914001e-02,-8.364738523960113525e-02,3.321026265621185303e-01,7.843338698148727417e-02,4.813599586486816406e-02,8.408178389072418213e-02,3.140000104904174805e-01,4.882822558283805847e-02,3.007388114929199219e-01,2.522349059581756592e-01,-6.823193430900573730e-01,-9.432354569435119629e-01,-1.165923774242401123e-01,-2.434897720813751221e-01,1.927148401737213135e-01,-3.389551937580108643e-01,-9.282294511795043945e-01,4.516834020614624023e-01,-1.843842387199401855e+00,1.683788299560546875e-01,-1.502509117126464844e-01,-1.501061767339706421e-01
5.475151538848876953e-02,-3.738144412636756897e-02,9.853150248527526855e-01,-7.952742278575897217e-02,-4.531209915876388550e-02,8.145464062690734863e-01,-5.728318691253662109e-01,-4.227798879146575928e-01,-2.001182436943054199e-01,-1.909056603908538818e-01,7.120768427848815918e-01,-2.241776697337627411e-02,2.590029500424861908e-03,-7.613769173622131348e-01,2.341481111943721771e-02,-9.958235919475555420e-02,4.341026246547698975e-01,1.742005348205566406e-02,-9.425491094589233398e-03,9.385238587856292725e-02,3.140000104904174805e-01,7.295332849025726318e-02,2.478437125682830811e-01,2.674796283245086670e-01,-6.576899886131286621e-01,-9.241104125976562500e-01,-8.742684870958328247e-02,-2.317402362823486328e-01,2.224898189306259155e-01,-2.369551956653594971e-01,-9.519234895706176758e-01,4.638455808162689209e-01,-1.741842389106750488e+00,1.769065707921981812e-01,-1.528120785951614380e-01,-1.800535917282104492e-01
4.803050309419631958e-02,-5.239228904247283936e-02,9.861183762550354004e-01,-6.505843251943588257e-02,-3.456588834524154663e-02,8.082348108291625977e-01,-5.842338204383850098e-01,-4.327034354209899902e-01,-1.808329522609710693e-01,-1.352550089359283447e-01,8.140768408775329590e-01,2.536665275692939758e-02,-2.336862031370401382e-03,-7.295202016830444336e-01,1.109848823398351669e-02,-1.035129874944686890e-01,4.934546053409576416e-01,-1.369318552315235138e-02,-4.618292674422264099e-02,9.273701161146163940e-02,3.140000104904174805e-01,8.170893788337707520e-02,1.933082044124603271e-01,2.653783559799194336e-01,-6.279018521308898926e-01,-8.962377905845642090e-01,-5.610059574246406555e-02,-2.272585928440093994e-01,2.243604212999343872e-01,-1.349551975727081299e-01,-8.937889337539672852e-01,5.269771814346313477e-01,-1.639842391014099121e+00,1.716821640729904175e-01,-1.528827697038650513e-01,-1.824577897787094116e-01
4.458487778902053833e-02,-6.886542588472366333e-02,9.923637509346008301e-01,-5.574413016438484192e-02,-2.812252938747406006e-02,8.040489554405212402e-01,-5.912756919860839844e-01,-4.367425441741943359e-01,-1.717624217271804810e-01,-1.032940968871116638e-01,9.160768389701843262e-01,6.138141453266143799e-02,-7.063760887831449509e-03,-6.859130263328552246e-01,4.262670874595642090e-03,-9.897468984127044678e-02,5.007333755493164062e-01,-2.378527447581291199e-02,-6.661782413721084595e-02,9.123727679252624512e-02,3.140000104904174805e-01,8.581494539976119995e-02,1.539663225412368774e-01,2.715277373790740967e-01,-5.932517051696777344e-01,-9.097090959548950195e-01,-3.209393471479415894e-02,-2.294517159461975098e-01,2.136601805686950684e-01,-5.844387039542198181e-02,-8.351112604141235352e-01,5.525721311569213867e-01,-1.537842392921447754e+00,1.629043072462081909e-01,-1.522702276706695557e-01,-1.658769845962524414e-01
4.052939265966415405e-02,-8.312154561281204224e-02,1.001733303070068359e+00,-4.950369894504547119e-02,-2.065300196409225464e-02,8.039709925651550293e-01,-5.922445058822631836e-01,-4.300048947334289551e-01,-1.648637056350708008e-01,-8.595374226570129395e-02,9.604780077934265137e-01,6.842649728059768677e-02,4.947024863213300705e-04,-6.374367475509643555e-01,2.418700838461518288e-03,-8.721304684877395630e-02,4.798173308372497559e-01,-1.552343554794788361e-02,-6.756164133548736572e-02,9.131341427564620972e-02,3.140000104904174805e-01,8.308605104684829712e-02,1.288675814867019653e-01,2.805165946483612061e-01,-5.561549663543701172e-01,-9.410645365715026855e-01,-8.811631239950656891e-03,-2.352927625179290771e-01,2.104070037603378296e-01,-1.764966361224651337e-02,-7.904995679855346680e-01,5.639087557792663574e-01,-1.435842394828796387e+00,1.595137864351272583e-01,-1.529354751110076904e-01,-1.559023559093475342e-01
4.039516299962997437e-02,-9.530773758888244629e-02,1.012654185295104980e+00,-4.238594695925712585e-02,-1.469375845044851303e-02,8.041092157363891602e-01,-5.927865505218505859e-01,-4.120567739009857178e-01,-1.639786660671234131e-01,-7.695320248603820801e-02,9.549111723899841309e-01,7.460704445838928223e-02,1.994861755520105362e-03,-5.787191390991210938e-01,2.798607340082526207e-03,-7.098715752363204956e-02,4.275536537170410156e-01,3.532812464982271194e-03,-5.895792320370674133e-02,8.899454772472381592e-02,3.140000104904174805e-01,7.866866141557693481e-02,9.019308537244796753e-02,2.888819277286529541e-01,-5.372526049613952637e-01,-9.703443646430969238e-01,1.072558923624455929e-03,-2.445026040077209473e-01,1.973977833986282349e-01,-3.897317918017506599e-03,-7.250744104385375977e-01,5.772591233253479004e-01,-1.333842396736145020e+00,1.534102559089660645e-01,-1.545991450548171997e-01,-1.362537443637847900e-01
4.652415588498115540e-02,-1.020019873976707458e-01,1.022703766822814941e+00,-3.241622447967529297e-02,-6.790502462536096573e-03,8.086413741111755371e-01,-5.873688459396362305e-01,-3.823028206825256348e-01,-1.693765819072723389e-01,-7.746926695108413696e-02,9.347051978111267090e-01,8.016575127840042114e-02,2.965461229905486107e-03,-5.166212320327758789e-01,3.664865624159574509e-03,-4.998307302594184875e-02,3.607593178749084473e-01,4.263920336961746216e-02,-3.914416581392288208e-02,8.551000803709030151e-02,3.140000104904174805e-01,7.290714979171752930e-02,5.819242075085639954e-02,2.990643382072448730e-01,-5.120711922645568848e-01,-1.001384139060974121e+00,3.329191356897354126e-03,-2.522883415222167969e-01,1.795845031738281250e-01,1.978806965053081512e-02,-6.753495335578918457e-01,5.811158418655395508e-01,-1.231842398643493652e+00,1.433732509613037109e-01,-1.591569781303405762e-01,-1.152846068143844604e-01
5.406412109732627869e-02,-1.068311780691146851e-01,1.030078053474426270e+00,-2.235600724816322327e-02,-8.552223443984985352e-04,8.127781152725219727e-01,-5.821436047554016113e-01,-3.485243916511535645e-01,-1.775728911161422729e-01,-9.313250333070755005e-02,9.042084217071533203e-01,8.336931467056274414e-02,-1.020100899040699005e-03,-4.630356132984161377e-01,4.818282090127468109e-03,-2.931995317339897156e-02,3.025037348270416260e-01,8.563336730003356934e-02,-2.047952637076377869e-02,8.149345964193344116e-02,3.140000104904174805e-01,6.802322715520858765e-02,2.168133854866027832e-02,3.113147318363189697e-01,-4.812673032283782959e-01,-1.045090913772583008e+00,1.020075939595699310e-02,-2.616303861141204834e-01,1.545071005821228027e-01,2.991679869592189789e-02,-6.223897933959960938e-01,5.789409875869750977e-01,-1.129842400550842285e+00,1.376461386680603027e-01,-1.608610004186630249e-01,-8.921010792255401611e-02
5.683002248406410217e-02,-1.114601343870162964e-01,1.034512519836425781e+00,-1.494825631380081177e-02,5.580718629062175751e-03,8.187675476074218750e-01,-5.739033818244934082e-01,-3.156207203865051270e-01,-1.844961941242218018e-01,-1.133314520120620728e-01,8.754098415374755859e-01,7.543289661407470703e-02,-4.730561282485723495e-03,-4.289528727531433105e-01,8.382439613342285156e-03,-3.254661336541175842e-03,2.760984301567077637e-01,1.149319857358932495e-01,-7.125596981495618820e-03,6.713825464248657227e-02,3.139979839324951172e-01,6.455784291028976440e-02,-1.730547053739428520e-03,3.274277448654174805e-01,-4.426932036876678467e-01,-1.087957978248596191e+00,2.617997489869594574e-02,-2.658523917198181152e-01,1.374486535787582397e-01,3.990044444799423218e-02,-5.949440598487854004e-01,5.713028907775878906e-01,-1.092994928359985352e+00,1.248901113867759705e-01,-1.609327942132949829e-01,-7.412084937095642090e-02
6.355642527341842651e-02,-1.118151247501373291e-01,1.035058617591857910e+00,-4.518751986324787140e-03,1.108073815703392029e-02,8.277631998062133789e-01,-5.609499812126159668e-01,-2.746098935604095459e-01,-1.941752284765243530e-01,-1.482684910297393799e-01,8.453590869903564453e-01,6.028935313224792480e-02,-7.490437012165784836e-03,-4.045206010341644287e-01,1.680741831660270691e-02,2.904569357633590698e-02,2.600508630275726318e-01,1.396553665399551392e-01,6.200354080647230148e-03,4.696094244718551636e-02,3.139917254447937012e-01,6.039873138070106506e-02,-3.103772923350334167e-02,3.454236686229705811e-01,-3.929213285446166992e-01,-1.130314946174621582e+00,5.066253244876861572e-02,-2.654919624328613281e-01,1.215274557471275330e-01,4.946592077612876892e-02,-5.574582815170288086e-01,5.488970279693603516e-01,-1.048621892929077148e+00,1.111127957701683044e-01,-1.576072871685028076e-01,-5.985260009765625000e-02
7.253423333168029785e-02,-1.101006269454956055e-01,1.032119750976562500e+00,9.810782968997955322e-03,1.596284657716751099e-02,8.374516367912292480e-01,-5.461902022361755371e-01,-2.203352302312850952e-01,-2.075551450252532959e-01,-1.954375654458999634e-01,8.087291717529296875e-01,3.806479275226593018e-02,-1.151478011161088943e-02,-3.856281638145446777e-01,2.924090065062046051e-02,5.911144986748695374e-02,2.567003369331359863e-01,1.539334952831268311e-01,1.922000944614410400e-02,1.831995695829391479e-02,3.139827549457550049e-01,5.951404944062232971e-02,-5.804165080189704895e-02,3.678485751152038574e-01,-3.382467329502105713e-01,-1.171883463859558105e+00,7.873161882162094116e-02,-2.591111063957214355e-01,1.073573827743530273e-01,5.222611129283905029e-02,-5.260615944862365723e-01,5.060113668441772461e-01,-1.018101811408996582e+00,9.272159636020660400e-02,-1.508624255657196045e-01,-5.206072330474853516e-02
8.107431232929229736e-02,-1.089653521776199341e-01,1.026531577110290527e+00,2.106653898954391479e-02,1.708685606718063354e-02,8.488977551460266113e-01,-5.278605818748474121e-01,-1.616349816322326660e-01,-2.223254591226577759e-01,-2.609790861606597900e-01,7.568464875221252441e-01,8.803104050457477570e-03,-1.576167158782482147e-02,-3.776397109031677246e-01,4.827712848782539368e-02,1.013501510024070740e-01,2.568797469139099121e-01,1.542905569076538086e-01,2.960434183478355408e-02,-1.852693781256675720e-02,3.139750659465789795e-01,5.981294065713882446e-02,-7.934082299470901489e-02,3.926976621150970459e-01,-2.813485860824584961e-01,-1.211361169815063477e+00,1.077570840716362000e-01,-2.516658604145050049e-01,9.980181604623794556e-02,5.003282800316810608e-02,-5.136097073554992676e-01,4.652646183967590332e-01,-1.018258094787597656e+00,6.788148730993270874e-02,-1.434547305107116699e-01,-4.960478469729423523e-02
8.655056357383728027e-02,-1.096742823719978333e-01,1.019497036933898926e+00,2.901943214237689972e-02,1.330339722335338593e-02,8.625446557998657227e-01,-5.049728751182556152e-01,-1.113323867321014404e-01,-2.330988198518753052e-01,-3.235442638397216797e-01,7.141587138175964355e-01,-3.546604141592979431e-02,-1.064133178442716599e-02,-3.798009753227233887e-01,7.585951685905456543e-02,1.421535909175872803e-01,2.582499086856842041e-01,1.399659961462020874e-01,3.953095898032188416e-02,-4.906864091753959656e-02,3.139739930629730225e-01,7.109394669532775879e-02,-9.752859920263290405e-02,4.129213392734527588e-01,-2.250638157129287720e-01,-1.242413401603698730e+00,1.315210312604904175e-01,-2.444746643304824829e-01,9.463895112276077271e-02,4.781592264771461487e-02,-5.140784382820129395e-01,4.119322001934051514e-01,-1.040270566940307617e+00,3.513780236244201660e-02,-1.397914439439773560e-01,-4.515668749809265137e-02
9.150059521198272705e-02,-1.098378598690032959e-01,1.012577891349792480e+00,3.009361773729324341e-02,6.893319077789783478e-03,8.717610836029052734e-01,-4.889574944972991943e-01,-8.999430388212203979e-02,-2.347148209810256958e-01,-3.484634757041931152e-01,6.813353300094604492e-01,-7.790956646203994751e-02,4.733918700367212296e-03,-3.895449638366699219e-01,9.805801510810852051e-02,1.743141859769821167e-01,2.506093382835388184e-01,1.162029951810836792e-01,4.657618328928947449e-02,-7.729818671941757202e-02,3.139716088771820068e-01,7.774890214204788208e-02,-1.100504174828529358e-01,4.297096133232116699e-01,-1.933455467224121094e-01,-1.265317320823669434e+00,1.410920023918151855e-01,-2.385170459747314453e-01,9.055931866168975830e-02,5.864161625504493713e-02,-5.194755196571350098e-01,3.588269650936126709e-01,-1.086312890052795410e+00,5.501905921846628189e-03,-1.355868279933929443e-01,-3.911555185914039612e-02
1.015713140368461609e-01,-1.076151430606842041e-01,1.006179809570312500e+00,2.788728289306163788e-02,-2.709103049710392952e-03,8.849915266036987305e-01,-4.647633433341979980e-01,-8.383721113204956055e-02,-2.349572181701660156e-01,-3.559994101524353027e-01,6.497247815132141113e-01,-1.457236111164093018e-01,3.441819921135902405e-02,-4.049877822399139404e-01,1.228339672088623047e-01,2.116058170795440674e-01,2.251212149858474731e-01,1.121698617935180664e-01,6.958195567131042480e-02,-1.071723103523254395e-01,3.139729797840118408e-01,8.380980044603347778e-02,-1.287415623664855957e-01,4.453197121620178223e-01,-1.630995571613311768e-01,-1.284744262695312500e+00,1.369654685258865356e-01,-2.304106503725051880e-01,1.005216315388679504e-01,6.207006052136421204e-02,-5.181676149368286133e-01,3.029432892799377441e-01,-1.129360675811767578e+00,-2.268054150044918060e-02,-1.300355046987533569e-01,-4.697886481881141663e-02
1.181523576378822327e-01,-9.128759056329727173e-02,1.001233100891113281e+00,2.001674845814704895e-02,-1.019695959985256195e-02,9.006589055061340332e-01,-4.339456856250762939e-01,-1.049121618270874023e-01,-2.349935770034790039e-01,-3.226808011531829834e-01,6.218680739402770996e-01,-2.206784784793853760e-01,7.922933995723724365e-02,-4.269723892211914062e-01,1.443203836679458618e-01,2.477277815341949463e-01,1.757359504699707031e-01,1.457286626100540161e-01,1.188797131180763245e-01,-1.359286606311798096e-01,3.139749169349670410e-01,8.003327995538711548e-02,-1.433106362819671631e-01,4.514055848121643066e-01,-1.473134905099868774e-01,-1.298734903335571289e+00,1.158869788050651550e-01,-2.226183116436004639e-01,1.081030964851379395e-01,5.645699799060821533e-02,-5.057341456413269043e-01,2.486394643783569336e-01,-1.184337496757507324e+00,-4.707654193043708801e-02,-1.248512938618659973e-01,-5.901985615491867065e-02
1.356691420078277588e-01,-7.510898262262344360e-02,9.987416267395019531e-01,5.041501019150018692e-03,-1.333346683531999588e-02,9.171943068504333496e-01,-3.981850743293762207e-01,-1.467597484588623047e-01,-2.349990308284759521e-01,-2.675206363201141357e-01,5.985604524612426758e-01,-2.786732017993927002e-01,1.120825633406639099e-01,-4.562447369098663330e-01,1.565054804086685181e-01,2.686738669872283936e-01,1.268602460622787476e-01,1.908055990934371948e-01,1.584311276674270630e-01,-1.725897490978240967e-01,3.139838576316833496e-01,6.306161731481552124e-02,-1.487096846103668213e-01,4.689835309982299805e-01,-1.695434600114822388e-01,-1.303361892700195312e+00,8.031687885522842407e-02,-2.152811437845230103e-01,1.046522855758666992e-01,4.409913346171379089e-02,-4.868605732917785645e-01,2.208321541547775269e-01,-1.254565596580505371e+00,-6.352972984313964844e-02,-1.269656568765640259e-01,-6.344255059957504272e-02
1.460956782102584839e-01,-5.771264433860778809e-02,9.997565150260925293e-01,-9.594706818461418152e-03,-9.606124833226203918e-03,9.316256642341613770e-01,-3.631656169891357422e-01,-1.799897849559783936e-01,-2.349998503923416138e-01,-2.085194289684295654e-01,5.648952722549438477e-01,-3.206368982791900635e-01,1.461616456508636475e-01,-4.850875139236450195e-01,1.452700495719909668e-01,2.318541854619979858e-01,9.383861720561981201e-02,2.002144455909729004e-01,1.694204062223434448e-01,-2.071647346019744873e-01,3.139902949333190918e-01,3.590751066803932190e-02,-1.487631946802139282e-01,4.821150600910186768e-01,-2.167015075683593750e-01,-1.286652565002441406e+00,5.600044503808021545e-02,-2.068915963172912598e-01,1.020025834441184998e-01,1.801764965057373047e-02,-4.735849797725677490e-01,2.224161624908447266e-01,-1.301035761833190918e+00,-7.479218393564224243e-02,-1.291336864233016968e-01,-7.342666387557983398e-02
1.573176980018615723e-01,-4.237008094787597656e-02,1.002385973930358887e+00,-1.750306040048599243e-02,-4.661038517951965332e-03,9.417384862899780273e-01,-3.358579277992248535e-01,-2.014231234788894653e-01,-2.349999845027923584e-01,-1.604857593774795532e-01,5.346031188964843750e-01,-3.376490175724029541e-01,1.714049577713012695e-01,-5.026780366897583008e-01,1.287966817617416382e-01,1.863228529691696167e-01,7.843478769063949585e-02,1.991682946681976318e-01,1.680260896682739258e-01,-2.245527952909469604e-01,3.139888644218444824e-01,1.268003415316343307e-02,-1.522798538208007812e-01,4.872070848941802979e-01,-2.592714130878448486e-01,-1.261788368225097656e+00,4.066954925656318665e-02,-1.999185085296630859e-01,1.023447960615158081e-01,2.941166283562779427e-03,-4.683759212493896484e-01,2.341791093349456787e-01,-1.325627207756042480e+00,-8.410088717937469482e-02,-1.280782073736190796e-01,-7.925727218389511108e-02
1.707309335470199585e-01,-2.947317250072956085e-02,1.006658673286437988e+00,-2.169850282371044159e-02,1.050239545293152332e-03,9.543825984001159668e-01,-2.977950572967529297e-01,-2.069067656993865967e-01,-2.349999994039535522e-01,-1.113066524267196655e-01,4.890880584716796875e-01,-3.447459042072296143e-01,1.920491158962249756e-01,-5.085427761077880859e-01,1.115781068801879883e-01,1.282913237810134888e-01,6.971124559640884399e-02,1.857988685369491577e-01,1.607883125543594360e-01,-2.385488748550415039e-01,3.139828145503997803e-01,-8.077824488282203674e-03,-1.502563059329986572e-01,4.900201559066772461e-01,-2.973359525203704834e-01,-1.222535252571105957e+00,2.622328326106071472e-02,-1.948092877864837646e-01,9.844872355461120605e-02,-1.508697960525751114e-02,-4.604688286781311035e-01,2.573046386241912842e-01,-1.337560057640075684e+00,-9.089315682649612427e-02,-1.264862269163131714e-01,-8.454874157905578613e-02
1.809218376874923706e-01,-1.382999494671821594e-02,1.011999845504760742e+00,-2.392581105232238770e-02,9.846507571637630463e-03,9.647540450096130371e-01,-2.618782818317413330e-01,-2.033575326204299927e-01,-2.349999994039535522e-01,-6.480357050895690918e-02,4.392241835594177246e-01,-3.389747738838195801e-01,2.038960456848144531e-01,-5.008393526077270508e-01,8.592969179153442383e-02,6.141077354550361633e-02,7.558773458003997803e-02,1.672786176204681396e-01,1.482659727334976196e-01,-2.506904900074005127e-01,3.139742016792297363e-01,-3.378299623727798462e-02,-1.445798128843307495e-01,4.914321601390838623e-01,-3.329934775829315186e-01,-1.183091044425964355e+00,8.317970670759677887e-03,-1.907022893428802490e-01,9.423664957284927368e-02,-2.669866569340229034e-02,-4.669812917709350586e-01,2.929036915302276611e-01,-1.335999250411987305e+00,-8.905107527971267700e-02,-1.225082427263259888e-01,-8.575612306594848633e-02
1.928832828998565674e-01,-3.913962245860602707e-06,1.018028616905212402e+00,-2.341159433126449585e-02,1.233897916972637177e-02,9.734398126602172852e-01,-2.274084836244583130e-01,-1.937997639179229736e-01,-2.246620357036590576e-01,-2.136883698403835297e-02,3.835898339748382568e-01,-3.320854008197784424e-01,2.184627056121826172e-01,-4.777326583862304688e-01,6.502249091863632202e-02,1.955940574407577515e-02,9.529450535774230957e-02,1.439302861690521240e-01,1.325302571058273315e-01,-2.586847245693206787e-01,3.139643967151641846e-01,-4.877097904682159424e-02,-1.306817978620529175e-01,4.767009317874908447e-01,-3.744493424892425537e-01,-1.139551520347595215e+00,3.691049758344888687e-03,-1.883481442928314209e-01,8.198130875825881958e-02,-3.968836739659309387e-02,-4.736788272857666016e-01,3.308165371417999268e-01,-1.340151786804199219e+00,-9.262849390506744385e-02,-1.174151301383972168e-01,-7.539577782154083252e-02
2.022559493780136108e-01,1.780843548476696014e-02,1.024037241935729980e+00,-2.332988567650318146e-02,1.166752167046070099e-02,9.793175458908081055e-01,-2.006408572196960449e-01,-1.853430122137069702e-01,-2.016753703355789185e-01,2.453267015516757965e-02,3.314464688301086426e-01,-3.192858695983886719e-01,2.293003648519515991e-01,-4.510820508003234863e-01,4.871454462409019470e-02,-3.125984221696853638e-03,1.304418444633483887e-01,1.167908385396003723e-01,1.153877973556518555e-01,-2.634338438510894775e-01,3.139906525611877441e-01,-5.426159128546714783e-02,-1.387761831283569336e-01,4.528370797634124756e-01,-4.250637888908386230e-01,-1.082343935966491699e+00,9.514858014881610870e-03,-1.880787461996078491e-01,7.582216709852218628e-02,-6.006333976984024048e-02,-4.766086041927337646e-01,3.811711072921752930e-01,-1.334788441658020020e+00,-9.184113144874572754e-02,-1.186445802450180054e-01,-7.262607663869857788e-02
2.118494063615798950e-01,3.163689747452735901e-02,1.029634356498718262e+00,-2.488156780600547791e-02,8.556243032217025757e-03,9.841907620429992676e-01,-1.751465052366256714e-01,-1.799299120903015137e-01,-1.773894280195236206e-01,7.234563678503036499e-02,2.843679785728454590e-01,-2.998952269554138184e-01,2.258445769548416138e-01,-4.304071068763732910e-01,3.021877817809581757e-02,-4.224881529808044434e-02,1.537718623876571655e-01,9.728377312421798706e-02,9.864275902509689331e-02,-2.601252198219299316e-01,3.139902353286743164e-01,-4.902397096157073975e-02,-1.463081538677215576e-01,4.291968047618865967e-01,-4.660678207874298096e-01,-1.024895906448364258e+00,1.306811813265085220e-02,-1.883119046688079834e-01,7.225214689970016479e-02,-7.512072473764419556e-02,-4.726802706718444824e-01,4.262195527553558350e-01,-1.314507961273193359e+00,-8.541047573089599609e-02,-1.159269511699676514e-01,-7.798206061124801636e-02
2.232750207185745239e-01,5.173343792557716370e-02,1.035723209381103516e+00,-2.351499348878860474e-02,6.499968469142913818e-03,9.893848896026611328e-01,-1.432560533285140991e-01,-1.638097763061523438e-01,-1.490692198276519775e-01,1.276490688323974609e-01,2.231246083974838257e-01,-2.750671505928039551e-01,2.238390296697616577e-01,-3.983849585056304932e-01,1.185304764658212662e-02,-7.350292801856994629e-02,1.855294704437255859e-01,6.721169501543045044e-02,7.930031418800354004e-02,-2.557286322116851807e-01,3.139771223068237305e-01,-4.018482193350791931e-02,-1.579440236091613770e-01,4.116207957267761230e-01,-4.954115450382232666e-01,-9.736577868461608887e-01,1.320139598101377487e-02,-1.915188878774642944e-01,7.096193730831146240e-02,-8.693090081214904785e-02,-4.854340851306915283e-01,4.749287366867065430e-01,-1.315092682838439941e+00,-7.018760591745376587e-02,-1.249693036079406738e-01,-7.417725771665573120e-02
2.392170727252960205e-01,7.220959663391113281e-02,1.041560530662536621e+00,-2.382621727883815765e-02,2.761062234640121460e-03,9.937510490417480469e-01,-1.090118661522865295e-01,-1.463403105735778809e-01,-1.195855513215065002e-01,1.957809776067733765e-01,1.498568952083587646e-01,-2.410044819116592407e-01,2.120000272989273071e-01,-3.581339418888092041e-01,-1.622030325233936310e-02,-1.184639632701873779e-01,2.135397046804428101e-01,4.145856201648712158e-02,5.882174521684646606e-02,-2.401732951402664185e-01,3.139964938163757324e-01,-3.243502974510192871e-02,-1.932686716318130493e-01,3.827039599418640137e-01,-5.468257069587707520e-01,-8.833807706832885742e-01,9.827061556279659271e-03,-1.924334764480590820e-01,5.671661347150802612e-02,-1.534578800201416016e-01,-4.772801101207733154e-01,5.667284131050109863e-01,-1.254637241363525391e+00,-4.176653921604156494e-02,-1.234590411186218262e-01,-5.680649727582931519e-02
2.562950253486633301e-01,8.530942350625991821e-02,1.046248912811279297e+00,-2.281583100557327271e-02,-4.855735227465629578e-03,9.965300559997558594e-01,-7.989799976348876953e-02,-1.321300119161605835e-01,-9.226452559232711792e-02,2.529529929161071777e-01,8.802122622728347778e-02,-2.046662569046020508e-01,1.968208998441696167e-01,-3.091531991958618164e-01,-5.037194862961769104e-02,-1.599319130182266235e-01,2.349197268486022949e-01,2.604325301945209503e-02,3.833277523517608643e-02,-2.168647646903991699e-01,3.139985501766204834e-01,-2.306843921542167664e-02,-2.075539976358413696e-01,3.566304743289947510e-01,-5.871325135231018066e-01,-8.254737257957458496e-01,2.002590894699096680e-02,-1.913968771696090698e-01,4.939809814095497131e-02,-1.787535846233367920e-01,-4.588736891746520996e-01,6.224429011344909668e-01,-1.206097960472106934e+00,-2.334569953382015228e-02,-1.232328265905380249e-01,-5.611597746610641479e-02
2.696935832500457764e-01,9.725653380155563354e-02,1.049361467361450195e+00,-2.029149234294891357e-02,-1.134333480149507523e-02,9.984588623046875000e-01,-5.039377883076667786e-02,-1.182333901524543762e-01,-6.710211932659149170e-02,3.009538352489471436e-01,4.424332454800605774e-02,-1.746760755777359009e-01,1.825491487979888916e-01,-2.540770173072814941e-01,-8.401254564523696899e-02,-1.970047056674957275e-01,2.360650897026062012e-01,2.625859342515468597e-02,3.166076168417930603e-02,-1.904534846544265747e-01,3.139990568161010742e-01,-2.321342751383781433e-02,-2.234733551740646362e-01,3.300501108169555664e-01,-6.187866330146789551e-01,-7.582457065582275391e-01,4.481412097811698914e-02,-1.876490563154220581e-01,5.107986554503440857e-02,-2.328775078058242798e-01,-4.180803596973419189e-01,7.026379108428955078e-01,-1.120164513587951660e+00,-1.291058771312236786e-02,-1.167077571153640747e-01,-6.188116967678070068e-02
2.740340232849121094e-01,1.030547842383384705e-01,1.051111936569213867e+00,-2.393146045506000519e-02,-1.666872203350067139e-02,9.991270899772644043e-01,-2.990747801959514618e-02,-1.089218631386756897e-01,-5.077696591615676880e-02,3.398193418979644775e-01,7.501732558012008667e-03,-1.512700170278549194e-01,1.681979447603225708e-01,-2.132919132709503174e-01,-1.128215417265892029e-01,-2.273801416158676147e-01,2.250079661607742310e-01,4.172762483358383179e-02,3.112474083900451660e-02,-1.638982743024826050e-01,3.139994442462921143e-01,-2.501372620463371277e-02,-2.355513572692871094e-01,3.065819442272186279e-01,-6.262723803520202637e-01,-7.067940235137939453e-01,5.251830443739891052e-02,-1.853045225143432617e-01,3.646376356482505798e-02,-2.818388640880584717e-01,-3.868440687656402588e-01,7.735590338706970215e-01,-1.062502384185791016e+00,1.864044344983994961e-03,-1.124056503176689148e-01,-5.123960599303245544e-02
2.786457240581512451e-01,1.116185784339904785e-01,1.052116036415100098e+00,-2.653678134083747864e-02,-2.054656483232975006e-02,9.994322657585144043e-01,2.961400663480162621e-03,-1.076177209615707397e-01,-2.938704751431941986e-02,3.946004509925842285e-01,1.125259906984865665e-03,-1.484929919242858887e-01,1.634388118982315063e-01,-1.601980179548263550e-01,-1.414466351270675659e-01,-2.753927409648895264e-01,2.102584540843963623e-01,5.058810487389564514e-02,3.327352181077003479e-02,-1.292120665311813354e-01,3.139854371547698975e-01,-2.809887751936912537e-02,-2.363752126693725586e-01,2.944501936435699463e-01,-6.348124146461486816e-01,-6.720231771469116211e-01,6.927987933158874512e-02,-1.828452050685882568e-01,3.890834748744964600e-02,-3.174914121627807617e-01,-3.524892032146453857e-01,8.286300897598266602e-01,-1.002490997314453125e+00,3.032708074897527695e-03,-1.069206744432449341e-01,-5.273384973406791687e-02
2.909655272960662842e-01,1.199187561869621277e-01,1.052708864212036133e+00,-3.021077066659927368e-02,-2.377719059586524963e-02,9.989328980445861816e-01,2.559350803494453430e-02,-1.185410544276237488e-01,-9.074352681636810303e-03,4.338634312152862549e-01,1.687889889581128955e-04,-1.471218913793563843e-01,1.549502760171890259e-01,-1.180139780044555664e-01,-1.671335697174072266e-01,-3.190921247005462646e-01,1.968556493520736694e-01,6.720694899559020996e-02,3.808154538273811340e-02,-9.697438031435012817e-02,3.139848709106445312e-01,-3.549252077937126160e-02,-2.421522289514541626e-01,2.734529674053192139e-01,-6.238769888877868652e-01,-6.302456259727478027e-01,8.469062298536300659e-02,-1.810110807418823242e-01,4.068339243531227112e-02,-3.461727797985076904e-01,-3.077200353145599365e-01,8.685595393180847168e-01,-9.391654729843139648e-01,6.445488892495632172e-03,-1.020680963993072510e-01,-5.234106630086898804e-02
2.996194362640380859e-01,1.259314119815826416e-01,1.052982807159423828e+00,-3.505042195320129395e-02,-2.682978846132755280e-02,9.978690147399902344e-01,4.805282503366470337e-02,-1.293738782405853271e-01,8.818388916552066803e-03,4.563728570938110352e-01,2.531834797991905361e-05,-1.462138295173645020e-01,1.536229401826858521e-01,-8.985777199268341064e-02,-1.859783977270126343e-01,-3.418545722961425781e-01,1.883068829774856567e-01,8.136326074600219727e-02,4.352412000298500061e-02,-6.865963339805603027e-02,3.125014305114746094e-01,-4.813842102885246277e-02,-2.408757656812667847e-01,2.505185306072235107e-01,-5.956829786300659180e-01,-5.888019204139709473e-01,1.121397167444229126e-01,-1.741575598716735840e-01,4.490894079208374023e-02,-3.688681125640869141e-01,-2.678696513175964355e-01,8.980258703231811523e-01,-8.896852135658264160e-01,-1.335150329396128654e-03,-9.419635683298110962e-02,-4.397457465529441833e-02
3.111208975315093994e-01,1.364555805921554565e-01,1.053055644035339355e+00,-4.191971570253372192e-02,-2.706381492316722870e-02,9.961320757865905762e-01,7.232696563005447388e-02,-1.442821919918060303e-01,2.743423357605934143e-02,4.804356098175048828e-01,3.797752242462593131e-06,-1.382617950439453125e-01,1.521321088075637817e-01,-7.406263053417205811e-02,-1.991287469863891602e-01,-3.641201257705688477e-01,1.682291179895401001e-01,9.615136682987213135e-02,5.312829092144966125e-02,-4.094927012920379639e-02,3.079227507114410400e-01,-6.319212168455123901e-02,-2.395123094320297241e-01,2.283008247613906860e-01,-5.709479451179504395e-01,-5.500756502151489258e-01,1.349347680807113647e-01,-1.686513423919677734e-01,3.817288577556610107e-02,-3.907288610935211182e-01,-2.318565249443054199e-01,9.326386451721191406e-01,-8.483074903488159180e-01,-1.113810576498508453e-02,-8.648355305194854736e-02,-2.742801792919635773e-02
3.147355318069458008e-01,1.457696706056594849e-01,1.052847146987915039e+00,-5.376977100968360901e-02,-2.575909905135631561e-02,9.943282604217529297e-01,8.807142078876495361e-02,-1.633284986019134521e-01,4.168903082609176636e-02,5.039852261543273926e-01,5.696628022633376531e-07,-1.320964545011520386e-01,1.443079411983489990e-01,-7.423395663499832153e-02,-2.041725963354110718e-01,-3.781780898571014404e-01,1.523376554250717163e-01,1.051294058561325073e-01,6.350562721490859985e-02,-2.471850067377090454e-02,2.990464568138122559e-01,-8.005771785974502563e-02,-2.328775525093078613e-01,2.099467664957046509e-01,-5.467373728752136230e-01,-5.298415422439575195e-01,1.527148634195327759e-01,-1.667599231004714966e-01,3.803422674536705017e-02,-3.954016268253326416e-01,-2.101585417985916138e-01,9.536567926406860352e-01,-8.326055407524108887e-01,-2.202830649912357330e-02,-8.558256924152374268e-02,-2.091180160641670227e-02
3.302702307701110840e-01,1.592159122228622437e-01,1.052783489227294922e+00,-5.585900694131851196e-02,-2.486424520611763000e-02,9.920382499694824219e-01,1.100985854864120483e-01,-1.726665049791336060e-01,6.222576275467872620e-02,5.419240593910217285e-01,8.544942176058611949e-08,-1.192757412791252136e-01,1.293932497501373291e-01,-6.812196969985961914e-02,-2.041415721178054810e-01,-3.979893326759338379e-01,1.228611692786216736e-01,1.066382378339767456e-01,7.771626859903335571e-02,-9.653541259467601776e-03,3.032847642898559570e-01,-1.004410833120346069e-01,-2.394323498010635376e-01,1.886718422174453735e-01,-5.263957381248474121e-01,-4.909189045429229736e-01,1.711660772562026978e-01,-1.643656194210052490e-01,3.970375284552574158e-02,-4.149219095706939697e-01,-1.681930720806121826e-01,9.786505103111267090e-01,-7.878698110580444336e-01,-4.141153767704963684e-02,-8.130614459514617920e-02,-1.608693227171897888e-02
3.422038853168487549e-01,1.732652932405471802e-01,1.052705645561218262e+00,-6.356940418481826782e-02,-2.255279198288917542e-02,9.893627166748046875e-01,1.288863122463226318e-01,-1.867553293704986572e-01,8.226347714662551880e-02,5.819696187973022461e-01,1.281741379699496974e-08,-1.051095202565193176e-01,1.114389225840568542e-01,-7.880212366580963135e-02,-1.946553140878677368e-01,-4.080166518688201904e-01,9.129066020250320435e-02,9.556043148040771484e-02,8.820771425962448120e-02,-3.098986111581325531e-03,3.011167347431182861e-01,-1.190579533576965332e-01,-2.365750372409820557e-01,1.740095019340515137e-01,-5.136682391166687012e-01,-4.640948772430419922e-01,1.819318979978561401e-01,-1.577740609645843506e-01,4.771116003394126892e-02,-4.182970821857452393e-01,-1.473045200109481812e-01,1.001594066619873047e+00,-7.602882981300354004e-01,-5.684365704655647278e-02,-7.718277722597122192e-02,-1.843484863638877869e-02
3.557545840740203857e-01,1.906353086233139038e-01,1.052667737007141113e+00,-6.564399600028991699e-02,-2.057244256138801575e-02,9.871040582656860352e-01,1.445447206497192383e-01,-1.927636414766311646e-01,1.044603511691093445e-01,6.143366098403930664e-01,1.922612069549245462e-09,-8.350927382707595825e-02,9.066498279571533203e-02,-8.898140490055084229e-02,-1.760547757148742676e-01,-4.044612646102905273e-01,5.537664517760276794e-02,7.321812957525253296e-02,9.292457252740859985e-02,-4.213899374008178711e-03,3.024843335151672363e-01,-1.325027644634246826e-01,-2.303868085145950317e-01,1.559150815010070801e-01,-5.009364485740661621e-01,-4.366327822208404541e-01,1.945087015628814697e-01,-1.498709619045257568e-01,5.579628795385360718e-02,-4.186856150627136230e-01,-1.252700984477996826e-01,1.023703575134277344e+00,-7.247908711433410645e-01,-6.301771849393844604e-02,-7.507849484682083130e-02,-2.452925033867359161e-02
3.681477904319763184e-01,2.100308537483215332e-01,1.052595138549804688e+00,-6.561935693025588989e-02,-1.876232959330081940e-02,9.849541187286376953e-01,1.587684750556945801e-01,-1.919837892055511475e-01,1.280361264944076538e-01,6.431757211685180664e-01,2.883918104323868192e-10,-5.752383545041084290e-02,6.827083230018615723e-02,-9.696342051029205322e-02,-1.536568701267242432e-01,-3.924170732498168945e-01,2.918708883225917816e-02,4.691739752888679504e-02,8.880793303251266479e-02,-1.398422289639711380e-02,3.033821582794189453e-01,-1.426414251327514648e-01,-2.290464043617248535e-01,1.407714784145355225e-01,-4.784555137157440186e-01,-4.109399914741516113e-01,2.037178874015808105e-01,-1.460822224617004395e-01,5.048476159572601318e-02,-4.124866127967834473e-01,-1.170594692230224609e-01,1.032297253608703613e+00,-6.919850111007690430e-01,-6.373465061187744141e-02,-7.559379190206527710e-02,-1.896493509411811829e-02
3.774799704551696777e-01,2.280274778604507446e-01,1.052711844444274902e+00,-6.687595695257186890e-02,-1.701058447360992432e-02,9.826551675796508789e-01,1.721253097057342529e-01,-1.900881975889205933e-01,1.493206173181533813e-01,6.564728021621704102e-01,4.325877156485802288e-11,-3.088176622986793518e-02,4.823337867856025696e-02,-1.056768745183944702e-01,-1.319048106670379639e-01,-3.722144067287445068e-01,8.239110000431537628e-03,2.012584172189235687e-02,7.882679253816604614e-02,-2.645432390272617340e-02,2.954435646533966064e-01,-1.478923112154006958e-01,-2.223931849002838135e-01,1.417539566755294800e-01,-4.750911593437194824e-01,-3.992089033126831055e-01,1.951969563961029053e-01,-1.444025635719299316e-01,4.460302740335464478e-02,-3.967114686965942383e-01,-1.443356275558471680e-01,1.040043115615844727e+00,-6.884380578994750977e-01,-4.996322840452194214e-02,-7.445160299539566040e-02,-1.408750098198652267e-02
3.890208303928375244e-01,2.412628233432769775e-01,1.053029537200927734e+00,-5.974649265408515930e-02,-1.687757484614849091e-02,9.807097315788269043e-01,1.853479743003845215e-01,-1.762079298496246338e-01,1.664332747459411621e-01,6.644459366798400879e-01,6.488828571682425661e-12,-4.705375991761684418e-03,3.816999495029449463e-02,-1.080006435513496399e-01,-1.144184321165084839e-01,-3.526514768600463867e-01,1.235866453498601913e-03,-7.170721888542175293e-03,6.357141584157943726e-02,-4.439935460686683655e-02,2.928573489189147949e-01,-1.471872478723526001e-01,-2.256978601217269897e-01,1.437815725803375244e-01,-4.784296154975891113e-01,-3.856782317161560059e-01,1.866247355937957764e-01,-1.467451453208923340e-01,2.885844931006431580e-02,-3.677793145179748535e-01,-1.730942428112030029e-01,1.030248880386352539e+00,-6.661928296089172363e-01,-3.242661058902740479e-02,-7.546010613441467285e-02,4.235653206706047058e-03
4.031192958354949951e-01,2.525759041309356689e-01,1.053810834884643555e+00,-4.817450791597366333e-02,-1.722221635282039642e-02,9.772636890411376953e-01,2.057628333568572998e-01,-1.517755687236785889e-01,1.815902441740036011e-01,6.759279370307922363e-01,9.733100827039042890e-13,1.982543244957923889e-02,3.223579376935958862e-02,-1.095017790794372559e-01,-9.879686683416366577e-02,-3.249495029449462891e-01,1.853799767559394240e-04,-2.946908399462699890e-02,5.259670689702033997e-02,-6.492716073989868164e-02,2.854841947555541992e-01,-1.423501670360565186e-01,-2.393595427274703979e-01,1.633964776992797852e-01,-4.783113300800323486e-01,-3.734787106513977051e-01,1.747081428766250610e-01,-1.448143124580383301e-01,9.961077943444252014e-03,-3.398282229900360107e-01,-2.281888425350189209e-01,1.022020220756530762e+00,-6.441172361373901367e-01,-1.868505962193012238e-03,-7.386290282011032104e-02,2.437403053045272827e-02
4.177012741565704346e-01,2.644519209861755371e-01,1.055479049682617188e+00,-3.720830008387565613e-02,-1.628509163856506348e-02,9.742289781570434570e-01,2.218744754791259766e-01,-1.329386681318283081e-01,1.908595860004425049e-01,6.654362678527832031e-01,1.460085172341404891e-13,3.673916682600975037e-02,2.920524403452873230e-02,-1.088903397321701050e-01,-8.496667444705963135e-02,-3.002225160598754883e-01,2.780699651339091361e-05,-5.181582272052764893e-02,4.305586963891983032e-02,-7.693605124950408936e-02,2.689822316169738770e-01,-1.218975111842155457e-01,-2.686536908149719238e-01,2.130170613527297974e-01,-5.059292912483215332e-01,-3.865743279457092285e-01,1.445538997650146484e-01,-1.497108042240142822e-01,-2.258558012545108795e-02,-2.860054671764373779e-01,-3.301888406276702881e-01,1.003180027008056641e+00,-6.729676723480224609e-01,2.835830114781856537e-02,-7.697451859712600708e-02,7.705357670783996582e-02
4.252066016197204590e-01,2.820842862129211426e-01,1.057592749595642090e+00,-2.504692226648330688e-02,-1.412533968687057495e-02,9.693260192871093750e-01,2.440905869007110596e-01,-1.074823513627052307e-01,1.906048208475112915e-01,6.486277580261230469e-01,8.557630160055396118e-09,4.400450363755226135e-02,3.430499508976936340e-02,-1.008725240826606750e-01,-7.186648249626159668e-02,-2.725771665573120117e-01,4.171049567958107218e-06,-7.862362265586853027e-02,3.299901261925697327e-02,-8.247610926628112793e-02,2.523125112056732178e-01,-9.413108229637145996e-02,-3.305260837078094482e-01,3.015761673450469971e-01,-5.233935117721557617e-01,-4.072991907596588135e-01,8.943624794483184814e-02,-1.521703451871871948e-01,-4.410330951213836670e-02,-2.338073104619979858e-01,-4.321888387203216553e-01,9.897974133491516113e-01,-7.108643054962158203e-01,6.524970382452011108e-02,-8.623173087835311890e-02,1.407332271337509155e-01
4.334512650966644287e-01,2.915150523185729980e-01,1.059886932373046875e+00,-1.790047436952590942e-02,-1.188012305647134781e-02,9.664821028709411621e-01,2.558335959911346436e-01,-1.094941496849060059e-01,1.862854659557342529e-01,6.193513870239257812e-01,2.742054127156734467e-02,2.511495724320411682e-02,4.361975565552711487e-02,-9.750473499298095703e-02,-6.389329582452774048e-02,-2.504222393035888672e-01,6.256574351937160827e-07,-8.945596218109130859e-02,2.765441127121448517e-02,-8.561215549707412720e-02,2.499431520700454712e-01,-7.935047894716262817e-02,-3.955364227294921875e-01,3.726211786270141602e-01,-5.179465413093566895e-01,-4.196603596210479736e-01,7.100611180067062378e-02,-1.554079204797744751e-01,-5.540519580245018005e-02,-1.928163021802902222e-01,-5.341888666152954102e-01,9.514794945716857910e-01,-7.291777729988098145e-01,7.983569055795669556e-02,-9.518339484930038452e-02,1.776821017265319824e-01
4.335416257381439209e-01,3.021321296691894531e-01,1.061810255050659180e+00,-1.915811188519001007e-02,-9.951522573828697205e-03,9.608646631240844727e-01,2.761756777763366699e-01,-1.372478157281875610e-01,1.837358325719833374e-01,6.040102839469909668e-01,9.061150997877120972e-02,-4.050474148243665695e-03,5.769830197095870972e-02,-1.052482500672340393e-01,-5.404103174805641174e-02,-2.184563279151916504e-01,9.384861243688646937e-08,-9.546824544668197632e-02,3.276415169239044189e-02,-8.979232609272003174e-02,2.235570102930068970e-01,-5.047399178147315979e-02,-4.975364208221435547e-01,4.746212065219879150e-01,-5.788754224777221680e-01,-4.953855872154235840e-01,1.739361323416233063e-03,-1.564295738935470581e-01,-7.607247680425643921e-02,-1.170075908303260803e-01,-6.361888647079467773e-01,8.898434638977050781e-01,-7.947603464126586914e-01,1.163877919316291809e-01,-1.091389730572700500e-01,2.193845212459564209e-01
4.335264265537261963e-01,3.135714530944824219e-01,1.063729763031005859e+00,-1.991257071495056152e-02,-8.503804914653301239e-03,9.547153115272521973e-01,2.967319190502166748e-01,-1.644992232322692871e-01,1.788419038057327271e-01,5.720935463905334473e-01,1.412466913461685181e-01,-1.907885819673538208e-02,6.724604964256286621e-02,-1.122517511248588562e-01,-4.275757446885108948e-02,-1.919101923704147339e-01,1.407729222080433829e-08,-1.017064824700355530e-01,4.115516692399978638e-02,-9.771575778722763062e-02,1.905839294195175171e-01,-1.532585360109806061e-02,-5.721182823181152344e-01,5.766211748123168945e-01,-5.368514060974121094e-01,-5.973855853080749512e-01,-9.170880913734436035e-02,-1.522962450981140137e-01,-9.201505035161972046e-02,-1.500759180635213852e-02,-7.381888628005981445e-01,7.878434658050537109e-01,-8.886761665344238281e-01,1.498224139213562012e-01,-1.252745091915130615e-01,2.706811428070068359e-01
4.305211603641510010e-01,3.183847963809967041e-01,1.065703272819519043e+00,-1.097201276570558548e-02,-1.066412124782800674e-02,9.493220448493957520e-01,3.139323294162750244e-01,-1.842709481716156006e-01,1.796388626098632812e-01,5.500203371047973633e-01,2.045035213232040405e-01,-1.952713541686534882e-02,6.977768242359161377e-02,-1.006878092885017395e-01,-3.788222000002861023e-02,-1.774530708789825439e-01,2.111593788711729758e-09,-1.012659221887588501e-01,5.641877651214599609e-02,-1.124630644917488098e-01,1.807408183813095093e-01,1.593530923128128052e-02,-6.451452970504760742e-01,6.786211729049682617e-01,-4.732396602630615234e-01,-6.993855834007263184e-01,-1.834237277507781982e-01,-1.588581204414367676e-01,-8.828817307949066162e-02,5.320082604885101318e-02,-8.401888608932495117e-01,6.858434677124023438e-01,-8.482413291931152344e-01,1.700479090213775635e-01,-1.420120447874069214e-01,2.951114475727081299e-01
4.236858189105987549e-01,3.246254026889801025e-01,1.068071603775024414e+00,-1.540036406368017197e-03,-1.329227071255445480e-02,9.422135949134826660e-01,3.347454667091369629e-01,-1.937028020620346069e-01,1.719224154949188232e-01,5.183303952217102051e-01,2.374107390642166138e-01,-1.500275451689958572e-02,6.119085103273391724e-02,-8.319322019815444946e-02,-3.408937528729438782e-02,-1.487731188535690308e-01,3.167463513698010047e-10,-8.865900337696075439e-02,7.033036649227142334e-02,-1.223671808838844299e-01,1.734334230422973633e-01,4.116487130522727966e-02,-6.876388192176818848e-01,7.806211709976196289e-01,-3.712396323680877686e-01,-8.013855814933776855e-01,-2.426783293485641479e-01,-1.775793433189392090e-01,-6.128448247909545898e-02,4.308737441897392273e-02,-9.421888589859008789e-01,5.838434696197509766e-01,-7.804390192031860352e-01,1.767710298299789429e-01,-1.625718623399734497e-01,2.903541028499603271e-01
4.190359711647033691e-01,3.285917043685913086e-01,1.070336937904357910e+00,8.886321447789669037e-03,-1.677943766117095947e-02,9.374846816062927246e-01,3.475081622600555420e-01,-1.908529698848724365e-01,1.652037203311920166e-01,4.948121011257171631e-01,2.530742883682250977e-01,-2.177397347986698151e-02,5.645749345421791077e-02,-6.175660341978073120e-02,-3.213261067867279053e-02,-1.321403384208679199e-01,4.907532366593692075e-11,-7.601680606603622437e-02,8.223197609186172485e-02,-1.214927509427070618e-01,1.839260607957839966e-01,6.079894304275512695e-02,-6.985679268836975098e-01,8.826211690902709961e-01,-2.744549214839935303e-01,-8.815453052520751953e-01,-2.681862711906433105e-01,-1.966826170682907104e-01,-3.917873278260231018e-02,2.031886763870716095e-02,-1.044188857078552246e+00,4.818434715270996094e-01,-7.269940376281738281e-01,1.712392121553421021e-01,-1.720128804445266724e-01,2.865476906299591064e-01
4.109543859958648682e-01,3.316940963268280029e-01,1.071776151657104492e+00,1.219513174146413803e-02,-1.860609464347362518e-02,9.322668313980102539e-01,3.610867261886596680e-01,-2.100548893213272095e-01,1.558650434017181396e-01,4.672729074954986572e-01,2.594740092754364014e-01,-2.342644706368446350e-02,4.361290112137794495e-02,-5.069812387228012085e-02,-3.171250596642494202e-02,-1.101651564240455627e-01,1.108069625638252731e-11,-6.497023254632949829e-02,9.445133060216903687e-02,-1.227239891886711121e-01,1.679958850145339966e-01,8.201938122510910034e-02,-7.232826352119445801e-01,9.846211671829223633e-01,-1.792873889207839966e-01,-9.139149785041809082e-01,-2.739450037479400635e-01,-2.089901566505432129e-01,-2.467053383588790894e-02,-1.849429332651197910e-03,-1.146188855171203613e+00,4.013088941574096680e-01,-6.577351689338684082e-01,1.606613993644714355e-01,-1.809580326080322266e-01,2.781760692596435547e-01
3.965485692024230957e-01,3.381178975105285645e-01,1.072250485420227051e+00,1.434170082211494446e-02,-2.071000263094902039e-02,9.284655451774597168e-01,3.705632388591766357e-01,-2.266615182161331177e-01,1.526623368263244629e-01,4.494098722934722900e-01,2.658965885639190674e-01,-1.980043388903141022e-02,2.980236150324344635e-02,-3.499978035688400269e-02,-3.320396691560745239e-02,-9.564902633428573608e-02,1.362466036880505271e-06,-6.100970134139060974e-02,1.050158292055130005e-01,-1.245270073413848877e-01,1.561425179243087769e-01,1.083718091249465942e-01,-7.404071688652038574e-01,1.086621165275573730e+00,-1.021254062652587891e-01,-9.274616241455078125e-01,-2.860279679298400879e-01,-2.148071974515914917e-01,2.765396377071738243e-03,-3.655198216438293457e-02,-1.248188853263854980e+00,3.465138673782348633e-01,-6.188300251960754395e-01,1.610224097967147827e-01,-1.838458329439163208e-01,2.518526017665863037e-01
3.869847357273101807e-01,3.469553887844085693e-01,1.072020888328552246e+00,1.526669599115848541e-02,-2.069136127829551697e-02,9.241033196449279785e-01,3.812766075134277344e-01,-2.383736819028854370e-01,1.490449458360671997e-01,4.270644485950469971e-01,2.611426711082458496e-01,-2.882309816777706146e-02,2.197460271418094635e-02,-2.957634441554546356e-02,-3.383025899529457092e-02,-7.792719453573226929e-02,1.071177609264850616e-02,-7.387787103652954102e-02,1.094439402222633362e-01,-1.254931837320327759e-01,1.423204988241195679e-01,1.390982121229171753e-01,-7.610375285148620605e-01,1.188621163368225098e+00,-5.491679534316062927e-02,-9.380705952644348145e-01,-3.105031251907348633e-01,-2.125661373138427734e-01,2.822782099246978760e-02,-7.711263000965118408e-02,-1.350188851356506348e+00,2.989118397235870361e-01,-6.073881387710571289e-01,1.781038194894790649e-01,-1.850241124629974365e-01,2.194325625896453857e-01
3.709929585456848145e-01,3.574922084808349609e-01,1.070317387580871582e+00,1.533667743206024170e-02,-2.139056101441383362e-02,9.200130105018615723e-01,3.910029530525207520e-01,-2.495936006307601929e-01,1.470441818237304688e-01,3.976562321186065674e-01,2.604022622108459473e-01,-3.371962159872055054e-02,1.691709458827972412e-02,-2.464363165199756622e-02,-3.602562099695205688e-02,-5.173429474234580994e-02,3.072935156524181366e-02,-9.768018871545791626e-02,1.044980585575103760e-01,-1.291749626398086548e-01,1.210836321115493774e-01,1.702937483787536621e-01,-7.844956517219543457e-01,1.290621161460876465e+00,-1.234023645520210266e-02,-9.391002655029296875e-01,-3.309792280197143555e-01,-2.183621525764465332e-01,3.811452165246009827e-02,-1.134873107075691223e-01,-1.452188849449157715e+00,2.526609301567077637e-01,-6.346276998519897461e-01,1.871616244316101074e-01,-1.940326094627380371e-01,2.010349631309509277e-01
3.556716144084930420e-01,3.618178069591522217e-01,1.066810011863708496e+00,1.586413383483886719e-02,-2.412747777998447418e-02,9.173536300659179688e-01,3.970246315002441406e-01,-2.521489858627319336e-01,1.540921032428741455e-01,3.864776790142059326e-01,2.713962793350219727e-01,-4.850406944751739502e-02,1.510964054614305496e-02,-2.120408788323402405e-02,-4.037459567189216614e-02,-4.292627051472663879e-02,5.305714160203933716e-02,-1.296900361776351929e-01,1.056075915694236755e-01,-1.278552711009979248e-01,1.112087219953536987e-01,2.032137066125869751e-01,-7.937051057815551758e-01,1.392621159553527832e+00,2.354178950190544128e-02,-9.358134269714355469e-01,-3.375011384487152100e-01,-2.175444513559341431e-01,6.306302547454833984e-02,-1.502422243356704712e-01,-1.554188847541809082e+00,2.044802159070968628e-01,-6.699677109718322754e-01,1.788001954555511475e-01,-2.018223404884338379e-01,1.728535145521163940e-01
3.346889019012451172e-01,3.683317303657531738e-01,1.061707139015197754e+00,1.601619273424148560e-02,-2.807626686990261078e-02,9.147479534149169922e-01,4.027299582958221436e-01,-2.546604573726654053e-01,1.568565219640731812e-01,3.575705885887145996e-01,2.897138595581054688e-01,-6.626020371913909912e-02,1.992568932473659515e-02,-1.825988851487636566e-02,-4.513532295823097229e-02,-2.819398231804370880e-02,8.762669563293457031e-02,-1.689296960830688477e-01,1.015585735440254211e-01,-1.308002471923828125e-01,9.576269984245300293e-02,2.470363378524780273e-01,-8.037506937980651855e-01,1.494621157646179199e+00,6.047049537301063538e-02,-9.266038537025451660e-01,-3.559628725051879883e-01,-2.061122804880142212e-01,9.318955987691879272e-02,-1.875021308660507202e-01,-1.630385875701904297e+00,1.460693031549453735e-01,-7.181164622306823730e-01,1.816090196371078491e-01,-2.007061690092086792e-01,1.292444020509719849e-01
3.157432675361633301e-01,3.738669753074645996e-01,1.054860353469848633e+00,1.800125837326049805e-02,-3.184575587511062622e-02,9.124197363853454590e-01,4.076174795627593994e-01,-2.581707537174224854e-01,1.589249521493911743e-01,3.263196945190429688e-01,3.245761096477508545e-01,-8.525401353836059570e-02,2.282358892261981964e-02,-2.287402562797069550e-02,-5.158204212784767151e-02,-1.635079830884933472e-02,1.423006206750869751e-01,-2.232037782669067383e-01,8.812294900417327881e-02,-1.398254334926605225e-01,8.010633289813995361e-02,2.909165024757385254e-01,-8.063702583312988281e-01,1.596621155738830566e+00,9.663049876689910889e-02,-9.227651357650756836e-01,-3.601254820823669434e-01,-2.054161876440048218e-01,1.429342478513717651e-01,-2.196634411811828613e-01,-1.691801190376281738e+00,8.088983595371246338e-02,-7.894186973571777344e-01,1.855002194643020630e-01,-2.063973098993301392e-01,5.160642042756080627e-02
2.921800613403320312e-01,3.728998303413391113e-01,1.046131253242492676e+00,2.108911424875259399e-02,-3.753651678562164307e-02,9.114797115325927734e-01,4.090855717658996582e-01,-2.598217427730560303e-01,1.574382036924362183e-01,2.984364032745361328e-01,3.745003938674926758e-01,-1.175343096256256104e-01,2.725508809089660645e-02,-2.569113858044147491e-02,-6.414904445409774780e-02,-1.429665926843881607e-02,2.009393125772476196e-01,-2.695756256580352783e-01,8.463273197412490845e-02,-1.525480747222900391e-01,6.796891242265701294e-02,3.371361196041107178e-01,-8.009763360023498535e-01,1.698621153831481934e+00,1.330637484788894653e-01,-9.197283983230590820e-01,-3.646351397037506104e-01,-2.018490582704544067e-01,1.872630715370178223e-01,-2.521969676017761230e-01,-1.753658533096313477e+00,1.977988705039024353e-02,-8.663435578346252441e-01,1.813983023166656494e-01,-2.072877734899520874e-01,-1.493824366480112076e-02
2.711566090583801270e-01,3.730058670043945312e-01,1.035968184471130371e+00,2.712367661297321320e-02,-4.198827221989631653e-02,9.107331633567810059e-01,4.099590480327606201e-01,-2.670285701751708984e-01,1.515989750623703003e-01,2.830727696418762207e-01,4.492051303386688232e-01,-1.767033487558364868e-01,4.307499527931213379e-02,-3.431785851716995239e-02,-7.948379963636398315e-02,-1.083246897906064987e-02,2.800816893577575684e-01,-3.211300075054168701e-01,7.531398534774780273e-02,-1.631033271551132202e-01,6.173962727189064026e-02,3.742916285991668701e-01,-7.918351292610168457e-01,1.782958388328552246e+00,1.751922816038131714e-01,-9.144980907440185547e-01,-3.664176166057586670e-01,-2.001240700483322144e-01,2.391838878393173218e-01,-2.880953252315521240e-01,-1.811889052391052246e+00,-6.514030694961547852e-02,-9.545333385467529297e-01,1.630353778600692749e-01,-2.078026235103607178e-01,-8.544889837503433228e-02
2.501399219036102295e-01,3.735411167144775391e-01,1.024665355682373047e+00,3.277634456753730774e-02,-4.509567096829414368e-02,9.093486070632934570e-01,4.122828543186187744e-01,-2.707035541534423828e-01,1.438006609678268433e-01,2.712290287017822266e-01,5.181685686111450195e-01,-2.358237206935882568e-01,6.371700018644332886e-02,-4.634126275777816772e-02,-9.903265535831451416e-02,-1.319664623588323593e-02,3.636924028396606445e-01,-3.572739958763122559e-01,6.973058730363845825e-02,-1.737577915191650391e-01,5.914531275629997253e-02,4.022359549999237061e-01,-7.810097336769104004e-01,1.810078501701354980e+00,2.094969898462295532e-01,-9.126197695732116699e-01,-3.580319285392761230e-01,-1.969189941883087158e-01,2.885842323303222656e-01,-3.111872673034667969e-01,-1.852906107902526855e+00,-1.315619647502899170e-01,-1.027604460716247559e+00,1.492978781461715698e-01,-2.093836069107055664e-01,-1.596698760986328125e-01
2.276733815670013428e-01,3.743844926357269287e-01,1.011125206947326660e+00,4.045845940709114075e-02,-4.861550033092498779e-02,9.090217351913452148e-01,4.119212627410888672e-01,-2.793574929237365723e-01,1.316992044448852539e-01,2.595002055168151855e-01,6.076415777206420898e-01,-2.904649376869201660e-01,8.638344705104827881e-02,-5.762542411684989929e-02,-1.224904134869575500e-01,-2.002461813390254974e-02,4.594405889511108398e-01,-3.735473453998565674e-01,6.358109414577484131e-02,-1.865103691816329956e-01,5.706487968564033508e-02,4.283305406570434570e-01,-7.752909064292907715e-01,1.833457469940185547e+00,2.467768490314483643e-01,-9.189414381980895996e-01,-3.542161583900451660e-01,-1.941192448139190674e-01,3.436208367347717285e-01,-3.409924209117889404e-01,-1.888692855834960938e+00,-2.097351402044296265e-01,-1.111488223075866699e+00,1.243590638041496277e-01,-2.104834914207458496e-01,-2.429960370063781738e-01
2.089571207761764526e-01,3.777010142803192139e-01,9.962883591651916504e-01,4.996830224990844727e-02,-5.106206238269805908e-02,9.092904329299926758e-01,4.099837839603424072e-01,-2.845371961593627930e-01,1.187052279710769653e-01,2.496682554483413696e-01,6.910314559936523438e-01,-3.446875214576721191e-01,1.082965210080146790e-01,-6.356991082429885864e-02,-1.463493555784225464e-01,-2.663753740489482880e-02,5.536575317382812500e-01,-3.831981122493743896e-01,5.238791927695274353e-02,-2.033712118864059448e-01,5.949359014630317688e-02,4.516485631465911865e-01,-7.734403014183044434e-01,1.841995239257812500e+00,2.858225703239440918e-01,-9.367302656173706055e-01,-3.338563144207000732e-01,-1.970947682857513428e-01,3.974746465682983398e-01,-3.688555061817169189e-01,-1.915230154991149902e+00,-2.913948595523834229e-01,-1.185853838920593262e+00,1.106307879090309143e-01,-2.102849036455154419e-01,-3.203240633010864258e-01
1.923182904720306396e-01,3.749592304229736328e-01,9.806115627288818359e-01,6.287338584661483765e-02,-5.683067440986633301e-02,9.080845117568969727e-01,4.101215898990631104e-01,-2.861489355564117432e-01,1.085518747568130493e-01,2.486133575439453125e-01,7.742557525634765625e-01,-3.906200230121612549e-01,1.287898421287536621e-01,-6.554229557514190674e-02,-1.678476780652999878e-01,-2.301261574029922485e-02,6.468286514282226562e-01,-3.761493265628814697e-01,4.294843226671218872e-02,-2.168690860271453857e-01,6.272678822278976440e-02,4.705335795879364014e-01,-7.838897109031677246e-01,1.823516964912414551e+00,3.265922665596008301e-01,-9.539284706115722656e-01,-3.154899477958679199e-01,-1.922403573989868164e-01,4.388906359672546387e-01,-3.898741602897644043e-01,-1.924638748168945312e+00,-3.767672479152679443e-01,-1.258150935173034668e+00,1.128301396965980530e-01,-1.965222805738449097e-01,-3.894953429698944092e-01
1.776560842990875244e-01,3.759391009807586670e-01,9.652251005172729492e-01,7.771521806716918945e-02,-5.945064872503280640e-02,9.082706570625305176e-01,4.067805409431457520e-01,-2.792527675628662109e-01,9.333422034978866577e-02,2.475770860910415649e-01,8.439902663230895996e-01,-4.419360160827636719e-01,1.457405537366867065e-01,-5.933286249637603760e-02,-1.860287189483642578e-01,-3.641949268057942390e-03,7.327395677566528320e-01,-3.710629940032958984e-01,3.887530788779258728e-02,-2.411071211099624634e-01,6.751683354377746582e-02,4.850439727306365967e-01,-7.980121374130249023e-01,1.804086565971374512e+00,3.606228530406951904e-01,-9.824490547180175781e-01,-2.814910709857940674e-01,-1.986104696989059448e-01,4.584716558456420898e-01,-4.138301908969879150e-01,-1.923350453376770020e+00,-4.587675929069519043e-01,-1.327158927917480469e+00,1.096353903412818909e-01,-1.902828067541122437e-01,-4.407757520675659180e-01
1.690216362476348877e-01,3.717898130416870117e-01,9.511157274246215820e-01,9.359636902809143066e-02,-6.190072000026702881e-02,9.084106087684631348e-01,4.027383029460906982e-01,-2.697286307811737061e-01,7.373020797967910767e-02,2.422235757112503052e-01,8.954598307609558105e-01,-5.088858604431152344e-01,1.698834449052810669e-01,-5.036097019910812378e-02,-2.062415182590484619e-01,1.053206529468297958e-02,7.977789044380187988e-01,-3.799614608287811279e-01,2.997704781591892242e-02,-2.569991648197174072e-01,7.230903208255767822e-02,4.875566065311431885e-01,-8.045527935028076172e-01,1.793898344039916992e+00,3.841840922832489014e-01,-1.014234900474548340e+00,-2.675030231475830078e-01,-1.957933455705642700e-01,4.959806501865386963e-01,-4.343180656433105469e-01,-1.910404920578002930e+00,-5.288932919502258301e-01,-1.383540391921997070e+00,1.194696426391601562e-01,-1.768926978111267090e-01,-5.073868632316589355e-01
1.585969626903533936e-01,3.713773488998413086e-01,9.370308518409729004e-01,1.134492307901382446e-01,-6.696198880672454834e-02,9.070326089859008789e-01,3.999215364456176758e-01,-2.482252568006515503e-01,5.782715976238250732e-02,2.399643212556838989e-01,9.490283727645874023e-01,-5.551281571388244629e-01,1.893651038408279419e-01,-2.882453612983226776e-02,-2.223069965839385986e-01,2.838295511901378632e-02,8.564095497131347656e-01,-3.793244063854217529e-01,2.244808524847030640e-02,-2.780831754207611084e-01,7.898811250925064087e-02,4.879334867000579834e-01,-8.110886216163635254e-01,1.773687124252319336e+00,4.031998217105865479e-01,-1.055644512176513672e+00,-2.374584674835205078e-01,-1.993899345397949219e-01,5.260718464851379395e-01,-4.601473212242126465e-01,-1.884423494338989258e+00,-5.980502963066101074e-01,-1.450568675994873047e+00,1.078372895717620850e-01,-1.729597896337509155e-01,-5.489280819892883301e-01
1.479596644639968872e-01,3.705374598503112793e-01,9.246375560760498047e-01,1.346108466386795044e-01,-7.250299304723739624e-02,9.054401516914367676e-01,3.959815204143524170e-01,-2.191267460584640503e-01,4.320506006479263306e-02,2.419348955154418945e-01,9.960230588912963867e-01,-5.897969603538513184e-01,2.009921073913574219e-01,3.032465698197484016e-03,-2.359900623559951782e-01,4.774321615695953369e-02,9.034649133682250977e-01,-3.804833889007568359e-01,1.908927783370018005e-02,-3.033812940120697021e-01,8.839015662670135498e-02,4.879900217056274414e-01,-8.198046684265136719e-01,1.757007002830505371e+00,4.227252900600433350e-01,-1.081116080284118652e+00,-2.125858515501022339e-01,-1.935022324323654175e-01,5.497953295707702637e-01,-4.826440513134002686e-01,-1.862578630447387695e+00,-6.665546298027038574e-01,-1.514975070953369141e+00,1.008704677224159241e-01,-1.662049889564514160e-01,-5.807815790176391602e-01
1.363646239042282104e-01,3.695799112319946289e-01,9.146178364753723145e-01,1.507898271083831787e-01,-7.863982021808624268e-02,9.036486744880676270e-01,3.930614292621612549e-01,-1.912872642278671265e-01,3.234069794416427612e-02,2.455556392669677734e-01,1.034552693367004395e+00,-6.245018839836120605e-01,2.131705433130264282e-01,3.575953841209411621e-02,-2.470137774944305420e-01,6.249348074197769165e-02,9.322013854980468750e-01,-3.754617869853973389e-01,1.742401346564292908e-02,-3.248269557952880859e-01,9.666414558887481689e-02,4.879985153675079346e-01,-8.163323998451232910e-01,1.746182680130004883e+00,4.372243881225585938e-01,-1.106695652008056641e+00,-1.945911049842834473e-01,-1.876742243766784668e-01,5.730889439582824707e-01,-4.984953105449676514e-01,-1.828405022621154785e+00,-7.208006381988525391e-01,-1.577360153198242188e+00,9.492681920528411865e-02,-1.582375615835189819e-01,-6.161698102951049805e-01
1.216278299689292908e-01,3.683019578456878662e-01,9.089513421058654785e-01,1.638448387384414673e-01,-8.578564226627349854e-02,9.022459983825683594e-01,3.895483016967773438e-01,-1.604620367288589478e-01,2.045404911041259766e-02,2.456445097923278809e-01,1.058621168136596680e+00,-6.436186432838439941e-01,2.240902781486511230e-01,7.551287859678268433e-02,-2.538516521453857422e-01,7.739879190921783447e-02,9.370980262756347656e-01,-3.400342166423797607e-01,2.542174607515335083e-02,-3.439249396324157715e-01,1.037918031215667725e-01,4.879997670650482178e-01,-8.052071928977966309e-01,1.731342673301696777e+00,4.482355117797851562e-01,-1.114498138427734375e+00,-1.670994758605957031e-01,-1.835245937108993530e-01,5.863342285156250000e-01,-5.173900723457336426e-01,-1.789891600608825684e+00,-7.716626524925231934e-01,-1.638977289199829102e+00,9.177301824092864990e-02,-1.528537422418594360e-01,-6.406690478324890137e-01
1.076518222689628601e-01,3.683329820632934570e-01,9.102373123168945312e-01,1.662862449884414673e-01,-9.330438077449798584e-02,9.007485508918762207e-01,3.902502655982971191e-01,-1.352960467338562012e-01,1.456310134381055832e-02,2.420331239700317383e-01,1.060696959495544434e+00,-6.506245732307434082e-01,2.329303622245788574e-01,1.076534911990165710e-01,-2.528372108936309814e-01,8.784730732440948486e-02,9.112641811370849609e-01,-2.831040322780609131e-01,3.528110682964324951e-02,-3.566273450851440430e-01,8.939439058303833008e-02,4.879999756813049316e-01,-7.780005335807800293e-01,1.719760179519653320e+00,4.471566677093505859e-01,-1.105584621429443359e+00,-1.433959603309631348e-01,-1.845611929893493652e-01,5.940220355987548828e-01,-5.415796041488647461e-01,-1.741643905639648438e+00,-8.207186460494995117e-01,-1.703263640403747559e+00,9.281220287084579468e-02,-1.497335433959960938e-01,-6.756014227867126465e-01
9.948794543743133545e-02,3.716499507427215576e-01,9.201061129570007324e-01,1.661821752786636353e-01,-9.673515707254409790e-02,9.008447527885437012e-01,3.892357647418975830e-01,-1.073394864797592163e-01,1.178459729999303818e-02,2.382092624902725220e-01,1.030715465545654297e+00,-6.235257387161254883e-01,2.228656411170959473e-01,1.350787729024887085e-01,-2.529392242431640625e-01,8.942643553018569946e-02,8.676726818084716797e-01,-2.114101052284240723e-01,4.459581524133682251e-02,-3.637718856334686279e-01,6.963647902011871338e-02,4.880000054836273193e-01,-7.348829507827758789e-01,1.711727976799011230e+00,4.339831769466400146e-01,-1.078114271163940430e+00,-1.191820576786994934e-01,-1.921559572219848633e-01,5.909229516983032227e-01,-5.835108757019042969e-01,-1.690708637237548828e+00,-8.770002126693725586e-01,-1.751893401145935059e+00,1.080252900719642639e-01,-1.480232030153274536e-01,-7.058461904525756836e-01
7.972198724746704102e-02,3.832316696643829346e-01,9.384925365447998047e-01,1.498038768768310547e-01,-9.855382144451141357e-02,9.018763899803161621e-01,3.930202424526214600e-01,-7.515676319599151611e-02,1.501333806663751602e-02,2.395064532756805420e-01,9.637770056724548340e-01,-5.784702897071838379e-01,2.182955741882324219e-01,1.523756682872772217e-01,-2.591597437858581543e-01,6.777076423168182373e-02,7.845493555068969727e-01,-1.184366270899772644e-01,3.736172616481781006e-02,-3.604717254638671875e-01,1.722724735736846924e-02,4.880000054836273193e-01,-6.591883301734924316e-01,1.696106195449829102e+00,3.894204795360565186e-01,-1.068404555320739746e+00,-7.875404506921768188e-02,-2.030407786369323730e-01,5.800365209579467773e-01,-6.414536833763122559e-01,-1.592909812927246094e+00,-9.363380074501037598e-01,-1.805628418922424316e+00,9.206680208444595337e-02,-1.539820134639739990e-01,-7.212769389152526855e-01
6.293561309576034546e-02,4.042369425296783447e-01,9.619764685630798340e-01,1.209302395582199097e-01,-9.482294321060180664e-02,9.012352824211120605e-01,4.051659405231475830e-01,-4.627008363604545593e-02,2.227288484573364258e-02,2.397700250148773193e-01,8.617770075798034668e-01,-5.049941539764404297e-01,2.244833707809448242e-01,1.604437083005905151e-01,-2.474958300590515137e-01,4.637342691421508789e-02,6.825493574142456055e-01,-1.643662527203559875e-02,5.265825986862182617e-02,-3.357162475585937500e-01,-7.925508916378021240e-02,4.880000054836273193e-01,-5.571883320808410645e-01,1.673160910606384277e+00,3.086430430412292480e-01,-1.067677855491638184e+00,-5.396075919270515442e-02,-2.162514328956604004e-01,5.492560863494873047e-01,-7.361878752708435059e-01,-1.490909814834594727e+00,-9.954858422279357910e-01,-1.866688728332519531e+00,5.860340967774391174e-02,-1.638795137405395508e-01,-7.235915660858154297e-01
5.925209075212478638e-02,4.030345976352691650e-01,9.891350269317626953e-01,8.425019681453704834e-02,-8.616887032985687256e-02,9.068242907524108887e-01,4.039139747619628906e-01,-2.364061772823333740e-02,2.174198627471923828e-02,2.146282345056533813e-01,7.597769498825073242e-01,-4.029941856861114502e-01,1.855901628732681274e-01,1.623246371746063232e-01,-2.301735579967498779e-01,-2.344571985304355621e-02,5.805493593215942383e-01,8.556337654590606689e-02,9.638138860464096069e-02,-2.859607636928558350e-01,-1.812550872564315796e-01,4.559752345085144043e-01,-4.551883339881896973e-01,1.609782695770263672e+00,2.066430449485778809e-01,-1.088485360145568848e+00,-4.995481669902801514e-02,-2.440119832754135132e-01,5.183846354484558105e-01,-8.374446034431457520e-01,-1.388909816741943359e+00,-1.080795168876647949e+00,-1.891482830047607422e+00,8.541291207075119019e-02,-1.643919199705123901e-01,-7.239387035369873047e-01
5.523232743144035339e-02,4.019207656383514404e-01,1.019748330116271973e+00,7.743126153945922852e-02,-7.688393443822860718e-02,9.134706854820251465e-01,3.920007050037384033e-01,2.514423988759517670e-02,1.232515089213848114e-02,1.758266687393188477e-01,6.577769517898559570e-01,-3.009941875934600830e-01,1.408332139253616333e-01,1.835234612226486206e-01,-2.022360861301422119e-01,-6.218133121728897095e-02,4.785493612289428711e-01,1.875633746385574341e-01,1.519733220338821411e-01,-2.239326089620590210e-01,-2.832551002502441406e-01,3.574053347110748291e-01,-3.817833364009857178e-01,1.543049454689025879e+00,1.405110508203506470e-01,-1.154838562011718750e+00,-2.174529805779457092e-02,-2.756296396255493164e-01,4.889783859252929688e-01,-9.235430955886840820e-01,-1.298516511917114258e+00,-1.152258753776550293e+00,-1.904154300689697266e+00,1.379765421152114868e-01,-1.478045135736465454e-01,-7.239907979965209961e-01
5.373605713248252869e-02,4.021199345588684082e-01,1.048468351364135742e+00,7.687498629093170166e-02,-7.689299434423446655e-02,9.245335459709167480e-01,3.652608394622802734e-01,1.100635901093482971e-01,1.186990877613425255e-03,9.628110378980636597e-02,5.557769536972045898e-01,-1.989941745996475220e-01,6.676521152257919312e-02,2.392984777688980103e-01,-1.344264149665832520e-01,-1.363821774721145630e-01,3.765493631362915039e-01,2.895633876323699951e-01,2.241713404655456543e-01,-1.219326034188270569e-01,-3.093882501125335693e-01,2.554053366184234619e-01,-3.406656980514526367e-01,1.441049456596374512e+00,7.016975432634353638e-02,-1.256838560104370117e+00,4.632363840937614441e-02,-3.295955657958984375e-01,4.256805181503295898e-01,-1.025543093681335449e+00,-1.218678116798400879e+00,-1.254258751869201660e+00,-1.936027646064758301e+00,2.249509096145629883e-01,-1.285575479269027710e-01,-7.239986062049865723e-01
5.292911827564239502e-02,4.054177105426788330e-01,1.082803010940551758e+00,3.909692913293838501e-02,-6.228316575288772583e-02,9.488343000411987305e-01,3.070923984050750732e-01,9.598498046398162842e-02,1.731880195438861847e-02,6.011765077710151672e-02,4.537769854068756104e-01,-9.699417650699615479e-02,-1.344732474535703659e-02,1.987032443284988403e-01,-6.624548137187957764e-02,-2.315333485603332520e-01,2.745493650436401367e-01,3.915633857250213623e-01,2.567507028579711914e-01,-1.993260346353054047e-02,-3.133082091808319092e-01,1.534053385257720947e-01,-3.017984330654144287e-01,1.340958118438720703e+00,4.581290122587233782e-04,-1.358838558197021484e+00,4.387541860342025757e-02,-3.722515106201171875e-01,3.846524953842163086e-01,-1.127543091773986816e+00,-1.147058248519897461e+00,-1.299771070480346680e+00,-1.928539991378784180e+00,3.148080408573150635e-01,-1.181267946958541870e-01,-7.239997982978820801e-01
4.902847856283187866e-02,4.080091118812561035e-01,1.119721412658691406e+00,-8.353251032531261444e-03,-2.546300739049911499e-02,9.657487869262695312e-01,2.580913901329040527e-01,-6.015022285282611847e-03,2.366415597498416901e-02,1.706622727215290070e-02,3.517769873142242432e-01,5.005826242268085480e-03,-8.388726413249969482e-02,9.670324623584747314e-02,-1.741966232657432556e-02,-2.947048842906951904e-01,1.777878552675247192e-01,4.437845051288604736e-01,2.616375982761383057e-01,8.206740021705627441e-02,-2.846347391605377197e-01,5.140533670783042908e-02,-2.928722500801086426e-01,1.282209634780883789e+00,-5.761470273137092590e-02,-1.460838556289672852e+00,-3.021664358675479889e-02,-3.969812393188476562e-01,3.570538759231567383e-01,-1.227030396461486816e+00,-1.055999279022216797e+00,-1.217348933219909668e+00,-1.837822079658508301e+00,3.282263875007629395e-01,-1.220254525542259216e-01,-7.239999771118164062e-01
4.417440667748451233e-02,4.096538424491882324e-01,1.148269414901733398e+00,-1.268417108803987503e-03,-2.799635566771030426e-02,9.766260385513305664e-01,2.131106257438659668e-01,-9.672729671001434326e-02,5.964031442999839783e-02,2.545974403619766235e-02,2.497769743204116821e-01,1.070058271288871765e-01,-8.956176787614822388e-02,3.435166925191879272e-02,4.763883724808692932e-02,-2.642587721347808838e-01,1.553040295839309692e-01,4.516176879405975342e-01,2.608762085437774658e-01,1.840673983097076416e-01,-1.826347261667251587e-01,-5.059466138482093811e-02,-3.948722481727600098e-01,1.180209636688232422e+00,-1.285297572612762451e-01,-1.562838554382324219e+00,-4.019548743963241577e-02,-3.866684734821319580e-01,3.078281581401824951e-01,-1.185779452323913574e+00,-1.157999277114868164e+00,-1.115348935127258301e+00,-1.735822081565856934e+00,2.925116717815399170e-01,-8.961341530084609985e-02,-6.903600692749023438e-01
3.927958011627197266e-02,4.116610586643218994e-01,1.158156275749206543e+00,-1.270762551575899124e-02,-3.305708244442939758e-02,9.885725378990173340e-01,1.465267986059188843e-01,-1.987272948026657104e-01,9.964780509471893311e-02,4.382257536053657532e-02,2.776182889938354492e-01,2.090058326721191406e-01,-6.878511607646942139e-02,-1.703966967761516571e-02,7.320003956556320190e-02,-2.606042623519897461e-01,1.445232331752777100e-01,4.527926445007324219e-01,2.530375421047210693e-01,2.190462797880172729e-01,-8.063472807407379150e-02,-1.525946557521820068e-01,-4.737717807292938232e-01,1.078209638595581055e+00,-1.524921059608459473e-01,-1.664838552474975586e+00,-2.774144336581230164e-02,-3.699165582656860352e-01,2.556436061859130859e-01,-1.118104219436645508e+00,-1.256554961204528809e+00,-1.013348937034606934e+00,-1.633822083473205566e+00,2.796714603900909424e-01,-5.181442946195602417e-02,-5.883600711822509766e-01
2.868144959211349487e-02,4.110890924930572510e-01,1.162223935127258301e+00,-2.080439031124114990e-02,-3.811334073543548584e-02,9.959776997566223145e-01,7.837696373462677002e-02,-3.007273077964782715e-01,1.159897148609161377e-01,8.887006342411041260e-02,3.664243221282958984e-01,2.420297414064407349e-01,-4.537405818700790405e-02,-6.032303720712661743e-02,6.126590073108673096e-02,-2.462072819471359253e-01,1.602988392114639282e-01,4.449003338813781738e-01,2.366155236959457397e-01,2.002739012241363525e-01,2.136526815593242645e-02,-2.545946538448333740e-01,-5.183056592941284180e-01,1.009252429008483887e+00,-2.099568247795104980e-01,-1.766838550567626953e+00,3.117966651916503906e-02,-3.749144077301025391e-01,2.073003351688385010e-01,-1.016104221343994141e+00,-1.352776765823364258e+00,-9.113489389419555664e-01,-1.531822085380554199e+00,2.884441018104553223e-01,-2.419188246130943298e-02,-4.863600432872772217e-01
1.766135916113853455e-02,4.027620851993560791e-01,1.158619761466979980e+00,-2.114582061767578125e-02,-4.609340429306030273e-02,9.986571073532104492e-01,1.059639267623424530e-02,-4.027273058891296387e-01,1.262647062540054321e-01,1.326409578323364258e-01,3.683244287967681885e-01,2.435036152601242065e-01,-3.977141901850700378e-02,-5.612212419509887695e-02,1.408810727298259735e-02,-2.660862505435943604e-01,1.978067755699157715e-01,4.517850577831268311e-01,2.176147103309631348e-01,1.998983025550842285e-01,1.233652681112289429e-01,-3.565946519374847412e-01,-5.554581284523010254e-01,9.202527999877929688e-01,-3.119568228721618652e-01,-1.868838548660278320e+00,8.658437430858612061e-02,-3.977112472057342529e-01,1.626276075839996338e-01,-9.141042232513427734e-01,-1.435046434402465820e+00,-8.093489408493041992e-01,-1.429822087287902832e+00,2.906888425350189209e-01,-4.276990890502929688e-02,-3.843600451946258545e-01
6.345210596919059753e-03,3.887150287628173828e-01,1.149367332458496094e+00,-6.503522396087646484e-02,-7.211259007453918457e-02,9.932042360305786133e-01,-6.415218114852905273e-02,-5.047273039817810059e-01,1.248263567686080933e-01,1.018026098608970642e-01,3.158288598060607910e-01,2.277497500181198120e-01,-2.397859841585159302e-02,-6.592204421758651733e-02,-5.513466894626617432e-02,-3.063745796680450439e-01,2.267412245273590088e-01,4.503453373908996582e-01,1.902228444814682007e-01,2.015921920537948608e-01,2.039586901664733887e-01,-4.585946500301361084e-01,-4.534581005573272705e-01,9.068349599838256836e-01,-3.831419646739959717e-01,-1.970838546752929688e+00,1.025453805923461914e-01,-4.552968740463256836e-01,1.405293345451354980e-01,-8.121042251586914062e-01,-1.442720651626586914e+00,-7.073489427566528320e-01,-1.489876747131347656e+00,2.137823253870010376e-01,-1.015215218067169189e-01,-2.823600471019744873e-01
-4.941362421959638596e-03,3.732973337173461914e-01,1.130800366401672363e+00,-1.163390800356864929e-01,-1.012675017118453979e-01,9.798848032951354980e-01,-1.266328543424606323e-01,-6.067273020744323730e-01,1.277375221252441406e-01,1.098180264234542847e-01,2.609536945819854736e-01,1.946921795606613159e-01,1.216819742694497108e-03,-8.787024766206741333e-02,-1.002941131591796875e-01,-3.296360373497009277e-01,2.568546831607818604e-01,4.425880610942840576e-01,1.778675019741058350e-01,2.220998257398605347e-01,2.287925034761428833e-01,-4.835892021656036377e-01,-3.514581024646759033e-01,9.432768225669860840e-01,-3.641611933708190918e-01,-2.072838544845581055e+00,8.164995908737182617e-02,-4.795498549938201904e-01,1.638348847627639771e-01,-7.101042270660400391e-01,-1.362676382064819336e+00,-6.053489446640014648e-01,-1.591876745223999023e+00,1.320827305316925049e-01,-1.306010484695434570e-01,-1.803600490093231201e-01
-1.664607785642147064e-02,3.594415187835693359e-01,1.105349302291870117e+00,-1.431965976953506470e-01,-1.161274909973144531e-01,9.698854684829711914e-01,-1.591580510139465332e-01,-7.087273001670837402e-01,1.285390257835388184e-01,1.097299009561538696e-01,2.271184623241424561e-01,1.668837964534759521e-01,1.910480484366416931e-02,-6.708725541830062866e-02,-1.494801491498947144e-01,-3.311079740524291992e-01,2.679405808448791504e-01,4.312279820442199707e-01,1.677633970975875854e-01,2.576042115688323975e-01,2.357379794120788574e-01,-4.873383939266204834e-01,-2.494581192731857300e-01,9.459387063980102539e-01,-3.258629441261291504e-01,-2.174838542938232422e+00,7.330556958913803101e-02,-4.763673543930053711e-01,1.940307617187500000e-01,-6.081042289733886719e-01,-1.272206306457519531e+00,-5.033489465713500977e-01,-1.657800316810607910e+00,8.225134015083312988e-02,-1.347624212503433228e-01,-7.836004346609115601e-02
-2.854211628437042236e-02,3.450354933738708496e-01,1.081537604331970215e+00,-1.502134054899215698e-01,-1.177237480878829956e-01,9.620059132575988770e-01,-1.952476352453231812e-01,-7.493168711662292480e-01,1.160469204187393188e-01,1.436100602149963379e-01,2.391442358493804932e-01,6.488379091024398804e-02,6.992924213409423828e-02,1.186631899327039719e-02,-2.415025681257247925e-01,-2.989100813865661621e-01,3.505104184150695801e-01,3.539427518844604492e-01,1.335376799106597900e-01,3.030150532722473145e-01,2.891221046447753906e-01,-4.879007637500762939e-01,-1.474581062793731689e-01,8.842577338218688965e-01,-3.486048281192779541e-01,-2.072838544845581055e+00,1.163438428193330765e-02,-4.414361417293548584e-01,2.576304674148559570e-01,-6.686692237854003906e-01,-1.170206308364868164e+00,-4.013489186763763428e-01,-1.555800318717956543e+00,8.674219250679016113e-02,-8.517193049192428589e-02,2.363995835185050964e-02
-3.814458474516868591e-02,3.330999910831451416e-01,1.056137323379516602e+00,-1.882638335227966309e-01,-1.414064913988113403e-01,9.442707896232604980e-01,-2.300294786691665649e-01,-8.513168692588806152e-01,1.058648452162742615e-01,1.080188155174255371e-01,3.405725359916687012e-01,-3.711621090769767761e-02,1.308265775442123413e-01,4.383132979273796082e-02,-2.960304915904998779e-01,-2.703110277652740479e-01,4.525104165077209473e-01,2.803169786930084229e-01,8.821271359920501709e-02,3.006374835968017578e-01,3.010082542896270752e-01,-4.745228290557861328e-01,-4.545811191201210022e-02,8.669263720512390137e-01,-3.009652197360992432e-01,-1.970838546752929688e+00,-2.757865563035011292e-02,-4.172501862049102783e-01,3.330783843994140625e-01,-7.028043866157531738e-01,-1.068206310272216797e+00,-2.993489205837249756e-01,-1.453800320625305176e+00,1.022866293787956238e-01,-8.128505200147628784e-02,1.298447023145854473e-03
-4.649946838617324829e-02,3.207044303417205811e-01,1.033187866210937500e+00,-2.172599583864212036e-01,-1.661388427019119263e-01,9.284767508506774902e-01,-2.512506544589996338e-01,-9.533168673515319824e-01,8.411680161952972412e-02,4.381836950778961182e-02,4.425725340843200684e-01,-1.391162127256393433e-01,2.009486556053161621e-01,4.884992167353630066e-02,-3.232015967369079590e-01,-2.220645099878311157e-01,5.545104146003723145e-01,2.048115879297256470e-01,3.469780460000038147e-02,2.791420817375183105e-01,3.120512366294860840e-01,-4.349737763404846191e-01,5.654188618063926697e-02,8.143096566200256348e-01,-2.751444280147552490e-01,-1.868838548660278320e+00,-3.959617018699645996e-02,-3.654624223709106445e-01,3.978252112865447998e-01,-7.319157719612121582e-01,-9.662063121795654297e-01,-1.973489373922348022e-01,-1.351800322532653809e+00,1.064420938491821289e-01,-7.998867332935333252e-02,-1.007015556097030640e-01
-5.403672158718109131e-02,3.081026971340179443e-01,1.015438318252563477e+00,-2.452844381332397461e-01,-1.828103810548782349e-01,9.165901541709899902e-01,-2.574459314346313477e-01,-1.055316805839538574e+00,5.751311406493186951e-02,2.651843708008527756e-03,5.445725321769714355e-01,-2.411162108182907104e-01,2.528423070907592773e-01,-2.655421942472457886e-02,-3.435322046279907227e-01,-1.425004601478576660e-01,6.565104126930236816e-01,1.182259693741798401e-01,-2.356660738587379456e-02,2.363888472318649292e-01,3.137076795101165771e-01,-4.063865244388580322e-01,1.564384251832962036e-01,7.123096585273742676e-01,-2.755702137947082520e-01,-1.766838550567626953e+00,9.648465202189981937e-04,-3.096133470535278320e-01,3.991626799106597900e-01,-7.796972393989562988e-01,-8.642063140869140625e-01,-9.534893184900283813e-02,-1.257900834083557129e+00,5.646723881363868713e-02,-8.283519744873046875e-02,-2.027015537023544312e-01
-6.156532093882560730e-02,2.955362498760223389e-01,1.005371928215026855e+00,-2.650718092918395996e-01,-1.784644722938537598e-01,9.108159542083740234e-01,-2.613459527492523193e-01,-1.134228110313415527e+00,1.257181260734796524e-02,-1.165527570992708206e-02,6.465725302696228027e-01,-3.431162238121032715e-01,2.606263458728790283e-01,-1.230827197432518005e-01,-3.174777328968048096e-01,-4.707727208733558655e-02,7.585104107856750488e-01,7.856424897909164429e-02,-4.927747324109077454e-02,2.136896252632141113e-01,3.139561414718627930e-01,-3.919716775417327881e-01,1.865002810955047607e-01,6.187254786491394043e-01,-2.916013002395629883e-01,-1.664838552474975586e+00,1.475338265299797058e-02,-2.745679318904876709e-01,3.644026219844818115e-01,-8.437603712081909180e-01,-7.622063159942626953e-01,6.651067640632390976e-03,-1.242747545242309570e+00,1.969490386545658112e-02,-8.539908379316329956e-02,-2.197944223880767822e-01
-6.914875656366348267e-02,2.815697491168975830e-01,1.002682805061340332e+00,-2.873565554618835449e-01,-1.595706045627593994e-01,9.077937006950378418e-01,-2.605264186859130859e-01,-1.151164412498474121e+00,-4.766138270497322083e-02,-2.724339067935943604e-02,7.243260145187377930e-01,-3.613924086093902588e-01,2.617939412593841553e-01,-2.250827252864837646e-01,-2.559911310672760010e-01,3.780930489301681519e-02,8.605104088783264160e-01,6.613962352275848389e-02,-5.213481560349464417e-02,1.977928578853607178e-01,3.139934241771697998e-01,-3.841112256050109863e-01,2.097969949245452881e-01,5.515711307525634766e-01,-3.014407455921173096e-01,-1.562838554382324219e+00,4.295003786683082581e-02,-2.447605282068252563e-01,3.253046274185180664e-01,-9.056865572929382324e-01,-6.602063179016113281e-01,1.086510643362998962e-01,-1.273136496543884277e+00,-1.328317355364561081e-02,-9.282943606376647949e-02,-2.145172059535980225e-01
-7.908953726291656494e-02,2.654562294483184814e-01,1.009567499160766602e+00,-2.969570159912109375e-01,-1.415869742631912231e-01,9.065395593643188477e-01,-2.644913494586944580e-01,-1.126057267189025879e+00,-9.903854876756668091e-02,-3.712155297398567200e-02,7.079595327377319336e-01,-3.075335025787353516e-01,2.619690895080566406e-01,-3.270827233791351318e-01,-1.759981215000152588e-01,6.987813860177993774e-02,9.625104069709777832e-01,6.509065628051757812e-02,-4.970730841159820557e-02,1.886044293642044067e-01,3.139990270137786865e-01,-3.663130998611450195e-01,2.395844906568527222e-01,4.863095581531524658e-01,-3.134647011756896973e-01,-1.460838556289672852e+00,6.734304875135421753e-02,-2.359094768762588501e-01,2.821270525455474854e-01,-9.289643168449401855e-01,-5.582063198089599609e-01,2.106510698795318604e-01,-1.306413769721984863e+00,-5.149784684181213379e-02,-9.792102873325347900e-02,-1.769792288541793823e-01
-9.293866902589797974e-02,2.477521449327468872e-01,1.023630619049072266e+00,-2.958271205425262451e-01,-1.326484084129333496e-01,9.051008224487304688e-01,-2.751058340072631836e-01,-1.065563917160034180e+00,-1.313873082399368286e-01,-5.428797006607055664e-02,6.370456814765930176e-01,-2.452224344015121460e-01,2.568623721599578857e-01,-4.290827214717864990e-01,-1.117087081074714661e-01,3.707439824938774109e-02,1.064510464668273926e+00,4.787092655897140503e-02,-6.282515078783035278e-02,1.783173233270645142e-01,3.139998614788055420e-01,-3.400177061557769775e-01,2.706659734249114990e-01,4.551682174205780029e-01,-3.393133282661437988e-01,-1.358838558197021484e+00,6.502166390419006348e-02,-2.221632599830627441e-01,2.372754365205764771e-01,-9.250373244285583496e-01,-4.562062919139862061e-01,3.126510679721832275e-01,-1.353158712387084961e+00,-7.572068274021148682e-02,-9.463914483785629272e-02,-1.334393769502639771e-01
-1.100490689277648926e-01,2.289143502712249756e-01,1.041710257530212402e+00,-2.838971316814422607e-01,-1.269813328981399536e-01,9.042896628379821777e-01,-2.924693822860717773e-01,-9.682198762893676758e-01,-1.488416343927383423e-01,-7.528598606586456299e-02,5.350456833839416504e-01,-1.577309519052505493e-01,2.326098233461380005e-01,-5.310826897621154785e-01,-5.957922711968421936e-02,-1.866455934941768646e-02,1.166510462760925293e+00,1.331011019647121429e-02,-8.713870495557785034e-02,1.634750813245773315e-01,3.139999806880950928e-01,-2.926402688026428223e-01,3.028683960437774658e-01,4.168483316898345947e-01,-3.751057684421539307e-01,-1.256838560104370117e+00,5.622961372137069702e-02,-2.200881689786911011e-01,2.101751863956451416e-01,-9.025210142135620117e-01,-3.542062938213348389e-01,4.146510660648345947e-01,-1.423086762428283691e+00,-7.123669981956481934e-02,-9.190562367439270020e-02,-1.224202066659927368e-01
-1.286099404096603394e-01,2.090752571821212769e-01,1.062299251556396484e+00,-2.660169005393981934e-01,-1.257147789001464844e-01,9.041868448257446289e-01,-3.096400499343872070e-01,-8.692628145217895508e-01,-1.481308490037918091e-01,-9.825161099433898926e-02,4.330456852912902832e-01,-5.573095008730888367e-02,1.882966905832290649e-01,-6.330827474594116211e-01,-1.013231277465820312e-02,-7.623543590307235718e-02,1.258327007293701172e+00,-1.716394349932670593e-02,-1.055376231670379639e-01,1.480625718832015991e-01,3.140000104904174805e-01,-2.409233450889587402e-01,3.249699771404266357e-01,3.940959274768829346e-01,-4.077028930187225342e-01,-1.154838562011718750e+00,5.838649347424507141e-02,-2.300019562244415283e-01,2.130817472934722900e-01,-8.776324987411499023e-01,-2.522062957286834717e-01,5.166510939598083496e-01,-1.495817899703979492e+00,-8.116368949413299561e-02,-1.050221994519233704e-01,-1.405376940965652466e-01
-1.475140601396560669e-01,1.892867386341094971e-01,1.084857583045959473e+00,-2.482308894395828247e-01,-1.228885576128959656e-01,9.018186926841735840e-01,-3.316667973995208740e-01,-7.672627568244934082e-01,-1.464030891656875610e-01,-1.281780600547790527e-01,3.310456871986389160e-01,3.043813630938529968e-02,1.499029248952865601e-01,-6.685378551483154297e-01,3.197347000241279602e-02,-1.312474310398101807e-01,1.156327009201049805e+00,-2.643670886754989624e-02,-9.471572935581207275e-02,1.213479563593864441e-01,3.140000104904174805e-01,-1.823931932449340820e-01,3.520393669605255127e-01,3.503953516483306885e-01,-4.148084819316864014e-01,-1.052838563919067383e+00,4.681302979588508606e-02,-2.484522461891174316e-01,2.285405844449996948e-01,-8.222671747207641602e-01,-1.992229521274566650e-01,6.186510920524597168e-01,-1.573686242103576660e+00,-6.881214678287506104e-02,-1.080576479434967041e-01,-1.415537297725677490e-01
-1.660030782222747803e-01,1.688669770956039429e-01,1.105032801628112793e+00,-2.312489300966262817e-01,-1.239952445030212402e-01,8.977054357528686523e-01,-3.539407551288604736e-01,-6.652627587318420410e-01,-1.367459744215011597e-01,-1.578476577997207642e-01,2.290456891059875488e-01,9.387427568435668945e-02,1.094803810119628906e-01,-6.878777146339416504e-01,6.426467746496200562e-02,-1.548087894916534424e-01,1.054327011108398438e+00,-2.569068036973476410e-02,-5.339011922478675842e-02,8.281173557043075562e-02,3.140000104904174805e-01,-1.332634389400482178e-01,3.627777397632598877e-01,3.151993155479431152e-01,-4.194654524326324463e-01,-9.865463376045227051e-01,1.353815663605928421e-02,-2.624758780002593994e-01,2.464116364717483521e-01,-7.579214572906494141e-01,-2.718921601772308350e-01,7.206510901451110840e-01,-1.646188259124755859e+00,-4.271117225289344788e-02,-1.023193225264549255e-01,-1.369171887636184692e-01
-1.811252981424331665e-01,1.494829207658767700e-01,1.117548108100891113e+00,-2.248796075582504272e-01,-1.200115233659744263e-01,8.930885195732116699e-01,-3.707010447978973389e-01,-5.684242248535156250e-01,-1.320128589868545532e-01,-1.682356148958206177e-01,1.762569248676300049e-01,1.342590302228927612e-01,6.938993930816650391e-02,-7.083580493927001953e-01,8.557209372520446777e-02,-1.564389318227767944e-01,9.523270130157470703e-01,1.233094185590744019e-02,9.476314298808574677e-03,6.297018378973007202e-02,3.140000104904174805e-01,-8.864756673574447632e-02,3.780269920825958252e-01,2.803139686584472656e-01,-4.117537140846252441e-01,-1.034119009971618652e+00,1.995807280763983727e-03,-2.808859050273895264e-01,2.706335484981536865e-01,-6.559214591979980469e-01,-3.738921582698822021e-01,7.199928760528564453e-01,-1.748188257217407227e+00,-1.750645600259304047e-02,-1.053784564137458801e-01,-1.470422893762588501e-01
-1.926764547824859619e-01,1.324807405471801758e-01,1.122269272804260254e+00,-2.177707701921463013e-01,-1.082948446273803711e-01,8.889030218124389648e-01,-3.882003724575042725e-01,-5.107086300849914551e-01,-1.391286998987197876e-01,-1.876481175422668457e-01,1.801474988460540771e-01,1.200964227318763733e-01,5.361143872141838074e-02,-7.382385730743408203e-01,9.926321357488632202e-02,-1.216699033975601196e-01,8.503270149230957031e-01,7.369185984134674072e-02,7.594722509384155273e-02,4.215366393327713013e-02,3.140000104904174805e-01,-6.277409195899963379e-02,3.995495140552520752e-01,2.580784857273101807e-01,-3.932158946990966797e-01,-1.087622880935668945e+00,7.780515588819980621e-03,-2.990292906761169434e-01,2.735072374343872070e-01,-5.539214611053466797e-01,-4.758921563625335693e-01,6.362879872322082520e-01,-1.850188255310058594e+00,4.936790792271494865e-04,-1.073047742247581482e-01,-1.351276636123657227e-01
-2.028594166040420532e-01,1.183777749538421631e-01,1.116300344467163086e+00,-2.028845250606536865e-01,-9.423206746578216553e-02,8.871501684188842773e-01,-4.036369025707244873e-01,-4.579074084758758545e-01,-1.490181684494018555e-01,-1.922910660505294800e-01,2.022235542535781860e-01,9.998890012502670288e-02,4.902061074972152710e-02,-7.473999857902526855e-01,1.078004166483879089e-01,-1.164173632860183716e-01,7.483270168304443359e-01,1.211764812469482422e-01,1.129844859242439270e-01,2.355461381375789642e-02,3.140000104904174805e-01,-4.780310764908790588e-02,4.140445590019226074e-01,2.651053667068481445e-01,-3.904657363891601562e-01,-1.119890332221984863e+00,-5.513402167707681656e-03,-3.060954809188842773e-01,2.814289629459381104e-01,-4.519214630126953125e-01,-5.778921246528625488e-01,5.482206344604492188e-01,-1.952188253402709961e+00,7.538192439824342728e-03,-1.182042211294174194e-01,-1.508621275424957275e-01
-2.111617475748062134e-01,1.046573296189308167e-01,1.102299809455871582e+00,-1.833655387163162231e-01,-8.376375585794448853e-02,8.839989900588989258e-01,-4.217896759510040283e-01,-3.976873457431793213e-01,-1.565928459167480469e-01,-2.135692983865737915e-01,2.464120686054229736e-01,5.399328470230102539e-02,5.371902883052825928e-02,-7.667246460914611816e-01,1.033027470111846924e-01,-1.167760193347930908e-01,6.463270187377929688e-01,1.544089764356613159e-01,1.453423500061035156e-01,1.627617143094539642e-02,3.140000104904174805e-01,-2.568189986050128937e-02,4.237661957740783691e-01,2.780970335006713867e-01,-3.944086730480194092e-01,-1.154872298240661621e+00,-1.791212148964405060e-02,-3.063366413116455078e-01,2.998719513416290283e-01,-3.499214649200439453e-01,-6.798921227455139160e-01,4.557887017726898193e-01,-2.011308670043945312e+00,3.497509658336639404e-02,-1.258134841918945312e-01,-1.608429849147796631e-01
-2.231009304523468018e-01,8.722658455371856689e-02,1.080702185630798340e+00,-1.571450978517532349e-01,-7.254061847925186157e-02,8.829202651977539062e-01,-4.364574551582336426e-01,-3.369658589363098145e-01,-1.673594117164611816e-01,-2.302407622337341309e-01,3.272421061992645264e-01,-5.748182069510221481e-03,5.632804334163665771e-02,-7.794655561447143555e-01,9.127451479434967041e-02,-1.234002560377120972e-01,5.443270206451416016e-01,1.536245793104171753e-01,1.574005782604217529e-01,1.458039227873086929e-02,3.140000104904174805e-01,-5.834646522998809814e-03,4.241626858711242676e-01,3.089342117309570312e-01,-4.122572541236877441e-01,-1.194100379943847656e+00,-4.403513669967651367e-02,-3.029657900333404541e-01,3.226315677165985107e-01,-2.479214519262313843e-01,-7.486223578453063965e-01,3.733364045619964600e-01,-2.007156610488891602e+00,5.980183929204940796e-02,-1.302214860916137695e-01,-1.686398983001708984e-01
-2.396223247051239014e-01,6.545868515968322754e-02,1.054324030876159668e+00,-1.418971568346023560e-01,-6.363489478826522827e-02,8.770974278450012207e-01,-4.544402360916137695e-01,-3.091637492179870605e-01,-1.895624250173568726e-01,-2.463401108980178833e-01,4.292421042919158936e-01,-7.388067990541458130e-02,6.069552153348922729e-02,-8.043263554573059082e-01,7.066564261913299561e-02,-1.288051158189773560e-01,4.423269927501678467e-01,1.315072029829025269e-01,1.358304619789123535e-01,6.153450813144445419e-03,3.140000104904174805e-01,6.914837751537561417e-03,4.150882661342620850e-01,3.538916110992431641e-01,-4.116484820842742920e-01,-1.243279218673706055e+00,-3.994975984096527100e-02,-2.948586046695709229e-01,3.444253802299499512e-01,-1.459214538335800171e-01,-7.803683876991271973e-01,2.864230871200561523e-01,-1.961013197898864746e+00,8.250136673450469971e-02,-1.409088075160980225e-01,-2.019545882940292358e-01
-2.604132592678070068e-01,4.220103099942207336e-02,1.031053781509399414e+00,-1.264249831438064575e-01,-6.105186790227890015e-02,8.708293437957763672e-01,-4.711111187934875488e-01,-2.974523305892944336e-01,-1.997047066688537598e-01,-2.573935091495513916e-01,5.312421321868896484e-01,-9.453471750020980835e-02,4.430688917636871338e-02,-8.223095536231994629e-01,5.119992792606353760e-02,-1.332510262727737427e-01,3.403269946575164795e-01,1.031276509165763855e-01,8.384001255035400391e-02,-1.016841828823089600e-02,3.140000104904174805e-01,2.300803177058696747e-02,3.949530124664306641e-01,3.959648013114929199e-01,-4.277407228946685791e-01,-1.263492465019226074e+00,-3.598684445023536682e-02,-2.812492847442626953e-01,3.443060517311096191e-01,-4.392145201563835144e-02,-8.132757544517517090e-01,2.562247514724731445e-01,-1.887055635452270508e+00,9.849934279918670654e-02,-1.452703624963760376e-01,-2.243591994047164917e-01
-2.855862081050872803e-01,1.779599301517009735e-02,1.017562627792358398e+00,-1.148342788219451904e-01,-6.557388603687286377e-02,8.685767650604248047e-01,-4.775851368904113770e-01,-2.926463484764099121e-01,-1.937102377414703369e-01,-2.470912188291549683e-01,6.332421302795410156e-01,-5.975811555981636047e-02,1.571868360042572021e-02,-8.262696862220764160e-01,5.444074422121047974e-02,-1.292272359132766724e-01,3.865083754062652588e-01,3.620345517992973328e-02,3.334224596619606018e-02,-1.058386918157339096e-02,3.140000104904174805e-01,4.100640118122100830e-02,3.805235922336578369e-01,4.025242626667022705e-01,-4.227829277515411377e-01,-1.275939822196960449e+00,-1.913208514451980591e-02,-2.695031762123107910e-01,3.359221518039703369e-01,5.807854980230331421e-02,-8.089070320129394531e-01,2.491449117660522461e-01,-1.816876292228698730e+00,9.731595218181610107e-02,-1.473518759012222290e-01,-2.298793494701385498e-01
-3.105346560478210449e-01,-6.645433139055967331e-03,1.012842655181884766e+00,-9.918130189180374146e-02,-6.036603823304176331e-02,8.642795681953430176e-01,-4.894281029701232910e-01,-2.971884906291961670e-01,-1.799585819244384766e-01,-2.201997637748718262e-01,7.352421283721923828e-01,6.228602025657892227e-03,-2.483655000105500221e-03,-8.065684437751770020e-01,5.392911657691001892e-02,-1.243580058217048645e-01,4.739076495170593262e-01,-1.933543197810649872e-02,-2.026013471186161041e-02,-8.221091702580451965e-03,3.140000104904174805e-01,5.148431286215782166e-02,3.599485456943511963e-01,4.213788807392120361e-01,-4.297663271427154541e-01,-1.282994031906127930e+00,-4.830741323530673981e-03,-2.528160810470581055e-01,3.151268362998962402e-01,1.348981410264968872e-01,-7.916865944862365723e-01,2.586876451969146729e-01,-1.722598791122436523e+00,9.945606440305709839e-02,-1.443980932235717773e-01,-2.199999392032623291e-01
-3.247698545455932617e-01,-3.068147413432598114e-02,1.015783786773681641e+00,-8.620558679103851318e-02,-5.052217841148376465e-02,8.675765991210937500e-01,-4.871621131896972656e-01,-3.179562687873840332e-01,-1.738293915987014771e-01,-1.790118813514709473e-01,8.372421264648437500e-01,7.775253802537918091e-02,-1.216029282659292221e-02,-7.661995291709899902e-01,5.472894757986068726e-02,-1.103365272283554077e-01,5.185316801071166992e-01,-5.026384070515632629e-02,-5.530606210231781006e-02,-2.388945082202553749e-03,3.140000104904174805e-01,4.553410038352012634e-02,3.486867547035217285e-01,4.320940077304840088e-01,-4.254493713378906250e-01,-1.299406647682189941e+00,1.157468557357788086e-02,-2.439371198415756226e-01,3.012298941612243652e-01,1.581835448741912842e-01,-7.638548016548156738e-01,2.767771482467651367e-01,-1.643881201744079590e+00,1.060084253549575806e-01,-1.373333185911178589e-01,-2.126569747924804688e-01
-3.324659466743469238e-01,-4.790515825152397156e-02,1.023531794548034668e+00,-7.511619478464126587e-02,-4.072708636522293091e-02,8.708814978599548340e-01,-4.840085804462432861e-01,-3.385940492153167725e-01,-1.743589788675308228e-01,-1.577094793319702148e-01,9.392421245574951172e-01,1.156787425279617310e-01,-1.312512997537851334e-02,-7.181828618049621582e-01,5.516315624117851257e-02,-9.017664194107055664e-02,5.263210535049438477e-01,-4.380008950829505920e-02,-6.446997076272964478e-02,7.766659371554851532e-03,3.140000104904174805e-01,3.505794703960418701e-02,3.378373980522155762e-01,4.428390562534332275e-01,-4.142192006111145020e-01,-1.324021697044372559e+00,1.985090225934982300e-02,-2.390404492616653442e-01,2.912165522575378418e-01,1.631553620100021362e-01,-7.464957833290100098e-01,3.031865656375885010e-01,-1.575221419334411621e+00,1.185101419687271118e-01,-1.278809905052185059e-01,-2.038192600011825562e-01
-3.402766883373260498e-01,-6.726606935262680054e-02,1.035303950309753418e+00,-6.362437456846237183e-02,-3.083135746419429779e-02,8.775197267532348633e-01,-4.743000268936157227e-01,-3.569678664207458496e-01,-1.806156337261199951e-01,-1.432921886444091797e-01,1.001676797866821289e+00,1.158930063247680664e-01,-5.762327928096055984e-04,-6.551985740661621094e-01,6.012944504618644714e-02,-6.226626411080360413e-02,5.016088485717773438e-01,-2.557697147130966187e-02,-5.973257869482040405e-02,2.910872735083103180e-02,3.140000104904174805e-01,2.334710769355297089e-02,3.311216235160827637e-01,4.662122428417205811e-01,-4.026663601398468018e-01,-1.369232892990112305e+00,2.053768746554851532e-02,-2.471961677074432373e-01,2.875112891197204590e-01,1.657738238573074341e-01,-7.156978249549865723e-01,3.340073227882385254e-01,-1.498795628547668457e+00,1.278803795576095581e-01,-1.190123707056045532e-01,-1.891412585973739624e-01
-3.458186984062194824e-01,-8.986418694257736206e-02,1.048766255378723145e+00,-5.191629007458686829e-02,-2.143864519894123077e-02,8.883233666419982910e-01,-4.557704627513885498e-01,-3.681954741477966309e-01,-1.953147500753402710e-01,-1.525543481111526489e-01,9.907561540603637695e-01,1.067354828119277954e-01,8.540304377675056458e-03,-5.822749137878417969e-01,6.789878755807876587e-02,-2.195128984749317169e-02,4.530501067638397217e-01,-1.676582382060587406e-03,-4.589658975601196289e-02,5.354390293359756470e-02,3.140000104904174805e-01,9.720578789710998535e-03,3.218013346195220947e-01,4.853853881359100342e-01,-3.910741508007049561e-01,-1.408037066459655762e+00,2.657395973801612854e-02,-2.646603286266326904e-01,2.807140648365020752e-01,1.661147177219390869e-01,-6.907376646995544434e-01,3.699025511741638184e-01,-1.423099040985107422e+00,1.372930705547332764e-01,-1.147860884666442871e-01,-1.694985479116439819e-01
-3.506890237331390381e-01,-1.052653193473815918e-01,1.061307549476623535e+00,-4.196182265877723694e-02,-1.186192501336336136e-02,8.991804718971252441e-01,-4.353998601436614990e-01,-3.696021735668182373e-01,-2.139582335948944092e-01,-1.805067211389541626e-01,9.402030110359191895e-01,8.697379380464553833e-02,1.443894021213054657e-02,-5.133038163185119629e-01,7.536871731281280518e-02,2.500324137508869171e-02,3.932375609874725342e-01,2.836010418832302094e-02,-2.260636538267135620e-02,8.081248402595520020e-02,3.140000104904174805e-01,1.032828004099428654e-03,3.061853051185607910e-01,4.971913099288940430e-01,-3.720164000988006592e-01,-1.434318900108337402e+00,3.119963034987449646e-02,-2.833425402641296387e-01,2.714126408100128174e-01,1.681215018033981323e-01,-6.681442856788635254e-01,4.021832346916198730e-01,-1.349317193031311035e+00,1.397148817777633667e-01,-1.137595772743225098e-01,-1.470933854579925537e-01
-3.527894914150238037e-01,-1.201549395918846130e-01,1.071469902992248535e+00,-3.274714201688766479e-02,-4.202559590339660645e-03,9.098080992698669434e-01,-4.137139022350311279e-01,-3.609935343265533447e-01,-2.292896956205368042e-01,-2.156042307615280151e-01,8.717372417449951172e-01,5.540110170841217041e-02,1.926976256072521210e-02,-4.571399688720703125e-01,8.087151497602462769e-02,7.385329902172088623e-02,3.473846018314361572e-01,6.576575338840484619e-02,7.345374207943677902e-03,1.020494997501373291e-01,3.140000104904174805e-01,-3.463645232841372490e-03,2.978743314743041992e-01,5.123302340507507324e-01,-3.459391593933105469e-01,-1.456553578376770020e+00,4.376083984971046448e-02,-2.974087893962860107e-01,2.613041996955871582e-01,1.671370714902877808e-01,-6.450067758560180664e-01,4.220197796821594238e-01,-1.283296346664428711e+00,1.341621577739715576e-01,-1.189041510224342346e-01,-1.331032961606979370e-01
-3.528701364994049072e-01,-1.344357579946517944e-01,1.078346252441406250e+00,-1.905838586390018463e-02,-3.770790528506040573e-03,9.222874045372009277e-01,-3.860161900520324707e-01,-3.398138880729675293e-01,-2.341434508562088013e-01,-2.619312405586242676e-01,7.887592911720275879e-01,1.956914924085140228e-02,1.585057191550731659e-02,-4.019436836242675781e-01,9.917581826448440552e-02,1.317294239997863770e-01,2.977047860622406006e-01,9.872661530971527100e-02,3.660818561911582947e-02,1.267715841531753540e-01,3.140000104904174805e-01,4.639396909624338150e-03,2.904737591743469238e-01,5.255428552627563477e-01,-3.090734779834747314e-01,-1.477510333061218262e+00,5.756665021181106567e-02,-3.069660067558288574e-01,2.494017481803894043e-01,1.693185716867446899e-01,-6.173673868179321289e-01,4.306513965129852295e-01,-1.217710494995117188e+00,1.237554401159286499e-01,-1.230993717908859253e-01,-1.198852062225341797e-01
-3.495043516159057617e-01,-1.465115696191787720e-01,1.081561326980590820e+00,-3.355572000145912170e-03,-4.772996064275503159e-03,9.370275735855102539e-01,-3.492066860198974609e-01,-3.128992319107055664e-01,-2.348715215921401978e-01,-3.263132572174072266e-01,6.869420409202575684e-01,-2.810970135033130646e-02,1.059456821531057358e-02,-3.519723117351531982e-01,1.230245679616928101e-01,2.036145031452178955e-01,2.504958510398864746e-01,1.230858117341995239e-01,6.467396020889282227e-02,1.471166759729385376e-01,3.140000104904174805e-01,1.403964031487703323e-02,2.852876186370849609e-01,5.420800447463989258e-01,-2.624799311161041260e-01,-1.494935631752014160e+00,7.730872184038162231e-02,-3.094284832477569580e-01,2.340318411588668823e-01,1.729077994823455811e-01,-5.861160159111022949e-01,4.243696928024291992e-01,-1.144935250282287598e+00,1.153291240334510803e-01,-1.209823563694953918e-01,-1.069227159023284912e-01
-3.467019498348236084e-01,-1.575880646705627441e-01,1.080997228622436523e+00,6.669485010206699371e-03,-5.921656731516122818e-03,9.459026455879211426e-01,-3.243279755115509033e-01,-2.808879315853118896e-01,-2.349807322025299072e-01,-3.820827305316925049e-01,6.113998889923095703e-01,-5.649835988879203796e-02,5.407195538282394409e-03,-3.224503397941589355e-01,1.382148861885070801e-01,2.590046226978302002e-01,2.287473082542419434e-01,1.273484975099563599e-01,8.125063031911849976e-02,1.497744619846343994e-01,3.140000104904174805e-01,2.383915334939956665e-02,2.755260765552520752e-01,5.521825551986694336e-01,-2.177867889404296875e-01,-1.493055343627929688e+00,9.043966233730316162e-02,-3.044274151325225830e-01,2.199917882680892944e-01,1.646346002817153931e-01,-5.689893364906311035e-01,4.218052625656127930e-01,-1.095860719680786133e+00,1.072032153606414795e-01,-1.188836544752120972e-01,-9.775191545486450195e-02
-3.475932478904724121e-01,-1.708922237157821655e-01,1.077402710914611816e+00,1.381909102201461792e-02,-8.395836688578128815e-03,9.564632773399353027e-01,-2.914043962955474854e-01,-2.461024224758148193e-01,-2.349971085786819458e-01,-4.419920444488525391e-01,5.454413890838623047e-01,-7.907600700855255127e-02,5.563548300415277481e-03,-3.044730722904205322e-01,1.567367911338806152e-01,3.203205466270446777e-01,2.208539545536041260e-01,1.093858405947685242e-01,9.120220690965652466e-02,1.381020992994308472e-01,3.139999806880950928e-01,3.025986254215240479e-02,2.564755082130432129e-01,5.623170733451843262e-01,-1.641719192266464233e-01,-1.481421351432800293e+00,1.092604994773864746e-01,-2.928714156150817871e-01,2.050272375345230103e-01,1.500534117221832275e-01,-5.598936676979064941e-01,4.095871746540069580e-01,-1.053972363471984863e+00,9.088498353958129883e-02,-1.119817718863487244e-01,-8.739484846591949463e-02
-3.418923616409301758e-01,-1.796876788139343262e-01,1.072202801704406738e+00,1.848830655217170715e-02,-1.333878189325332642e-02,9.651279449462890625e-01,-2.607840299606323242e-01,-2.181503772735595703e-01,-2.349995672702789307e-01,-4.846818447113037109e-01,5.040246248245239258e-01,-1.026361584663391113e-01,1.919941417872905731e-02,-3.011809289455413818e-01,1.779618859291076660e-01,3.849219679832458496e-01,2.189875543117523193e-01,9.102190285921096802e-02,9.796075522899627686e-02,1.075724661350250244e-01,3.139999806880950928e-01,3.546484932303428650e-02,2.289927452802658081e-01,5.691282153129577637e-01,-1.217835992574691772e-01,-1.457419276237487793e+00,1.155239641666412354e-01,-2.753861546516418457e-01,1.884193420410156250e-01,1.253257542848587036e-01,-5.522219538688659668e-01,3.918086886405944824e-01,-1.027118444442749023e+00,7.740876078605651855e-02,-1.063549593091011047e-01,-7.937707006931304932e-02
-3.343349993228912354e-01,-1.858771890401840210e-01,1.067699313163757324e+00,1.477810740470886230e-02,-1.702459156513214111e-02,9.731649160385131836e-01,-2.290016859769821167e-01,-2.091803997755050659e-01,-2.349999397993087769e-01,-4.890126287937164307e-01,4.714155197143554688e-01,-1.407622396945953369e-01,5.176785588264465332e-02,-3.166345357894897461e-01,1.937499046325683594e-01,4.335798621177673340e-01,2.191837131977081299e-01,7.989374548196792603e-02,1.103462949395179749e-01,7.196502387523651123e-02,3.140000104904174805e-01,3.209920227527618408e-02,1.938182413578033447e-01,5.670685768127441406e-01,-8.760617673397064209e-02,-1.413586497306823730e+00,1.070159673690795898e-01,-2.571181952953338623e-01,1.841464191675186157e-01,9.431023150682449341e-02,-5.529962778091430664e-01,3.858431577682495117e-01,-1.029670596122741699e+00,6.376034021377563477e-02,-1.060766577720642090e-01,-8.738379180431365967e-02
-3.238530158996582031e-01,-1.991103291511535645e-01,1.065608859062194824e+00,8.472030051052570343e-03,-2.115824818611145020e-02,9.824094772338867188e-01,-1.853435188531875610e-01,-2.087324410676956177e-01,-2.349999845027923584e-01,-4.709456562995910645e-01,4.400951564311981201e-01,-1.758705824613571167e-01,8.063840121030807495e-02,-3.360325694084167480e-01,2.033968120813369751e-01,4.680429100990295410e-01,2.046494930982589722e-01,9.252910315990447998e-02,1.324452459812164307e-01,3.821432590484619141e-02,3.140000104904174805e-01,2.313525229692459106e-02,1.505216509103775024e-01,5.572701096534729004e-01,-7.963220030069351196e-02,-1.345602750778198242e+00,8.692324906587600708e-02,-2.394622564315795898e-01,1.779994964599609375e-01,6.798330694437026978e-02,-5.520186424255371094e-01,3.804714977741241455e-01,-1.051034450531005859e+00,5.571168661117553711e-02,-1.075514853000640869e-01,-9.956689178943634033e-02
-3.179474174976348877e-01,-2.063732296228408813e-01,1.066449880599975586e+00,2.529942139517515898e-04,-2.011045254766941071e-02,9.881480932235717773e-01,-1.521802842617034912e-01,-2.173166871070861816e-01,-2.349999994039535522e-01,-4.277836978435516357e-01,4.167395532131195068e-01,-1.880162954330444336e-01,1.067191287875175476e-01,-3.568650782108306885e-01,2.004552334547042847e-01,4.643441140651702881e-01,1.815488636493682861e-01,1.144989803433418274e-01,1.513818800449371338e-01,2.155938884243369102e-03,3.140000104904174805e-01,3.536577336490154266e-03,1.291554570198059082e-01,5.417783856391906738e-01,-1.254166215658187866e-01,-1.243602752685546875e+00,5.781017616391181946e-02,-2.245272397994995117e-01,1.686357855796813965e-01,3.724665939807891846e-02,-5.406726002693176270e-01,4.005350172519683838e-01,-1.067785978317260742e+00,3.800654038786888123e-02,-1.108042374253273010e-01,-1.091547608375549316e-01
-3.109095692634582520e-01,-2.078954875469207764e-01,1.069643139839172363e+00,-1.168055087327957153e-02,-1.306461356580257416e-02,9.940335154533386230e-01,-1.076577752828598022e-01,-2.291600704193115234e-01,-2.349999994039535522e-01,-3.649423122406005859e-01,3.790225386619567871e-01,-1.912570744752883911e-01,1.308785676956176758e-01,-3.817123770713806152e-01,1.771191358566284180e-01,4.330076277256011963e-01,1.430870890617370605e-01,1.404102295637130737e-01,1.687104552984237671e-01,-4.638174176216125488e-02,3.139177560806274414e-01,-2.804793789982795715e-02,1.028285399079322815e-01,5.251877307891845703e-01,-1.986878812313079834e-01,-1.141602754592895508e+00,3.296354413032531738e-02,-2.072378247976303101e-01,1.484024971723556519e-01,2.061377651989459991e-02,-5.324972271919250488e-01,4.369809925556182861e-01,-1.093706369400024414e+00,1.644081622362136841e-02,-1.176963970065116882e-01,-1.173618063330650330e-01
-3.001073300838470459e-01,-2.035911679267883301e-01,1.074579477310180664e+00,-1.295683439821004868e-02,-2.065468812361359596e-03,9.985342621803283691e-01,-5.250844359397888184e-02,-2.225320339202880859e-01,-2.304774671792984009e-01,-2.843132615089416504e-01,3.292846679687500000e-01,-1.886642426252365112e-01,1.486371308565139771e-01,-3.981238007545471191e-01,1.370901316404342651e-01,3.363195359706878662e-01,1.126109436154365540e-01,1.399439722299575806e-01,1.690826117992401123e-01,-8.012059330940246582e-02,3.137159943580627441e-01,-6.006912514567375183e-02,8.255578577518463135e-02,4.888368546962738037e-01,-2.380378991365432739e-01,-1.039602756500244141e+00,6.473375950008630753e-03,-1.965979784727096558e-01,1.307072043418884277e-01,6.321054883301258087e-03,-5.210955739021301270e-01,4.751206040382385254e-01,-1.102236747741699219e+00,2.204936929047107697e-02,-1.210330501198768616e-01,-1.243225410580635071e-01
-2.885960340499877930e-01,-1.993243247270584106e-01,1.080181717872619629e+00,-1.142722461372613907e-02,-3.624394303187727928e-03,9.999223351478576660e-01,-3.402508562430739403e-03,-2.036641836166381836e-01,-2.001756280660629272e-01,-1.962150484323501587e-01,2.689167857170104980e-01,-1.719865649938583374e-01,1.531728804111480713e-01,-3.969292938709259033e-01,1.186760738492012024e-01,2.370113879442214966e-01,8.351513743400573730e-02,1.309717297554016113e-01,1.679849028587341309e-01,-9.407804161310195923e-02,3.139452040195465088e-01,-6.658332049846649170e-02,5.366714298725128174e-02,4.626620113849639893e-01,-2.690772712230682373e-01,-9.376026988029479980e-01,-1.731913653202354908e-03,-1.947003901004791260e-01,1.218469217419624329e-01,-5.811455659568309784e-03,-5.108267068862915039e-01,5.131407976150512695e-01,-1.079299449920654297e+00,2.501686103641986847e-02,-1.240064352750778198e-01,-1.231802105903625488e-01
-2.761824727058410645e-01,-1.972284913063049316e-01,1.084952116012573242e+00,-1.133046112954616547e-02,-7.283496204763650894e-03,9.988011121749877930e-01,4.706246033310890198e-02,-1.921004354953765869e-01,-1.716828048229217529e-01,-1.266961395740509033e-01,2.268342524766921997e-01,-1.529395431280136108e-01,1.548152714967727661e-01,-3.922720849514007568e-01,1.044936180114746094e-01,1.563200205564498901e-01,7.856589555740356445e-02,1.171770915389060974e-01,1.627168804407119751e-01,-8.818305283784866333e-02,3.139654994010925293e-01,-6.264372169971466064e-02,3.681641072034835815e-02,4.544086158275604248e-01,-2.837755084037780762e-01,-8.678597211837768555e-01,1.602410455234348774e-03,-2.031196951866149902e-01,1.119760423898696899e-01,2.526030130684375763e-02,-5.223277211189270020e-01,5.338445901870727539e-01,-1.068993449211120605e+00,3.305993974208831787e-02,-1.265539973974227905e-01,-1.126556247472763062e-01
-2.693866193294525146e-01,-1.971429139375686646e-01,1.089427947998046875e+00,-1.115554198622703552e-02,-1.196356676518917084e-02,9.969695806503295898e-01,7.605308294296264648e-02,-1.792432665824890137e-01,-1.486146897077560425e-01,-7.414687424898147583e-02,1.922888308763504028e-01,-1.296198517084121704e-01,1.498992294073104858e-01,-3.816426098346710205e-01,9.032365679740905762e-02,9.174700826406478882e-02,7.898688316345214844e-02,1.028765663504600525e-01,1.555664539337158203e-01,-7.957730442285537720e-02,3.139784336090087891e-01,-5.779367312788963318e-02,2.366534247994422913e-02,4.418426156044006348e-01,-2.913829088211059570e-01,-8.412337899208068848e-01,7.836053147912025452e-03,-2.054565697908401489e-01,1.072988882660865784e-01,4.981609061360359192e-02,-5.120199918746948242e-01,5.392889380455017090e-01,-1.038155555725097656e+00,4.265742376446723938e-02,-1.272920817136764526e-01,-1.073156446218490601e-01
-2.553034126758575439e-01,-1.958818882703781128e-01,1.093124866485595703e+00,-8.309759199619293213e-03,-1.698662154376506805e-02,9.943051338195800781e-01,1.048796176910400391e-01,-1.700073480606079102e-01,-1.250397115945816040e-01,-2.582895755767822266e-02,1.650219559669494629e-01,-1.084238812327384949e-01,1.456231921911239624e-01,-3.573465645313262939e-01,6.870008260011672974e-02,3.054648824036121368e-02,1.033971756696701050e-01,8.026324212551116943e-02,1.379850655794143677e-01,-6.870403140783309937e-02,3.139917552471160889e-01,-4.763443395495414734e-02,1.908168755471706390e-02,4.281908869743347168e-01,-2.905832231044769287e-01,-8.351101279258728027e-01,2.022363431751728058e-02,-2.111808508634567261e-01,1.131363958120346069e-01,7.816674560308456421e-02,-5.072000026702880859e-01,5.467346906661987305e-01,-1.013637065887451172e+00,5.387305840849876404e-02,-1.280563473701477051e-01,-1.071827113628387451e-01
-2.459717690944671631e-01,-1.920233815908432007e-01,1.095560669898986816e+00,-3.330803476274013519e-03,-2.182693965733051300e-02,9.913760423660278320e-01,1.291744560003280640e-01,-1.564448326826095581e-01,-1.021495088934898376e-01,1.703808642923831940e-02,1.469595283269882202e-01,-9.660296887159347534e-02,1.466325670480728149e-01,-3.198830187320709229e-01,4.059642925858497620e-02,-2.365883067250251770e-02,1.418788135051727295e-01,5.088064447045326233e-02,1.118186116218566895e-01,-5.732418969273567200e-02,3.139974474906921387e-01,-3.395697847008705139e-02,2.144287712872028351e-02,4.198332726955413818e-01,-2.873239815235137939e-01,-8.378888964653015137e-01,3.860776871442794800e-02,-2.168929129838943481e-01,1.227588951587677002e-01,1.108433082699775696e-01,-4.957287013530731201e-01,5.338249802589416504e-01,-9.831981062889099121e-01,5.471501126885414124e-02,-1.334821879863739014e-01,-1.050592511892318726e-01
-2.355820536613464355e-01,-1.884583085775375366e-01,1.096787691116333008e+00,3.375669242814183235e-03,-2.645248919725418091e-02,9.876750111579895020e-01,1.542300879955291748e-01,-1.403294205665588379e-01,-8.128821849822998047e-02,5.319325625896453857e-02,1.322702616453170776e-01,-9.256210178136825562e-02,1.514925807714462280e-01,-2.745540440082550049e-01,9.331097826361656189e-03,-6.872021406888961792e-02,1.829360574483871460e-01,2.705779671669006348e-02,8.734192699193954468e-02,-4.191211611032485962e-02,3.139950335025787354e-01,-2.164841629564762115e-02,3.204965218901634216e-02,4.151156544685363770e-01,-2.902070283889770508e-01,-8.467648029327392578e-01,5.310889706015586853e-02,-2.196092009544372559e-01,1.290651261806488037e-01,1.351270377635955811e-01,-4.847705960273742676e-01,5.242747068405151367e-01,-9.549531936645507812e-01,6.212038919329643250e-02,-1.322021931409835815e-01,-1.056264340877532959e-01
-2.208890467882156372e-01,-1.847599297761917114e-01,1.096915721893310547e+00,8.278294466435909271e-03,-2.976746484637260437e-02,9.847860336303710938e-01,1.710024476051330566e-01,-1.306726783514022827e-01,-6.342532485723495483e-02,7.555416971445083618e-02,1.158386766910552979e-01,-9.148905426263809204e-02,1.554984003305435181e-01,-2.302090823650360107e-01,-2.250851131975650787e-02,-8.832640945911407471e-02,2.182721793651580811e-01,1.208261679857969284e-02,7.035868614912033081e-02,-2.233844809234142303e-02,3.139992654323577881e-01,-1.069515850394964218e-02,4.379056021571159363e-02,4.022673666477203369e-01,-2.890473306179046631e-01,-8.524233102798461914e-01,6.560894101858139038e-02,-2.253329157829284668e-01,1.306415200233459473e-01,1.450900286436080933e-01,-4.670537412166595459e-01,5.132073760032653809e-01,-9.344154596328735352e-01,6.095194071531295776e-02,-1.329640746116638184e-01,-9.583826363086700439e-02
-2.201990038156509399e-01,-1.827636510133743286e-01,1.096024036407470703e+00,5.133490543812513351e-03,-3.099331259727478027e-02,9.833822250366210938e-01,1.788085401058197021e-01,-1.298041343688964844e-01,-5.558697879314422607e-02,7.555090636014938354e-02,1.062464267015457153e-01,-9.655773639678955078e-02,1.635769754648208618e-01,-2.020685523748397827e-01,-4.529978334903717041e-02,-7.637049257755279541e-02,2.470940798521041870e-01,9.386699646711349487e-03,6.477617472410202026e-02,-1.664717681705951691e-02,3.139998912811279297e-01,-8.052522316575050354e-03,5.333137512207031250e-02,3.981946408748626709e-01,-2.866453826427459717e-01,-8.517981767654418945e-01,6.793233007192611694e-02,-2.274437099695205688e-01,1.290865838527679443e-01,1.552709192037582397e-01,-4.696704745292663574e-01,5.121406316757202148e-01,-9.454046487808227539e-01,7.058655470609664917e-02,-1.346116065979003906e-01,-8.830562978982925415e-02
-2.086762338876724243e-01,-1.766113936901092529e-01,1.094737052917480469e+00,5.549813155084848404e-03,-3.059802390635013580e-02,9.812984466552734375e-01,1.899638772010803223e-01,-1.351323574781417847e-01,-4.507682099938392639e-02,7.539655268192291260e-02,1.053386554121971130e-01,-9.966383874416351318e-02,1.698567718267440796e-01,-1.644669175148010254e-01,-6.271019577980041504e-02,-5.085440352559089661e-02,2.696809768676757812e-01,5.557772237807512283e-03,6.336143612861633301e-02,-1.233300194144248962e-03,3.139999806880950928e-01,-6.286642048507928848e-03,6.376376748085021973e-02,3.895193040370941162e-01,-2.849957346916198730e-01,-8.403379917144775391e-01,7.187225669622421265e-02,-2.315235882997512817e-01,1.346358358860015869e-01,1.533736884593963623e-01,-4.635397791862487793e-01,5.107465386390686035e-01,-9.411007165908813477e-01,7.230608910322189331e-02,-1.361042857170104980e-01,-8.116958290338516235e-02
-1.952310502529144287e-01,-1.751690506935119629e-01,1.092568278312683105e+00,7.514559198170900345e-03,-3.055275604128837585e-02,9.798579216003417969e-01,1.972017139196395874e-01,-1.481914669275283813e-01,-3.768851235508918762e-02,7.019717991352081299e-02,1.175454705953598022e-01,-1.014020591974258423e-01,1.767027527093887329e-01,-1.241658106446266174e-01,-7.668968290090560913e-02,-7.524955552071332932e-03,2.805915474891662598e-01,1.841370947659015656e-02,7.165459543466567993e-02,1.465631648898124695e-02,3.140000104904174805e-01,-6.063919980078935623e-03,7.410558313131332397e-02,3.723977208137512207e-01,-2.847247719764709473e-01,-8.237996101379394531e-01,7.792089134454727173e-02,-2.337572723627090454e-01,1.434505581855773926e-01,1.437862217426300049e-01,-4.577557444572448730e-01,5.082322359085083008e-01,-9.457297325134277344e-01,7.426051795482635498e-02,-1.358031481504440308e-01,-8.475386351346969604e-02
-1.828281432390213013e-01,-1.704806536436080933e-01,1.090134859085083008e+00,8.172731846570968628e-03,-2.817953377962112427e-02,9.792021512985229492e-01,2.007541358470916748e-01,-1.658756285905838013e-01,-3.206067904829978943e-02,6.513493508100509644e-02,1.356288045644760132e-01,-1.029337272047996521e-01,1.778471767902374268e-01,-8.666905015707015991e-02,-7.967475801706314087e-02,3.811401501297950745e-02,2.735505998134613037e-01,2.169457077980041504e-02,8.410329371690750122e-02,3.331966325640678406e-02,3.140000104904174805e-01,-9.172547608613967896e-03,8.604817837476730347e-02,3.515720069408416748e-01,-2.863501608371734619e-01,-8.026776909828186035e-01,8.000549674034118652e-02,-2.336271405220031738e-01,1.604584604501724243e-01,1.368954628705978394e-01,-4.490499198436737061e-01,5.186430811882019043e-01,-9.474604725837707520e-01,7.579275965690612793e-02,-1.319012045860290527e-01,-9.088687598705291748e-02
-1.663839370012283325e-01,-1.622199416160583496e-01,1.087809920310974121e+00,9.280371479690074921e-03,-2.497010305523872375e-02,9.790267348289489746e-01,2.019828557968139648e-01,-1.875005513429641724e-01,-2.418432570993900299e-02,5.833156034350395203e-02,1.573979854583740234e-01,-9.722451120615005493e-02,1.734156608581542969e-01,-5.788623914122581482e-02,-7.268580794334411621e-02,7.913994789123535156e-02,2.492025494575500488e-01,1.225753687322139740e-02,9.004209190607070923e-02,5.658730864524841309e-02,3.140000104904174805e-01,-9.656016714870929718e-03,9.647078067064285278e-02,3.243806362152099609e-01,-2.859273850917816162e-01,-7.662737965583801270e-01,7.432170212268829346e-02,-2.340984046459197998e-01,1.811921894550323486e-01,1.178908124566078186e-01,-4.287798702716827393e-01,5.328758955001831055e-01,-9.241845607757568359e-01,7.707593590021133423e-02,-1.304887831211090088e-01,-1.067659705877304077e-01
-1.527181416749954224e-01,-1.545297056436538696e-01,1.085974574089050293e+00,8.651162497699260712e-03,-2.136045135557651520e-02,9.790230989456176758e-01,2.024416625499725342e-01,-2.039652317762374878e-01,-1.861455664038658142e-02,4.527481645345687866e-02,1.648790389299392700e-01,-8.613842725753784180e-02,1.702918559312820435e-01,-4.031154513359069824e-02,-5.969227850437164307e-02,1.191124096512794495e-01,2.238928675651550293e-01,-5.023955833166837692e-03,8.541949838399887085e-02,7.600868493318557739e-02,3.140000104904174805e-01,-1.080337818711996078e-02,1.062216684222221375e-01,2.959122359752655029e-01,-2.871600985527038574e-01,-7.343053221702575684e-01,6.769008189439773560e-02,-2.320141047239303589e-01,1.817884147167205811e-01,1.062979847192764282e-01,-4.181904494762420654e-01,5.430728197097778320e-01,-9.181986451148986816e-01,8.101482689380645752e-02,-1.291159987449645996e-01,-1.135521456599235535e-01
-1.280506253242492676e-01,-1.401182413101196289e-01,1.085244059562683105e+00,9.524052031338214874e-03,-1.970888860523700714e-02,9.803205728530883789e-01,1.961948871612548828e-01,-2.228662818670272827e-01,-3.135273698717355728e-03,2.658848837018013000e-02,1.658430546522140503e-01,-5.071477591991424561e-02,1.501803100109100342e-01,-2.853225171566009521e-02,-3.716133162379264832e-02,1.394404768943786621e-01,1.852709949016571045e-01,-5.195094645023345947e-02,6.729466468095779419e-02,9.891849011182785034e-02,3.140000104904174805e-01,-1.064256997779011726e-03,1.103621646761894226e-01,2.620627582073211670e-01,-3.007407784461975098e-01,-6.910347938537597656e-01,6.287730485200881958e-02,-2.277166396379470825e-01,1.841331869363784790e-01,8.663398027420043945e-02,-3.989713191986083984e-01,5.579594373703002930e-01,-8.951050043106079102e-01,7.035630941390991211e-02,-1.305502504110336304e-01,-1.284261494874954224e-01
-9.807504713535308838e-02,-1.226116344332695007e-01,1.084966778755187988e+00,1.017400342971086502e-02,-1.916854456067085266e-02,9.818388819694519043e-01,1.884714215993881226e-01,-2.391671389341354370e-01,1.939407736063003540e-02,7.071279920637607574e-03,1.506342142820358276e-01,3.861122298985719681e-03,1.222827285528182983e-01,-2.459761686623096466e-02,-1.107648108154535294e-02,1.370722055435180664e-01,1.473541706800460815e-01,-1.065151691436767578e-01,3.912614285945892334e-02,1.254049390554428101e-01,3.140000104904174805e-01,1.674451306462287903e-02,1.103657037019729614e-01,2.242682725191116333e-01,-3.099200427532196045e-01,-6.494739055633544922e-01,6.103169173002243042e-02,-2.223388999700546265e-01,1.773998141288757324e-01,6.726116687059402466e-02,-3.803511857986450195e-01,5.659198164939880371e-01,-8.683284521102905273e-01,6.777198612689971924e-02,-1.321543306112289429e-01,-1.382828503847122192e-01
-6.974150240421295166e-02,-1.113906055688858032e-01,1.084741950035095215e+00,7.651577237993478775e-03,-1.944541372358798981e-02,9.830886125564575195e-01,1.819344609975814819e-01,-2.549118697643280029e-01,3.957187756896018982e-02,-8.199593052268028259e-03,1.199327930808067322e-01,6.237997114658355713e-02,9.103964269161224365e-02,-2.885556407272815704e-02,1.044657547026872635e-02,1.134203076362609863e-01,1.102849170565605164e-01,-1.416329294443130493e-01,1.749207451939582825e-02,1.544757038354873657e-01,3.140000104904174805e-01,3.340699896216392517e-02,1.059122532606124878e-01,1.991164237260818481e-01,-3.177160322666168213e-01,-6.243456006050109863e-01,6.649181991815567017e-02,-2.174100279808044434e-01,1.639413237571716309e-01,5.996289476752281189e-02,-3.795765936374664307e-01,5.701020956039428711e-01,-8.648129105567932129e-01,6.184719502925872803e-02,-1.331591159105300903e-01,-1.387618184089660645e-01
-4.281344264745712280e-02,-1.028326824307441711e-01,1.084536790847778320e+00,5.879729054868221283e-03,-1.993953995406627655e-02,9.849295616149902344e-01,1.717019528150558472e-01,-2.664433419704437256e-01,5.331963673233985901e-02,-3.415147587656974792e-02,7.646936923265457153e-02,1.244628280401229858e-01,5.849335342645645142e-02,-3.605026006698608398e-02,2.853144705295562744e-02,8.065509796142578125e-02,7.903647422790527344e-02,-1.548252403736114502e-01,5.388099234551191330e-03,1.857855618000030518e-01,3.140000104904174805e-01,4.973638057708740234e-02,9.610468149185180664e-02,1.819190233945846558e-01,-3.323125541210174561e-01,-6.165687441825866699e-01,7.915381342172622681e-02,-2.170849889516830444e-01,1.468560695648193359e-01,5.012192577123641968e-02,-3.817853629589080811e-01,5.695149898529052734e-01,-8.601862192153930664e-01,5.122201517224311829e-02,-1.376883238554000854e-01,-1.341554522514343262e-01
-2.100910805165767670e-02,-9.418030083179473877e-02,1.086354136466979980e+00,5.388813558965921402e-03,-1.601874455809593201e-02,9.873492121696472168e-01,1.576575785875320435e-01,-2.842909097671508789e-01,4.512182995676994324e-02,-6.300188601016998291e-02,4.653820022940635681e-02,1.352549344301223755e-01,3.130732849240303040e-02,-4.184170067310333252e-02,3.712490573525428772e-02,4.926543682813644409e-02,5.651874840259552002e-02,-1.550090312957763672e-01,-6.548077217303216457e-04,2.031541913747787476e-01,3.140000104904174805e-01,5.921423807740211487e-02,8.337298780679702759e-02,1.694099009037017822e-01,-3.474452495574951172e-01,-6.234443783760070801e-01,9.854806214570999146e-02,-2.177129685878753662e-01,1.279524862766265869e-01,3.246901556849479675e-02,-3.765030503273010254e-01,5.716693997383117676e-01,-8.374661207199096680e-01,4.143344610929489136e-02,-1.384948492050170898e-01,-1.245547607541084290e-01
4.729121923446655273e-03,-8.411727100610733032e-02,1.089591741561889648e+00,4.225109238177537918e-03,-8.044836111366748810e-03,9.903794527053833008e-01,1.380794644355773926e-01,-3.037015497684478760e-01,2.562247216701507568e-02,-7.452498376369476318e-02,1.549758575856685638e-02,1.148091331124305725e-01,2.139695174992084503e-02,-5.061122775077819824e-02,3.882088139653205872e-02,8.780760690569877625e-03,3.342901542782783508e-02,-1.462261974811553955e-01,-4.110870882868766785e-03,2.235893905162811279e-01,3.140000104904174805e-01,6.741310656070709229e-02,6.759910285472869873e-02,1.697854846715927124e-01,-3.715891540050506592e-01,-6.514832973480224609e-01,1.175448223948478699e-01,-2.217285931110382080e-01,1.088134646415710449e-01,2.255784533917903900e-02,-3.774714469909667969e-01,5.607513785362243652e-01,-8.144160509109497070e-01,3.114410489797592163e-02,-1.387271583080291748e-01,-1.121919900178909302e-01
2.855112217366695404e-02,-7.803895324468612671e-02,1.092668771743774414e+00,4.755564965307712555e-03,-2.758609363809227943e-03,9.936206340789794922e-01,1.126403510570526123e-01,-3.149908781051635742e-01,8.707204833626747131e-03,-5.487518385052680969e-02,2.324637956917285919e-03,9.337826818227767944e-02,2.513060905039310455e-02,-5.547568574547767639e-02,3.854237124323844910e-02,-3.566893190145492554e-02,1.301149185746908188e-02,-1.295530050992965698e-01,-5.437526386231184006e-03,2.372354120016098022e-01,3.140000104904174805e-01,7.922183722257614136e-02,5.364645645022392273e-02,1.851882934570312500e-01,-3.935849368572235107e-01,-6.970453262329101562e-01,1.379016935825347900e-01,-2.251969724893569946e-01,9.186390042304992676e-02,2.232418768107891083e-02,-3.867197930812835693e-01,5.493415594100952148e-01,-7.951708436012268066e-01,2.950075082480907440e-02,-1.362107843160629272e-01,-9.877689927816390991e-02
5.265198647975921631e-02,-7.120683789253234863e-02,1.095424413681030273e+00,7.984557189047336578e-03,1.403982052579522133e-03,9.964652061462402344e-01,8.361414819955825806e-02,-3.167632818222045898e-01,-6.680545862764120102e-03,-2.382753230631351471e-02,3.486956993583589792e-04,7.592398673295974731e-02,2.920403890311717987e-02,-5.875061079859733582e-02,3.841219097375869751e-02,-8.659833669662475586e-02,1.951723941601812840e-03,-1.143967285752296448e-01,-5.605195183306932449e-03,2.518318295478820801e-01,3.140000104904174805e-01,9.549893438816070557e-02,4.521144554018974304e-02,2.134362906217575073e-01,-3.972732722759246826e-01,-7.585842013359069824e-01,1.479100883007049561e-01,-2.339899092912673950e-01,9.025183320045471191e-02,3.912883251905441284e-02,-3.949052989482879639e-01,5.207936167716979980e-01,-7.733291387557983398e-01,3.368797153234481812e-02,-1.345729231834411621e-01,-8.718460798263549805e-02
7.404368370771408081e-02,-6.360103189945220947e-02,1.097745656967163086e+00,1.152349542826414108e-02,4.920208360999822617e-03,9.984959959983825684e-01,5.337367579340934753e-02,-3.027279078960418701e-01,-2.115131542086601257e-02,9.965551085770130157e-03,5.230435272096656263e-05,6.252147257328033447e-02,3.731306642293930054e-02,-6.264985352754592896e-02,3.798353672027587891e-02,-1.361006200313568115e-01,2.927586028818041086e-04,-1.043189838528633118e-01,-9.604868479073047638e-03,2.644596099853515625e-01,3.140000104904174805e-01,1.128456667065620422e-01,5.263521894812583923e-02,2.578580677509307861e-01,-3.688648939132690430e-01,-8.442506790161132812e-01,1.629080623388290405e-01,-2.457989454269409180e-01,9.237533062696456909e-02,6.954088807106018066e-02,-4.073014855384826660e-01,4.812669754028320312e-01,-7.583543062210083008e-01,4.296225681900978088e-02,-1.323294341564178467e-01,-7.279462367296218872e-02
9.070346504449844360e-02,-5.608230829238891602e-02,1.099726557731628418e+00,1.357273571193218231e-02,7.975933142006397247e-03,9.994667172431945801e-01,2.860785089433193207e-02,-2.816450297832489014e-01,-3.176014870405197144e-02,3.049868345260620117e-02,1.746342786645982414e-05,5.132167786359786987e-02,4.363879933953285217e-02,-6.698317080736160278e-02,3.755429387092590332e-02,-1.775326877832412720e-01,4.391378752188757062e-05,-9.442321211099624634e-02,-1.243102643638849258e-02,2.715788185596466064e-01,3.140000104904174805e-01,1.284573823213577271e-01,6.985386461019515991e-02,3.051518201828002930e-01,-3.241797387599945068e-01,-9.240664839744567871e-01,1.833631098270416260e-01,-2.590535581111907959e-01,8.752609789371490479e-02,9.666822105646133423e-02,-4.179593324661254883e-01,4.390881359577178955e-01,-7.498871684074401855e-01,5.113130807876586914e-02,-1.307055205106735229e-01,-5.737362056970596313e-02
1.111869737505912781e-01,-4.784592986106872559e-02,1.101340293884277344e+00,1.900500990450382233e-02,1.087634731084108353e-02,9.997429251670837402e-01,-5.878784693777561188e-03,-2.551317214965820312e-01,-4.125934094190597534e-02,5.712752416729927063e-02,3.716240078210830688e-02,2.580690570175647736e-02,5.924248322844505310e-02,-6.680496037006378174e-02,3.597630187869071960e-02,-2.216812819242477417e-01,6.587068128283135593e-06,-8.550394326448440552e-02,-2.020628750324249268e-02,2.770878076553344727e-01,3.140000104904174805e-01,1.441520899534225464e-01,8.861195296049118042e-02,3.538577556610107422e-01,-2.688725888729095459e-01,-9.985455870628356934e-01,1.833407282829284668e-01,-2.657472789287567139e-01,8.596147596836090088e-02,1.261700540781021118e-01,-4.329193830490112305e-01,4.113599956035614014e-01,-7.360147237777709961e-01,7.454566657543182373e-02,-1.271903514862060547e-01,-4.268652573227882385e-02
1.167244985699653625e-01,-4.044809192419052124e-02,1.103010058403015137e+00,1.918860338628292084e-02,1.305861026048660278e-02,9.991554021835327148e-01,-3.390757367014884949e-02,-2.293694615364074707e-01,-4.628486558794975281e-02,9.750252217054367065e-02,6.172521412372589111e-02,2.644503721967339516e-03,6.895310431718826294e-02,-6.347803771495819092e-02,3.472370281815528870e-02,-2.667966485023498535e-01,9.880603784040431492e-07,-8.061540871858596802e-02,-2.406593225896358490e-02,2.722075283527374268e-01,3.140000104904174805e-01,1.560934334993362427e-01,1.048895493149757385e-01,3.871894180774688721e-01,-2.262434810400009155e-01,-1.032656550407409668e+00,1.634196490049362183e-01,-2.641759216785430908e-01,9.192026406526565552e-02,1.494946926832199097e-01,-4.354341030120849609e-01,3.863017559051513672e-01,-7.176011800765991211e-01,9.001056849956512451e-02,-1.251308172941207886e-01,-4.657079651951789856e-02
1.274212002754211426e-01,-2.736478485167026520e-02,1.103790163993835449e+00,2.379740215837955475e-02,1.635488681495189667e-02,9.973302483558654785e-01,-6.707148253917694092e-02,-1.905673742294311523e-01,-5.050286278128623962e-02,1.275000721216201782e-01,1.121008172631263733e-01,-1.994990929961204529e-02,8.166921883821487427e-02,-5.641470104455947876e-02,3.568601980805397034e-02,-3.198081552982330322e-01,1.482090681292902445e-07,-8.409603685140609741e-02,-3.223671764135360718e-02,2.643039524555206299e-01,3.140000104904174805e-01,1.696547120809555054e-01,1.182358935475349426e-01,4.131630361080169678e-01,-1.962895989418029785e-01,-1.040575623512268066e+00,1.391838937997817993e-01,-2.559126615524291992e-01,9.502781182527542114e-02,1.713106334209442139e-01,-4.404960274696350098e-01,3.725880086421966553e-01,-7.023022770881652832e-01,1.115935966372489929e-01,-1.206088215112686157e-01,-4.508047178387641907e-02
1.416077613830566406e-01,-1.235213410109281540e-02,1.104407310485839844e+00,3.052142448723316193e-02,2.082244120538234711e-02,9.923863410949707031e-01,-1.174913123250007629e-01,-1.451092362403869629e-01,-5.208376422524452209e-02,1.697997748851776123e-01,1.587213873863220215e-01,-4.620970413088798523e-02,9.997870773077011108e-02,-4.473057761788368225e-02,3.441147878766059875e-02,-3.825678527355194092e-01,2.223135986412216880e-08,-8.390338718891143799e-02,-5.057404935359954834e-02,2.311493903398513794e-01,3.140000104904174805e-01,1.748075187206268311e-01,1.324912160634994507e-01,4.248165488243103027e-01,-1.972871273756027222e-01,-1.007239818572998047e+00,1.249273866415023804e-01,-2.455655932426452637e-01,9.191770851612091064e-02,1.946759521961212158e-01,-4.494171142578125000e-01,3.802436888217926025e-01,-6.959968209266662598e-01,1.229728758335113525e-01,-1.252899169921875000e-01,-4.857298359274864197e-02
1.441296041011810303e-01,-8.113721385598182678e-03,1.104727864265441895e+00,2.862114273011684418e-02,2.071608044207096100e-02,9.894298315048217773e-01,-1.406424343585968018e-01,-1.128968596458435059e-01,-5.347863584756851196e-02,1.993995159864425659e-01,1.912042349576950073e-01,-6.702267378568649292e-02,1.088579744100570679e-01,-4.321380332112312317e-02,3.472154587507247925e-02,-4.191675186157226562e-01,3.334709841595895341e-09,-8.331006020307540894e-02,-5.494853109121322632e-02,2.053581923246383667e-01,3.140000104904174805e-01,1.717504858970642090e-01,1.352870464324951172e-01,4.298007786273956299e-01,-1.901878863573074341e-01,-9.784492850303649902e-01,1.009506806731224060e-01,-2.306292802095413208e-01,8.273825794458389282e-02,2.105134874582290649e-01,-4.491335451602935791e-01,3.738677203655242920e-01,-6.799062490463256836e-01,1.410768926143646240e-01,-1.179402768611907959e-01,-4.732833802700042725e-02
1.587543338537216187e-01,1.532631344161927700e-03,1.104248523712158203e+00,3.423081338405609131e-02,2.181460522115230560e-02,9.850680828094482422e-01,-1.673118919134140015e-01,-8.716774731874465942e-02,-5.226589366793632507e-02,2.159960865974426270e-01,2.436808496713638306e-01,-7.180222868919372559e-02,1.166500002145767212e-01,-4.297083616256713867e-02,3.490181639790534973e-02,-4.593784511089324951e-01,4.130630753934383392e-03,-8.156295120716094971e-02,-6.071085482835769653e-02,1.808805167675018311e-01,3.140000104904174805e-01,1.755009740591049194e-01,1.384577900171279907e-01,4.320118427276611328e-01,-2.075275033712387085e-01,-9.489364624023437500e-01,8.000759780406951904e-02,-2.202520519495010376e-01,6.780374050140380859e-02,2.191538363695144653e-01,-4.467646777629852295e-01,3.717953860759735107e-01,-6.631956100463867188e-01,1.482897400856018066e-01,-1.132190823554992676e-01,-4.507427290081977844e-02
1.695547699928283691e-01,9.788576513528823853e-03,1.103768348693847656e+00,3.736082836985588074e-02,2.287221513688564301e-02,9.808253049850463867e-01,-1.899017989635467529e-01,-5.922023579478263855e-02,-5.202580615878105164e-02,2.346929460763931274e-01,2.746420204639434814e-01,-7.585945725440979004e-02,1.188123822212219238e-01,-4.474290460348129272e-02,3.360561281442642212e-02,-5.033526420593261719e-01,9.363034740090370178e-03,-8.267606794834136963e-02,-6.122722104191780090e-02,1.603026837110519409e-01,3.140000104904174805e-01,1.750283241271972656e-01,1.341175138950347900e-01,4.290216565132141113e-01,-2.152875810861587524e-01,-9.185648560523986816e-01,5.970556288957595825e-02,-2.113929092884063721e-01,5.678104981780052185e-02,2.319338172674179077e-01,-4.414631724357604980e-01,3.730079531669616699e-01,-6.556749939918518066e-01,1.551489382982254028e-01,-1.108961105346679688e-01,-3.966090455651283264e-02
1.878662109375000000e-01,1.898695155978202820e-02,1.103061676025390625e+00,4.271901771426200867e-02,2.463475055992603302e-02,9.746305942535400391e-01,-2.183195650577545166e-01,-2.700338698923587799e-02,-5.135147646069526672e-02,2.568973004817962646e-01,2.926950752735137939e-01,-7.752031832933425903e-02,1.132020056247711182e-01,-4.417034611105918884e-02,3.035060130059719086e-02,-5.537825226783752441e-01,6.282538175582885742e-03,-7.758054137229919434e-02,-5.358688905835151672e-02,1.303251981735229492e-01,3.139999806880950928e-01,1.748013645410537720e-01,1.268226504325866699e-01,4.249764978885650635e-01,-2.285616695880889893e-01,-8.959463834762573242e-01,3.357211872935295105e-02,-2.072599679231643677e-01,4.711626842617988586e-02,2.411292940378189087e-01,-4.364169538021087646e-01,3.719041645526885986e-01,-6.488819122314453125e-01,1.671236008405685425e-01,-1.069791018962860107e-01,-4.245665296912193298e-02
2.020152360200881958e-01,2.534135617315769196e-02,1.102578401565551758e+00,4.698105901479721069e-02,2.631518058478832245e-02,9.692049622535705566e-01,-2.402956783771514893e-01,2.524555893614888191e-03,-5.304902791976928711e-02,2.685135900974273682e-01,2.838152348995208740e-01,-9.010921418666839600e-02,1.101198866963386536e-01,-4.443524405360221863e-02,2.404958195984363556e-02,-6.022614240646362305e-01,8.149138651788234711e-03,-7.222692668437957764e-02,-4.623889923095703125e-02,1.059001684188842773e-01,3.140000104904174805e-01,1.697033941745758057e-01,1.247882097959518433e-01,4.259883761405944824e-01,-2.438921928405761719e-01,-8.784063458442687988e-01,1.795122399926185608e-02,-2.055187672376632690e-01,4.190174862742424011e-02,2.476002275943756104e-01,-4.329798519611358643e-01,3.796762228012084961e-01,-6.432622671127319336e-01,1.708450913429260254e-01,-1.035898923873901367e-01,-4.004091769456863403e-02
2.082988768815994263e-01,2.255134098231792450e-02,1.102384686470031738e+00,4.587470367550849915e-02,2.480834908783435822e-02,9.678451418876647949e-01,-2.460808604955673218e-01,1.479575969278812408e-02,-6.004483997821807861e-02,2.570353746414184570e-01,2.601362168788909912e-01,-1.087301671504974365e-01,1.127556934952735901e-01,-5.183318629860877991e-02,1.682564988732337952e-02,-6.266932487487792969e-01,1.678675226867198944e-02,-6.959918886423110962e-02,-3.929866105318069458e-02,9.435854107141494751e-02,3.140000104904174805e-01,1.626013964414596558e-01,1.186141595244407654e-01,4.302717745304107666e-01,-2.606004178524017334e-01,-8.686155676841735840e-01,3.457051236182451248e-03,-2.071450054645538330e-01,4.663019999861717224e-02,2.462597489356994629e-01,-4.338215887546539307e-01,3.912280201911926270e-01,-6.404542326927185059e-01,1.793190240859985352e-01,-9.750796854496002197e-02,-4.341742396354675293e-02
