4.604786168783903122e-03,-1.131219509989023209e-02,6.407442092895507812e-01,7.217124104499816895e-02,-5.583272501826286316e-02,6.759649515151977539e-01,7.312628626823425293e-01,4.487442225217819214e-02,-3.849224373698234558e-02,1.656304486095905304e-02,1.019999980926513672e-01,-1.019999980926513672e-01,5.683967471122741699e-02,2.065445110201835632e-02,-8.871897123754024506e-03,-4.064608365297317505e-02,1.019999980926513672e-01,-1.012524738907814026e-01,4.697879776358604431e-02,-3.901511803269386292e-02,1.019999980926513672e-01,-3.340695984661579132e-03,-4.249063879251480103e-02,1.019999980926513672e-01,-1.019999980926513672e-01,-1.019999980926513672e-01,-1.575725898146629333e-02,-1.019999980926513672e-01,1.019999980926513672e-01,-1.019999980926513672e-01
4.564220085740089417e-03,-1.127173099666833878e-02,6.404740810394287109e-01,7.167299836874008179e-02,-5.592340603470802307e-02,6.780917048454284668e-01,7.293333411216735840e-01,4.120259359478950500e-02,-4.389858245849609375e-02,1.366171054542064667e-02,2.039999961853027344e-01,-1.519508212804794312e-01,6.694750487804412842e-02,2.142952382564544678e-02,-1.002463325858116150e-02,-5.153512582182884216e-02,1.663821190595626831e-01,-1.225581765174865723e-01,5.352871119976043701e-02,-4.785488173365592957e-02,2.039999961853027344e-01,-3.711162833496928215e-03,-5.138575565069913864e-03,2.039999961853027344e-01,-2.039999961853027344e-01,-2.039999961853027344e-01,3.638642281293869019e-02,-2.039999961853027344e-01,2.039999961853027344e-01,-2.039999961853027344e-01
4.600970074534416199e-03,-1.114992052316665649e-02,6.402167081832885742e-01,7.014469057321548462e-02,-5.523581057786941528e-02,6.788043379783630371e-01,7.288712859153747559e-01,2.995672635734081268e-02,-4.361178725957870483e-02,1.206910796463489532e-02,2.392070889472961426e-01,-1.714933365583419800e-01,6.988283246755599976e-02,1.579551957547664642e-02,-9.091177955269813538e-03,-5.263844877481460571e-02,1.837502866983413696e-01,-1.307633370161056519e-01,5.333989113569259644e-02,-4.881810396909713745e-02,2.694786787033081055e-01,-2.470218110829591751e-03,2.470709383487701416e-02,2.606430351734161377e-01,-2.236994802951812744e-01,-3.059999942779541016e-01,7.637904584407806396e-02,-3.002002537250518799e-01,3.059999942779541016e-01,-3.059999942779541016e-01
4.866858944296836853e-03,-1.088375970721244812e-02,6.402292251586914062e-01,6.924109160900115967e-02,-5.457842350006103516e-02,6.793901324272155762e-01,7.284613847732543945e-01,2.464640513062477112e-02,-4.301457852125167847e-02,1.094332430511713028e-02,2.485485076904296875e-01,-1.779187470674514771e-01,7.085851579904556274e-02,1.402354333549737930e-02,-8.190155960619449615e-03,-5.222816392779350281e-02,1.855896711349487305e-01,-1.323852837085723877e-01,5.281371250748634338e-02,-4.907249659299850464e-02,2.773264646530151367e-01,-2.026919974014163017e-03,4.767889529466629028e-02,2.722118496894836426e-01,-2.216008454561233521e-01,-4.079999923706054688e-01,1.094123423099517822e-01,-3.275293111801147461e-01,4.079999923706054688e-01,-4.079999923706054688e-01
4.874535836279392242e-03,-1.108375936746597290e-02,6.402884721755981445e-01,6.920752674341201782e-02,-5.484201386570930481e-02,6.795037388801574707e-01,7.283387184143066406e-01,2.365665882825851440e-02,-4.241585731506347656e-02,1.149934250861406326e-02,2.507194876670837402e-01,-1.798410862684249878e-01,7.075543701648712158e-02,1.595944911241531372e-02,-7.490718271583318710e-03,-5.182555690407752991e-02,1.817074120044708252e-01,-1.309926956892013550e-01,5.390526354312896729e-02,-4.951597750186920166e-02,2.783428132534027100e-01,-2.305917674675583839e-03,6.656832993030548096e-02,2.774564921855926514e-01,-2.174856662750244141e-01,-5.099999904632568359e-01,1.324777603149414062e-01,-3.410327136516571045e-01,4.734251201152801514e-01,-5.099999904632568359e-01
5.043901037424802780e-03,-1.144153159111738205e-02,6.403093338012695312e-01,6.943502277135848999e-02,-5.546996742486953735e-02,6.788234710693359375e-01,7.289036512374877930e-01,2.374496497213840485e-02,-4.132613167166709900e-02,1.480209268629550934e-02,2.530254721641540527e-01,-1.807423532009124756e-01,6.993066519498825073e-02,1.909968815743923187e-02,-6.700026337057352066e-03,-5.198294669389724731e-02,1.762265264987945557e-01,-1.286704987287521362e-01,5.620418488979339600e-02,-4.960861802101135254e-02,2.798078954219818115e-01,-2.119431039318442345e-03,8.364539593458175659e-02,2.821342349052429199e-01,-2.119778841733932495e-01,-6.119999885559082031e-01,1.499974131584167480e-01,-3.519519865512847900e-01,4.764949679374694824e-01,-6.119999885559082031e-01
5.214663222432136536e-03,-1.177069637924432755e-02,6.403006315231323242e-01,7.046911120414733887e-02,-5.687937512993812561e-02,6.778275966644287109e-01,7.296221852302551270e-01,2.580988779664039612e-02,-4.013046622276306152e-02,1.968399249017238617e-02,2.559490501880645752e-01,-1.816674023866653442e-01,6.882708519697189331e-02,2.307016775012016296e-02,-6.165526341646909714e-03,-5.285600200295448303e-02,1.730778068304061890e-01,-1.270387470722198486e-01,5.876272544264793396e-02,-4.952598735690116882e-02,2.835626006126403809e-01,-1.633536419831216335e-03,9.403981268405914307e-02,2.855472564697265625e-01,-2.076860815286636353e-01,-7.139999866485595703e-01,1.593492925167083740e-01,-3.604357242584228516e-01,4.739745855331420898e-01,-7.139999866485595703e-01
5.278184544295072556e-03,-1.178036630153656006e-02,6.403957605361938477e-01,6.911659985780715942e-02,-5.530670285224914551e-02,6.777052283287048340e-01,7.299860715866088867e-01,2.399354055523872375e-02,-3.978507220745086670e-02,2.248474396765232086e-02,2.537336647510528564e-01,-1.802573353052139282e-01,6.807613372802734375e-02,2.005372941493988037e-02,-6.215189583599567413e-03,-5.351516604423522949e-02,1.725348085165023804e-01,-1.256494224071502686e-01,6.004101410508155823e-02,-4.980984702706336975e-02,2.822697758674621582e-01,-1.267183572053909302e-03,8.790026605129241943e-02,2.862332463264465332e-01,-2.081659287214279175e-01,-8.159999847412109375e-01,1.667055189609527588e-01,-3.682411313056945801e-01,4.720268249511718750e-01,-8.159999847412109375e-01
5.449010059237480164e-03,-1.108477544039487839e-02,6.405540704727172852e-01,6.923343986272811890e-02,-5.485115572810173035e-02,6.784886717796325684e-01,7.292813062667846680e-01,2.648631669580936432e-02,-4.041722044348716736e-02,2.139036543667316437e-02,2.473766356706619263e-01,-1.774307787418365479e-01,6.754320114850997925e-02,1.867533847689628601e-02,-6.813160609453916550e-03,-5.402630195021629333e-02,1.758165359497070312e-01,-1.261987090110778809e-01,5.962569266557693481e-02,-5.177742615342140198e-02,2.814345061779022217e-01,-8.751745335757732391e-04,9.602505713701248169e-02,2.878827452659606934e-01,-2.061777263879776001e-01,-9.179999828338623047e-01,1.793139576911926270e-01,-3.769867420196533203e-01,4.724563062191009521e-01,-9.179999828338623047e-01
5.542633589357137680e-03,-1.012130919843912125e-02,6.407427787780761719e-01,7.026425004005432129e-02,-5.523979291319847107e-02,6.797867417335510254e-01,7.279433012008666992e-01,3.237684071063995361e-02,-4.152588173747062683e-02,1.820623874664306641e-02,2.389570325613021851e-01,-1.734551638364791870e-01,6.707479804754257202e-02,2.009543403983116150e-02,-7.695892360061407089e-03,-5.466112866997718811e-02,1.798479557037353516e-01,-1.273741871118545532e-01,5.841260775923728943e-02,-5.440280959010124207e-02,2.824138402938842773e-01,-7.755798287689685822e-04,1.049657985568046570e-01,2.892786860466003418e-01,-2.054014056921005249e-01,-1.019999980926513672e+00,1.901520937681198120e-01,-3.838476240634918213e-01,4.750603735446929932e-01,-9.978699088096618652e-01
5.659281276166439056e-03,-9.448591619729995728e-03,6.408765316009521484e-01,7.228592038154602051e-02,-5.669268220663070679e-02,6.810041666030883789e-01,7.264943122863769531e-01,3.997896611690521240e-02,-4.256384074687957764e-02,1.512086391448974609e-02,2.324182540178298950e-01,-1.698040813207626343e-01,6.648218631744384766e-02,2.417063713073730469e-02,-8.647087961435317993e-03,-5.585882067680358887e-02,1.839888840913772583e-01,-1.289170086383819580e-01,5.728448554873466492e-02,-5.662954971194267273e-02,2.863686382770538330e-01,-1.066664117388427258e-03,1.180084049701690674e-01,2.914623916149139404e-01,-2.034808695316314697e-01,-1.089320540428161621e+00,1.981172114610671997e-01,-3.883029222488403320e-01,4.768466353416442871e-01,-1.014490842819213867e+00
5.248999223113059998e-03,-9.145489893853664398e-03,6.409991979598999023e-01,7.297212630510330200e-02,-5.710532888770103455e-02,6.818241477012634277e-01,7.256237864494323730e-01,4.448511451482772827e-02,-4.358641430735588074e-02,1.283696107566356659e-02,2.269292473793029785e-01,-1.665902435779571533e-01,6.612233817577362061e-02,2.637358382344245911e-02,-9.564097970724105835e-03,-5.679772794246673584e-02,1.855712383985519409e-01,-1.292373090982437134e-01,5.683377757668495178e-02,-5.772028490900993347e-02,2.880028188228607178e-01,-1.752200070768594742e-03,1.393368989229202271e-01,2.959707975387573242e-01,-1.991962194442749023e-01,-1.120338439941406250e+00,2.053594440221786499e-01,-3.927366435527801514e-01,4.762959182262420654e-01,-1.021249890327453613e+00
4.691333044320344925e-03,-8.540440350770950317e-03,6.411248445510864258e-01,7.422053813934326172e-02,-5.831609293818473816e-02,6.827158927917480469e-01,7.245616316795349121e-01,4.971984028816223145e-02,-4.449475929141044617e-02,1.064462866634130478e-02,2.230566889047622681e-01,-1.646114289760589600e-01,6.577502191066741943e-02,3.102563880383968353e-02,-1.028420217335224152e-02,-5.731004104018211365e-02,1.851032525300979614e-01,-1.290355026721954346e-01,5.637530982494354248e-02,-5.857143551111221313e-02,2.906553745269775391e-01,-2.814179286360740662e-03,1.528751254081726074e-01,2.986393272876739502e-01,-1.987624317407608032e-01,-1.136309981346130371e+00,2.054160386323928833e-01,-3.929959237575531006e-01,4.790602922439575195e-01,-1.016397714614868164e+00
4.063801374286413193e-03,-7.814182899892330170e-03,6.412831544876098633e-01,7.460103929042816162e-02,-5.866407975554466248e-02,6.837754845619201660e-01,7.234945297241210938e-01,5.376070365309715271e-02,-4.536379501223564148e-02,8.417385630309581757e-03,2.178988009691238403e-01,-1.626486182212829590e-01,6.530672311782836914e-02,3.505322337150573730e-02,-1.081132609397172928e-02,-5.713355168700218201e-02,1.821741759777069092e-01,-1.276544332504272461e-01,5.599530413746833801e-02,-5.943016707897186279e-02,2.916886210441589355e-01,-3.953845240175724030e-03,1.626204997301101685e-01,3.006206452846527100e-01,-1.996593475341796875e-01,-1.148176789283752441e+00,2.060749679803848267e-01,-3.926360905170440674e-01,4.808908402919769287e-01,-1.011139512062072754e+00
3.711269237101078033e-03,-7.171789184212684631e-03,6.414612531661987305e-01,7.464922964572906494e-02,-5.846976116299629211e-02,6.848377585411071777e-01,7.224998474121093750e-01,5.741867423057556152e-02,-4.614576697349548340e-02,6.436535622924566269e-03,2.106229364871978760e-01,-1.599583476781845093e-01,6.468754261732101440e-02,3.806728869676589966e-02,-1.121949683874845505e-02,-5.647974088788032532e-02,1.783187687397003174e-01,-1.255601346492767334e-01,5.556382611393928528e-02,-6.051356717944145203e-02,2.918107807636260986e-01,-4.968898370862007141e-03,1.698879301548004150e-01,3.013751506805419922e-01,-1.990717798471450806e-01,-1.156789898872375488e+00,2.069592326879501343e-01,-3.911264538764953613e-01,4.814719259738922119e-01,-1.006805539131164551e+00
3.436698811128735542e-03,-6.946429144591093063e-03,6.416270732879638672e-01,7.473861426115036011e-02,-5.816223099827766418e-02,6.860964894294738770e-01,7.213202118873596191e-01,6.083769351243972778e-02,-4.689579084515571594e-02,4.806872922927141190e-03,2.022703438997268677e-01,-1.564924269914627075e-01,6.397283822298049927e-02,4.006944969296455383e-02,-1.169511768966913223e-02,-5.566472187638282776e-02,1.752546578645706177e-01,-1.233603209257125854e-01,5.498307943344116211e-02,-6.194349378347396851e-02,2.918540835380554199e-01,-6.125155370682477951e-03,1.748306006193161011e-01,3.018091320991516113e-01,-1.974138617515563965e-01,-1.164193511009216309e+00,2.074677348136901855e-01,-3.896991908550262451e-01,4.815465509891510010e-01,-1.004702568054199219e+00
3.429838689044117928e-03,-6.862741895020008087e-03,6.417586803436279297e-01,7.496433705091476440e-02,-5.789457634091377258e-02,6.871031522750854492e-01,7.203595042228698730e-01,6.409175693988800049e-02,-4.742531105875968933e-02,4.211595747619867325e-03,1.944822818040847778e-01,-1.526686996221542358e-01,6.311958283185958862e-02,4.126129671931266785e-02,-1.218119263648986816e-02,-5.525444075465202332e-02,1.736662387847900391e-01,-1.218094602227210999e-01,5.446417257189750671e-02,-6.306860595941543579e-02,2.918623387813568115e-01,-7.243375759571790695e-03,1.788552999496459961e-01,3.011548817157745361e-01,-1.937275677919387817e-01,-1.170180439949035645e+00,2.082798331975936890e-01,-3.872963786125183105e-01,4.796892404556274414e-01,-1.004655361175537109e+00
3.762514097616076469e-03,-6.581935565918684006e-03,6.418423652648925781e-01,7.522172480821609497e-02,-5.767432227730751038e-02,6.875687837600708008e-01,7.199059128761291504e-01,6.672182679176330566e-02,-4.759980365633964539e-02,4.752556793391704559e-03,1.891444623470306396e-01,-1.493611335754394531e-01,6.217989698052406311e-02,4.151270911097526550e-02,-1.259485911577939987e-02,-5.580005049705505371e-02,1.742395758628845215e-01,-1.217956915497779846e-01,5.383011326193809509e-02,-6.335779279470443726e-02,2.925280928611755371e-01,-8.048954419791698456e-03,1.829099655151367188e-01,2.992516458034515381e-01,-1.884705573320388794e-01,-1.174649715423583984e+00,2.098609954118728638e-01,-3.837205767631530762e-01,4.759252369403839111e-01,-1.006062865257263184e+00
4.133454989641904831e-03,-6.287820171564817429e-03,6.418792009353637695e-01,7.543167471885681152e-02,-5.757003650069236755e-02,6.875039339065551758e-01,7.199542522430419922e-01,6.821194291114807129e-02,-4.756394028663635254e-02,5.895265843719244003e-03,1.870612502098083496e-01,-1.474183350801467896e-01,6.148926913738250732e-02,4.063006117939949036e-02,-1.293245423585176468e-02,-5.678192898631095886e-02,1.770578920841217041e-01,-1.231993436813354492e-01,5.305969342589378357e-02,-6.322942674160003662e-02,2.940102815628051758e-01,-8.512971922755241394e-03,1.871236264705657959e-01,2.960647344589233398e-01,-1.823591887950897217e-01,-1.177996993064880371e+00,2.118479758501052856e-01,-3.795862495899200439e-01,4.704012572765350342e-01,-1.007815003395080566e+00
4.553465638309717178e-03,-6.071042269468307495e-03,6.418874263763427734e-01,7.555907964706420898e-02,-5.746760591864585876e-02,6.871953010559082031e-01,7.202436327934265137e-01,6.857384741306304932e-02,-4.740633442997932434e-02,7.149796001613140106e-03,1.873655468225479126e-01,-1.468774825334548950e-01,6.100238487124443054e-02,3.891354054212570190e-02,-1.316514331847429276e-02,-5.786811187863349915e-02,1.811390966176986694e-01,-1.254526376724243164e-01,5.229394137859344482e-02,-6.333235651254653931e-02,2.957062721252441406e-01,-8.671779185533523560e-03,1.912528127431869507e-01,2.926921248435974121e-01,-1.762593090534210205e-01,-1.179612636566162109e+00,2.134132534265518188e-01,-3.764758408069610596e-01,4.655692875385284424e-01,-1.009582281112670898e+00
4.905167501419782639e-03,-6.343913730233907700e-03,6.418886184692382812e-01,7.575750350952148438e-02,-5.741246417164802551e-02,6.871657967567443848e-01,7.202553749084472656e-01,6.830501556396484375e-02,-4.733696207404136658e-02,7.629600353538990021e-03,1.880503892898559570e-01,-1.468730866909027100e-01,6.059926375746726990e-02,3.696333989500999451e-02,-1.338775642216205597e-02,-5.889437720179557800e-02,1.853231638669967651e-01,-1.276770532131195068e-01,5.168829858303070068e-02,-6.416612863540649414e-02,2.965840995311737061e-01,-8.720468729734420776e-03,1.941728740930557251e-01,2.906782329082489014e-01,-1.717342585325241089e-01,-1.180639624595642090e+00,2.137521803379058838e-01,-3.759779632091522217e-01,4.637780189514160156e-01,-1.012053012847900391e+00
5.265833809971809387e-03,-6.953859701752662659e-03,6.418820619583129883e-01,7.605499029159545898e-02,-5.740381032228469849e-02,6.873177886009216309e-01,7.200796604156494141e-01,6.771136820316314697e-02,-4.732872173190116882e-02,7.566177751868963242e-03,1.887977868318557739e-01,-1.472197771072387695e-01,6.046384945511817932e-02,3.498273342847824097e-02,-1.354024372994899750e-02,-5.936000868678092957e-02,1.893811970949172974e-01,-1.294000595808029175e-01,5.141339451074600220e-02,-6.617148965597152710e-02,2.966966331005096436e-01,-9.339005686342716217e-03,1.960637420415878296e-01,2.909233570098876953e-01,-1.686641275882720947e-01,-1.180864095687866211e+00,2.125744223594665527e-01,-3.778945803642272949e-01,4.653428196907043457e-01,-1.016156315803527832e+00
5.598948802798986435e-03,-7.403457071632146835e-03,6.418825387954711914e-01,7.620932161808013916e-02,-5.728606134653091431e-02,6.875055432319641113e-01,7.198934555053710938e-01,6.703292578458786011e-02,-4.727729409933090210e-02,7.564222440123558044e-03,1.892394870519638062e-01,-1.475463062524795532e-01,6.063793599605560303e-02,3.341029211878776550e-02,-1.356501318514347076e-02,-5.937139317393302917e-02,1.921641528606414795e-01,-1.302666813135147095e-01,5.178605765104293823e-02,-6.878596544265747070e-02,2.961474359035491943e-01,-1.059520244598388672e-02,1.974207907915115356e-01,2.929610311985015869e-01,-1.665498614311218262e-01,-1.180057287216186523e+00,2.110659033060073853e-01,-3.808290064334869385e-01,4.677523672580718994e-01,-1.021084666252136230e+00
5.454211495816707611e-03,-8.062861859798431396e-03,6.418820619583129883e-01,7.640559226274490356e-02,-5.744808167219161987e-02,6.875649690628051758e-01,7.198029756546020508e-01,6.654304265975952148e-02,-4.736684635281562805e-02,7.784899324178695679e-03,1.896984726190567017e-01,-1.477184146642684937e-01,6.109385192394256592e-02,3.252583369612693787e-02,-1.370903756469488144e-02,-5.924272537231445312e-02,1.936557739973068237e-01,-1.301905065774917603e-01,5.249750614166259766e-02,-7.063073664903640747e-02,2.953958511352539062e-01,-1.162312831729650497e-02,1.975285708904266357e-01,2.960116565227508545e-01,-1.663095653057098389e-01,-1.180786609649658203e+00,2.095415443181991577e-01,-3.849645555019378662e-01,4.699687063694000244e-01,-1.026319622993469238e+00
5.296557676047086716e-03,-8.234311826527118683e-03,6.419069766998291016e-01,7.632480561733245850e-02,-5.749684199690818787e-02,6.872780323028564453e-01,7.200816273689270020e-01,6.649771332740783691e-02,-4.732803255319595337e-02,8.524813689291477203e-03,1.896103322505950928e-01,-1.477369815111160278e-01,6.142667308449745178e-02,3.241206333041191101e-02,-1.369042601436376572e-02,-5.897181481122970581e-02,1.931256055831909180e-01,-1.291877329349517822e-01,5.312334746122360229e-02,-7.135804742574691772e-02,2.949450016021728516e-01,-1.233267877250909805e-02,1.975294500589370728e-01,2.993077337741851807e-01,-1.664382368326187134e-01,-1.181300997734069824e+00,2.086551040410995483e-01,-3.893893063068389893e-01,4.730583131313323975e-01,-1.030452251434326172e+00
4.918589722365140915e-03,-8.639609441161155701e-03,6.419447660446166992e-01,7.619265466928482056e-02,-5.752560868859291077e-02,6.868705749511718750e-01,7.204819917678833008e-01,6.708496063947677612e-02,-4.746166989207267761e-02,9.269066154956817627e-03,1.876457780599594116e-01,-1.472201496362686157e-01,6.139983609318733215e-02,3.245075792074203491e-02,-1.380783040076494217e-02,-5.883867293596267700e-02,1.915074288845062256e-01,-1.275036931037902832e-01,5.418651923537254333e-02,-7.157214730978012085e-02,2.953172028064727783e-01,-1.290623471140861511e-02,1.968203783035278320e-01,3.025157749652862549e-01,-1.662246137857437134e-01,-1.183018088340759277e+00,2.073712348937988281e-01,-3.939304351806640625e-01,4.760102629661560059e-01,-1.034513950347900391e+00
4.398670978844165802e-03,-9.498173370957374573e-03,6.419911384582519531e-01,7.635419070720672607e-02,-5.773910880088806152e-02,6.868362426757812500e-01,7.204805016517639160e-01,6.822092086076736450e-02,-4.792545363306999207e-02,8.959929458796977997e-03,1.843239516019821167e-01,-1.460959613323211670e-01,6.119007989764213562e-02,3.264333307743072510e-02,-1.417443901300430298e-02,-5.878870561718940735e-02,1.901934742927551270e-01,-1.256459057331085205e-01,5.490100383758544922e-02,-7.190677523612976074e-02,2.963081598281860352e-01,-1.351462025195360184e-02,1.951432824134826660e-01,3.062399923801422119e-01,-1.673596352338790894e-01,-1.186394691467285156e+00,2.054694741964340210e-01,-3.990037441253662109e-01,4.796155095100402832e-01,-1.038423061370849609e+00
3.849542001262307167e-03,-1.060333382338285446e-02,6.420248746871948242e-01,7.687885314226150513e-02,-5.817692354321479797e-02,6.869792938232421875e-01,7.202531099319458008e-01,6.974116712808609009e-02,-4.868686571717262268e-02,7.856213487684726715e-03,1.809669435024261475e-01,-1.448330283164978027e-01,6.079670786857604980e-02,3.284019604325294495e-02,-1.480197533965110779e-02,-5.879097431898117065e-02,1.902347505092620850e-01,-1.243623271584510803e-01,5.525470897555351257e-02,-7.231289148330688477e-02,2.977038025856018066e-01,-1.456445734947919846e-02,1.930332034826278687e-01,3.089487552642822266e-01,-1.672649830579757690e-01,-1.190448522567749023e+00,2.037483453750610352e-01,-4.028056263923645020e-01,4.817405641078948975e-01,-1.040970802307128906e+00
3.207511734217405319e-03,-1.196589972823858261e-02,6.420199871063232422e-01,7.779519259929656982e-02,-5.895352736115455627e-02,6.875214576721191406e-01,7.195739150047302246e-01,7.080030441284179688e-02,-4.961094260215759277e-02,6.206803955137729645e-03,1.797105520963668823e-01,-1.440582871437072754e-01,6.051900237798690796e-02,3.282132744789123535e-02,-1.570293679833412170e-02,-5.937449261546134949e-02,1.928088217973709106e-01,-1.242340430617332458e-01,5.525069683790206909e-02,-7.236826419830322266e-02,2.991523146629333496e-01,-1.569708995521068573e-02,1.903701573610305786e-01,3.115519583225250244e-01,-1.691441386938095093e-01,-1.195564866065979004e+00,2.025871872901916504e-01,-4.051104187965393066e-01,4.825108349323272705e-01,-1.041253209114074707e+00
2.263022819533944130e-03,-1.358151435852050781e-02,6.419621706008911133e-01,7.896435260772705078e-02,-6.024014949798583984e-02,6.874483227729797363e-01,7.194098830223083496e-01,7.167913019657135010e-02,-5.053614079952239990e-02,5.485641304403543472e-03,1.809916794300079346e-01,-1.441966295242309570e-01,6.064685434103012085e-02,3.266249224543571472e-02,-1.666722632944583893e-02,-5.970782041549682617e-02,1.968822330236434937e-01,-1.246257498860359192e-01,5.619072914123535156e-02,-7.232916355133056641e-02,3.003888726234436035e-01,-1.707754284143447876e-02,1.883578747510910034e-01,3.124036490917205811e-01,-1.684579402208328247e-01,-1.201708436012268066e+00,2.010207921266555786e-01,-4.053401052951812744e-01,4.791072010993957520e-01,-1.041572451591491699e+00
1.849705586209893227e-03,-1.435966044664382935e-02,6.419031620025634766e-01,7.964647561311721802e-02,-6.115043535828590393e-02,6.866911649703979492e-01,7.199807763099670410e-01,7.164489477872848511e-02,-5.074520409107208252e-02,7.081561256200075150e-03,1.847766041755676270e-01,-1.450121104717254639e-01,6.076816096901893616e-02,3.251207992434501648e-02,-1.710910163819789886e-02,-6.001775339245796204e-02,1.997975856065750122e-01,-1.251366734504699707e-01,5.730425938963890076e-02,-7.119365781545639038e-02,3.014842569828033447e-01,-1.755732297897338867e-02,1.885330229997634888e-01,3.111324608325958252e-01,-1.654088199138641357e-01,-1.206486821174621582e+00,2.008251249790191650e-01,-4.026166796684265137e-01,4.731858372688293457e-01,-1.040927886962890625e+00
1.153122633695602417e-03,-1.533914823085069656e-02,6.418483257293701172e-01,7.984244078397750854e-02,-6.198254600167274475e-02,6.850416660308837891e-01,7.214577794075012207e-01,7.117130607366561890e-02,-5.058863759040832520e-02,1.058140024542808533e-02,1.886315345764160156e-01,-1.465193033218383789e-01,6.053936854004859924e-02,3.217775002121925354e-02,-1.716043427586555481e-02,-5.956977978348731995e-02,2.001220732927322388e-01,-1.242981329560279846e-01,5.939448252320289612e-02,-6.952951103448867798e-02,3.024001419544219971e-01,-1.776796393096446991e-02,1.898470818996429443e-01,3.080228269100189209e-01,-1.592885851860046387e-01,-1.210937500000000000e+00,1.999649256467819214e-01,-3.998346626758575439e-01,4.665526449680328369e-01,-1.040833592414855957e+00
7.575052441097795963e-04,-1.633576489984989166e-02,6.418417692184448242e-01,7.977610826492309570e-02,-6.244240701198577881e-02,6.835632920265197754e-01,7.228263616561889648e-01,7.075220346450805664e-02,-5.029080808162689209e-02,1.340753491967916489e-02,1.903817951679229736e-01,-1.475422680377960205e-01,5.980113521218299866e-02,3.198736533522605896e-02,-1.688969321548938751e-02,-5.869036167860031128e-02,1.981144100427627563e-01,-1.222817897796630859e-01,6.106603890657424927e-02,-6.760635226964950562e-02,3.028714060783386230e-01,-1.694379560649394989e-02,1.912163347005844116e-01,3.046355843544006348e-01,-1.528213024139404297e-01,-1.215260624885559082e+00,1.988445222377777100e-01,-3.981612920761108398e-01,4.614101648330688477e-01,-1.040869355201721191e+00
3.649673017207533121e-04,-1.717083528637886047e-02,6.419022083282470703e-01,7.940859347581863403e-02,-6.251007318496704102e-02,6.822565793991088867e-01,7.240943908691406250e-01,7.110238820314407349e-02,-5.020308494567871094e-02,1.479485910385847092e-02,1.885000169277191162e-01,-1.474907398223876953e-01,5.889917910099029541e-02,3.199996054172515869e-02,-1.649333164095878601e-02,-5.703596398234367371e-02,1.939378380775451660e-01,-1.191566959023475647e-01,6.265938282012939453e-02,-6.562139838933944702e-02,3.021623790264129639e-01,-1.602269150316715240e-02,1.926321834325790405e-01,3.005360662937164307e-01,-1.465033888816833496e-01,-1.219724297523498535e+00,1.980636417865753174e-01,-3.970989584922790527e-01,4.585350453853607178e-01,-1.041370034217834473e+00
-3.511364047881215811e-04,-1.764902286231517792e-02,6.420371532440185547e-01,7.718875259160995483e-02,-6.070909276604652405e-02,6.808875203132629395e-01,7.257744073867797852e-01,6.948830932378768921e-02,-5.040073767304420471e-02,1.601158082485198975e-02,1.817861497402191162e-01,-1.458141207695007324e-01,5.823215842247009277e-02,2.858703769743442535e-02,-1.615696959197521210e-02,-5.464052036404609680e-02,1.875742077827453613e-01,-1.142648160457611084e-01,6.475730240345001221e-02,-6.366406381130218506e-02,2.966988980770111084e-01,-1.563080772757530212e-02,1.954038292169570923e-01,2.959312200546264648e-01,-1.407207101583480835e-01,-1.225020408630371094e+00,2.051091939210891724e-01,-3.981589376926422119e-01,4.518399536609649658e-01,-1.049223303794860840e+00
-1.034708111546933651e-03,-1.754582673311233521e-02,6.421594619750976562e-01,7.693727314472198486e-02,-6.083477661013603210e-02,6.797865033149719238e-01,7.268218994140625000e-01,7.221890240907669067e-02,-5.077343806624412537e-02,1.687418483197689056e-02,1.752350777387619019e-01,-1.440269351005554199e-01,5.765722319483757019e-02,2.937505580484867096e-02,-1.618890650570392609e-02,-5.358092859387397766e-02,1.826603263616561890e-01,-1.106128096580505371e-01,6.699218600988388062e-02,-6.216241046786308289e-02,2.942692041397094727e-01,-1.602212339639663696e-02,1.979849934577941895e-01,2.908034324645996094e-01,-1.365509480237960815e-01,-1.230329990386962891e+00,2.052924633026123047e-01,-3.945484459400177002e-01,4.489471316337585449e-01,-1.047528505325317383e+00
-1.808924251236021519e-03,-1.743781566619873047e-02,6.422433853149414062e-01,7.663095742464065552e-02,-6.082291901111602783e-02,6.791640520095825195e-01,7.274369001388549805e-01,7.406105101108551025e-02,-5.119465664029121399e-02,1.812842488288879395e-02,1.711282134056091309e-01,-1.427559852600097656e-01,5.763945356011390686e-02,2.951431646943092346e-02,-1.661375164985656738e-02,-5.385123565793037415e-02,1.807240843772888184e-01,-1.081949397921562195e-01,6.851451098918914795e-02,-6.044837087392807007e-02,2.925439178943634033e-01,-1.627613976597785950e-02,1.995982378721237183e-01,2.880855202674865723e-01,-1.350248754024505615e-01,-1.236734032630920410e+00,2.060721963644027710e-01,-3.912888467311859131e-01,4.450152814388275146e-01,-1.045045733451843262e+00
-3.084874944761395454e-03,-1.778174564242362976e-02,6.422657966613769531e-01,7.664108276367187500e-02,-6.121623516082763672e-02,6.788300275802612305e-01,7.277145385742187500e-01,7.493390142917633057e-02,-5.189030990004539490e-02,1.964577101171016693e-02,1.699111014604568481e-01,-1.427630782127380371e-01,5.816582217812538147e-02,2.837885916233062744e-02,-1.748472824692726135e-02,-5.409678816795349121e-02,1.829675734043121338e-01,-1.074644178152084351e-01,6.945552676916122437e-02,-5.965575203299522400e-02,2.919391691684722900e-01,-1.659656316041946411e-02,2.000231593847274780e-01,2.899331748485565186e-01,-1.408008784055709839e-01,-1.244810700416564941e+00,2.051858007907867432e-01,-3.912341594696044922e-01,4.449389576911926270e-01,-1.043689608573913574e+00
-3.866623388603329659e-03,-1.799590699374675751e-02,6.422386169433593750e-01,7.672976702451705933e-02,-6.139510497450828552e-02,6.788699030876159668e-01,7.276529669761657715e-01,7.467880845069885254e-02,-5.240970849990844727e-02,2.153274044394493103e-02,1.708989143371582031e-01,-1.439045667648315430e-01,5.830349400639533997e-02,2.624195814132690430e-02,-1.838577724993228912e-02,-5.477161332964897156e-02,1.878696382045745850e-01,-1.087761968374252319e-01,7.031802088022232056e-02,-5.965828523039817810e-02,2.929250895977020264e-01,-1.616117730736732483e-02,1.996248364448547363e-01,2.939322292804718018e-01,-1.485636234283447266e-01,-1.251880884170532227e+00,2.027679532766342163e-01,-3.939562141895294189e-01,4.507742226123809814e-01,-1.044971585273742676e+00
-4.362395964562892914e-03,-1.871433295309543610e-02,6.421602964401245117e-01,7.695107161998748779e-02,-6.153784319758415222e-02,6.790620088577270508e-01,7.274382114410400391e-01,7.292167097330093384e-02,-5.272462591528892517e-02,2.384721860289573669e-02,1.742535978555679321e-01,-1.462485790252685547e-01,5.832291021943092346e-02,2.309351600706577301e-02,-1.915458403527736664e-02,-5.496770888566970825e-02,1.943515688180923462e-01,-1.107161492109298706e-01,7.126076519489288330e-02,-6.120435893535614014e-02,2.956444323062896729e-01,-1.525682955980300903e-02,1.979102045297622681e-01,2.985259294509887695e-01,-1.542192250490188599e-01,-1.258361697196960449e+00,1.983073949813842773e-01,-3.980144262313842773e-01,4.568398296833038330e-01,-1.048365712165832520e+00
-3.962521441280841827e-03,-1.846584118902683258e-02,6.420984268188476562e-01,7.676287740468978882e-02,-6.094978377223014832e-02,6.795405745506286621e-01,7.270606160163879395e-01,7.037482410669326782e-02,-5.244709178805351257e-02,2.686331234872341156e-02,1.780946403741836548e-01,-1.485869884490966797e-01,5.803406611084938049e-02,1.984473317861557007e-02,-1.949300430715084076e-02,-5.542808398604393005e-02,2.001486420631408691e-01,-1.131943687796592712e-01,7.200622558593750000e-02,-6.407278031110763550e-02,2.987743020057678223e-01,-1.333437487483024597e-02,1.967314779758453369e-01,3.005577623844146729e-01,-1.530434936285018921e-01,-1.260428071022033691e+00,1.932341456413269043e-01,-4.028993546962738037e-01,4.627130627632141113e-01,-1.053897976875305176e+00
-4.709691274911165237e-03,-1.946736127138137817e-02,6.420531272888183594e-01,7.510402798652648926e-02,-5.931112542748451233e-02,6.799776554107666016e-01,7.269607782363891602e-01,6.445305049419403076e-02,-5.230761691927909851e-02,3.132263943552970886e-02,1.801486313343048096e-01,-1.504406183958053589e-01,5.822710320353507996e-02,1.329940464347600937e-02,-2.014730684459209442e-02,-5.645046383142471313e-02,2.036916762590408325e-01,-1.128205060958862305e-01,7.369070500135421753e-02,-6.638967990875244141e-02,2.974229156970977783e-01,-1.162728108465671539e-02,1.917167007923126221e-01,3.036035299301147461e-01,-1.496883183717727661e-01,-1.267323136329650879e+00,1.945607811212539673e-01,-4.115316271781921387e-01,4.575258195400238037e-01,-1.068354368209838867e+00
-5.897920113056898117e-03,-1.945609413087368011e-02,6.421275138854980469e-01,7.252048701047897339e-02,-5.732545629143714905e-02,6.793516874313354492e-01,7.279669642448425293e-01,5.876084417104721069e-02,-5.210903659462928772e-02,3.633425384759902954e-02,1.798063218593597412e-01,-1.503605395555496216e-01,5.813363194465637207e-02,8.158491924405097961e-03,-2.050847001373767853e-02,-5.752494558691978455e-02,2.006399482488632202e-01,-1.097793057560920715e-01,7.593365013599395752e-02,-6.629312038421630859e-02,2.954350113868713379e-01,-9.443565271794795990e-03,1.875764280557632446e-01,3.022483587265014648e-01,-1.264585107564926147e-01,-1.269074201583862305e+00,1.952634751796722412e-01,-4.169751405715942383e-01,4.480380713939666748e-01,-1.080784678459167480e+00
-6.752181332558393478e-03,-1.879068277776241302e-02,6.422839164733886719e-01,6.943440437316894531e-02,-5.489376932382583618e-02,6.775766611099243164e-01,7.301064729690551758e-01,5.404846370220184326e-02,-5.172493681311607361e-02,4.193530231714248657e-02,1.768500655889511108e-01,-1.486236304044723511e-01,5.828304961323738098e-02,3.422759938985109329e-03,-2.040176652371883392e-02,-5.832290276885032654e-02,1.940198838710784912e-01,-1.056005507707595825e-01,7.942558079957962036e-02,-6.448877602815628052e-02,2.933501303195953369e-01,-6.768561434000730515e-03,1.923467367887496948e-01,3.059276342391967773e-01,-9.191567450761795044e-02,-1.255929470062255859e+00,1.937275677919387817e-01,-4.205283522605895996e-01,4.364487230777740479e-01,-1.093341350555419922e+00
-8.401303552091121674e-03,-1.952218078076839447e-02,6.424541473388671875e-01,6.684763729572296143e-02,-5.309746786952018738e-02,6.755037307739257812e-01,7.323979735374450684e-01,5.047912523150444031e-02,-5.211080983281135559e-02,4.583814367651939392e-02,1.715206801891326904e-01,-1.459755599498748779e-01,5.902139097452163696e-02,-1.928659155964851379e-03,-2.057520113885402679e-02,-5.755560472607612610e-02,1.881755739450454712e-01,-1.005224958062171936e-01,8.264179527759552002e-02,-6.261178106069564819e-02,2.917102277278900146e-01,-4.912462551146745682e-03,2.008761018514633179e-01,3.105047643184661865e-01,-5.855955556035041809e-02,-1.232841134071350098e+00,1.893327832221984863e-01,-4.275902211666107178e-01,4.248212575912475586e-01,-1.105069637298583984e+00
-1.095948554575443268e-02,-1.972209103405475616e-02,6.426408290863037109e-01,6.446785479784011841e-02,-5.162748694419860840e-02,6.741842627525329590e-01,7.339305281639099121e-01,4.859718680381774902e-02,-5.353522673249244690e-02,4.709836095571517944e-02,1.641042530536651611e-01,-1.439127624034881592e-01,6.067505478858947754e-02,-7.443800568580627441e-03,-2.138864621520042419e-02,-5.538424476981163025e-02,1.854943484067916870e-01,-9.558882564306259155e-02,8.483476936817169189e-02,-6.257011741399765015e-02,2.900874912738800049e-01,-4.133958369493484497e-03,2.080354839563369751e-01,3.172464370727539062e-01,-2.500088699162006378e-02,-1.206158399581909180e+00,1.867326796054840088e-01,-4.413948357105255127e-01,4.109314084053039551e-01,-1.109227180480957031e+00
-1.289514079689979553e-02,-1.935252547264099121e-02,6.428999900817871094e-01,6.211283430457115173e-02,-4.970165342092514038e-02,6.721630096435546875e-01,7.361172437667846680e-01,4.928459599614143372e-02,-5.533425509929656982e-02,4.819267988204956055e-02,1.521211862564086914e-01,-1.399707496166229248e-01,6.267171353101730347e-02,-1.495498511940240860e-02,-2.211415953934192657e-02,-5.022638291120529175e-02,1.865546703338623047e-01,-9.120535850524902344e-02,8.566953986883163452e-02,-6.270469725131988525e-02,2.884250879287719727e-01,-3.783623920753598213e-03,2.163569331169128418e-01,3.246410191059112549e-01,9.400747716426849365e-03,-1.167642116546630859e+00,1.898533105850219727e-01,-4.532700777053833008e-01,3.938747048377990723e-01,-1.100632429122924805e+00
-1.383944042026996613e-02,-1.820421218872070312e-02,6.431888341903686523e-01,6.016524881124496460e-02,-4.750802740454673767e-02,6.698783636093139648e-01,7.385025620460510254e-01,5.225813761353492737e-02,-5.730028077960014343e-02,4.889773949980735779e-02,1.374828517436981201e-01,-1.340459138154983521e-01,6.423719227313995361e-02,-2.372638694941997528e-02,-2.286271005868911743e-02,-4.455926641821861267e-02,1.918437778949737549e-01,-8.889893442392349243e-02,8.608947694301605225e-02,-6.123532354831695557e-02,2.854311168193817139e-01,-2.986792940646409988e-03,2.255229949951171875e-01,3.324859738349914551e-01,4.089506343007087708e-02,-1.117795705795288086e+00,1.963973939418792725e-01,-4.625398516654968262e-01,3.748985230922698975e-01,-1.082369685173034668e+00
-1.536851469427347183e-02,-1.859525032341480255e-02,6.434226036071777344e-01,5.838858336210250854e-02,-4.601456597447395325e-02,6.675817966461181641e-01,7.408157587051391602e-01,5.466913804411888123e-02,-5.884499847888946533e-02,5.140609666705131531e-02,1.235117763280868530e-01,-1.260666549205780029e-01,6.262452900409698486e-02,-3.185918554663658142e-02,-2.340470813214778900e-02,-3.981406241655349731e-02,1.952700763940811157e-01,-8.554098755121231079e-02,8.840031176805496216e-02,-6.184194982051849365e-02,2.834998369216918945e-01,-1.097626634873449802e-03,2.323450297117233276e-01,3.418917953968048096e-01,7.939763367176055908e-02,-1.063380837440490723e+00,2.000642269849777222e-01,-4.701409637928009033e-01,3.509168028831481934e-01,-1.081025004386901855e+00
-1.552998181432485580e-02,-1.784950681030750275e-02,6.437515020370483398e-01,5.670326575636863708e-02,-4.429639503359794617e-02,6.653071641921997070e-01,7.430941462516784668e-01,5.661489069461822510e-02,-5.944363772869110107e-02,5.475290492177009583e-02,1.125348806381225586e-01,-1.178808063268661499e-01,6.145922094583511353e-02,-3.739485517144203186e-02,-2.318971604108810425e-02,-3.597407415509223938e-02,1.950639188289642334e-01,-8.216051012277603149e-02,9.045601636171340942e-02,-6.335896998643875122e-02,2.827089130878448486e-01,1.568845473229885101e-03,2.367372363805770874e-01,3.456314504146575928e-01,1.242427602410316467e-01,-1.010620713233947754e+00,2.047486156225204468e-01,-4.762153625488281250e-01,3.220433294773101807e-01,-1.093548297882080078e+00
-1.868953183293342590e-02,-1.696304045617580414e-02,6.439263820648193359e-01,5.345023795962333679e-02,-4.196638613939285278e-02,6.641666293144226074e-01,7.444894313812255859e-01,5.392335727810859680e-02,-6.107383593916893005e-02,5.919410288333892822e-02,1.051415130496025085e-01,-1.123110130429267883e-01,5.781309306621551514e-02,-4.562890902161598206e-02,-2.451941370964050293e-02,-3.433248773217201233e-02,1.962840557098388672e-01,-7.823289930820465088e-02,9.553346782922744751e-02,-6.941132247447967529e-02,2.841073274612426758e-01,3.832556540146470070e-03,2.303967475891113281e-01,3.600569665431976318e-01,1.816148161888122559e-01,-9.555730819702148438e-01,2.133753597736358643e-01,-4.912874996662139893e-01,2.844398319721221924e-01,-1.144014835357666016e+00
-2.081594988703727722e-02,-1.763615198433399200e-02,6.439875364303588867e-01,5.343887209892272949e-02,-4.248899966478347778e-02,6.641523241996765137e-01,7.444733977317810059e-01,5.426426976919174194e-02,-6.273832917213439941e-02,5.906972661614418030e-02,1.018896996974945068e-01,-1.082791835069656372e-01,5.334780737757682800e-02,-4.880097508430480957e-02,-2.617685310542583466e-02,-3.502560034394264221e-02,2.005198448896408081e-01,-7.722418010234832764e-02,9.974870085716247559e-02,-7.772908359766006470e-02,2.915994524955749512e-01,3.950712736696004868e-03,2.295582145452499390e-01,3.847860097885131836e-01,2.405917495489120483e-01,-9.239742755889892578e-01,2.179092764854431152e-01,-5.007616281509399414e-01,2.490755915641784668e-01,-1.204743742942810059e+00
-2.366780862212181091e-02,-2.084906212985515594e-02,6.439083814620971680e-01,5.231000855565071106e-02,-4.214599728584289551e-02,6.628765463829040527e-01,7.457090616226196289e-01,4.890342429280281067e-02,-6.417415291070938110e-02,6.044517830014228821e-02,1.030966416001319885e-01,-1.079366281628608704e-01,5.261979997158050537e-02,-5.798303708434104919e-02,-2.742851339280605316e-02,-3.274909779429435730e-02,2.076801657676696777e-01,-7.387194037437438965e-02,1.032847911119461060e-01,-8.656179904937744141e-02,2.991342544555664062e-01,5.319901742041110992e-03,2.199969291687011719e-01,4.226561486721038818e-01,3.021368086338043213e-01,-8.836816549301147461e-01,2.358238846063613892e-01,-5.200003981590270996e-01,2.107042521238327026e-01,-1.290113568305969238e+00
-2.496718801558017731e-02,-2.243585884571075439e-02,6.437207460403442383e-01,5.205485224723815918e-02,-4.205421730875968933e-02,6.621968746185302734e-01,7.463357448577880859e-01,4.123214259743690491e-02,-6.518664956092834473e-02,5.875638872385025024e-02,1.134793758392333984e-01,-1.114772707223892212e-01,5.337534472346305847e-02,-6.564857810735702515e-02,-2.839715778827667236e-02,-3.106029704213142395e-02,2.170289456844329834e-01,-7.402803748846054077e-02,1.061573326587677002e-01,-9.190625697374343872e-02,3.064274489879608154e-01,5.409980658441781998e-03,2.125911563634872437e-01,4.662718176841735840e-01,3.540803790092468262e-01,-8.497880101203918457e-01,2.561840415000915527e-01,-5.359674096107482910e-01,1.637139767408370972e-01,-1.379656791687011719e+00
-2.685919776558876038e-02,-2.495350688695907593e-02,6.432914733886718750e-01,5.081310495734214783e-02,-4.071214050054550171e-02,6.611328721046447754e-01,7.474381923675537109e-01,2.747450768947601318e-02,-6.640761345624923706e-02,5.961562320590019226e-02,1.303943693637847900e-01,-1.185979619622230530e-01,5.443187430500984192e-02,-8.079809695482254028e-02,-3.016735613346099854e-02,-3.023349866271018982e-02,2.351624071598052979e-01,-7.681786268949508667e-02,1.074689775705337524e-01,-9.807863086462020874e-02,3.123252689838409424e-01,5.872237961739301682e-03,2.052187025547027588e-01,5.110008120536804199e-01,4.075685739517211914e-01,-8.203518986701965332e-01,2.769526243209838867e-01,-5.569897890090942383e-01,1.216640993952751160e-01,-1.471742391586303711e+00
-2.714584767818450928e-02,-2.794305793941020966e-02,6.426823139190673828e-01,4.858261719346046448e-02,-3.684133291244506836e-02,6.608003377914428711e-01,7.480810880661010742e-01,6.394015625119209290e-03,-6.758274137973785400e-02,6.068518012762069702e-02,1.520151942968368530e-01,-1.280420869588851929e-01,5.695286393165588379e-02,-1.050909981131553650e-01,-3.207532688975334167e-02,-2.837520465254783630e-02,2.628144025802612305e-01,-8.262364566326141357e-02,1.091805621981620789e-01,-1.044154465198516846e-01,3.136461675167083740e-01,3.529840148985385895e-03,2.084426432847976685e-01,5.534133315086364746e-01,4.531690776348114014e-01,-7.966275811195373535e-01,2.984408736228942871e-01,-5.754210948944091797e-01,1.018806621432304382e-01,-1.529733657836914062e+00
-2.870329096913337708e-02,-3.090802207589149475e-02,6.418383121490478516e-01,4.480515047907829285e-02,-3.233253210783004761e-02,6.591017246246337891e-01,7.500213384628295898e-01,-1.977034844458103180e-02,-6.838575750589370728e-02,6.415943801403045654e-02,1.779116094112396240e-01,-1.411048024892807007e-01,5.852939561009407043e-02,-1.356863677501678467e-01,-3.361761197447776794e-02,-2.506503090262413025e-02,2.953045368194580078e-01,-8.851850032806396484e-02,1.117759495973587036e-01,-1.074430942535400391e-01,3.138276934623718262e-01,2.772732870653271675e-03,1.948028653860092163e-01,6.013057827949523926e-01,4.869396686553955078e-01,-7.613435983657836914e-01,3.277705609798431396e-01,-5.963256359100341797e-01,8.501961827278137207e-02,-1.580533862113952637e+00
-2.562033571302890778e-02,-3.252901881933212280e-02,6.409107446670532227e-01,4.020288586616516113e-02,-2.449240908026695251e-02,6.592771410942077637e-01,7.504248619079589844e-01,-4.966318234801292419e-02,-6.815516203641891479e-02,6.361601501703262329e-02,2.020242512226104736e-01,-1.513459980487823486e-01,6.010676547884941101e-02,-1.706349104642868042e-01,-3.490061685442924500e-02,-2.512554638087749481e-02,3.312917351722717285e-01,-1.004803255200386047e-01,1.126434132456779480e-01,-1.109793633222579956e-01,3.138769567012786865e-01,5.541962105780839920e-03,1.942592859268188477e-01,6.370007991790771484e-01,5.195786952972412109e-01,-7.422772049903869629e-01,3.532262146472930908e-01,-5.973908901214599609e-01,6.972922384738922119e-02,-1.602896332740783691e+00
-2.147595398128032684e-02,-3.483765199780464172e-02,6.397100687026977539e-01,3.507069125771522522e-02,-1.540029328316450119e-02,6.616885066032409668e-01,7.487998604774475098e-01,-8.396884799003601074e-02,-6.758523732423782349e-02,6.073027104139328003e-02,2.265004813671112061e-01,-1.613685786724090576e-01,6.081249937415122986e-02,-2.093150317668914795e-01,-3.748834878206253052e-02,-2.766760811209678650e-02,3.719064891338348389e-01,-1.187913790345191956e-01,1.091777980327606201e-01,-1.133036538958549500e-01,3.138870000839233398e-01,1.028665993362665176e-02,1.886563450098037720e-01,6.707597374916076660e-01,5.363025665283203125e-01,-7.347741723060607910e-01,3.795713186264038086e-01,-5.897093415260314941e-01,4.979929700493812561e-02,-1.607096552848815918e+00
-1.899909414350986481e-02,-3.562079370021820068e-02,6.378272771835327148e-01,2.791638858616352081e-02,-5.163252819329500198e-03,6.632841229438781738e-01,7.478290200233459473e-01,-1.225055977702140808e-01,-6.721345335245132446e-02,5.942581593990325928e-02,2.539398670196533203e-01,-1.802031099796295166e-01,6.326454877853393555e-02,-2.513266205787658691e-01,-4.211615398526191711e-02,-3.075422905385494232e-02,4.145033955574035645e-01,-1.449765861034393311e-01,1.035935729742050171e-01,-1.148066520690917969e-01,3.138961195945739746e-01,1.517859753221273422e-02,1.755224019289016724e-01,6.949777007102966309e-01,5.440499782562255859e-01,-7.443888187408447266e-01,4.049042165279388428e-01,-5.806760191917419434e-01,3.846469521522521973e-02,-1.584202289581298828e+00
-1.200668700039386749e-02,-3.391441330313682556e-02,6.337845325469970703e-01,1.951790042221546173e-02,9.507355280220508575e-03,6.671580076217651367e-01,7.445997595787048340e-01,-1.788409054279327393e-01,-6.761448085308074951e-02,5.043640732765197754e-02,3.062791228294372559e-01,-2.123677730560302734e-01,7.311107218265533447e-02,-3.054265677928924561e-01,-4.791475832462310791e-02,-3.105638176202774048e-02,4.719539284706115723e-01,-1.837527006864547729e-01,9.152371436357498169e-02,-1.112548559904098511e-01,3.139245212078094482e-01,2.171154692769050598e-02,1.548062860965728760e-01,7.058650255203247070e-01,5.382713079452514648e-01,-7.744109034538269043e-01,4.280289411544799805e-01,-5.733193755149841309e-01,3.554157540202140808e-02,-1.530547261238098145e+00
-5.145845934748649597e-03,-3.240618109703063965e-02,6.266856193542480469e-01,1.115695480257272720e-02,2.472561225295066833e-02,6.683190464973449707e-01,7.433800101280212402e-01,-2.463730871677398682e-01,-6.868669390678405762e-02,4.323606565594673157e-02,3.799352645874023438e-01,-2.655909955501556396e-01,8.968023210763931274e-02,-3.667328655719757080e-01,-5.531750246882438660e-02,-3.170201927423477173e-02,5.354748368263244629e-01,-2.272488921880722046e-01,8.188866078853607178e-02,-1.034701839089393616e-01,3.139545023441314697e-01,2.666447870433330536e-02,1.350807398557662964e-01,6.975243091583251953e-01,5.355463624000549316e-01,-8.374242782592773438e-01,4.361137747764587402e-01,-5.769382715225219727e-01,3.227828070521354675e-02,-1.481937885284423828e+00
4.384535364806652069e-03,-2.841501310467720032e-02,6.150068044662475586e-01,1.996138133108615875e-03,4.046832025051116943e-02,6.709620952606201172e-01,7.403838038444519043e-01,-3.328864276409149170e-01,-6.919144093990325928e-02,2.995601296424865723e-02,4.819352626800537109e-01,-3.453758358955383301e-01,1.146328970789909363e-01,-4.370202422142028809e-01,-6.207567825913429260e-02,-3.404985368251800537e-02,6.166172027587890625e-01,-2.818019688129425049e-01,6.850498169660568237e-02,-9.113814681768417358e-02,3.139829635620117188e-01,3.148758411407470703e-02,9.686257690191268921e-02,6.656279563903808594e-01,4.922522604465484619e-01,-9.206970930099487305e-01,4.285545945167541504e-01,-5.773715376853942871e-01,4.963375255465507507e-02,-1.415195584297180176e+00
1.185792591422796249e-02,-2.812912873923778534e-02,5.995324850082397461e-01,-9.879366494715213776e-03,5.399696901440620422e-02,6.735628843307495117e-01,7.370887398719787598e-01,-4.290626049041748047e-01,-6.751692295074462891e-02,1.009907573461532593e-02,5.839352607727050781e-01,-4.245788455009460449e-01,1.391034871339797974e-01,-5.130406022071838379e-01,-6.189877539873123169e-02,-3.462412953376770020e-02,7.024574279785156250e-01,-3.491673469543457031e-01,4.969233274459838867e-02,-7.263708859682083130e-02,3.139974474906921387e-01,3.823918849229812622e-02,5.241758376359939575e-02,6.049166917800903320e-01,4.227130413055419922e-01,-1.022697091102600098e+00,4.025763869285583496e-01,-5.772353410720825195e-01,9.157124161720275879e-02,-1.332212090492248535e+00
1.239834912121295929e-02,-2.934283204376697540e-02,5.796347856521606445e-01,-2.054047957062721252e-02,5.795595422387123108e-02,6.731125116348266602e-01,7.369794845581054688e-01,-5.180861353874206543e-01,-5.544299259781837463e-02,1.367293996736407280e-03,6.859352588653564453e-01,-4.701311588287353516e-01,1.430143415927886963e-01,-5.854717493057250977e-01,-6.398174911737442017e-02,-5.430318415164947510e-02,8.044574260711669922e-01,-4.274706244468688965e-01,2.467947080731391907e-02,-4.280971363186836243e-02,3.139996230602264404e-01,5.249206721782684326e-02,7.301404548343271017e-05,5.451273322105407715e-01,3.207130432128906250e-01,-1.124697089195251465e+00,3.232493698596954346e-01,-5.999972224235534668e-01,1.562908589839935303e-01,-1.273985385894775391e+00
1.737309060990810394e-02,-4.375499114394187927e-02,5.618315935134887695e-01,-1.937626488506793976e-02,5.220299586653709412e-02,6.797026395797729492e-01,7.313711047172546387e-01,-5.708101987838745117e-01,-3.611136600375175476e-02,-3.419435583055019379e-03,7.879352569580078125e-01,-4.744814634323120117e-01,1.377694904804229736e-01,-6.334896683692932129e-01,-6.929054111242294312e-02,-8.132379502058029175e-02,9.005297422409057617e-01,-5.097181797027587891e-01,-4.634915851056575775e-03,-8.582940325140953064e-03,3.139999508857727051e-01,6.626043468713760376e-02,-9.147007763385772705e-02,5.000161528587341309e-01,2.187130302190780640e-01,-1.226697087287902832e+00,2.212493717670440674e-01,-6.176139116287231445e-01,2.108694761991500854e-01,-1.198977589607238770e+00
2.275651693344116211e-02,-5.793188512325286865e-02,5.540852546691894531e-01,-9.607114829123020172e-03,4.748674854636192322e-02,6.889596581459045410e-01,7.231785655021667480e-01,-5.963031053543090820e-01,-5.530657246708869934e-03,7.122185546904802322e-03,8.827825188636779785e-01,-4.681279957294464111e-01,1.303923130035400391e-01,-6.504440307617187500e-01,-8.421356976032257080e-02,-1.017520576715469360e-01,9.566588401794433594e-01,-5.442699193954467773e-01,-1.115511171519756317e-02,2.043077908456325531e-02,3.139999806880950928e-01,6.824855506420135498e-02,-1.934700757265090942e-01,5.221831798553466797e-01,1.167130321264266968e-01,-1.328697085380554199e+00,1.192493662238121033e-01,-6.221130490303039551e-01,2.833088040351867676e-01,-1.106670737266540527e+00
3.154858201742172241e-02,-5.476248264312744141e-02,5.651932954788208008e-01,4.535913933068513870e-03,4.812274873256683350e-02,6.933983564376831055e-01,7.189313769340515137e-01,-6.065352559089660645e-01,2.571125142276287079e-02,2.385045960545539856e-02,9.245751500129699707e-01,-4.206454455852508545e-01,1.082483604550361633e-01,-6.134303212165832520e-01,-1.055582463741302490e-01,-1.215743944048881531e-01,9.319474697113037109e-01,-4.873292148113250732e-01,2.540597692131996155e-02,4.484021663665771484e-02,3.140000104904174805e-01,5.249577015638351440e-02,-2.954700887203216553e-01,6.241831779479980469e-01,1.471303403377532959e-02,-1.430697083473205566e+00,1.724936626851558685e-02,-6.893458366394042969e-01,2.980579137802124023e-01,-1.163747668266296387e+00
3.328868374228477478e-02,-5.115628615021705627e-02,5.933164358139038086e-01,-1.766240922734141350e-03,7.168862223625183105e-02,6.946996450424194336e-01,7.157164812088012695e-01,-6.532837152481079102e-01,6.198823451995849609e-02,5.592511594295501709e-02,9.567114114761352539e-01,-3.206536769866943359e-01,6.333510577678680420e-02,-5.778712630271911621e-01,-1.304898262023925781e-01,-1.473523378372192383e-01,8.299474716186523438e-01,-3.853292167186737061e-01,9.314633905887603760e-02,7.154602557420730591e-02,2.559958100318908691e-01,3.294388204813003540e-02,-3.974700868129730225e-01,7.261831760406494141e-01,-8.728696405887603760e-02,-1.504320621490478516e+00,-8.475063741207122803e-02,-7.913458347320556641e-01,2.657811939716339111e-01,-1.265747666358947754e+00
3.327358141541481018e-02,-4.610518366098403931e-02,6.307387351989746094e-01,-8.300269953906536102e-03,8.853895962238311768e-02,7.053046226501464844e-01,7.033045887947082520e-01,-7.044174075126647949e-01,1.023758128285408020e-01,9.692931175231933594e-02,1.050951838493347168e+00,-2.304547727108001709e-01,2.254486270248889923e-02,-5.206503868103027344e-01,-1.531755477190017700e-01,-1.705826669931411743e-01,7.279474735260009766e-01,-2.833292186260223389e-01,1.564666628837585449e-01,9.551737457513809204e-02,2.244479656219482422e-01,-4.028029274195432663e-03,-4.638552367687225342e-01,8.281831741333007812e-01,6.868034601211547852e-03,-1.606320619583129883e+00,-1.867506355047225952e-01,-8.933458328247070312e-01,1.637811809778213501e-01,-1.367747664451599121e+00
2.985889464616775513e-02,-3.818815574049949646e-02,6.695630550384521484e-01,1.565421582199633121e-03,9.406471252441406250e-02,7.202507257461547852e-01,6.873050928115844727e-01,-7.432674169540405273e-01,1.485887020826339722e-01,1.418003588914871216e-01,1.152951836585998535e+00,-2.200777828693389893e-01,-1.423599198460578918e-02,-4.186503887176513672e-01,-1.795839518308639526e-01,-2.166853994131088257e-01,6.259474158287048340e-01,-1.813292205333709717e-01,2.169843167066574097e-01,1.257611811161041260e-01,2.354673743247985840e-01,-4.810826107859611511e-02,-4.205187857151031494e-01,9.301831722259521484e-01,1.088680326938629150e-01,-1.600635766983032227e+00,-2.887506484985351562e-01,-9.953458309173583984e-01,6.178118661046028137e-02,-1.469747662544250488e+00
1.993461325764656067e-02,-2.050686068832874298e-02,7.009984254837036133e-01,1.766430027782917023e-02,8.197184652090072632e-02,7.363193631172180176e-01,6.714181900024414062e-01,-7.779484987258911133e-01,1.903410702943801880e-01,1.588103175163269043e-01,1.254951834678649902e+00,-2.230946868658065796e-01,-3.175342082977294922e-02,-3.823701143264770508e-01,-2.293079197406768799e-01,-2.517905533313751221e-01,6.333009600639343262e-01,-7.932922244071960449e-02,2.181993573904037476e-01,9.738355875015258789e-02,2.752223908901214600e-01,-9.603862464427947998e-02,-3.481966555118560791e-01,1.032183170318603516e+00,2.062203735113143921e-01,-1.498635768890380859e+00,-3.907506465911865234e-01,-1.097345829010009766e+00,-4.021881148219108582e-02,-1.571747660636901855e+00
5.582113750278949738e-03,-1.993831247091293335e-02,7.214317321777343750e-01,2.307594753801822662e-02,6.772091239690780640e-02,7.549474835395812988e-01,6.518709063529968262e-01,-7.562320232391357422e-01,2.176963388919830322e-01,1.665048152208328247e-01,1.356951832771301270e+00,-1.840745359659194946e-01,-6.891094893217086792e-02,-4.011749327182769775e-01,-2.943918704986572266e-01,-2.554921507835388184e-01,7.353009581565856934e-01,2.267077565193176270e-02,1.874446123838424683e-01,5.220352485775947571e-02,3.060167729854583740e-01,-1.094730645418167114e-01,-2.461966574192047119e-01,1.134183168411254883e+00,1.891243904829025269e-01,-1.396635770797729492e+00,-4.927506446838378906e-01,-1.199345827102661133e+00,-1.422188133001327515e-01,-1.561103820800781250e+00
-1.238085329532623291e-02,-2.493031136691570282e-02,7.181375026702880859e-01,2.309628576040267944e-02,5.638064444065093994e-02,7.752996087074279785e-01,6.286480426788330078e-01,-7.602279186248779297e-01,2.160693258047103882e-01,1.329177320003509521e-01,1.458951830863952637e+00,-1.590191423892974854e-01,-9.737801551818847656e-02,-4.928021132946014404e-01,-3.642688095569610596e-01,-1.959483474493026733e-01,8.373009562492370605e-01,1.246707737445831299e-01,1.379215121269226074e-01,1.140282582491636276e-02,3.128025233745574951e-01,-8.185777813196182251e-02,-1.442570537328720093e-01,1.236183166503906250e+00,1.943757086992263794e-01,-1.294635772705078125e+00,-5.947506427764892578e-01,-1.301345825195312500e+00,-2.442188113927841187e-01,-1.472722887992858887e+00
-3.132581710815429688e-02,-3.840268030762672424e-02,6.891349554061889648e-01,2.752138301730155945e-02,3.554971516132354736e-02,7.997223138809204102e-01,5.986843705177307129e-01,-7.574843168258666992e-01,1.938410848379135132e-01,1.296490281820297241e-01,1.560951828956604004e+00,-1.890530884265899658e-01,-1.119853705167770386e-01,-5.948020815849304199e-01,-4.184773564338684082e-01,-9.849441051483154297e-02,9.393009543418884277e-01,4.009449109435081482e-02,1.044388487935066223e-01,-3.829477727413177490e-02,3.138203918933868408e-01,-2.266840264201164246e-02,-6.332136690616607666e-02,1.338183164596557617e+00,2.462622821331024170e-01,-1.192635774612426758e+00,-6.967506408691406250e-01,-1.403345823287963867e+00,-3.462188243865966797e-01,-1.396839976310729980e+00
-4.529463127255439758e-02,-5.469042435288429260e-02,6.419599056243896484e-01,1.319373771548271179e-02,2.683185599744319916e-02,8.250079751014709473e-01,5.643295645713806152e-01,-8.055221438407897949e-01,1.755211502313613892e-01,1.273666918277740479e-01,1.662951827049255371e+00,-2.427398115396499634e-01,-1.097069680690765381e-01,-6.968021392822265625e-01,-4.342655241489410400e-01,-1.099302060902118683e-02,1.041301012039184570e+00,-6.190551072359085083e-02,1.012201905250549316e-01,-7.121418416500091553e-02,3.139730691909790039e-01,5.021122843027114868e-02,1.339591480791568756e-02,1.440183162689208984e+00,3.482622802257537842e-01,-1.202950596809387207e+00,-7.648460268974304199e-01,-1.505345821380615234e+00,-4.482188224792480469e-01,-1.346144795417785645e+00
-5.488176643848419189e-02,-6.870538741350173950e-02,5.908262729644775391e-01,5.590417422354221344e-03,3.233307972550392151e-03,8.486518263816833496e-01,5.289124250411987305e-01,-9.024850726127624512e-01,1.772401183843612671e-01,1.071163788437843323e-01,1.764951825141906738e+00,-3.447398245334625244e-01,-9.010611474514007568e-02,-7.908502221107482910e-01,-4.360590577125549316e-01,4.268846660852432251e-02,1.143301010131835938e+00,-1.639055162668228149e-01,1.097190007567405701e-01,-8.514442294836044312e-02,3.139959573745727539e-01,1.089161783456802368e-01,1.012446805834770203e-01,1.338183164596557617e+00,4.273240864276885986e-01,-1.304950594902038574e+00,-7.734714150428771973e-01,-1.480191349983215332e+00,-5.502188205718994141e-01,-1.354148745536804199e+00
-6.219620257616043091e-02,-5.667411535978317261e-02,5.526109933853149414e-01,-1.595803350210189819e-02,-6.772783119231462479e-03,8.598326444625854492e-01,5.102815628051757812e-01,-1.004485011100769043e+00,1.855255812406539917e-01,3.152444213628768921e-02,1.866951942443847656e+00,-4.467398226261138916e-01,-1.620603911578655243e-02,-8.413867354393005371e-01,-3.932341635227203369e-01,8.879675716161727905e-02,1.245301008224487305e+00,-2.659054994583129883e-01,1.069459244608879089e-01,-9.192943572998046875e-02,3.139993846416473389e-01,1.534815877676010132e-01,2.032446712255477905e-01,1.236183166503906250e+00,3.253240585327148438e-01,-1.406950592994689941e+00,-8.121333122253417969e-01,-1.378191351890563965e+00,-6.522188186645507812e-01,-1.390235424041748047e+00
-6.930293142795562744e-02,-4.787198454141616821e-02,5.271221399307250977e-01,-3.521229699254035950e-02,-9.293515468016266823e-04,8.628063797950744629e-01,5.043058395385742188e-01,-1.088763117790222168e+00,1.668827533721923828e-01,-5.238429456949234009e-02,1.910040616989135742e+00,-5.487397909164428711e-01,5.852238088846206665e-02,-8.422898054122924805e-01,-3.444079756736755371e-01,1.000266671180725098e-01,1.347301006317138672e+00,-3.679054975509643555e-01,8.422426879405975342e-02,-9.648086130619049072e-02,3.139999210834503174e-01,1.563751548528671265e-01,3.052446842193603516e-01,1.134183168411254883e+00,2.233240753412246704e-01,-1.508950591087341309e+00,-8.362889289855957031e-01,-1.276191353797912598e+00,-7.542188167572021484e-01,-1.314781665802001953e+00
-7.474619895219802856e-02,-4.393534362316131592e-02,5.094175338745117188e-01,-4.512005671858787537e-02,-3.060278831981122494e-04,8.686380982398986816e-01,4.933881759643554688e-01,-1.066096901893615723e+00,1.392938643693923950e-01,-1.316125243902206421e-01,1.808040618896484375e+00,-6.392781734466552734e-01,1.049735769629478455e-01,-7.425810694694519043e-01,-3.276421427726745605e-01,5.699647963047027588e-02,1.328227162361145020e+00,-4.699054956436157227e-01,7.479592412710189819e-02,-6.131011247634887695e-02,3.139999806880950928e-01,1.468603014945983887e-01,3.465644121170043945e-01,1.032183170318603516e+00,1.213240697979927063e-01,-1.610950589179992676e+00,-7.342889308929443359e-01,-1.174191355705261230e+00,-8.519140481948852539e-01,-1.212781667709350586e+00
-8.139462769031524658e-02,-3.488200530409812927e-02,4.901856482028961182e-01,-4.766981303691864014e-02,-3.460168140009045601e-03,8.715805411338806152e-01,4.879170060157775879e-01,-1.013527512550354004e+00,8.841066062450408936e-02,-2.121109068393707275e-01,1.706040620803833008e+00,-6.835945248603820801e-01,1.300121694803237915e-01,-6.405810713768005371e-01,-3.058731853961944580e-01,2.576863765716552734e-02,1.226227164268493652e+00,-5.132485628128051758e-01,9.021430462598800659e-02,-1.915792189538478851e-02,3.139999806880950928e-01,1.118514537811279297e-01,3.124573528766632080e-01,9.301831722259521484e-01,1.932407356798648834e-02,-1.712950587272644043e+00,-6.322889328002929688e-01,-1.072191357612609863e+00,-7.499140501022338867e-01,-1.314781665802001953e+00
-8.972758799791336060e-02,-3.704473376274108887e-02,4.627538621425628662e-01,-4.315949603915214539e-02,-4.421718418598175049e-03,8.749719858169555664e-01,4.822257459163665771e-01,-1.003410339355468750e+00,4.151031002402305603e-02,-2.589969933032989502e-01,1.604040622711181641e+00,-7.079173922538757324e-01,1.575025767087936401e-01,-6.225211024284362793e-01,-2.912337779998779297e-01,3.923733532428741455e-02,1.183230042457580566e+00,-5.972299575805664062e-01,4.981192201375961304e-02,1.930345594882965088e-02,3.139999508857727051e-01,5.815481022000312805e-02,2.776202857494354248e-01,8.281831741333007812e-01,-8.267592638731002808e-02,-1.814950585365295410e+00,-5.302889347076416016e-01,-9.701913595199584961e-01,-6.479140520095825195e-01,-1.416781663894653320e+00
-9.278683364391326904e-02,-3.955103829503059387e-02,4.543865621089935303e-01,-1.931360736489295959e-02,-8.262944407761096954e-03,8.756124973297119141e-01,4.825572073459625244e-01,-9.515471458435058594e-01,1.449344120919704437e-02,-2.808892726898193359e-01,1.502040624618530273e+00,-7.404639720916748047e-01,1.662101745605468750e-01,-5.814868807792663574e-01,-2.946328520774841309e-01,3.656492009758949280e-02,1.207843065261840820e+00,-6.841143369674682617e-01,6.791627034544944763e-03,4.931083321571350098e-02,3.139999806880950928e-01,2.025198005139827728e-02,2.689660787582397461e-01,7.261831760406494141e-01,-1.783873736858367920e-01,-1.815821766853332520e+00,-4.282889366149902344e-01,-8.681913614273071289e-01,-5.459140539169311523e-01,-1.440493106842041016e+00
-9.612154215574264526e-02,-2.203660458326339722e-02,4.721947014331817627e-01,7.828024215996265411e-03,-7.998832501471042633e-03,8.651366829872131348e-01,5.014111995697021484e-01,-8.495471477508544922e-01,1.276198308914899826e-03,-2.968256175518035889e-01,1.400040626525878906e+00,-6.960666775703430176e-01,1.221904009580612183e-01,-5.190782546997070312e-01,-3.002908825874328613e-01,1.858496852219104767e-02,1.180313944816589355e+00,-6.583157777786254883e-01,-5.801482591778039932e-03,6.883197277784347534e-02,3.140000104904174805e-01,1.067939400672912598e-02,2.836548984050750732e-01,6.241831779479980469e-01,-1.688287556171417236e-01,-1.717822670936584473e+00,-3.262889385223388672e-01,-7.661913633346557617e-01,-4.439140558242797852e-01,-1.338493108749389648e+00
-1.012673974037170410e-01,-2.463823556900024414e-02,5.091044902801513672e-01,2.319764159619808197e-02,-8.462722180411219597e-04,8.462252616882324219e-01,5.323194265365600586e-01,-7.475471496582031250e-01,4.838069435209035873e-03,-3.066242337226867676e-01,1.298040628433227539e+00,-5.940666794776916504e-01,4.801890999078750610e-02,-4.776497483253479004e-01,-2.845399677753448486e-01,2.601087652146816254e-02,1.117368817329406738e+00,-5.563157796859741211e-01,2.695665881037712097e-02,5.672302097082138062e-02,3.140000104904174805e-01,2.253091335296630859e-02,3.250417709350585938e-01,5.221831798553466797e-01,-9.596572071313858032e-02,-1.615822672843933105e+00,-2.242889553308486938e-01,-6.641913652420043945e-01,-3.419140577316284180e-01,-1.236493110656738281e+00
-1.071993634104728699e-01,-2.492318861186504364e-02,5.590400695800781250e-01,3.332252800464630127e-02,-2.037673024460673332e-03,8.254747390747070312e-01,5.634508728981018066e-01,-6.455471515655517578e-01,6.914062798023223877e-02,-2.506854236125946045e-01,1.196040630340576172e+00,-4.920666515827178955e-01,7.060038857161998749e-03,-4.089917838573455811e-01,-2.609064877033233643e-01,5.148737877607345581e-02,1.015368819236755371e+00,-4.543158113956451416e-01,9.725860506296157837e-02,2.290897071361541748e-02,3.140000104904174805e-01,6.163718923926353455e-02,4.270417690277099609e-01,4.201831817626953125e-01,6.034280173480510712e-03,-1.513822674751281738e+00,-1.222889497876167297e-01,-6.493239998817443848e-01,-3.309279978275299072e-01,-1.134493112564086914e+00
-1.093591302633285522e-01,-3.140800818800926208e-02,6.063128709793090820e-01,3.972563892602920532e-02,-1.350549701601266861e-02,8.031084537506103516e-01,5.943536758422851562e-01,-5.435471534729003906e-01,1.281294971704483032e-01,-1.963480561971664429e-01,1.175715565681457520e+00,-3.900666534900665283e-01,-6.063517183065414429e-02,-3.591186404228210449e-01,-2.564607262611389160e-01,5.139807611703872681e-02,9.133688211441040039e-01,-3.523158133029937744e-01,1.590553373098373413e-01,8.092528209090232849e-03,3.140000104904174805e-01,1.348643898963928223e-01,5.290417671203613281e-01,4.878087639808654785e-01,1.080342829227447510e-01,-1.411822676658630371e+00,-2.028894983232021332e-02,-7.497209906578063965e-01,-3.570226430892944336e-01,-1.032493114471435547e+00
-1.155389174818992615e-01,-3.499677032232284546e-02,6.413675546646118164e-01,4.019545018672943115e-02,-2.609066665172576904e-02,7.798102498054504395e-01,6.241791248321533203e-01,-4.415471553802490234e-01,1.599281877279281616e-01,-1.618059277534484863e-01,1.243009567260742188e+00,-2.880666553974151611e-01,-1.210298687219619751e-01,-3.626539409160614014e-01,-2.537395656108856201e-01,7.388217747211456299e-02,8.660758137702941895e-01,-2.503158152103424072e-01,1.791042387485504150e-01,-3.124290145933628082e-03,3.140000104904174805e-01,2.243682444095611572e-01,6.310417652130126953e-01,5.898087620735168457e-01,2.100342810153961182e-01,-1.309822678565979004e+00,8.171105384826660156e-02,-8.517209887504577637e-01,-3.846146464347839355e-01,-9.304930567741394043e-01
-1.213542819023132324e-01,-3.850451856851577759e-02,6.586813926696777344e-01,4.370653256773948669e-02,-3.968124464154243469e-02,7.620353102684020996e-01,6.448390483856201172e-01,-3.747376799583435059e-01,1.429715752601623535e-01,-1.251983046531677246e-01,1.345009565353393555e+00,-1.860666573047637939e-01,-1.745322048664093018e-01,-4.039650559425354004e-01,-2.808850109577178955e-01,7.131607830524444580e-02,9.059336781501770020e-01,-1.483158022165298462e-01,1.670779138803482056e-01,-3.135881945490837097e-02,3.137115240097045898e-01,3.041734695434570312e-01,5.290417671203613281e-01,6.918087601661682129e-01,3.056609928607940674e-01,-1.207822680473327637e+00,1.837110519409179688e-01,-9.537209868431091309e-01,-3.068520128726959229e-01,-8.284930586814880371e-01
-1.259139925241470337e-01,-4.783027246594429016e-02,6.535054445266723633e-01,3.647671267390251160e-02,-4.380096495151519775e-02,7.429527044296264648e-01,6.669124364852905273e-01,-4.337360858917236328e-01,1.268775463104248047e-01,-8.278282731771469116e-02,1.447009563446044922e+00,-1.288204342126846313e-01,-1.670317947864532471e-01,-5.059650540351867676e-01,-2.897216677665710449e-01,9.861523658037185669e-02,1.007933735847473145e+00,-4.631580784916877747e-02,1.283667385578155518e-01,-3.026640042662620544e-02,3.139567375183105469e-01,3.792610168457031250e-01,4.270417690277099609e-01,7.938087582588195801e-01,3.472880721092224121e-01,-1.105822682380676270e+00,2.857110500335693359e-01,-9.520654082298278809e-01,-4.088520109653472900e-01,-7.264930605888366699e-01
-1.298985481262207031e-01,-6.535860151052474976e-02,6.273355484008789062e-01,1.657463051378726959e-02,-2.269615605473518372e-02,7.261546850204467773e-01,6.869567036628723145e-01,-5.357360839843750000e-01,1.173961609601974487e-01,-3.582797944545745850e-02,1.549009561538696289e+00,-1.579864323139190674e-01,-1.166609451174736023e-01,-6.079650521278381348e-01,-2.872927188873291016e-01,1.264602392911911011e-01,1.109933733940124512e+00,-5.529326945543289185e-02,8.511203527450561523e-02,-7.152749598026275635e-02,3.139935135841369629e-01,3.979775607585906982e-01,3.250417709350585938e-01,8.958087563514709473e-01,3.356707394123077393e-01,-1.003822684288024902e+00,3.877110481262207031e-01,-8.500654101371765137e-01,-5.108520388603210449e-01,-6.244930624961853027e-01
-1.360561400651931763e-01,-8.188264071941375732e-02,5.916361808776855469e-01,-2.592288423329591751e-03,-1.143140136264264584e-03,7.048479914665222168e-01,7.093527317047119141e-01,-6.377360820770263672e-01,1.182471960783004761e-01,-3.984165936708450317e-02,1.651009559631347656e+00,-2.465091049671173096e-01,-4.636514559388160706e-02,-7.099650502204895020e-01,-2.555617094039916992e-01,1.627357751131057739e-01,1.211933732032775879e+00,-8.320811390876770020e-02,9.332945197820663452e-02,-1.091699227690696716e-01,3.139990270137786865e-01,3.855317831039428711e-01,2.230417728424072266e-01,9.978087544441223145e-01,4.376707375049591064e-01,-9.018226861953735352e-01,4.897110462188720703e-01,-7.480654120445251465e-01,-6.128520369529724121e-01,-5.224930644035339355e-01
-1.398486644029617310e-01,-9.382788836956024170e-02,5.578509569168090820e-01,-1.149141578935086727e-03,2.012062445282936096e-02,6.820545792579650879e-01,7.310234904289245605e-01,-7.397360801696777344e-01,1.407600939273834229e-01,-4.730584472417831421e-02,1.753009557723999023e+00,-3.371367454528808594e-01,1.972516812384128571e-02,-8.119650483131408691e-01,-2.229713648557662964e-01,1.711021661758422852e-01,1.313933730125427246e+00,-1.337911933660507202e-01,1.183495447039604187e-01,-1.575258970260620117e-01,3.139998614788055420e-01,3.362133204936981201e-01,1.210417822003364563e-01,1.099808812141418457e+00,5.396707057952880859e-01,-8.133628964424133301e-01,5.917110443115234375e-01,-6.460654139518737793e-01,-6.695923209190368652e-01,-4.204930663108825684e-01
-1.452351808547973633e-01,-1.004423722624778748e-01,5.266528129577636719e-01,1.532024238258600235e-02,3.546855598688125610e-02,6.794809699058532715e-01,7.326751351356506348e-01,-8.417360782623291016e-01,1.403698623180389404e-01,-5.669797211885452271e-02,1.696709990501403809e+00,-4.391367435455322266e-01,9.495794028043746948e-02,-9.139650464057922363e-01,-2.233582139015197754e-01,1.744680702686309814e-01,1.415933728218078613e+00,-2.357834726572036743e-01,1.188789829611778259e-01,-2.595258951187133789e-01,3.139999806880950928e-01,2.575582563877105713e-01,1.904177851974964142e-02,1.201808810234069824e+00,6.416707038879394531e-01,-9.153628945350646973e-01,6.937110424041748047e-01,-5.440654158592224121e-01,-5.675923228263854980e-01,-5.092439651489257812e-01
-1.512612998485565186e-01,-1.057915091514587402e-01,4.990986287593841553e-01,5.503394175320863724e-03,6.056212261319160461e-02,6.660934090614318848e-01,7.433851957321166992e-01,-9.437360763549804688e-01,1.348978430032730103e-01,-7.401261478662490845e-02,1.594709992408752441e+00,-5.411367416381835938e-01,1.223525106906890869e-01,-1.015965104103088379e+00,-2.487412691116333008e-01,1.128934621810913086e-01,1.517933726310729980e+00,-3.377834558486938477e-01,1.047174483537673950e-01,-3.402359485626220703e-01,3.140000104904174805e-01,1.635578125715255737e-01,-8.295822143554687500e-02,1.165036082267761230e+00,5.396707057952880859e-01,-1.017362833023071289e+00,7.957110404968261719e-01,-4.420654177665710449e-01,-4.655922949314117432e-01,-6.112439632415771484e-01
-1.559767276048660278e-01,-1.097013950347900391e-01,4.740584790706634521e-01,-2.714632777497172356e-03,8.247859776020050049e-02,6.331267356872558594e-01,7.696365714073181152e-01,-9.872651696205139160e-01,1.060836315155029297e-01,-1.488997936248779297e-01,1.492709994316101074e+00,-6.202297210693359375e-01,1.262646764516830444e-01,-1.103592157363891602e+00,-2.263823449611663818e-01,9.725566208362579346e-02,1.509446740150451660e+00,-4.397834837436676025e-01,8.326483517885208130e-02,-3.716399967670440674e-01,3.139999508857727051e-01,8.864083141088485718e-02,-1.849582195281982422e-01,1.063036084175109863e+00,4.376707375049591064e-01,-1.119362831115722656e+00,6.937110424041748047e-01,-3.400654196739196777e-01,-3.635922968387603760e-01,-7.132439613342285156e-01
-1.598188579082489014e-01,-1.093260422348976135e-01,4.495572745800018311e-01,-1.288182567805051804e-02,8.717064559459686279e-02,5.807952880859375000e-01,8.092664480209350586e-01,-9.483864903450012207e-01,9.988493472337722778e-02,-1.596735119819641113e-01,1.390709996223449707e+00,-6.629712581634521484e-01,1.370290815830230713e-01,-1.094055294990539551e+00,-1.958978623151779175e-01,1.056430563330650330e-01,1.473926782608032227e+00,-5.417834520339965820e-01,2.420326508581638336e-02,-3.291626274585723877e-01,3.139999806880950928e-01,3.333378210663795471e-02,-2.869582176208496094e-01,9.610360860824584961e-01,3.356707394123077393e-01,-1.221362829208374023e+00,5.917110443115234375e-01,-2.380654215812683105e-01,-2.615922987461090088e-01,-8.152439594268798828e-01
-1.637476682662963867e-01,-1.040892302989959717e-01,4.360716640949249268e-01,-9.623614139854907990e-03,7.968099415302276611e-02,5.014883875846862793e-01,8.614335656166076660e-01,-8.772724270820617676e-01,1.205250620841979980e-01,-1.524021178483963013e-01,1.288709998130798340e+00,-7.039732336997985840e-01,1.582918912172317505e-01,-1.032449126243591309e+00,-1.250468939542770386e-01,1.858979314565658569e-01,1.408106803894042969e+00,-6.437834501266479492e-01,3.008868359029293060e-02,-2.912172079086303711e-01,3.140000104904174805e-01,1.382798328995704651e-02,-3.889582157135009766e-01,8.590360879898071289e-01,2.336707264184951782e-01,-1.323362827301025391e+00,4.897110462188720703e-01,-1.381805986166000366e-01,-1.595923155546188354e-01,-9.172439575195312500e-01
-1.626100838184356689e-01,-1.016293019056320190e-01,4.518314898014068604e-01,-7.056401576846837997e-03,8.112540096044540405e-02,4.499988853931427002e-01,8.893086314201354980e-01,-7.910956144332885742e-01,1.488001197576522827e-01,-1.173733994364738464e-01,1.186710000038146973e+00,-6.672716140747070312e-01,1.359556764364242554e-01,-9.654518961906433105e-01,-6.433958560228347778e-02,2.755400240421295166e-01,1.311655521392822266e+00,-7.418402433395385742e-01,5.836217850446701050e-02,-2.888343036174774170e-01,3.140000104904174805e-01,2.115996554493904114e-02,-4.909582138061523438e-01,7.570360898971557617e-01,1.316707283258438110e-01,-1.425362825393676758e+00,3.877110481262207031e-01,-1.831308901309967041e-01,-5.759231001138687134e-02,-1.019243955612182617e+00
-1.526789367198944092e-01,-9.858993440866470337e-02,4.915655553340911865e-01,1.257386058568954468e-02,7.142081856727600098e-02,4.068322777748107910e-01,9.106197953224182129e-01,-6.890956163406372070e-01,2.106272429227828979e-01,-6.408753246068954468e-02,1.084710001945495605e+00,-5.652716159820556641e-01,7.923651486635208130e-02,-8.634518980979919434e-01,-8.813957124948501587e-02,3.124895691871643066e-01,1.209655523300170898e+00,-6.398402452468872070e-01,8.716919273138046265e-02,-3.055634200572967529e-01,3.140000104904174805e-01,1.678744796663522720e-03,-4.263345301151275635e-01,6.733230352401733398e-01,2.967072650790214539e-02,-1.527362823486328125e+00,2.857110500335693359e-01,-2.851308882236480713e-01,4.440769180655479431e-02,-1.121243953704833984e+00
-1.345486640930175781e-01,-9.910411387681961060e-02,5.418212413787841797e-01,3.266229853034019470e-02,4.563799127936363220e-02,3.674761056900024414e-01,9.283381104469299316e-01,-5.870956182479858398e-01,2.800298631191253662e-01,3.389739198610186577e-03,9.827099442481994629e-01,-4.632716178894042969e-01,-6.933239637874066830e-05,-7.614519000053405762e-01,-1.901395767927169800e-01,2.306002527475357056e-01,1.107655525207519531e+00,-5.378402471542358398e-01,1.239279583096504211e-01,-3.388631641864776611e-01,3.140000104904174805e-01,-3.861312568187713623e-02,-3.243345320224761963e-01,7.577219605445861816e-01,-7.232927531003952026e-02,-1.629362821578979492e+00,1.837110519409179688e-01,-3.871308863162994385e-01,1.464076936244964600e-01,-1.223243951797485352e+00
-1.176116615533828735e-01,-1.048644185066223145e-01,5.891137123107910156e-01,4.727555438876152039e-02,3.171819448471069336e-02,3.427447974681854248e-01,9.377019405364990234e-01,-4.850956201553344727e-01,3.091779351234436035e-01,4.655261710286140442e-02,8.921428322792053223e-01,-3.612716197967529297e-01,-7.819261401891708374e-02,-6.594519019126892090e-01,-2.403445243835449219e-01,1.601065695285797119e-01,1.005655527114868164e+00,-4.358402192592620850e-01,1.589597165584564209e-01,-3.759959936141967773e-01,3.091641366481781006e-01,-8.853443711996078491e-02,-2.223345488309860229e-01,8.597219586372375488e-01,-1.743292659521102905e-01,-1.731362819671630859e+00,8.171105384826660156e-02,-4.891308844089508057e-01,2.484076917171478271e-01,-1.325243949890136719e+00
-1.003644838929176331e-01,-1.075422391295433044e-01,6.263651847839355469e-01,5.613191798329353333e-02,3.725528717041015625e-02,3.271130919456481934e-01,9.425806403160095215e-01,-4.181892871856689453e-01,2.892068624496459961e-01,1.750327274203300476e-02,9.941428303718566895e-01,-2.592716217041015625e-01,-1.131105571985244751e-01,-5.574519038200378418e-01,-2.535145282745361328e-01,1.287102699279785156e-01,1.024619698524475098e+00,-3.338402211666107178e-01,1.759743988513946533e-01,-4.009093940258026123e-01,2.830075919628143311e-01,-1.444243937730789185e-01,-1.203345432877540588e-01,9.545258879661560059e-01,-2.763292789459228516e-01,-1.833362817764282227e+00,-2.028894983232021332e-02,-5.911309123039245605e-01,1.473122686147689819e-01,-1.427243947982788086e+00
-8.144614100456237793e-02,-1.058755144476890564e-01,6.512185335159301758e-01,6.098822131752967834e-02,3.797624632716178894e-02,3.126414418220520020e-01,9.471502304077148438e-01,-5.030336380004882812e-01,2.497589290142059326e-01,-4.264506045728921890e-03,1.096142888069152832e+00,-1.572716236114501953e-01,-1.232451125979423523e-01,-5.152997374534606934e-01,-2.530084252357482910e-01,1.233113631606101990e-01,1.126619696617126465e+00,-2.318402230739593506e-01,1.769992411136627197e-01,-4.241455197334289551e-01,2.651987671852111816e-01,-1.861140280961990356e-01,-1.833454146981239319e-02,9.427375197410583496e-01,-3.664543032646179199e-01,-1.935362815856933594e+00,-1.222889497876167297e-01,-6.931309103965759277e-01,4.531227424740791321e-02,-1.529243946075439453e+00
-6.500854343175888062e-02,-1.061118692159652710e-01,6.626693010330200195e-01,5.397785827517509460e-02,3.654704615473747253e-02,2.948608696460723877e-01,9.533140659332275391e-01,-5.841090083122253418e-01,1.949172168970108032e-01,-1.149464212357997894e-02,1.198142886161804199e+00,-5.527162924408912659e-02,-1.103441268205642700e-01,-5.629200339317321777e-01,-2.584901750087738037e-01,1.186151131987571716e-01,1.228619694709777832e+00,-1.298402249813079834e-01,1.457564085721969604e-01,-4.060717523097991943e-01,2.717854976654052734e-01,-1.870226711034774780e-01,8.366546034812927246e-02,8.676009774208068848e-01,-3.249120414257049561e-01,-2.037362813949584961e+00,-2.242889553308486938e-01,-7.951309084892272949e-01,-5.668772757053375244e-02,-1.631243944168090820e+00
-5.724858120083808899e-02,-1.118438914418220520e-01,6.598929166793823242e-01,2.351951040327548981e-02,3.970424458384513855e-02,2.669701278209686279e-01,9.625992774963378906e-01,-6.813113689422607422e-01,1.568077504634857178e-01,7.282141596078872681e-03,1.300142884254455566e+00,-9.770913049578666687e-03,-7.397656887769699097e-02,-6.649200320243835449e-01,-2.511318922042846680e-01,1.266477108001708984e-01,1.330619692802429199e+00,-2.784022875130176544e-02,1.025512367486953735e-01,-3.561334908008575439e-01,3.068492412567138672e-01,-1.447458118200302124e-01,1.501148492097854614e-01,7.656009793281555176e-01,-2.229120284318923950e-01,-2.139362812042236328e+00,-3.262889385223388672e-01,-8.971309065818786621e-01,-1.586877256631851196e-01,-1.733243942260742188e+00
-5.050397664308547974e-02,-1.024992987513542175e-01,6.452275514602661133e-01,-1.901852898299694061e-02,6.634523719549179077e-02,2.490157783031463623e-01,9.660371541976928711e-01,-7.833113670349121094e-01,1.378070712089538574e-01,3.775902092456817627e-02,1.402142882347106934e+00,-5.762752890586853027e-02,-1.281877327710390091e-02,-7.669200301170349121e-01,-2.394370436668395996e-01,1.143410429358482361e-01,1.432619690895080566e+00,2.507902868092060089e-02,7.968605309724807739e-02,-2.764297723770141602e-01,3.129273951053619385e-01,-4.867127165198326111e-02,8.248489350080490112e-02,6.636009812355041504e-01,-1.851087361574172974e-01,-2.079320430755615234e+00,-4.282889366149902344e-01,-9.991309046745300293e-01,-8.944857120513916016e-02,-1.835243940353393555e+00
-4.323055222630500793e-02,-9.824615716934204102e-02,6.213898658752441406e-01,-4.768685251474380493e-02,8.705250173807144165e-02,2.492223978042602539e-01,9.633462429046630859e-01,-8.853113651275634766e-01,1.292556226253509521e-01,8.010645210742950439e-02,1.504142880439758301e+00,-1.494976431131362915e-01,2.577417716383934021e-02,-8.689200282096862793e-01,-2.372743487358093262e-01,8.146999776363372803e-02,1.525576353073120117e+00,-3.180636838078498840e-02,6.986963748931884766e-02,-2.056691646575927734e-01,3.138391077518463135e-01,3.089324384927749634e-02,4.730262607336044312e-02,5.616009235382080078e-01,-1.523865312337875366e-01,-2.073571681976318359e+00,-5.302889347076416016e-01,-8.971309065818786621e-01,-4.474970698356628418e-02,-1.937243938446044922e+00
-3.525627031922340393e-02,-9.483052790164947510e-02,5.961403846740722656e-01,-5.111810937523841858e-02,1.089288219809532166e-01,2.579368352890014648e-01,9.586396813392639160e-01,-9.873113632202148438e-01,1.172788813710212708e-01,1.080786734819412231e-01,1.579826712608337402e+00,-2.312979996204376221e-01,7.639989256858825684e-02,-9.403628110885620117e-01,-2.289461940526962280e-01,4.309574142098426819e-02,1.502173542976379395e+00,-1.055023372173309326e-01,5.556168034672737122e-02,-1.544688791036605835e-01,3.139758706092834473e-01,5.999410897493362427e-02,-3.917722962796688080e-03,4.596009552478790283e-01,-1.335696727037429810e-01,-2.001689910888671875e+00,-6.322889328002929688e-01,-7.951309084892272949e-01,-6.066999584436416626e-02,-2.039243936538696289e+00
-2.495110221207141876e-02,-8.434046804904937744e-02,5.758645534515380859e-01,-4.953218623995780945e-02,1.133558079600334167e-01,2.855541408061981201e-01,9.503450989723205566e-01,-1.089311361312866211e+00,1.247735172510147095e-01,1.097766980528831482e-01,1.477826714515686035e+00,-3.332979977130889893e-01,1.190562173724174500e-01,-8.719285726547241211e-01,-2.488075196743011475e-01,-2.022751979529857635e-02,1.400173544883728027e+00,-2.075023353099822998e-01,3.338514268398284912e-02,-1.403407007455825806e-01,3.139963746070861816e-01,4.169644042849540710e-02,3.370234370231628418e-02,3.576009571552276611e-01,-1.080374047160148621e-01,-1.899689793586730957e+00,-5.918828845024108887e-01,-6.931309103965759277e-01,-3.448842838406562805e-02,-2.141243934631347656e+00
-1.455697230994701385e-02,-5.932252481579780579e-02,5.705494880676269531e-01,-5.172661319375038147e-02,1.116475835442543030e-01,3.064408898353576660e-01,9.439031481742858887e-01,-1.138839840888977051e+00,1.712225973606109619e-01,1.109812483191490173e-01,1.375826716423034668e+00,-4.217353761196136475e-01,9.536168724298477173e-02,-7.699285745620727539e-01,-2.489679455757141113e-01,-8.890357613563537598e-02,1.298173546791076660e+00,-3.095023334026336670e-01,5.602014064788818359e-02,-1.446956396102905273e-01,3.139994442462921143e-01,3.177761659026145935e-02,4.903807863593101501e-02,2.643616795539855957e-01,-6.616716086864471436e-02,-1.797689795494079590e+00,-4.898828864097595215e-01,-5.911309123039245605e-01,6.751157343387603760e-02,-2.162787437438964844e+00
5.183113273233175278e-03,-1.963236369192600250e-02,5.592575073242187500e-01,-3.100392036139965057e-02,4.967664554715156555e-02,2.937468886375427246e-01,9.540879130363464355e-01,-1.036839842796325684e+00,2.304351031780242920e-01,1.355286985635757446e-01,1.273826718330383301e+00,-3.415395021438598633e-01,2.751794084906578064e-02,-6.679285168647766113e-01,-2.478961348533630371e-01,-1.635343581438064575e-01,1.196173548698425293e+00,-4.115023314952850342e-01,8.153947442770004272e-02,-1.950245648622512817e-01,3.139999210834503174e-01,-1.938945427536964417e-02,9.069029986858367920e-02,3.663616776466369629e-01,-3.420850262045860291e-02,-1.695689797401428223e+00,-4.202370643615722656e-01,-6.931309103965759277e-01,-3.448842838406562805e-02,-2.264787435531616211e+00
3.224649652838706970e-02,1.398627273738384247e-02,5.447702407836914062e-01,-4.813644662499427795e-02,4.877075552940368652e-02,2.858010232448577881e-01,9.558358192443847656e-01,-9.348398447036743164e-01,2.227304577827453613e-01,1.159106343984603882e-01,1.171826720237731934e+00,-4.223614633083343506e-01,9.884364902973175049e-02,-5.659285187721252441e-01,-2.325360774993896484e-01,-1.438497751951217651e-01,1.094173550605773926e+00,-3.622190952301025391e-01,1.108756884932518005e-01,-1.479542553424835205e-01,3.139999806880950928e-01,2.532883360981941223e-02,1.474878638982772827e-01,4.061790704727172852e-01,6.570323556661605835e-02,-1.593689799308776855e+00,-3.182370662689208984e-01,-6.443494558334350586e-01,-1.364884227514266968e-01,-2.230986595153808594e+00
5.396142229437828064e-02,4.531355202198028564e-02,5.485166311264038086e-01,-2.305440977215766907e-02,3.823624923825263977e-02,2.986466288566589355e-01,9.533187747001647949e-01,-8.649011254310607910e-01,1.656422615051269531e-01,1.056815087795257568e-01,1.069826722145080566e+00,-4.198458492755889893e-01,1.432474106550216675e-01,-4.639285504817962646e-01,-2.476547360420227051e-01,-4.352264851331710815e-02,9.921734929084777832e-01,-2.602190971374511719e-01,1.077926084399223328e-01,-1.187986135482788086e-01,3.139880597591400146e-01,1.494407746940851212e-02,1.271362453699111938e-01,5.081790685653686523e-01,9.549126029014587402e-02,-1.491689801216125488e+00,-2.162370681762695312e-01,-5.423494577407836914e-01,-2.384884208440780640e-01,-2.128986597061157227e+00
5.884479731321334839e-02,6.432983279228210449e-02,5.804280042648315430e-01,1.415576227009296417e-02,2.183003723621368408e-02,3.204070329666137695e-01,9.469226002693176270e-01,-7.653088569641113281e-01,1.309558451175689697e-01,1.406879425048828125e-01,9.678267836570739746e-01,-3.254138529300689697e-01,1.129976436495780945e-01,-3.619285523891448975e-01,-2.742902934551239014e-01,-3.621494397521018982e-02,1.094173550605773926e+00,-1.582190990447998047e-01,1.119485497474670410e-01,-1.448633670806884766e-01,3.139578700065612793e-01,6.202308461070060730e-03,8.058711886405944824e-02,6.101790666580200195e-01,7.123999297618865967e-02,-1.389689803123474121e+00,-1.142370626330375671e-01,-6.443494558334350586e-01,-3.404884338378906250e-01,-2.026986598968505859e+00
5.396608635783195496e-02,6.458695977926254272e-02,6.261657476425170898e-01,1.960363984107971191e-02,8.354358375072479248e-03,3.384110629558563232e-01,9.407570362091064453e-01,-6.633088588714599609e-01,1.282806396484375000e-01,1.549051553010940552e-01,8.658267855644226074e-01,-2.234138697385787964e-01,1.099764648824930191e-02,-3.702849447727203369e-01,-2.854438424110412598e-01,-7.475009560585021973e-02,1.196173548698425293e+00,-5.621910095214843750e-02,9.788256138563156128e-02,-1.642967164516448975e-01,3.135831952095031738e-01,5.593164265155792236e-02,3.065184503793716431e-02,7.121790647506713867e-01,5.605007335543632507e-02,-1.287689805030822754e+00,-4.664747044444084167e-02,-7.463494539260864258e-01,-4.424884319305419922e-01,-1.924986600875854492e+00
4.914309084415435791e-02,5.942346528172492981e-02,6.741086244583129883e-01,2.451213821768760681e-02,-6.989361252635717392e-03,3.586071431636810303e-01,9.331405162811279297e-01,-5.736581683158874512e-01,1.310364753007888794e-01,1.467342376708984375e-01,7.638267874717712402e-01,-1.214138641953468323e-01,-7.366234809160232544e-02,-4.722849428653717041e-01,-2.789412438869476318e-01,-7.281880080699920654e-02,1.298173546791076660e+00,-5.293061584234237671e-02,5.124820023775100708e-02,-1.679179072380065918e-01,3.131646513938903809e-01,1.400879025459289551e-01,-2.111458964645862579e-02,8.141790628433227539e-01,7.029155641794204712e-02,-1.185689806938171387e+00,-7.154472917318344116e-02,-8.483494520187377930e-01,-3.404884338378906250e-01,-1.822986602783203125e+00
3.771961480379104614e-02,4.780290648341178894e-02,7.147530317306518555e-01,9.100244380533695221e-03,-4.497544839978218079e-03,3.658166229724884033e-01,9.306315779685974121e-01,-5.361286401748657227e-01,1.220924258232116699e-01,7.506315410137176514e-02,6.618267893791198730e-01,-1.941386424005031586e-02,-1.372350305318832397e-01,-5.742849111557006836e-01,-2.344621270895004272e-01,-7.765416800975799561e-02,1.400173544883728027e+00,-1.054145172238349915e-01,4.088634997606277466e-02,-1.338703781366348267e-01,3.138471543788909912e-01,2.174535542726516724e-01,-1.231145858764648438e-01,9.161790609359741211e-01,1.415824592113494873e-01,-1.083689808845520020e+00,-6.959104537963867188e-02,-9.503494501113891602e-01,-2.384884208440780640e-01,-1.720986604690551758e+00
2.654526941478252411e-02,5.480472743511199951e-02,7.398968935012817383e-01,-2.166743017733097076e-02,2.238655462861061096e-02,3.363745212554931641e-01,9.412128329277038574e-01,-5.346967577934265137e-01,8.550298213958740234e-02,3.654841706156730652e-02,7.638267874717712402e-01,8.258613944053649902e-02,-1.462404429912567139e-01,-6.762849688529968262e-01,-2.268356233835220337e-01,-1.045011878013610840e-01,1.502173542976379395e+00,-9.440807253122329712e-02,2.545247087255120277e-03,-4.489867016673088074e-02,3.139770627021789551e-01,3.012736439704895020e-01,-2.251145839691162109e-01,1.018179059028625488e+00,2.435824573040008545e-01,-9.816898107528686523e-01,-5.685982760041952133e-03,-1.052349448204040527e+00,-3.043658435344696045e-01,-1.618986606597900391e+00
2.373800799250602722e-02,5.110958591103553772e-02,7.439030408859252930e-01,-8.943202905356884003e-03,2.545989677309989929e-02,3.442290723323822021e-01,9.384978413581848145e-01,-5.926575064659118652e-01,8.000426925718784332e-03,6.002015992999076843e-02,8.658267855644226074e-01,1.169217824935913086e-01,-1.302549242973327637e-01,-7.782849669456481934e-01,-2.548307478427886963e-01,-1.122161522507667542e-01,1.604173541069030762e+00,-1.330845057964324951e-01,-1.563462056219577789e-02,-1.121996808797121048e-02,3.139965534210205078e-01,3.006217777729034424e-01,-3.271145820617675781e-01,1.120179057121276855e+00,3.455824553966522217e-01,-1.083689808845520020e+00,9.631402045488357544e-02,-9.503494501113891602e-01,-4.063658416271209717e-01,-1.516986608505249023e+00
2.674705348908901215e-02,6.704280525445938110e-02,7.346578836441040039e-01,1.134575251489877701e-02,3.247994184494018555e-02,3.688846826553344727e-01,9.288381934165954590e-01,-6.186195611953735352e-01,-2.808178588747978210e-02,1.221772581338882446e-01,9.678267836570739746e-01,1.257284283638000488e-01,-1.356176435947418213e-01,-8.802849650382995605e-01,-2.937905788421630859e-01,-1.478071659803390503e-01,1.706173539161682129e+00,-1.603729426860809326e-01,-4.947945103049278259e-02,-8.113729208707809448e-02,3.139994740486145020e-01,2.821282744407653809e-01,-4.291145801544189453e-01,1.222179055213928223e+00,4.475824534893035889e-01,-1.185689806938171387e+00,1.983140110969543457e-01,-8.483494520187377930e-01,-5.083658695220947266e-01,-1.414986610412597656e+00
3.897364810109138489e-02,6.279355287551879883e-02,7.251909971237182617e-01,1.895175874233245850e-02,2.674081921577453613e-02,4.026217460632324219e-01,9.147794842720031738e-01,-6.454308032989501953e-01,-5.632557719945907593e-02,1.342547982931137085e-01,1.069826722145080566e+00,8.216492086648941040e-02,-1.376919597387313843e-01,-9.822849631309509277e-01,-2.354298979043960571e-01,-1.238718479871749878e-01,1.604173541069030762e+00,-1.288691312074661255e-01,4.306460265070199966e-03,-1.697400659322738647e-01,3.139999210834503174e-01,2.637574374675750732e-01,-5.311145782470703125e-01,1.149926781654357910e+00,4.407110512256622314e-01,-1.287689805030822754e+00,2.574810087680816650e-01,-7.463494539260864258e-01,-4.891918897628784180e-01,-1.312986612319946289e+00
5.400524660944938660e-02,6.248043850064277649e-02,7.232880592346191406e-01,1.396534591913223267e-02,4.194801673293113708e-02,4.247896969318389893e-01,9.042118191719055176e-01,-6.986287236213684082e-01,-1.522918511182069778e-02,1.248278543353080750e-01,1.171826720237731934e+00,-1.444404758512973785e-02,-1.000333651900291443e-01,-9.610968232154846191e-01,-1.570862084627151489e-01,-6.031138822436332703e-02,1.502173542976379395e+00,-9.274768084287643433e-02,6.695423275232315063e-02,-2.434748113155364990e-01,3.139999806880950928e-01,2.443479448556900024e-01,-6.331145763397216797e-01,1.047926783561706543e+00,3.387110531330108643e-01,-1.389689803123474121e+00,2.819386422634124756e-01,-6.443494558334350586e-01,-3.871918618679046631e-01,-1.210986614227294922e+00
6.884980946779251099e-02,8.761765807867050171e-02,7.205909490585327148e-01,-1.441846252419054508e-03,5.830848962068557739e-02,4.403591156005859375e-01,8.959251642227172852e-01,-7.319763898849487305e-01,4.513101652264595032e-02,1.047696173191070557e-01,1.273826718330383301e+00,-1.164440512657165527e-01,-3.215821459889411926e-02,-8.647569417953491211e-01,-7.797623425722122192e-02,1.503448467701673508e-02,1.400173544883728027e+00,-8.843226730823516846e-02,1.395704746246337891e-01,-2.782148122787475586e-01,3.140000104904174805e-01,2.321629226207733154e-01,-7.351145744323730469e-01,9.459267854690551758e-01,2.367110699415206909e-01,-1.491689801216125488e+00,2.207157164812088013e-01,-5.423494577407836914e-01,-2.851918637752532959e-01,-1.115907788276672363e+00
8.124746382236480713e-02,9.041918069124221802e-02,7.097769975662231445e-01,-1.931941881775856018e-02,6.491697579622268677e-02,4.424250721931457520e-01,8.942441344261169434e-01,-7.027516365051269531e-01,2.248642779886722565e-02,5.230734497308731079e-02,1.227968096733093262e+00,-2.184440493583679199e-01,3.614861750975251198e-03,-8.099389672279357910e-01,-1.579119637608528137e-02,7.433260232210159302e-02,1.298173546791076660e+00,-1.904322654008865356e-01,1.183973699808120728e-01,-2.752941250801086426e-01,3.140000104904174805e-01,2.256140559911727905e-01,-8.371145725250244141e-01,8.439267873764038086e-01,1.347110569477081299e-01,-1.593689799308776855e+00,1.187157183885574341e-01,-4.403494298458099365e-01,-1.831918805837631226e-01,-1.103959798812866211e+00
9.096376597881317139e-02,1.108750179409980774e-01,6.909925937652587891e-01,-1.295564789324998856e-02,5.782455205917358398e-02,4.745819568634033203e-01,8.782143592834472656e-01,-6.727989912033081055e-01,-5.547610577195882797e-03,2.564944513142108917e-02,1.125968098640441895e+00,-3.204440474510192871e-01,6.164113432168960571e-02,-7.579194307327270508e-01,-6.313635502010583878e-03,1.089168116450309753e-01,1.196173548698425293e+00,-2.924322783946990967e-01,7.129258662462234497e-02,-2.807672619819641113e-01,3.140000104904174805e-01,1.837012022733688354e-01,-9.391145706176757812e-01,7.419267892837524414e-01,3.271106258034706116e-02,-1.589106082916259766e+00,1.671571843326091766e-02,-3.397355675697326660e-01,-8.119187504053115845e-02,-1.088283538818359375e+00
9.953887015581130981e-02,1.066054403781890869e-01,6.718757152557373047e-01,1.611567684449255466e-03,4.005476459860801697e-02,5.085461139678955078e-01,8.601011037826538086e-01,-6.373172402381896973e-01,2.157846465706825256e-02,5.758467316627502441e-02,1.023968100547790527e+00,-4.224440455436706543e-01,1.050591021776199341e-01,-7.087449431419372559e-01,-3.449744731187820435e-02,8.444259315729141235e-02,1.094173550605773926e+00,-3.944322764873504639e-01,3.444711491465568542e-02,-2.520679533481597900e-01,3.140000104904174805e-01,1.478974223136901855e-01,-8.371145725250244141e-01,6.399267911911010742e-01,-6.928893923759460449e-02,-1.487106084823608398e+00,-8.528427779674530029e-02,-3.024910688400268555e-01,2.080812491476535797e-02,-1.078491926193237305e+00
1.075984463095664978e-01,1.106333583593368530e-01,6.733562946319580078e-01,1.404895819723606110e-02,2.066585049033164978e-02,5.253478288650512695e-01,8.505205512046813965e-01,-5.736656785011291504e-01,5.194779857993125916e-02,8.226542174816131592e-02,9.550963044166564941e-01,-5.095106363296508789e-01,1.201519817113876343e-01,-6.330244541168212891e-01,-5.771785601973533630e-02,4.880850389599800110e-02,1.031819462776184082e+00,-4.964322745800018311e-01,5.366573575884103775e-03,-2.248234599828720093e-01,3.140000104904174805e-01,1.211982816457748413e-01,-7.351145744323730469e-01,5.379267930984497070e-01,-1.712889373302459717e-01,-1.385105967521667480e+00,-1.872842758893966675e-01,-4.044910669326782227e-01,1.228081211447715759e-01,-1.143463134765625000e+00
1.029624566435813904e-01,1.161466091871261597e-01,6.912147998809814453e-01,3.047877363860607147e-02,1.147525385022163391e-03,5.385929942131042480e-01,8.420138359069824219e-01,-4.739134311676025391e-01,1.069114282727241516e-01,1.313335299491882324e-01,9.226801991462707520e-01,-4.582933187484741211e-01,1.013503819704055786e-01,-5.310244560241699219e-01,-1.022879332304000854e-01,-9.485323913395404816e-03,9.357368946075439453e-01,-5.180658698081970215e-01,1.789569109678268433e-02,-2.049681544303894043e-01,3.139999508857727051e-01,1.061074584722518921e-01,-6.331145763397216797e-01,4.556571841239929199e-01,-2.732889354228973389e-01,-1.283105969429016113e+00,-2.133382558822631836e-01,-5.064910650253295898e-01,2.248081266880035400e-01,-1.245463132858276367e+00
9.637615084648132324e-02,1.185257881879806519e-01,7.157528400421142578e-01,4.887814819812774658e-02,-3.495219396427273750e-03,5.556101799011230469e-01,8.299975991249084473e-01,-4.260774552822113037e-01,1.688017249107360840e-01,1.846860200166702271e-01,9.669821262359619141e-01,-3.999909460544586182e-01,5.871764197945594788e-02,-4.290244281291961670e-01,-1.688260585069656372e-01,-1.047487854957580566e-01,8.520257472991943359e-01,-4.160658717155456543e-01,5.779073387384414673e-02,-1.813066303730010986e-01,2.932838201522827148e-01,7.108733057975769043e-02,-5.311145782470703125e-01,5.576571822166442871e-01,-3.752889335155487061e-01,-1.181105971336364746e+00,-1.659934818744659424e-01,-6.084910631179809570e-01,3.268081247806549072e-01,-1.347463130950927734e+00
8.715669810771942139e-02,9.961799532175064087e-02,7.413069009780883789e-01,5.587742105126380920e-02,-1.517255511134862900e-02,5.821473598480224609e-01,8.110190629959106445e-01,-4.139172434806823730e-01,2.128430753946304321e-01,1.719463616609573364e-01,1.068982124328613281e+00,-3.287413120269775391e-01,5.065813660621643066e-03,-3.398907780647277832e-01,-2.016601264476776123e-01,-1.474321782588958740e-01,8.094090819358825684e-01,-3.474366664886474609e-01,8.410714566707611084e-02,-1.580972820520401001e-01,2.855399847030639648e-01,3.230307996273040771e-02,-4.291145801544189453e-01,6.596571803092956543e-01,-4.117271602153778076e-01,-1.079105973243713379e+00,-2.260482311248779297e-01,-7.104910612106323242e-01,2.637703120708465576e-01,-1.449463129043579102e+00
7.131961733102798462e-02,8.682573586702346802e-02,7.603112459182739258e-01,6.344449520111083984e-02,-2.120366506278514862e-02,6.199105978012084961e-01,7.818158864974975586e-01,-4.519519805908203125e-01,2.688457369804382324e-01,1.678470671176910400e-01,1.170982122421264648e+00,-2.381881624460220337e-01,-6.209452077746391296e-02,-2.917782068252563477e-01,-2.726403772830963135e-01,-2.092808634042739868e-01,8.217378258705139160e-01,-2.594784200191497803e-01,1.073703244328498840e-01,-1.331930309534072876e-01,2.941399812698364258e-01,-4.994197748601436615e-03,-3.271145820617675781e-01,7.616571784019470215e-01,-3.312602341175079346e-01,-9.771060347557067871e-01,-3.136307597160339355e-01,-8.124910593032836914e-01,1.835132241249084473e-01,-1.551463127136230469e+00
4.561058804392814636e-02,7.709182053804397583e-02,7.671388387680053711e-01,6.197243556380271912e-02,-1.520714536309242249e-02,6.582635045051574707e-01,7.500782012939453125e-01,-5.486905574798583984e-01,3.234569430351257324e-01,1.624449491500854492e-01,1.272982120513916016e+00,-1.940100491046905518e-01,-1.131318733096122742e-01,-2.908655107021331787e-01,-3.543590605258941650e-01,-2.634198069572448730e-01,9.029661417007446289e-01,-1.574784070253372192e-01,1.429896950721740723e-01,-1.147627681493759155e-01,3.110210001468658447e-01,-2.643710561096668243e-02,-2.251145839691162109e-01,8.636571764945983887e-01,-2.918269336223602295e-01,-8.751060366630554199e-01,-3.954177796840667725e-01,-9.144910573959350586e-01,8.548261225223541260e-02,-1.653463125228881836e+00
1.053608581423759460e-02,7.161249220371246338e-02,7.471547126770019531e-01,5.437331274151802063e-02,-7.293323054909706116e-03,6.874167919158935547e-01,7.241881489753723145e-01,-6.506905555725097656e-01,3.745057880878448486e-01,1.259205639362335205e-01,1.374982118606567383e+00,-2.223752588033676147e-01,-1.197292879223823547e-01,-3.928655087947845459e-01,-4.438440501689910889e-01,-2.664682865142822266e-01,1.004966139793395996e+00,-8.584991097450256348e-02,1.418745219707489014e-01,-8.784978836774826050e-02,3.135531544685363770e-01,-1.177170407027006149e-02,-1.231145858764648438e-01,9.656571745872497559e-01,-2.934871613979339600e-01,-7.731060385704040527e-01,-4.875024855136871338e-01,-1.016491055488586426e+00,-1.651738770306110382e-02,-1.551463127136230469e+00
-2.917607501149177551e-02,6.557317078113555908e-02,7.053730487823486328e-01,5.441401526331901550e-02,-2.546143159270286560e-02,7.138138413429260254e-01,6.977539658546447754e-01,-7.526905536651611328e-01,3.893061876296997070e-01,8.139020204544067383e-02,1.476982116699218750e+00,-3.132214546203613281e-01,-1.269565969705581665e-01,-4.948655068874359131e-01,-5.220118165016174316e-01,-1.855635792016983032e-01,1.106966137886047363e+00,-1.297760307788848877e-01,1.285607665777206421e-01,-6.903485208749771118e-02,3.139329850673675537e-01,5.529968813061714172e-02,-2.111458964645862579e-02,1.067657232284545898e+00,-2.565143108367919922e-01,-6.711060404777526855e-01,-5.631248354911804199e-01,-1.118491053581237793e+00,-1.185173839330673218e-01,-1.449463129043579102e+00
-6.496897339820861816e-02,6.226172298192977905e-02,6.541451215744018555e-01,5.345653370022773743e-02,-4.071382060647010803e-02,7.422230243682861328e-01,6.667756438255310059e-01,-8.546906113624572754e-01,3.480404913425445557e-01,2.592891082167625427e-02,1.578982114791870117e+00,-4.152214527130126953e-01,-1.345841437578201294e-01,-5.968655347824096680e-01,-5.454340577125549316e-01,-8.356357365846633911e-02,1.208966135978698730e+00,-1.935012638568878174e-01,1.299669593572616577e-01,-5.205091089010238647e-02,3.139899373054504395e-01,1.480944901704788208e-01,4.666183143854141235e-02,1.169657230377197266e+00,-1.826985031366348267e-01,-5.691060423851013184e-01,-5.917742848396301270e-01,-1.220491051673889160e+00,-2.205173820257186890e-01,-1.347463130950927734e+00
-9.597783535718917847e-02,6.246070563793182373e-02,6.055557727813720703e-01,4.347794502973556519e-02,-5.334575474262237549e-02,7.746881246566772461e-01,6.285874247550964355e-01,-9.566906094551086426e-01,2.740262150764465332e-01,-2.267241850495338440e-02,1.680982112884521484e+00,-5.172214508056640625e-01,-1.325427293777465820e-01,-6.862351894378662109e-01,-5.168353915214538574e-01,1.843642815947532654e-02,1.310966134071350098e+00,-2.727694213390350342e-01,1.276528835296630859e-01,-4.577608034014701843e-02,3.139984905719757080e-01,2.472549378871917725e-01,6.247014179825782776e-02,1.271657228469848633e+00,-8.069849759340286255e-02,-4.671060144901275635e-01,-5.631854534149169922e-01,-1.322491049766540527e+00,-3.225173950195312500e-01,-1.245463132858276367e+00
-1.001568511128425598e-01,6.107463315129280090e-02,5.652929544448852539e-01,4.113288968801498413e-02,-5.468842014670372009e-02,7.948286533355712891e-01,6.029632687568664551e-01,-1.058690547943115234e+00,2.240291535854339600e-01,-5.048450082540512085e-02,1.782982110977172852e+00,-6.192214488983154297e-01,-8.960220217704772949e-02,-7.194246053695678711e-01,-4.842256009578704834e-01,1.204364299774169922e-01,1.412966132164001465e+00,-3.469756245613098145e-01,1.305200904607772827e-01,-9.958586655557155609e-03,3.139997720718383789e-01,3.028706312179565430e-01,1.202212348580360413e-01,1.373657226562500000e+00,2.130150422453880310e-02,-3.651060163974761963e-01,-4.837504923343658447e-01,-1.424491047859191895e+00,-4.245173931121826172e-01,-1.143463134765625000e+00
-9.511845558881759644e-02,5.397216975688934326e-02,5.482758283615112305e-01,4.079094529151916504e-02,-3.881609067320823669e-02,8.041344285011291504e-01,5.917746424674987793e-01,-1.111154913902282715e+00,1.726115345954895020e-01,-8.499138057231903076e-02,1.884982109069824219e+00,-7.212214469909667969e-01,-1.724051684141159058e-02,-7.513378262519836426e-01,-4.510152935981750488e-01,2.117688655853271484e-01,1.514966130256652832e+00,-4.134314358234405518e-01,1.152829900383949280e-01,5.129130557179450989e-02,3.139999806880950928e-01,3.233848810195922852e-01,2.222212404012680054e-01,1.271657228469848633e+00,1.233015060424804688e-01,-4.671060144901275635e-01,-4.199154376983642578e-01,-1.526491045951843262e+00,-5.265173912048339844e-01,-1.041463136672973633e+00
-1.033110246062278748e-01,6.069290637969970703e-02,5.505465269088745117e-01,2.413813583552837372e-02,-1.560777425765991211e-02,8.106431365013122559e-01,5.848345756530761719e-01,-1.147203683853149414e+00,9.711697697639465332e-02,-1.212098449468612671e-01,1.881786465644836426e+00,-7.907332181930541992e-01,8.475948125123977661e-02,-7.680552601814270020e-01,-4.291479885578155518e-01,1.739133447408676147e-01,1.600218415260314941e+00,-4.709435105323791504e-01,8.269231766462326050e-02,8.664202690124511719e-02,3.139999806880950928e-01,3.249405622482299805e-01,3.219446539878845215e-01,1.169657230377197266e+00,2.253015041351318359e-01,-5.691060423851013184e-01,-4.123196601867675781e-01,-1.424491047859191895e+00,-6.285173892974853516e-01,-9.637024998664855957e-01
-1.038162112236022949e-01,6.685879826545715332e-02,5.581908226013183594e-01,9.009898640215396881e-03,-4.981699748896062374e-04,8.177551627159118652e-01,5.754954814910888672e-01,-1.152114152908325195e+00,1.370617095381021500e-02,-1.745774745941162109e-01,1.806090116500854492e+00,-8.011599779129028320e-01,1.867594867944717407e-01,-7.605220079421997070e-01,-4.035272598266601562e-01,1.069013401865959167e-01,1.498218417167663574e+00,-5.141653418540954590e-01,5.821421742439270020e-02,7.430371642112731934e-02,3.140000104904174805e-01,2.726969122886657715e-01,2.991899549961090088e-01,1.067657232284545898e+00,1.233015060424804688e-01,-6.711060404777526855e-01,-4.766771197319030762e-01,-1.322491049766540527e+00,-7.305173873901367188e-01,-1.063584327697753906e+00
-1.024160310626029968e-01,7.644125819206237793e-02,5.575529336929321289e-01,-7.992535829544067383e-03,7.857062853872776031e-03,8.316220045089721680e-01,5.552290081977844238e-01,-1.129896521568298340e+00,-5.203968659043312073e-02,-2.306995242834091187e-01,1.705633163452148438e+00,-8.027240037918090820e-01,2.507139146327972412e-01,-7.143805027008056641e-01,-3.717887997627258301e-01,6.472047418355941772e-02,1.396218419075012207e+00,-6.060796976089477539e-01,4.486754536628723145e-02,7.322988659143447876e-02,3.140000104904174805e-01,2.216807603836059570e-01,2.841374576091766357e-01,9.656571745872497559e-01,2.130150422453880310e-02,-7.731060385704040527e-01,-3.746771216392517090e-01,-1.220491051673889160e+00,-6.285173892974853516e-01,-1.165584325790405273e+00
-1.022123917937278748e-01,9.601276367902755737e-02,5.462810993194580078e-01,-7.000946905463933945e-03,1.231243740767240524e-02,8.361758589744567871e-01,5.482785105705261230e-01,-1.096887826919555664e+00,-8.325160294771194458e-02,-2.586430013179779053e-01,1.654454708099365234e+00,-8.029586076736450195e-01,2.603070735931396484e-01,-6.997217535972595215e-01,-3.367385864257812500e-01,7.218611985445022583e-02,1.345515012741088867e+00,-6.904341578483581543e-01,-1.075176615267992020e-02,1.165341511368751526e-01,3.140000104904174805e-01,1.738073974847793579e-01,2.840978205204010010e-01,8.636571764945983887e-01,-8.069849759340286255e-02,-8.751060366630554199e-01,-2.726771235466003418e-01,-1.118491053581237793e+00,-5.265173912048339844e-01,-1.267584323883056641e+00
-8.869002759456634521e-02,1.220784187316894531e-01,5.444966554641723633e-01,1.117390394210815430e-02,1.692698709666728973e-02,8.394414782524108887e-01,5.430715084075927734e-01,-1.035353422164916992e+00,-8.932673186063766479e-02,-2.696004509925842285e-01,1.617457866668701172e+00,-8.029937744140625000e-01,2.617460489273071289e-01,-6.660976409912109375e-01,-3.272996842861175537e-01,7.446512579917907715e-02,1.373577833175659180e+00,-7.306818366050720215e-01,-4.846359416842460632e-02,1.415982246398925781e-01,3.140000104904174805e-01,1.269659101963043213e-01,3.436986207962036133e-01,7.616571784019470215e-01,-1.425556391477584839e-01,-9.771060347557067871e-01,-1.706771254539489746e-01,-1.016491055488586426e+00,-4.245173931121826172e-01,-1.369584321975708008e+00
-9.099762886762619019e-02,1.300779134035110474e-01,5.693317651748657227e-01,3.907193988561630249e-02,1.097097434103488922e-02,8.284065127372741699e-01,5.586552619934082031e-01,-9.333534836769104004e-01,-9.639754891395568848e-02,-2.740644812583923340e-01,1.515457868576049805e+00,-8.029990792274475098e-01,2.379968464374542236e-01,-5.780211687088012695e-01,-3.128971159458160400e-01,8.414461463689804077e-02,1.317017555236816406e+00,-7.573012113571166992e-01,-7.847490906715393066e-02,1.493505239486694336e-01,3.140000104904174805e-01,1.086523979902267456e-01,4.033790826797485352e-01,6.596571803092956543e-01,-9.540840238332748413e-02,-1.074296474456787109e+00,-6.867711991071701050e-02,-9.144910573959350586e-01,-3.225173950195312500e-01,-1.285429000854492188e+00
-8.902556449174880981e-02,1.441859304904937744e-01,6.046690940856933594e-01,5.742241442203521729e-02,9.462537127546966076e-04,8.042618036270141602e-01,5.914936065673828125e-01,-8.313534855842590332e-01,-6.514760106801986694e-02,-2.936420142650604248e-01,1.413457870483398438e+00,-8.029998540878295898e-01,1.391579508781433105e-01,-4.760212004184722900e-01,-2.694304287433624268e-01,1.089586988091468811e-01,1.215017557144165039e+00,-6.553012132644653320e-01,-2.178422734141349792e-02,1.508861184120178223e-01,3.139926493167877197e-01,1.220457926392555237e-01,4.794926345348358154e-01,5.576571822166442871e-01,-4.134004190564155579e-02,-9.722964763641357422e-01,3.332287818193435669e-02,-8.124910593032836914e-01,-2.205173820257186890e-01,-1.183429002761840820e+00
-8.346191793680191040e-02,1.542728692293167114e-01,6.474140882492065430e-01,6.956698745489120483e-02,-9.852106682956218719e-03,7.863228917121887207e-01,6.138075590133666992e-01,-7.293534874916076660e-01,-7.770028430968523026e-03,-2.855983674526214600e-01,1.311457872390747070e+00,-7.009998559951782227e-01,3.825195133686065674e-02,-3.857952058315277100e-01,-2.597812116146087646e-01,1.095238029956817627e-01,1.113017559051513672e+00,-5.533012151718139648e-01,4.154880717396736145e-02,1.357259005308151245e-01,3.139986991882324219e-01,1.565956622362136841e-01,5.162956714630126953e-01,4.556571841239929199e-01,4.622257500886917114e-02,-8.787488937377929688e-01,1.353228837251663208e-01,-7.717879414558410645e-01,-2.374738007783889771e-01,-1.081429004669189453e+00
-7.619938254356384277e-02,1.588198393583297729e-01,6.916575431823730469e-01,7.506751269102096558e-02,-2.231976203620433807e-02,7.638404369354248047e-01,6.406359672546386719e-01,-6.273534893989562988e-01,7.260378450155258179e-02,-2.333517521619796753e-01,1.209457874298095703e+00,-5.989998579025268555e-01,-4.052264243364334106e-02,-3.325280845165252686e-01,-2.831544876098632812e-01,7.337801158428192139e-02,1.011017560958862305e+00,-4.513012170791625977e-01,8.184736222028732300e-02,1.150569468736648560e-01,3.139998018741607666e-01,1.938215792179107666e-01,6.095300316810607910e-01,3.800260722637176514e-01,1.482225805521011353e-01,-8.157249689102172852e-01,2.373228818178176880e-01,-8.587766289710998535e-01,-3.394737839698791504e-01,-9.794290065765380859e-01
-6.882186233997344971e-02,1.609653383493423462e-01,7.294830083847045898e-01,8.015444129705429077e-02,-3.712613508105278015e-02,7.420018911361694336e-01,6.645525097846984863e-01,-5.253534913063049316e-01,1.606617420911788940e-01,-1.463079154491424561e-01,1.172284722328186035e+00,-4.969998598098754883e-01,-1.051198691129684448e-01,-3.038589656352996826e-01,-3.236010372638702393e-01,1.568162068724632263e-02,9.212337732315063477e-01,-3.493012189865112305e-01,1.251402944326400757e-01,7.770530879497528076e-02,3.139999806880950928e-01,2.381081283092498779e-01,6.143517494201660156e-01,4.820260703563690186e-01,2.502225637435913086e-01,-7.137249708175659180e-01,3.067998588085174561e-01,-9.607766270637512207e-01,-4.414737820625305176e-01,-8.774290084838867188e-01
-6.593969464302062988e-02,1.615426093339920044e-01,7.544419765472412109e-01,7.421186566352844238e-02,-3.774873912334442139e-02,7.294774055480957031e-01,6.789184808731079102e-01,-4.233534932136535645e-01,2.054985016584396362e-01,-7.736872881650924683e-02,1.253843903541564941e+00,-3.949998617172241211e-01,-1.557856798171997070e-01,-3.212884366512298584e-01,-3.912931680679321289e-01,-5.684463307261466980e-02,8.923212289810180664e-01,-2.473012059926986694e-01,1.613256782293319702e-01,3.022391162812709808e-02,2.432310134172439575e-01,2.694843113422393799e-01,5.123517513275146484e-01,5.840260982513427734e-01,2.272724509239196777e-01,-6.117249727249145508e-01,2.068243175745010376e-01,-1.062776565551757812e+00,-5.218297839164733887e-01,-7.754290103912353516e-01
-6.498987972736358643e-02,1.604490727186203003e-01,7.593526840209960938e-01,9.365749359130859375e-02,-7.170856744050979614e-02,7.121942639350891113e-01,6.920010447502136230e-01,-3.213534653186798096e-01,2.183285206556320190e-01,-5.832701176404953003e-02,1.355843901634216309e+00,-2.929998636245727539e-01,-1.764858216047286987e-01,-2.973299324512481689e-01,-4.097509682178497314e-01,-6.297606229782104492e-02,9.506058096885681152e-01,-1.453012079000473022e-01,1.564832925796508789e-01,6.284048780798912048e-03,3.033846616744995117e-01,3.148885369300842285e-01,4.103517830371856689e-01,6.860260963439941406e-01,2.679494619369506836e-01,-5.097249746322631836e-01,3.088243305683135986e-01,-1.134789347648620605e+00,-6.238297820091247559e-01,-6.734290122985839844e-01
-6.500083953142166138e-02,1.553582549095153809e-01,7.424625158309936523e-01,7.492299377918243408e-02,-6.246452033519744873e-02,7.035733461380004883e-01,7.038957476615905762e-01,-3.805385231971740723e-01,2.089663147926330566e-01,-6.181966140866279602e-02,1.457843899726867676e+00,-2.408874481916427612e-01,-1.615622043609619141e-01,-3.781199455261230469e-01,-4.271042048931121826e-01,-1.611510291695594788e-02,1.052605748176574707e+00,-4.330120980739593506e-02,1.303655505180358887e-01,-3.106197714805603027e-02,3.124077022075653076e-01,3.339978158473968506e-01,3.083517849445343018e-01,7.880260944366455078e-01,2.811136543750762939e-01,-4.077249765396118164e-01,4.108243286609649658e-01,-1.032789349555969238e+00,-7.258297801017761230e-01,-5.714290142059326172e-01
-6.456124782562255859e-02,1.399193853139877319e-01,7.112028598785400391e-01,5.628995597362518311e-02,-4.530735686421394348e-02,6.924284100532531738e-01,7.178590297698974609e-01,-4.825385212898254395e-01,1.880211532115936279e-01,-6.397166103124618530e-02,1.559843897819519043e+00,-2.786490619182586670e-01,-1.297379881143569946e-01,-4.801199436187744141e-01,-4.115695059299468994e-01,4.404329136013984680e-02,1.154605746269226074e+00,-8.222448080778121948e-02,1.093982011079788208e-01,-6.357248127460479736e-02,3.137611448764801025e-01,3.268971443176269531e-01,2.063517719507217407e-01,8.900260925292968750e-01,3.831136524677276611e-01,-4.262073040008544922e-01,5.128242969512939453e-01,-9.307893514633178711e-01,-8.278297781944274902e-01,-4.694290161132812500e-01
-6.208173185586929321e-02,1.184413805603981018e-01,6.764346361160278320e-01,4.121285304427146912e-02,-2.958824858069419861e-02,6.760106682777404785e-01,7.351432442665100098e-01,-5.845385193824768066e-01,1.822258383035659790e-01,-6.467334926128387451e-02,1.661843895912170410e+00,-3.419651687145233154e-01,-8.280235528945922852e-02,-5.821199417114257812e-01,-3.559876084327697754e-01,9.564577043056488037e-02,1.256605744361877441e+00,-1.654297560453414917e-01,1.172051504254341125e-01,-1.144291982054710388e-01,3.139641880989074707e-01,3.004021346569061279e-01,1.043517738580703735e-01,9.920260906219482422e-01,4.851136505603790283e-01,-5.282073020935058594e-01,6.148242950439453125e-01,-8.287893533706665039e-01,-9.298297762870788574e-01,-3.674290180206298828e-01
-6.041473150253295898e-02,9.371696412563323975e-02,6.419184207916259766e-01,2.780150994658470154e-02,-6.836375687271356583e-03,6.628251075744628906e-01,7.482267022132873535e-01,-6.865385174751281738e-01,1.814886629581451416e-01,-6.620393693447113037e-02,1.632501125335693359e+00,-4.439651668071746826e-01,-1.486538723111152649e-02,-6.841199398040771484e-01,-3.016743063926696777e-01,1.090920194983482361e-01,1.358605742454528809e+00,-2.674297690391540527e-01,1.213198378682136536e-01,-1.820103079080581665e-01,3.139946162700653076e-01,2.533827126026153564e-01,2.351773204281926155e-03,1.094026088714599609e+00,5.871136784553527832e-01,-6.302073001861572266e-01,6.330106258392333984e-01,-7.267893552780151367e-01,-1.031829714775085449e+00,-2.654290199279785156e-01
-5.825274437665939331e-02,8.792109042406082153e-02,6.115816831588745117e-01,3.148355986922979355e-03,1.490302663296461105e-02,6.432329416275024414e-01,7.655190229415893555e-01,-7.669105529785156250e-01,1.699369102716445923e-01,-8.104270696640014648e-02,1.530501127243041992e+00,-5.459651947021484375e-01,6.102328747510910034e-02,-7.861199378967285156e-01,-2.835763990879058838e-01,9.327171742916107178e-02,1.456780910491943359e+00,-3.694297671318054199e-01,1.052888259291648865e-01,-2.007160782814025879e-01,3.139992058277130127e-01,2.017735242843627930e-01,-9.964822977781295776e-02,9.920260906219482422e-01,4.851136505603790283e-01,-7.322072982788085938e-01,5.438827872276306152e-01,-6.380457878112792969e-01,-1.133829712867736816e+00,-3.674290180206298828e-01
-5.673342570662498474e-02,8.158003538846969604e-02,5.886434316635131836e-01,-1.747972518205642700e-02,4.910831525921821594e-02,6.149330139160156250e-01,7.868546843528747559e-01,-8.261469006538391113e-01,1.305489838123321533e-01,-1.045663654804229736e-01,1.428501129150390625e+00,-6.479651927947998047e-01,1.579703092575073242e-01,-8.881199359893798828e-01,-2.560849487781524658e-01,7.158521562814712524e-02,1.438344836235046387e+00,-4.714297652244567871e-01,5.200246348977088928e-02,-2.507319748401641846e-01,3.139998018741607666e-01,1.610620915889739990e-01,-2.016482204198837280e-01,9.177640676498413086e-01,3.831136524677276611e-01,-8.342072963714599609e-01,4.418827891349792480e-01,-6.607728600502014160e-01,-1.235829710960388184e+00,-4.694290161132812500e-01
-6.308481842279434204e-02,8.406889438629150391e-02,5.824632644653320312e-01,-1.627619750797748566e-02,5.751869082450866699e-02,5.787786245346069336e-01,8.132908344268798828e-01,-8.147714138031005859e-01,9.631723910570144653e-02,-1.138631924986839294e-01,1.326501131057739258e+00,-7.499651908874511719e-01,1.819527894258499146e-01,-9.894294738769531250e-01,-1.856796443462371826e-01,1.173212230205535889e-01,1.381018280982971191e+00,-5.734297633171081543e-01,3.017832338809967041e-02,-2.556245625019073486e-01,3.139999806880950928e-01,1.218475252389907837e-01,-3.036482334136962891e-01,8.157640695571899414e-01,2.811136543750762939e-01,-9.362072944641113281e-01,3.398827910423278809e-01,-5.587728619575500488e-01,-1.171783685684204102e+00,-5.714290142059326172e-01
-7.580749690532684326e-02,7.134762406349182129e-02,6.049275398254394531e-01,-1.612032763659954071e-02,4.620994627475738525e-02,5.387570858001708984e-01,8.410384058952331543e-01,-7.408030629158020020e-01,1.035222858190536499e-01,-6.928768754005432129e-02,1.224501132965087891e+00,-7.804265618324279785e-01,1.844675987958908081e-01,-9.390610456466674805e-01,-1.210491880774497986e-01,1.560306251049041748e-01,1.279018282890319824e+00,-6.538274884223937988e-01,7.924985140562057495e-02,-2.655321359634399414e-01,3.140000104904174805e-01,9.601160883903503418e-02,-4.056482315063476562e-01,7.137640714645385742e-01,1.791136562824249268e-01,-1.038207292556762695e+00,2.378828078508377075e-01,-4.567728340625762939e-01,-1.069783687591552734e+00,-6.734290122985839844e-01
-8.816028386354446411e-02,8.181800693273544312e-02,6.473661661148071289e-01,-1.277422253042459488e-02,3.174293786287307739e-02,4.959127902984619141e-01,8.676979541778564453e-01,-6.388030648231506348e-01,1.282658576965332031e-01,-5.104512907564640045e-03,1.122501134872436523e+00,-6.784265637397766113e-01,1.441522538661956787e-01,-8.370610475540161133e-01,-7.066989690065383911e-02,2.265061885118484497e-01,1.177018284797668457e+00,-5.518274903297424316e-01,1.120664253830909729e-01,-2.906059920787811279e-01,3.140000104904174805e-01,8.219555020332336426e-02,-5.076482295989990234e-01,6.117640733718872070e-01,7.711365818977355957e-02,-1.140207290649414062e+00,1.358827948570251465e-01,-3.547728359699249268e-01,-9.677836298942565918e-01,-7.754290103912353516e-01
-9.952159970998764038e-02,9.168455749750137329e-02,6.994255781173706055e-01,-5.302289035171270370e-03,1.307356730103492737e-02,4.614946842193603516e-01,8.870307803153991699e-01,-5.368030667304992676e-01,1.601677238941192627e-01,6.403392553329467773e-02,1.020501136779785156e+00,-5.764265656471252441e-01,8.832891285419464111e-02,-7.350610494613647461e-01,-1.181418523192405701e-01,1.885232776403427124e-01,1.075018286705017090e+00,-4.498275220394134521e-01,1.519864648580551147e-01,-2.821392416954040527e-01,3.139999806880950928e-01,5.735315382480621338e-02,-4.770136177539825439e-01,5.097640752792358398e-01,-2.488633990287780762e-02,-1.242207288742065430e+00,3.388280048966407776e-02,-3.162013888359069824e-01,-8.657836318016052246e-01,-8.774290084838867188e-01
-1.067235991358757019e-01,9.780131280422210693e-02,7.525779008865356445e-01,8.592870086431503296e-03,-7.253644522279500961e-03,4.320952296257019043e-01,9.017578959465026855e-01,-4.348030388355255127e-01,1.928266137838363647e-01,1.203558146953582764e-01,9.185011386871337891e-01,-4.744265377521514893e-01,1.029457245022058487e-02,-6.330610513687133789e-01,-1.876464933156967163e-01,8.652327954769134521e-02,9.730183482170104980e-01,-3.478275239467620850e-01,1.864953488111495972e-01,-2.745792567729949951e-01,3.134326338768005371e-01,3.098011389374732971e-02,-4.529379308223724365e-01,4.077641069889068604e-01,-1.268863379955291748e-01,-1.344207286834716797e+00,-6.811720132827758789e-02,-4.182013869285583496e-01,-7.637836337089538574e-01,-9.794290065765380859e-01
-1.103979423642158508e-01,9.918010979890823364e-02,7.952622175216674805e-01,1.358583569526672363e-02,-1.299718278460204601e-03,4.115811884403228760e-01,9.112709164619445801e-01,-3.328030407428741455e-01,2.016444355249404907e-01,1.338920444250106812e-01,8.165010809898376465e-01,-3.724265396595001221e-01,-7.561421394348144531e-02,-5.310610532760620117e-01,-2.179191410541534424e-01,1.515776570886373520e-02,8.710183501243591309e-01,-2.458275109529495239e-01,2.165507674217224121e-01,-2.712086439132690430e-01,2.829852104187011719e-01,2.082634484395384789e-03,-4.144313931465148926e-01,5.097640752792358398e-01,-2.288863360881805420e-01,-1.446207284927368164e+00,-1.701171994209289551e-01,-5.202013850212097168e-01,-6.617836356163024902e-01,-1.081429004669189453e+00
-1.105869039893150330e-01,1.015304327011108398e-01,8.175944089889526367e-01,1.730712875723838806e-02,6.390304304659366608e-03,4.072990417480468750e-01,9.131084680557250977e-01,-3.227967917919158936e-01,2.200946360826492310e-01,1.232843846082687378e-01,8.447518944740295410e-01,-2.704265415668487549e-01,-1.134465932846069336e-01,-4.290610253810882568e-01,-2.320635765790939331e-01,-1.657216623425483704e-02,7.799295783042907715e-01,-1.438275128602981567e-01,2.194882333278656006e-01,-2.758798897266387939e-01,2.645258307456970215e-01,-2.264193631708621979e-02,-3.124313950538635254e-01,6.117640733718872070e-01,-3.308863341808319092e-01,-1.548207283020019531e+00,-2.721171975135803223e-01,-6.222013831138610840e-01,-5.597836375236511230e-01,-1.183429002761840820e+00
-1.076240465044975281e-01,1.117885336279869080e-01,8.093302249908447266e-01,2.471627667546272278e-02,1.235795672982931137e-02,4.094787538051605225e-01,9.119010567665100098e-01,-4.247967898845672607e-01,2.060074955224990845e-01,7.765736430883407593e-02,9.467518925666809082e-01,-1.684265583753585815e-01,-9.833615273237228394e-02,-4.457647204399108887e-01,-2.385299801826477051e-01,-5.399374756962060928e-03,8.819295763969421387e-01,-4.182751104235649109e-02,1.752358525991439819e-01,-2.715372443199157715e-01,2.729487121105194092e-01,-4.563950002193450928e-02,-2.104313820600509644e-01,7.137640714645385742e-01,-4.328863322734832764e-01,-1.650207281112670898e+00,-3.741171956062316895e-01,-7.242013812065124512e-01,-4.577836394309997559e-01,-1.285429000854492188e+00
-1.057789698243141174e-01,1.242277696728706360e-01,7.765973806381225586e-01,3.897256031632423401e-02,-1.508924993686378002e-03,4.008955061435699463e-01,9.152932167053222656e-01,-5.267967581748962402e-01,1.307196021080017090e-01,4.452802240848541260e-02,1.048751831054687500e+00,-6.642655283212661743e-02,-8.190242946147918701e-02,-4.930557906627655029e-01,-2.184592932462692261e-01,1.989389583468437195e-02,9.839295744895935059e-01,6.017248705029487610e-02,1.350294351577758789e-01,-2.491958588361740112e-01,2.914889156818389893e-01,-6.759344786405563354e-02,-1.084313839673995972e-01,7.621151208877563477e-01,-4.275771975517272949e-01,-1.752207279205322266e+00,-4.761171936988830566e-01,-8.262013792991638184e-01,-3.557836413383483887e-01,-1.387428998947143555e+00
-1.100794076919555664e-01,1.346080452203750610e-01,7.301621437072753906e-01,3.777580708265304565e-02,-2.899696817621588707e-03,3.886861205101013184e-01,9.205909371376037598e-01,-6.195941567420959473e-01,5.403361469507217407e-02,5.845645815134048462e-02,1.150751829147338867e+00,-6.572193652391433716e-02,-4.932629689574241638e-02,-5.378419756889343262e-01,-1.751000583171844482e-01,3.134056925773620605e-02,1.085929512977600098e+00,4.492579400539398193e-02,9.288335591554641724e-02,-1.917627006769180298e-01,3.029275238513946533e-01,-6.308411061763763428e-02,-6.431387737393379211e-03,6.934345960617065430e-01,-3.509078919887542725e-01,-1.854207277297973633e+00,-5.781171917915344238e-01,-9.282013773918151855e-01,-2.921041548252105713e-01,-1.489428997039794922e+00
-1.195971518754959106e-01,1.400167196989059448e-01,6.858279705047607422e-01,2.295882441103458405e-02,3.120566019788384438e-03,3.831700086593627930e-01,9.233871698379516602e-01,-6.959859132766723633e-01,-5.963935982435941696e-03,9.325451403856277466e-02,1.252751827239990234e+00,-1.006873846054077148e-01,1.794225187040865421e-03,-5.882553458213806152e-01,-1.613735258579254150e-01,3.172703832387924194e-02,1.187929511070251465e+00,-1.179977506399154663e-02,5.258098617196083069e-02,-1.225613430142402649e-01,3.100188970565795898e-01,-3.807679191231727600e-02,9.556861221790313721e-02,6.230133771896362305e-01,-2.531321048736572266e-01,-1.956207275390625000e+00,-6.801171898841857910e-01,-1.030201435089111328e+00,-3.795305490493774414e-01,-1.591428995132446289e+00
-1.259634941816329956e-01,1.408282667398452759e-01,6.599417924880981445e-01,9.847501292824745178e-03,8.977809920907020569e-05,3.804511725902557373e-01,9.247485995292663574e-01,-7.975919842720031738e-01,-6.347223185002803802e-03,1.185028105974197388e-01,1.354751825332641602e+00,-2.026873826980590820e-01,6.204266846179962158e-02,-6.213374733924865723e-01,-1.460086554288864136e-01,1.520408783107995987e-02,1.289929509162902832e+00,-9.241862595081329346e-02,3.522298857569694519e-02,-6.032387539744377136e-02,3.134028315544128418e-01,2.740690857172012329e-02,5.470697954297065735e-02,5.217376351356506348e-01,-2.344843298196792603e-01,-1.860817909240722656e+00,-7.821171879768371582e-01,-9.729534387588500977e-01,-3.311913907527923584e-01,-1.693428993225097656e+00
-1.296487748622894287e-01,1.421765238046646118e-01,6.572383642196655273e-01,7.636504014953970909e-04,1.272723264992237091e-02,3.900915682315826416e-01,9.206877946853637695e-01,-8.875226378440856934e-01,-4.078470170497894287e-03,1.293300837278366089e-01,1.456751942634582520e+00,-3.046873807907104492e-01,1.379268318414688110e-01,-6.503412723541259766e-01,-1.425366997718811035e-01,1.678658649325370789e-02,1.391929507255554199e+00,-1.628207713365554810e-01,3.045287914574146271e-02,-4.555123299360275269e-02,3.139104247093200684e-01,5.796737968921661377e-02,3.073780983686447144e-02,4.648634493350982666e-01,-2.061601132154464722e-01,-1.758817911148071289e+00,-8.841171860694885254e-01,-8.709534406661987305e-01,-4.331913888454437256e-01,-1.795428991317749023e+00
-1.286731064319610596e-01,1.478411853313446045e-01,6.847352981567382812e-01,4.079075879417359829e-04,2.951158396899700165e-02,4.032734632492065430e-01,9.146034121513366699e-01,-8.722118735313415527e-01,-2.040288038551807404e-02,9.417353570461273193e-02,1.395304679870605469e+00,-4.066873788833618164e-01,1.708733588457107544e-01,-6.379002332687377930e-01,-1.608556807041168213e-01,-2.061804756522178650e-03,1.493929505348205566e+00,-2.521668374538421631e-01,2.128225285559892654e-03,-5.399380251765251160e-02,3.139854073524475098e-01,5.695798620581626892e-02,9.361022710800170898e-02,3.628634512424468994e-01,-1.169343590736389160e-01,-1.656817913055419922e+00,-7.821171879768371582e-01,-7.689534425735473633e-01,-4.919195771217346191e-01,-1.897428989410400391e+00
-1.224872097373008728e-01,1.554851084947586060e-01,7.261463403701782227e-01,-1.326624490320682526e-02,2.166284807026386261e-02,4.159108400344848633e-01,9.090505242347717285e-01,-7.702118754386901855e-01,-1.872209459543228149e-02,5.909987911581993103e-02,1.293304681777954102e+00,-3.861670792102813721e-01,1.289534419775009155e-01,-5.359002351760864258e-01,-1.527020782232284546e-01,-5.106139928102493286e-02,1.391929507255554199e+00,-2.994524240493774414e-01,2.762532234191894531e-02,-7.875354588031768799e-02,3.139964640140533447e-01,5.427489429712295532e-02,1.042814478278160095e-01,2.608634531497955322e-01,-1.650636643171310425e-02,-1.554817914962768555e+00,-6.801171898841857910e-01,-6.669534444808959961e-01,-3.899195790290832520e-01,-1.795428991317749023e+00
-1.169359460473060608e-01,1.587346494197845459e-01,7.579500675201416016e-01,-2.902142517268657684e-02,8.544106967747211456e-03,4.133259057998657227e-01,9.100804328918457031e-01,-6.682118773460388184e-01,-6.822949275374412537e-03,4.835536330938339233e-02,1.191304683685302734e+00,-3.499670326709747314e-01,9.844739735126495361e-02,-4.339002370834350586e-01,-7.495354861021041870e-02,-3.033853881061077118e-02,1.289929509162902832e+00,-3.013656735420227051e-01,9.945011883974075317e-02,-6.765837222337722778e-02,3.139987587928771973e-01,6.979785114526748657e-02,1.380232274532318115e-01,1.814987659454345703e-01,8.549363166093826294e-02,-1.452817916870117188e+00,-5.781171917915344238e-01,-5.649534463882446289e-01,-2.879195511341094971e-01,-1.693428993225097656e+00
-1.173160225152969360e-01,1.600594520568847656e-01,7.709664106369018555e-01,-3.489555418491363525e-02,-4.685590043663978577e-03,4.051997363567352295e-01,9.135499596595764160e-01,-5.662118792533874512e-01,2.151589281857013702e-02,7.106757909059524536e-02,1.089304685592651367e+00,-3.500001430511474609e-01,9.547828137874603271e-02,-3.319002389907836914e-01,-2.062118053436279297e-02,-5.019990261644124985e-03,1.187929511070251465e+00,-2.808961868286132812e-01,1.186722144484519958e-01,-1.696427166461944580e-02,3.139902055263519287e-01,1.033474951982498169e-01,2.033743113279342651e-01,2.339082956314086914e-01,1.874936372041702271e-01,-1.350817918777465820e+00,-4.761171936988830566e-01,-4.629534482955932617e-01,-1.859195679426193237e-01,-1.591428995132446289e+00
-1.198068633675575256e-01,1.663497239351272583e-01,7.750240564346313477e-01,-3.209068253636360168e-02,-3.315329318866133690e-03,4.015146493911743164e-01,9.152842164039611816e-01,-4.920843243598937988e-01,1.486358512192964554e-02,4.973912239074707031e-02,9.873046875000000000e-01,-3.255794048309326172e-01,1.088598966598510742e-01,-2.299002408981323242e-01,-6.656311452388763428e-03,4.201409965753555298e-02,1.085929512977600098e+00,-2.292984426021575928e-01,1.232898756861686707e-01,1.368717569857835770e-02,3.103539645671844482e-01,1.489714980125427246e-01,2.296735048294067383e-01,3.359082937240600586e-01,2.894936203956604004e-01,-1.248817920684814453e+00,-3.741171956062316895e-01,-3.609534502029418945e-01,-2.879195511341094971e-01,-1.489428997039794922e+00
-1.259590983390808105e-01,1.696455329656600952e-01,7.875831127166748047e-01,-1.689206995069980621e-02,-4.143832251429557800e-03,4.127130210399627686e-01,9.106950163841247559e-01,-4.509041309356689453e-01,-6.510824896395206451e-03,2.343796752393245697e-02,8.853046894073486328e-01,-2.764394581317901611e-01,9.538277238607406616e-02,-1.826435029506683350e-01,-2.887582033872604370e-02,7.692161202430725098e-02,9.839295744895935059e-01,-1.352869719266891479e-01,1.565949022769927979e-01,1.226744428277015686e-02,3.134524524211883545e-01,1.831252127885818481e-01,2.264132648706436157e-01,4.379082918167114258e-01,3.914936184883117676e-01,-1.146817922592163086e+00,-2.721171975135803223e-01,-4.095759689807891846e-01,-3.899195790290832520e-01,-1.387428998947143555e+00
-1.341232508420944214e-01,1.658697128295898438e-01,8.106838464736938477e-01,-3.057767171412706375e-04,-5.918608978390693665e-03,4.316740632057189941e-01,9.020102024078369141e-01,-4.310014545917510986e-01,-6.310418713837862015e-03,6.608384195715188980e-03,7.833046913146972656e-01,-1.744394451379776001e-01,5.273973569273948669e-02,-1.821552813053131104e-01,-7.939034700393676758e-02,8.704283088445663452e-02,8.819295763969421387e-01,-3.608142584562301636e-02,1.857501864433288574e-01,-6.615254562348127365e-03,3.139178752899169922e-01,2.182068079710006714e-01,1.544933617115020752e-01,5.399082899093627930e-01,4.934936463832855225e-01,-1.044817924499511719e+00,-1.701171994209289551e-01,-5.115759968757629395e-01,-4.919195771217346191e-01,-1.285429000854492188e+00
-1.462933570146560669e-01,1.485055834054946899e-01,8.283288478851318359e-01,5.005914252251386642e-03,-8.381733670830726624e-03,4.508501887321472168e-01,8.925462365150451660e-01,-4.540288150310516357e-01,4.538680426776409149e-03,-1.200108882039785385e-02,6.864936351776123047e-01,-1.026760488748550415e-01,2.026535384356975555e-02,-2.460935860872268677e-01,-1.072880700230598450e-01,9.206135571002960205e-02,8.171900510787963867e-01,-1.357753854244947433e-02,1.818799525499343872e-01,-3.134509176015853882e-02,3.139876723289489746e-01,2.591484189033508301e-01,5.249335616827011108e-02,6.419082880020141602e-01,4.780398905277252197e-01,-9.428179264068603516e-01,-6.811720132827758789e-02,-6.135759949684143066e-01,-5.939195752143859863e-01,-1.183429002761840820e+00
-1.360885649919509888e-01,1.211615577340126038e-01,8.285177946090698242e-01,-9.935864247381687164e-03,-5.746974609792232513e-03,4.676389694213867188e-01,8.838450312614440918e-01,-5.275874733924865723e-01,1.247954182326793671e-02,-3.203539550304412842e-02,7.884936332702636719e-01,-1.182122752070426941e-01,1.659753173589706421e-02,-3.480935692787170410e-01,-9.409424662590026855e-02,1.210373640060424805e-01,9.191900491714477539e-01,-3.594783321022987366e-02,1.632474511861801147e-01,-5.480314046144485474e-02,3.139981627464294434e-01,3.063811957836151123e-01,-4.950664564967155457e-02,7.439082860946655273e-01,3.953446745872497559e-01,-8.408179283142089844e-01,3.388280048966407776e-02,-7.155759930610656738e-01,-6.959195733070373535e-01,-1.081429004669189453e+00
-1.209772527217864990e-01,9.357393532991409302e-02,8.126559257507324219e-01,-1.596780680119991302e-02,7.746480987407267094e-04,4.801152050495147705e-01,8.770597577095031738e-01,-6.099100112915039062e-01,2.105683647096157074e-02,-1.396919507533311844e-02,8.904936313629150391e-01,-1.147862970829010010e-01,9.995998814702033997e-03,-4.500935971736907959e-01,-6.995410472154617310e-02,1.306477934122085571e-01,1.021190047264099121e+00,-4.601849243044853210e-02,1.518637090921401978e-01,-7.323502749204635620e-02,3.139997124671936035e-01,3.255663812160491943e-01,-1.515066474676132202e-01,8.459082841873168945e-01,4.032446146011352539e-01,-7.388179302215576172e-01,1.358827948570251465e-01,-8.175759911537170410e-01,-7.979195713996887207e-01,-9.794290065765380859e-01
-1.243050694465637207e-01,7.158803939819335938e-02,7.876428365707397461e-01,-2.288441732525825500e-02,5.428966134786605835e-03,4.895868003368377686e-01,8.716372847557067871e-01,-6.413527727127075195e-01,1.221599336713552475e-02,2.376789599657058716e-02,9.924936294555664062e-01,-8.838406950235366821e-02,-1.163711305707693100e-02,-5.520935654640197754e-01,-6.112980842590332031e-02,1.031354963779449463e-01,1.123190045356750488e+00,-1.037655249238014221e-01,1.196324154734611511e-01,-1.200512200593948364e-01,3.139999508857727051e-01,3.288590908050537109e-01,-2.535066306591033936e-01,9.479082822799682617e-01,5.052446126937866211e-01,-6.993206143379211426e-01,2.378828078508377075e-01,-9.195759892463684082e-01,-8.999195694923400879e-01,-8.774290084838867188e-01
-1.248930245637893677e-01,5.633788555860519409e-02,7.619193792343139648e-01,-2.984979189932346344e-02,8.805098012089729309e-03,5.035276412963867188e-01,8.634184002876281738e-01,-6.213478446006774902e-01,-3.195823356509208679e-02,6.429905444383621216e-02,1.094493627548217773e+00,-8.548402041196823120e-02,-3.924144431948661804e-02,-6.540935635566711426e-01,-2.974673733115196228e-02,7.716892659664154053e-02,1.225190043449401855e+00,-2.057655155658721924e-01,7.295298576354980469e-02,-1.783100813627243042e-01,3.045353293418884277e-01,3.382492065429687500e-01,-3.555066585540771484e-01,1.049908280372619629e+00,6.072446107864379883e-01,-8.013206124305725098e-01,3.398827910423278809e-01,-9.013256430625915527e-01,-1.001919507980346680e+00,-7.754290103912353516e-01
-1.253784000873565674e-01,4.437219724059104919e-02,7.458254098892211914e-01,-4.794842749834060669e-02,1.955631375312805176e-02,5.154449939727783203e-01,8.553566336631774902e-01,-5.469118952751159668e-01,-7.362405955791473389e-02,8.372151851654052734e-02,1.196493625640869141e+00,-9.218844026327133179e-02,-3.727388009428977966e-02,-7.555704712867736816e-01,-2.608971437439322472e-03,4.761215299367904663e-02,1.327190041542053223e+00,-3.077655136585235596e-01,2.993329800665378571e-02,-2.432721406221389771e-01,3.034410476684570312e-01,3.613534271717071533e-01,-4.575066566467285156e-01,1.151908278465270996e+00,7.092446088790893555e-01,-9.033206105232238770e-01,4.418827891349792480e-01,-8.425939679145812988e-01,-1.103919506072998047e+00,-6.734290122985839844e-01
-1.047090217471122742e-01,3.245088458061218262e-02,7.390713691711425781e-01,-5.509855225682258606e-02,2.091620117425918579e-02,5.285972356796264648e-01,8.468244075775146484e-01,-4.449118971824645996e-01,-9.792409837245941162e-02,7.811059057712554932e-02,1.298493623733520508e+00,-8.224087953567504883e-02,-4.039327055215835571e-02,-7.621505260467529297e-01,3.058133833110332489e-02,2.900007367134094238e-02,1.262071967124938965e+00,-4.097655117511749268e-01,-4.354363307356834412e-03,-3.109866380691528320e-01,2.891873419284820557e-01,3.537015318870544434e-01,-5.595066547393798828e-01,1.183773636817932129e+00,6.072446107864379883e-01,-1.005320549011230469e+00,5.438827872276306152e-01,-7.764101624488830566e-01,-1.205919623374938965e+00,-5.985107421875000000e-01
-1.040033921599388123e-01,2.343975193798542023e-02,7.393298149108886719e-01,-5.696533992886543274e-02,2.851290628314018250e-02,5.362409949302673340e-01,8.416576385498046875e-01,-3.429118990898132324e-01,-1.183724552392959595e-01,4.045865312218666077e-02,1.351970076560974121e+00,-7.908985763788223267e-02,-5.195209011435508728e-02,-7.474279999732971191e-01,6.423553824424743652e-02,9.344836696982383728e-03,1.160071969032287598e+00,-4.268403053283691406e-01,2.984215971082448959e-03,-3.640832901000976562e-01,2.730675041675567627e-01,3.515481650829315186e-01,-6.615066528320312500e-01,1.081773638725280762e+00,5.052446126937866211e-01,-1.107320666313171387e+00,6.458827853202819824e-01,-8.337802290916442871e-01,-1.307919621467590332e+00,-6.931157708168029785e-01
-1.011564359068870544e-01,1.669953577220439911e-02,7.442115545272827148e-01,-4.463512450456619263e-02,3.639490529894828796e-02,5.507377982139587402e-01,8.326890468597412109e-01,-2.812015712261199951e-01,-1.110151037573814392e-01,-1.008313614875078201e-02,1.249970078468322754e+00,-1.547855287790298462e-01,-2.577693015336990356e-02,-7.186666131019592285e-01,8.879365772008895874e-02,3.046161681413650513e-02,1.058071970939636230e+00,-4.244262576103210449e-01,3.999805822968482971e-02,-3.950536847114562988e-01,2.482205033302307129e-01,3.362279832363128662e-01,-7.635066509246826172e-01,9.797735810279846191e-01,4.032446146011352539e-01,-1.209320664405822754e+00,6.813490390777587891e-01,-8.023455142974853516e-01,-1.409919619560241699e+00,-7.704694867134094238e-01
-9.837420284748077393e-02,9.727402590215206146e-03,7.457647323608398438e-01,-3.909777849912643433e-02,4.322747513651847839e-02,5.618494749069213867e-01,8.251835703849792480e-01,-2.066806554794311523e-01,-1.140262708067893982e-01,-3.167602047324180603e-02,1.147970080375671387e+00,-2.239217907190322876e-01,2.268939744681119919e-03,-6.810015439987182617e-01,1.116345971822738647e-01,3.936716541647911072e-02,9.560720324516296387e-01,-4.202032983303070068e-01,3.998348489403724670e-02,-4.376136958599090576e-01,2.389446347951889038e-01,3.197125792503356934e-01,-8.655066490173339844e-01,8.777735829353332520e-01,3.012446165084838867e-01,-1.311320662498474121e+00,5.793490409851074219e-01,-7.633153200149536133e-01,-1.511919617652893066e+00,-8.120401501655578613e-01
-9.016086161136627197e-02,1.695496961474418640e-02,7.432483434677124023e-01,-3.024654090404510498e-02,2.747265808284282684e-02,5.716825127601623535e-01,8.194568157196044922e-01,-1.452469229698181152e-01,-1.112249195575714111e-01,-3.810674697160720825e-02,1.045970082283020020e+00,-2.191626578569412231e-01,1.436849869787693024e-02,-6.374539136886596680e-01,1.324285715818405151e-01,2.033070847392082214e-02,9.582999348640441895e-01,-4.493691921234130859e-01,1.447759941220283508e-02,-4.511124491691589355e-01,2.478753924369812012e-01,2.848635017871856689e-01,-8.768188357353210449e-01,7.757735848426818848e-01,1.992446184158325195e-01,-1.311463475227355957e+00,4.773490428924560547e-01,-6.613153219223022461e-01,-1.585890293121337891e+00,-7.695825099945068359e-01
-8.428191393613815308e-02,2.826372534036636353e-02,7.468113899230957031e-01,-2.210984937846660614e-02,1.547582942293956876e-04,5.741466879844665527e-01,8.184538483619689941e-01,-1.073454171419143677e-01,-1.040755957365036011e-01,-4.589537531137466431e-02,1.094858050346374512e+00,-1.436477303504943848e-01,-1.408706326037645340e-02,-5.777465105056762695e-01,1.405722349882125854e-01,-1.576926559209823608e-02,9.618537425994873047e-01,-4.420625865459442139e-01,-2.249203622341156006e-02,-4.609997868537902832e-01,2.756597995758056641e-01,2.342302650213241577e-01,-7.748188376426696777e-01,6.737735867500305176e-01,9.724461287260055542e-02,-1.209463477134704590e+00,3.753490447998046875e-01,-5.593153238296508789e-01,-1.483890295028686523e+00,-6.675825119018554688e-01
-6.343000382184982300e-02,3.962903469800949097e-02,7.633018493652343750e-01,3.572569927200675011e-03,-1.694907620549201965e-02,5.596666336059570312e-01,8.285368084907531738e-01,-6.465950608253479004e-02,-7.729858160018920898e-02,-2.802368812263011932e-02,1.196858048439025879e+00,-4.164772853255271912e-02,-6.790637969970703125e-02,-4.873034358024597168e-01,1.349083185195922852e-01,-2.472012303769588470e-02,9.191375374794006348e-01,-3.732258975505828857e-01,-4.942787811160087585e-02,-4.535871148109436035e-01,2.830301225185394287e-01,1.638736426830291748e-01,-6.728188395500183105e-01,5.717735886573791504e-01,-4.755385685712099075e-03,-1.107463479042053223e+00,2.733490467071533203e-01,-4.573153257369995117e-01,-1.381890296936035156e+00,-6.865641474723815918e-01
-6.817618757486343384e-02,4.753570258617401123e-02,7.915488481521606445e-01,3.217213973402976990e-02,-2.218544855713844299e-02,5.442850589752197266e-01,8.379895687103271484e-01,-5.436946079134941101e-02,-1.762286573648452759e-02,-1.082815695554018021e-02,1.298858046531677246e+00,6.035226956009864807e-02,-8.384270220994949341e-02,-3.879649937152862549e-01,1.022740304470062256e-01,-5.490839947015047073e-03,8.211426138877868652e-01,-2.807878851890563965e-01,-4.287924244999885559e-02,-4.145305454730987549e-01,2.680418491363525391e-01,9.611111134290695190e-02,-5.708188414573669434e-01,4.697735905647277832e-01,-1.067553833127021790e-01,-1.005463480949401855e+00,1.713490486145019531e-01,-5.593153238296508789e-01,-1.279890298843383789e+00,-7.350961565971374512e-01
-5.244357138872146606e-02,5.295199900865554810e-02,8.258614540100097656e-01,7.589425146579742432e-02,-4.106907546520233154e-02,5.273511409759521484e-01,8.452538847923278809e-01,-5.184060335159301758e-02,1.370740588754415512e-02,2.037272229790687561e-02,1.400858044624328613e+00,1.064250245690345764e-01,-1.057392731308937073e-01,-2.859649956226348877e-01,4.270669445395469666e-02,-5.646178033202886581e-03,7.191426157951354980e-01,-1.787878870964050293e-01,3.926659747958183289e-02,-3.439514338970184326e-01,2.359099537134170532e-01,3.899554489180445671e-03,-4.688188433647155762e-01,5.717735886573791504e-01,-2.087553888559341431e-01,-9.034634232521057129e-01,6.934905797243118286e-02,-6.613153219223022461e-01,-1.177890300750732422e+00,-6.926021575927734375e-01
-5.621012300252914429e-02,5.595497414469718933e-02,8.601813316345214844e-01,9.581030905246734619e-02,-2.865448407828807831e-02,5.426959395408630371e-01,8.339546918869018555e-01,-1.447001397609710693e-01,6.418758630752563477e-02,1.561946701258420944e-02,1.502858042716979980e+00,7.449324429035186768e-02,-7.818274199962615967e-02,-1.947703659534454346e-01,-1.346053276211023331e-02,2.081610262393951416e-02,6.389326453208923340e-01,-7.678788900375366211e-02,5.427245050668716431e-02,-3.092069923877716064e-01,1.899334341287612915e-01,-7.825633883476257324e-02,-3.668188452720642090e-01,6.737735867500305176e-01,-3.107553720474243164e-01,-8.014634251594543457e-01,-3.265094384551048279e-02,-7.633153200149536133e-01,-1.075890302658081055e+00,-6.503718495368957520e-01
-5.700606107711791992e-02,7.376744598150253296e-02,8.812538385391235352e-01,1.042485088109970093e-01,-7.655022665858268738e-03,5.450566411018371582e-01,8.318575024604797363e-01,-2.467001527547836304e-01,9.109281003475189209e-02,-8.100921288132667542e-03,1.604858040809631348e+00,2.803622186183929443e-02,-5.730614066123962402e-02,-1.400938779115676880e-01,-7.838233560323715210e-02,3.327937051653862000e-02,6.792823076248168945e-01,2.521211281418800354e-02,8.630055934190750122e-02,-2.485423833131790161e-01,1.542077362537384033e-01,-1.547085940837860107e-01,-2.648188471794128418e-01,7.757735848426818848e-01,-2.808179855346679688e-01,-6.994634270668029785e-01,-1.346509456634521484e-01,-8.653153181076049805e-01,-9.738903045654296875e-01,-6.255612373352050781e-01
-5.209544301033020020e-02,1.085620522499084473e-01,8.897079229354858398e-01,1.036198213696479797e-01,8.946273475885391235e-03,5.596446394920349121e-01,8.221805095672607422e-01,-3.487001359462738037e-01,1.082380712032318115e-01,1.024396996945142746e-02,1.706858038902282715e+00,-1.710378751158714294e-02,-4.349857941269874573e-02,-1.276523321866989136e-01,-1.314955502748489380e-01,1.493742223829030991e-02,7.812823057174682617e-01,1.121220439672470093e-01,9.616785496473312378e-02,-2.271284610033035278e-01,1.605128347873687744e-01,-2.051695287227630615e-01,-1.628188490867614746e-01,8.777735829353332520e-01,-1.788179725408554077e-01,-5.974634289741516113e-01,-2.366509437561035156e-01,-9.673153162002563477e-01,-8.718903064727783203e-01,-6.421562433242797852e-01
-4.731211066246032715e-02,1.535461843013763428e-01,8.920791149139404297e-01,9.751456975936889648e-02,2.237620763480663300e-02,5.795325636863708496e-01,8.087844252586364746e-01,-4.507001340389251709e-01,1.079344376921653748e-01,1.286854408681392670e-02,1.808858036994934082e+00,-7.114140689373016357e-02,-2.292846702039241791e-02,-1.410553008317947388e-01,-1.530658155679702759e-01,1.412291079759597778e-02,8.832823038101196289e-01,1.315529644489288330e-01,1.193008571863174438e-01,-1.906544864177703857e-01,1.998840421438217163e-01,-2.187175154685974121e-01,-1.185071915388107300e-01,9.797735810279846191e-01,-7.681798189878463745e-02,-4.954634308815002441e-01,-3.386509418487548828e-01,-1.069315314292907715e+00,-7.698903083801269531e-01,-6.316407322883605957e-01
-4.124227911233901978e-02,1.975953578948974609e-01,8.856202363967895508e-01,9.461192786693572998e-02,2.201783470809459686e-02,5.933104753494262695e-01,7.990910410881042480e-01,-5.527001619338989258e-01,9.079094976186752319e-02,2.668584138154983521e-02,1.873531341552734375e+00,-1.434780806303024292e-01,4.703302402049303055e-03,-1.806527674198150635e-01,-1.498557776212692261e-01,1.283488352783024311e-03,9.852823019027709961e-01,1.110130473971366882e-01,1.237087175250053406e-01,-1.368340253829956055e-01,2.551386356353759766e-01,-1.954730302095413208e-01,-1.187758147716522217e-01,1.081773638725280762e+00,2.518201991915702820e-02,-3.934634327888488770e-01,-4.406509399414062500e-01,-1.171315312385559082e+00,-6.678903102874755859e-01,-6.801812648773193359e-01
-3.692036122083663940e-02,2.347868829965591431e-01,8.717079162597656250e-01,8.196605741977691650e-02,1.513806171715259552e-02,6.048025488853454590e-01,7.920014262199401855e-01,-6.547001600265502930e-01,5.490497499704360962e-02,4.120641574263572693e-02,1.779919862747192383e+00,-1.970955729484558105e-01,4.216763377189636230e-02,-2.358583807945251465e-01,-1.329735219478607178e-01,-1.154685579240322113e-02,1.087282299995422363e+00,6.177351996302604675e-02,1.118892803788185120e-01,-5.813732743263244629e-02,3.050347566604614258e-01,-1.483727693557739258e-01,-1.243206709623336792e-01,1.183773636817932129e+00,1.271820217370986938e-01,-2.914634346961975098e-01,-5.204111933708190918e-01,-1.273315310478210449e+00,-7.596249580383300781e-01,-7.768105268478393555e-01
-3.486727923154830933e-02,2.629133760929107666e-01,8.456338644027709961e-01,6.077211722731590271e-02,1.519649103283882141e-02,6.102966070175170898e-01,7.896922826766967773e-01,-7.567001581192016602e-01,9.922292083501815796e-03,7.391296327114105225e-02,1.677919864654541016e+00,-2.549351751804351807e-01,7.912360876798629761e-02,-3.375224471092224121e-01,-1.115109771490097046e-01,-5.510208383202552795e-02,1.189282298088073730e+00,-2.459922991693019867e-02,9.266637265682220459e-02,1.843393035233020782e-02,3.126510977745056152e-01,-8.638975769281387329e-02,-1.038956716656684875e-01,1.285773634910583496e+00,2.291820198297500610e-01,-1.894634366035461426e-01,-4.774718284606933594e-01,-1.375315308570861816e+00,-8.616249561309814453e-01,-8.788105249404907227e-01
-3.238224983215332031e-02,2.849898636341094971e-01,8.113688230514526367e-01,3.414081782102584839e-02,2.102271281182765961e-02,6.087918281555175781e-01,7.923161983489990234e-01,-8.587001562118530273e-01,-3.649690002202987671e-02,8.276282250881195068e-02,1.575919866561889648e+00,-2.960900664329528809e-01,9.938227385282516479e-02,-3.951601088047027588e-01,-7.368165254592895508e-02,-1.170678436756134033e-01,1.248214721679687500e+00,-1.265992373228073120e-01,7.262352108955383301e-02,8.828430622816085815e-02,3.137749433517456055e-01,-3.578707575798034668e-02,-6.045605614781379700e-02,1.387773633003234863e+00,3.311820328235626221e-01,-8.746344596147537231e-02,-3.754718303680419922e-01,-1.477315306663513184e+00,-9.636249542236328125e-01,-9.808105230331420898e-01
-3.063895739614963531e-02,3.029284775257110596e-01,7.718682289123535156e-01,1.338548399507999420e-02,3.489157184958457947e-02,6.038010716438293457e-01,7.962585687637329102e-01,-8.850953578948974609e-01,-6.822862476110458374e-02,8.509928733110427856e-02,1.473919868469238281e+00,-3.428425788879394531e-01,1.138895377516746521e-01,-3.821186423301696777e-01,-4.186363890767097473e-02,-1.764888614416122437e-01,1.146214723587036133e+00,-2.285992354154586792e-01,3.034925460815429688e-02,1.730691343545913696e-01,3.139662444591522217e-01,-1.778297685086727142e-02,1.326620392501354218e-02,1.489773631095886230e+00,4.331820309162139893e-01,-1.220890805125236511e-01,-2.734718322753906250e-01,-1.412970304489135742e+00,-1.065624952316284180e+00,-1.082810521125793457e+00
-3.081415221095085144e-02,3.154796659946441650e-01,7.310411930084228516e-01,1.490324363112449646e-02,5.055011436343193054e-02,5.949613451957702637e-01,8.020246624946594238e-01,-8.617442250251770020e-01,-8.413441479206085205e-02,1.076353564858436584e-01,1.371919870376586914e+00,-3.752795159816741943e-01,1.285732537508010864e-01,-3.593299090862274170e-01,-4.189626872539520264e-02,-2.145384252071380615e-01,1.044214725494384766e+00,-3.305992186069488525e-01,-4.089946672320365906e-02,1.820206791162490845e-01,3.139949440956115723e-01,-6.145159527659416199e-02,1.152662038803100586e-01,1.387773633003234863e+00,5.351819992065429688e-01,-2.240890860557556152e-01,-1.913895905017852783e-01,-1.310970187187194824e+00,-9.636249542236328125e-01,-1.184810519218444824e+00
-3.115371800959110260e-02,3.288143575191497803e-01,7.012808322906494141e-01,1.739011332392692566e-02,3.964094072580337524e-02,5.950974225997924805e-01,8.024868965148925781e-01,-8.322030305862426758e-01,-6.897564232349395752e-02,1.427171826362609863e-01,1.269919872283935547e+00,-3.975752294063568115e-01,1.367796510457992554e-01,-3.213918805122375488e-01,-4.000928625464439392e-02,-2.323208302259445190e-01,1.007836818695068359e+00,-4.325992166996002197e-01,-1.030390039086341858e-01,1.857015937566757202e-01,3.139992356300354004e-01,-8.914715796709060669e-02,2.172662019729614258e-01,1.285773634910583496e+00,6.371819972991943359e-01,-3.260890841484069824e-01,-9.602905064821243286e-02,-1.208970189094543457e+00,-8.616249561309814453e-01,-1.286810517311096191e+00
-2.874598652124404907e-02,3.465434610843658447e-01,7.106218338012695312e-01,2.127790264785289764e-02,3.259368985891342163e-02,6.006090641021728516e-01,7.985948324203491211e-01,-7.696824073791503906e-01,-6.803733855485916138e-02,1.626553386449813843e-01,1.167919874191284180e+00,-3.848333954811096191e-01,1.353452205657958984e-01,-2.563472688198089600e-01,-4.317286983132362366e-02,-2.575156688690185547e-01,9.502170681953430176e-01,-5.345992445945739746e-01,-9.502290934324264526e-02,2.076978832483291626e-01,3.139998912811279297e-01,-9.487948566675186157e-02,3.079807460308074951e-01,1.183773636817932129e+00,7.391819953918457031e-01,-4.280890822410583496e-01,-6.755337864160537720e-02,-1.106970191001892090e+00,-7.596249580383300781e-01,-1.285116314888000488e+00
-2.576182968914508820e-02,3.637780249118804932e-01,7.506107091903686523e-01,3.151578456163406372e-02,7.568192202597856522e-03,6.180028915405273438e-01,7.855074405670166016e-01,-6.676824092864990234e-01,-6.585134565830230713e-02,1.747561246156692505e-01,1.065919876098632812e+00,-2.828333973884582520e-01,8.262662589550018311e-02,-1.543472707271575928e-01,-1.694077439606189728e-02,-2.554497122764587402e-01,8.482170701026916504e-01,-4.360735118389129639e-01,-1.507565751671791077e-02,2.453653812408447266e-01,3.139999806880950928e-01,-3.298407047986984253e-02,2.911098599433898926e-01,1.081773638725280762e+00,7.040630578994750977e-01,-5.300890803337097168e-01,-2.322422154247760773e-02,-1.004970192909240723e+00,-6.576249599456787109e-01,-1.183116316795349121e+00
-1.893558353185653687e-02,3.780464828014373779e-01,8.000984191894531250e-01,4.477528855204582214e-02,-1.518180314451456070e-02,6.260533332824707031e-01,7.783456444740295410e-01,-5.656824111938476562e-01,-8.974042534828186035e-02,1.223231256008148193e-01,9.639198780059814453e-01,-1.808333843946456909e-01,6.117936968803405762e-02,-5.370787531137466431e-02,-2.763647586107254028e-02,-2.151254713535308838e-01,7.462170720100402832e-01,-3.340735137462615967e-01,7.312681525945663452e-02,2.332089245319366455e-01,3.140000104904174805e-01,1.334434468299150467e-02,3.457519114017486572e-01,9.797735810279846191e-01,6.515748500823974609e-01,-6.320890784263610840e-01,4.846400767564773560e-02,-9.029702544212341309e-01,-5.556249618530273438e-01,-1.081116318702697754e+00
-1.411210373044013977e-02,3.877245783805847168e-01,8.496388196945190430e-01,4.816848412156105042e-02,-3.284085541963577271e-02,6.502055525779724121e-01,7.575183510780334473e-01,-4.636824131011962891e-01,-1.041321083903312683e-01,2.032312378287315369e-02,8.619198799133300781e-01,-7.883338630199432373e-02,-1.911340467631816864e-02,-1.190008446574211121e-01,-4.640840366482734680e-02,-1.739814281463623047e-01,7.751485705375671387e-01,-2.320735007524490356e-01,9.811709821224212646e-02,1.713516265153884888e-01,3.140000104904174805e-01,9.380628913640975952e-02,3.730874657630920410e-01,8.777735829353332520e-01,7.535748481750488281e-01,-7.305375337600708008e-01,1.504640132188796997e-01,-8.009702563285827637e-01,-5.241726040840148926e-01,-9.791163206100463867e-01
-1.386614143848419189e-02,3.907341063022613525e-01,8.878142833709716797e-01,2.468882501125335693e-02,-4.273415356874465942e-02,6.657404303550720215e-01,7.445495128631591797e-01,-3.616824150085449219e-01,-7.604139298200607300e-02,-6.884612143039703369e-02,7.599198818206787109e-01,2.316661551594734192e-02,-9.466528892517089844e-02,-2.210008502006530762e-01,-8.232758194208145142e-02,-1.465303599834442139e-01,8.771485686302185059e-01,-1.300735026597976685e-01,1.078045368194580078e-01,1.015351265668869019e-01,3.140000104904174805e-01,1.853165030479431152e-01,3.636499345302581787e-01,7.757735848426818848e-01,8.555748462677001953e-01,-7.439314723014831543e-01,2.293953299522399902e-01,-8.370460867881774902e-01,-6.261726021766662598e-01,-8.771163225173950195e-01
-1.611380465328693390e-02,3.933688402175903320e-01,9.082524776458740234e-01,3.095513384323567152e-04,-4.962874948978424072e-02,6.760429143905639648e-01,7.351890206336975098e-01,-2.596824169158935547e-01,-3.687499091029167175e-02,-1.481476426124572754e-01,6.579198837280273438e-01,1.251666098833084106e-01,-1.321815252304077148e-01,-3.230008482933044434e-01,-1.115430593490600586e-01,-9.042830020189285278e-02,9.791485667228698730e-01,-2.807350829243659973e-02,1.076039224863052368e-01,4.141949117183685303e-02,3.139999806880950928e-01,2.746103703975677490e-01,2.616499364376068115e-01,7.759659886360168457e-01,8.158292174339294434e-01,-6.419314742088317871e-01,1.273953318595886230e-01,-9.390460848808288574e-01,-6.955485939979553223e-01,-7.751163244247436523e-01
-2.031893655657768250e-02,4.212107062339782715e-01,9.158393144607543945e-01,-1.599340327084064484e-02,-6.844946742057800293e-02,6.638576388359069824e-01,7.445481419563293457e-01,-2.675396502017974854e-01,2.763053216040134430e-02,-1.781014502048492432e-01,5.559198856353759766e-01,2.271666228771209717e-01,-1.459311395883560181e-01,-4.250008463859558105e-01,-1.330634355545043945e-01,-4.341924563050270081e-02,9.787047505378723145e-01,7.392649352550506592e-02,1.195606812834739685e-01,-2.536489337217062712e-04,3.140000104904174805e-01,3.579692542552947998e-01,1.596499383449554443e-01,8.779659867286682129e-01,7.138292193412780762e-01,-5.399314761161804199e-01,6.532169133424758911e-02,-1.041046023368835449e+00,-6.904069781303405762e-01,-6.731163263320922852e-01
-2.446611970663070679e-02,4.302962720394134521e-01,9.057794809341430664e-01,-4.613737016916275024e-02,-8.169855922460556030e-02,6.406736373901367188e-01,7.620590329170227051e-01,-3.098353147506713867e-01,9.175951033830642700e-02,-1.670420467853546143e-01,5.033308267593383789e-01,2.149275988340377808e-01,-1.492148786783218384e-01,-5.270008444786071777e-01,-1.258605867624282837e-01,-4.488578066229820251e-03,8.767047524452209473e-01,8.977267891168594360e-02,1.403230428695678711e-01,4.774864763021469116e-03,3.140000104904174805e-01,4.495077729225158691e-01,5.764994025230407715e-02,9.799659848213195801e-01,6.148306131362915039e-01,-4.658966064453125000e-01,7.503883540630340576e-02,-1.143046021461486816e+00,-6.623969078063964844e-01,-5.711163282394409180e-01
-2.572742477059364319e-02,4.595768749713897705e-01,8.806049823760986328e-01,-4.401400312781333923e-02,-8.625125139951705933e-02,6.103472709655761719e-01,7.861931324005126953e-01,-3.368892967700958252e-01,1.254139393568038940e-01,-9.947865456342697144e-02,5.468434691429138184e-01,1.283454596996307373e-01,-1.339790821075439453e-01,-6.290008425712585449e-01,-1.021650508046150208e-01,8.969466201961040497e-03,7.747047543525695801e-01,9.259562939405441284e-02,1.706315577030181885e-01,3.337393328547477722e-02,3.140000104904174805e-01,4.822261631488800049e-01,6.456834962591528893e-04,1.081965923309326172e+00,5.447692871093750000e-01,-5.385241508483886719e-01,1.458438634872436523e-01,-1.245046019554138184e+00,-6.011364459991455078e-01,-5.772725939750671387e-01
-2.317169681191444397e-02,4.690326154232025146e-01,8.494855165481567383e-01,-1.807050220668315887e-02,-8.833076804876327515e-02,5.867033600807189941e-01,8.047672510147094727e-01,-3.478976190090179443e-01,1.140236258506774902e-01,-4.192029684782028198e-02,6.488434672355651855e-01,2.634545974433422089e-02,-8.364231884479522705e-02,-7.310008406639099121e-01,-5.030312016606330872e-02,2.366364933550357819e-02,6.727047562599182129e-01,8.136544376611709595e-02,1.954558789730072021e-01,7.576240599155426025e-02,3.140000104904174805e-01,4.750259220600128174e-01,2.703402657061815262e-03,1.183965921401977539e+00,4.427692890167236328e-01,-6.405241489410400391e-01,2.478438615798950195e-01,-1.185323953628540039e+00,-4.991364479064941406e-01,-6.792725920677185059e-01
-1.505900081247091293e-02,4.885044097900390625e-01,8.153294324874877930e-01,1.171420980244874954e-02,-1.011495739221572876e-01,5.830470919609069824e-01,8.060320019721984863e-01,-3.672031164169311523e-01,9.398232400417327881e-02,1.380519103258848190e-02,7.508434653282165527e-01,-7.565453648567199707e-02,-2.794816717505455017e-02,-8.330008387565612793e-01,-1.972762169316411018e-03,1.552378106862306595e-02,5.749504566192626953e-01,8.590674400329589844e-02,1.961183696985244751e-01,9.633271396160125732e-02,3.140000104904174805e-01,4.590564668178558350e-01,1.401753979735076427e-03,1.097625374794006348e+00,3.407692909240722656e-01,-7.425241470336914062e-01,3.498438596725463867e-01,-1.083323955535888672e+00,-3.971364498138427734e-01,-7.812725901603698730e-01
-8.279754780232906342e-03,5.046392679214477539e-01,7.913711071014404297e-01,3.056800924241542816e-02,-1.098080649971961975e-01,5.961346030235290527e-01,7.947523593902587891e-01,-3.708882331848144531e-01,8.493328839540481567e-02,4.607987031340599060e-02,8.528434634208679199e-01,-1.776545345783233643e-01,-1.949029508978128433e-03,-9.350008368492126465e-01,3.306331485509872437e-02,1.705050282180309296e-02,5.724154114723205566e-01,9.982571005821228027e-02,1.865770071744918823e-01,1.236229389905929565e-01,3.140000104904174805e-01,4.481855332851409912e-01,3.290351480245590210e-03,9.956253170967102051e-01,2.387692779302597046e-01,-8.445241451263427734e-01,4.026837944984436035e-01,-9.813239574432373047e-01,-2.951364517211914062e-01,-8.832725882530212402e-01
1.832699216902256012e-02,5.105776190757751465e-01,7.805064916610717773e-01,2.532621473073959351e-02,-1.056307628750801086e-01,5.998394489288330078e-01,7.927126288414001465e-01,-3.950369358062744141e-01,1.044978052377700806e-01,6.561918556690216064e-02,9.548434615135192871e-01,-2.796545326709747314e-01,2.813717909157276154e-02,-1.037000894546508789e+00,5.609063431620597839e-02,-2.378691546618938446e-02,5.283121466636657715e-01,5.553621426224708557e-02,1.765799820423126221e-01,1.569358855485916138e-01,3.140000104904174805e-01,4.190368652343750000e-01,1.166463829576969147e-02,8.936253190040588379e-01,1.367692798376083374e-01,-9.465241432189941406e-01,3.411411046981811523e-01,-9.382166862487792969e-01,-1.931364536285400391e-01,-9.852725863456726074e-01
2.230076305568218231e-02,5.092132687568664551e-01,7.785834074020385742e-01,2.216422557830810547e-02,-1.010847762227058411e-01,6.010369062423706055e-01,7.924930453300476074e-01,-4.286094903945922852e-01,1.120908558368682861e-01,5.808916687965393066e-02,1.022950172424316406e+00,-3.816545307636260986e-01,5.477634258568286896e-03,-1.139000892639160156e+00,3.674856573343276978e-02,-8.845677226781845093e-02,4.404297471046447754e-01,3.067459538578987122e-02,1.803955882787704468e-01,1.924657523632049561e-01,3.140000104904174805e-01,3.737399280071258545e-01,-1.257443055510520935e-02,8.084478974342346191e-01,3.476927801966667175e-02,-1.048524141311645508e+00,2.391411066055297852e-01,-9.283602833747863770e-01,-9.113644808530807495e-02,-1.087272644042968750e+00
2.085338346660137177e-02,5.037977099418640137e-01,7.901552915573120117e-01,1.684058085083961487e-02,-1.199004128575325012e-01,6.271923780441284180e-01,7.693958878517150879e-01,-4.228959679603576660e-01,1.090032458305358887e-01,-1.082535367459058762e-02,1.009935379028320312e+00,-4.458709061145782471e-01,1.278774160891771317e-02,-1.241000890731811523e+00,8.007628843188285828e-03,-8.067662268877029419e-02,5.424297451972961426e-01,1.053975895047187805e-01,1.539819091558456421e-01,1.320507377386093140e-01,3.140000104904174805e-01,3.425686657428741455e-01,3.326985612511634827e-02,7.217861413955688477e-01,-6.723072379827499390e-02,-1.150524139404296875e+00,1.371411085128784180e-01,-9.074146747589111328e-01,1.086355373263359070e-02,-1.189272642135620117e+00
4.736009612679481506e-02,5.131204128265380859e-01,8.040174245834350586e-01,1.649762503802776337e-02,-7.755027711391448975e-02,6.610552072525024414e-01,7.461365461349487305e-01,-4.575536251068115234e-01,6.500809639692306519e-02,-6.685242056846618652e-02,9.329256415367126465e-01,-4.296496808528900146e-01,2.229163423180580139e-02,-1.343000888824462891e+00,-1.875315792858600616e-02,-8.147406578063964844e-02,6.444297432899475098e-01,1.047340035438537598e-01,1.477946043014526367e-01,7.955260574817657471e-02,3.140000104904174805e-01,2.799334228038787842e-01,8.256058394908905029e-02,6.453821063041687012e-01,-1.692307293415069580e-01,-1.252524137496948242e+00,3.514110669493675232e-02,-9.827702641487121582e-01,4.212033934891223907e-03,-1.291272640228271484e+00
5.196472629904747009e-02,5.240742564201354980e-01,8.267753124237060547e-01,2.160818129777908325e-02,-4.924291744828224182e-02,6.877597570419311523e-01,7.239438891410827637e-01,-4.172733426094055176e-01,1.833129301667213440e-02,-1.066032946109771729e-01,8.309256434440612793e-01,-3.276496827602386475e-01,1.371356658637523651e-02,-1.445000886917114258e+00,-5.760517343878746033e-02,-8.398505300283432007e-02,7.464297413825988770e-01,1.093029975891113281e-01,1.406922340393066406e-01,4.770204890519380569e-03,3.140000104904174805e-01,2.245045602321624756e-01,1.325576007366180420e-01,5.486601591110229492e-01,-1.746802330017089844e-01,-1.354524135589599609e+00,-6.685889512300491333e-02,-1.084770321846008301e+00,-2.195533551275730133e-02,-1.393272638320922852e+00
5.693089216947555542e-02,5.386133790016174316e-01,8.535611629486083984e-01,3.142555430531501770e-02,-3.844172134995460510e-02,7.049960494041442871e-01,7.074710130691528320e-01,-3.152733445167541504e-01,-7.076499518007040024e-03,-1.598253697156906128e-01,7.289256453514099121e-01,-2.256496697664260864e-01,-3.517910465598106384e-02,-1.362433433532714844e+00,-9.034138917922973633e-02,-1.109742596745491028e-01,8.484297394752502441e-01,1.076777577400207520e-01,1.299964487552642822e-01,-2.483040653169155121e-02,3.140000104904174805e-01,1.723517924547195435e-01,1.732706725597381592e-01,4.878891408443450928e-01,-1.437398791313171387e-01,-1.425593852996826172e+00,-1.688589006662368774e-01,-1.186770319938659668e+00,-6.838918477296829224e-02,-1.495272636413574219e+00
8.425071835517883301e-02,5.662009716033935547e-01,8.743233680725097656e-01,3.330811858177185059e-02,-3.523113578557968140e-02,7.176647782325744629e-01,6.946989297866821289e-01,-2.132733464241027832e-01,-8.626591414213180542e-03,-1.822362542152404785e-01,6.269256472587585449e-01,-1.236496791243553162e-01,-1.170415654778480530e-01,-1.260433435440063477e+00,-1.169582530856132507e-01,-1.261279135942459106e-01,9.504297375679016113e-01,1.336604505777359009e-01,1.203156411647796631e-01,-3.777716308832168579e-02,3.140000104904174805e-01,1.266034245491027832e-01,2.576611936092376709e-01,5.397267341613769531e-01,-1.292409598827362061e-01,-1.490188717842102051e+00,-2.708588838577270508e-01,-1.288770318031311035e+00,-1.703891903162002563e-01,-1.560776591300964355e+00
8.972489088773727417e-02,6.052391529083251953e-01,8.842885494232177734e-01,4.379218816757202148e-02,-4.683207347989082336e-02,7.331631183624267578e-01,6.770234704017639160e-01,-1.364881396293640137e-01,-6.869940087199211121e-03,-1.472391933202743530e-01,5.667677521705627441e-01,-2.164967544376850128e-02,-1.762176007032394409e-01,-1.158433437347412109e+00,-1.107243895530700684e-01,-1.192679703235626221e-01,9.676493406295776367e-01,1.964230686426162720e-01,1.280875951051712036e-01,-4.758549481630325317e-02,3.140000104904174805e-01,1.035283952951431274e-01,3.213736712932586670e-01,5.752466320991516113e-01,-1.349965035915374756e-01,-1.522962212562561035e+00,-3.728588819503784180e-01,-1.390770316123962402e+00,-2.723891735076904297e-01,-1.641950011253356934e+00
1.130759641528129578e-01,6.518512964248657227e-01,8.794537782669067383e-01,4.767386987805366516e-02,-4.199647903442382812e-02,7.436411976814270020e-01,6.655533313751220703e-01,-1.569860130548477173e-01,-2.832094952464103699e-02,-1.050043627619743347e-01,6.687677502632141113e-01,8.035032451152801514e-02,-1.850540637969970703e-01,-1.056433439254760742e+00,-8.884983509778976440e-02,-1.156563311815261841e-01,8.656493425369262695e-01,2.196265757083892822e-01,1.328827440738677979e-01,-4.447188600897789001e-02,2.976031899452209473e-01,9.218478202819824219e-02,3.957171440124511719e-01,5.674064159393310547e-01,-1.336576789617538452e-01,-1.555060863494873047e+00,-4.748588800430297852e-01,-1.432707667350769043e+00,-3.743892014026641846e-01,-1.743950009346008301e+00
1.143352016806602478e-01,7.000107765197753906e-01,8.572888374328613281e-01,4.311703145503997803e-02,-3.328116610646247864e-02,7.509023547172546387e-01,6.581633090972900391e-01,-2.547954618930816650e-01,-4.837462306022644043e-02,-3.758071735501289368e-02,7.707678079605102539e-01,1.606527715921401978e-01,-1.641019582748413086e-01,-9.544333815574645996e-01,-8.653496950864791870e-02,-1.265876144170761108e-01,7.636493444442749023e-01,1.741632819175720215e-01,1.127870455384254456e-01,-2.543419972062110901e-02,2.878101766109466553e-01,8.193679898977279663e-02,4.231535196304321289e-01,5.532735586166381836e-01,-9.757478535175323486e-02,-1.595270395278930664e+00,-5.768588781356811523e-01,-1.330707669258117676e+00,-4.763891994953155518e-01,-1.845950007438659668e+00
1.182368099689483643e-01,7.486175298690795898e-01,8.269034624099731445e-01,5.086897686123847961e-02,-3.953102231025695801e-02,7.589016556739807129e-01,6.480107307434082031e-01,-3.499098718166351318e-01,-2.866611443459987640e-02,3.787432983517646790e-02,8.727678060531616211e-01,7.612053304910659790e-02,-1.254223287105560303e-01,-8.524333834648132324e-01,-9.029068797826766968e-02,-1.574040502309799194e-01,7.296097874641418457e-01,7.216328382492065430e-02,5.861573666334152222e-02,-2.863160148262977600e-02,3.100713491439819336e-01,8.449947088956832886e-02,4.120709002017974854e-01,5.119180679321289062e-01,-8.096297830343246460e-02,-1.589363813400268555e+00,-6.788588762283325195e-01,-1.228707671165466309e+00,-5.783891677856445312e-01,-1.909084200859069824e+00
1.441052705049514771e-01,7.756540179252624512e-01,7.983999252319335938e-01,4.065795242786407471e-02,-2.900928258895874023e-02,7.613631486892700195e-01,6.463989019393920898e-01,-4.519098699092864990e-01,1.188408117741346359e-02,8.854275196790695190e-02,9.747678041458129883e-01,-2.587946504354476929e-02,-3.139778599143028259e-02,-7.504333853721618652e-01,-7.730775326490402222e-02,-1.773110181093215942e-01,7.419756054878234863e-01,-2.983671240508556366e-02,1.852527959272265434e-03,-2.333651855587959290e-02,3.134106993675231934e-01,9.182927012443542480e-02,3.694967031478881836e-01,4.883553385734558105e-01,-5.891041830182075500e-02,-1.546248078346252441e+00,-7.808588743209838867e-01,-1.126707673072814941e+00,-6.803891658782958984e-01,-1.844755411148071289e+00
1.466870754957199097e-01,8.177449107170104980e-01,7.793675661087036133e-01,3.274055570363998413e-02,-2.298322133719921112e-02,7.590405941009521484e-01,6.498132348060607910e-01,-5.539098978042602539e-01,2.861267141997814178e-02,8.333195745944976807e-02,1.076767802238464355e+00,-1.278794705867767334e-01,3.821495175361633301e-02,-6.484333872795104980e-01,-5.716918408870697021e-02,-1.645525097846984863e-01,7.754362821578979492e-01,-1.318367123603820801e-01,-3.168386965990066528e-02,-5.529589485377073288e-03,3.139111697673797607e-01,9.347639232873916626e-02,3.155868351459503174e-01,4.356437027454376221e-01,-2.478255890309810638e-02,-1.517665624618530273e+00,-6.936372518539428711e-01,-1.024707674980163574e+00,-6.792980432510375977e-01,-1.742755413055419922e+00
1.483087241649627686e-01,8.566251993179321289e-01,7.696651220321655273e-01,3.609333187341690063e-02,-2.343419939279556274e-02,7.526830434799194336e-01,6.569751501083374023e-01,-6.559098958969116211e-01,2.324787341058254242e-02,6.020396947860717773e-02,1.178767800331115723e+00,-1.662302911281585693e-01,9.560262411832809448e-02,-5.464333891868591309e-01,-2.313839644193649292e-02,-1.060852929949760437e-01,8.376557826995849609e-01,-2.338367104530334473e-01,-3.251542896032333374e-02,1.865872927010059357e-02,3.139865696430206299e-01,9.439023584127426147e-02,2.556002736091613770e-01,3.534358441829681396e-01,5.804130062460899353e-02,-1.509297370910644531e+00,-5.916372537612915039e-01,-9.227076768875122070e-01,-5.772980451583862305e-01,-1.640755414962768555e+00
1.694878786802291870e-01,8.930249214172363281e-01,7.738660573959350586e-01,4.464532434940338135e-02,-1.777862012386322021e-02,7.400746345520019531e-01,6.708056330680847168e-01,-7.425577044486999512e-01,9.568721288815140724e-04,3.740887343883514404e-02,1.280767798423767090e+00,-2.682302892208099365e-01,1.699026077985763550e-01,-5.183000564575195312e-01,1.500311866402626038e-02,-3.166733309626579285e-02,8.822175264358520508e-01,-2.382022291421890259e-01,5.424020346254110336e-03,7.123254984617233276e-02,3.139967322349548340e-01,8.682358264923095703e-02,1.796218007802963257e-01,3.200787901878356934e-01,1.095213070511817932e-01,-1.517733812332153320e+00,-4.896372258663177490e-01,-8.207076787948608398e-01,-4.752980470657348633e-01,-1.538755416870117188e+00
1.684214472770690918e-01,9.255654811859130859e-01,7.927070856094360352e-01,4.912037774920463562e-02,-6.683904677629470825e-03,7.344945669174194336e-01,6.768015027046203613e-01,-6.859098672866821289e-01,-4.818139225244522095e-02,7.330840453505516052e-03,1.178767800331115723e+00,-3.518488705158233643e-01,1.865537017583847046e-01,-4.948377311229705811e-01,8.924444206058979034e-03,-1.446273177862167358e-02,8.815730214118957520e-01,-2.204714566469192505e-01,3.741703554987907410e-02,7.244332879781723022e-02,3.139984011650085449e-01,8.134306967258453369e-02,1.351688653230667114e-01,3.095161914825439453e-01,1.733679324388504028e-01,-1.541237711906433105e+00,-3.876372277736663818e-01,-7.187076807022094727e-01,-3.732980489730834961e-01,-1.436755418777465820e+00
1.700962781906127930e-01,9.461131691932678223e-01,8.165242671966552734e-01,3.730989992618560791e-02,3.978926688432693481e-03,7.331465482711791992e-01,6.790348291397094727e-01,-6.320698261260986328e-01,-7.460579276084899902e-02,-4.404657520353794098e-03,1.076767802238464355e+00,-3.060770332813262939e-01,1.537544727325439453e-01,-4.710257351398468018e-01,1.678369566798210144e-02,7.697398774325847626e-03,8.206416368484497070e-01,-1.638690680265426636e-01,7.696751505136489868e-02,4.461519047617912292e-02,3.139995038509368896e-01,8.555028587579727173e-02,1.440670341253280640e-01,3.045411705970764160e-01,2.562215924263000488e-01,-1.643237709999084473e+00,-2.856372296810150146e-01,-6.232196688652038574e-01,-2.712980508804321289e-01,-1.347905158996582031e+00
1.735631078481674194e-01,9.445046782493591309e-01,8.378378152847290039e-01,2.380273118615150452e-02,8.257009088993072510e-03,7.315072417259216309e-01,6.813679933547973633e-01,-6.319371461868286133e-01,-3.646029531955718994e-02,4.780344292521476746e-02,1.154525399208068848e+00,-2.247236073017120361e-01,1.112262532114982605e-01,-4.314363598823547363e-01,2.202772349119186401e-02,-9.625928942114114761e-04,7.186416387557983398e-01,-8.350346237421035767e-02,1.157979890704154968e-01,3.174324333667755127e-02,3.139999210834503174e-01,1.077204644680023193e-01,2.068417221307754517e-01,2.889090776443481445e-01,3.173329234123229980e-01,-1.745237708091735840e+00,-1.836372315883636475e-01,-7.252196669578552246e-01,-3.732980489730834961e-01,-1.311865448951721191e+00
1.966202110052108765e-01,9.468202590942382812e-01,8.524347543716430664e-01,2.471990324556827545e-02,1.620849967002868652e-02,7.340050935745239258e-01,6.785003542900085449e-01,-6.997375488281250000e-01,-3.752680029720067978e-03,8.864139765501022339e-02,1.256525397300720215e+00,-1.417184621095657349e-01,7.369477301836013794e-02,-4.078193306922912598e-01,1.285922620445489883e-02,-6.857114378362894058e-03,6.166416406631469727e-01,1.849653944373130798e-02,1.497716754674911499e-01,1.704368181526660919e-02,3.139999806880950928e-01,1.132218912243843079e-01,2.483795434236526489e-01,2.815195918083190918e-01,3.590919673442840576e-01,-1.847237706184387207e+00,-8.163722604513168335e-02,-8.272196650505065918e-01,-4.752980470657348633e-01,-1.209865450859069824e+00
1.958762258291244507e-01,9.542787671089172363e-01,8.562248945236206055e-01,2.081851847469806671e-02,3.395552188158035278e-02,7.363494038581848145e-01,6.754281520843505859e-01,-7.869615554809570312e-01,4.952446557581424713e-03,1.076861172914505005e-01,1.358525395393371582e+00,-1.229751259088516235e-01,4.994813352823257446e-02,-4.385958313941955566e-01,-1.630552485585212708e-02,-1.612519379705190659e-03,6.002790927886962891e-01,1.204965412616729736e-01,1.742531508207321167e-01,5.528620909899473190e-03,3.140000104904174805e-01,1.062356978654861450e-01,2.592402994632720947e-01,2.609315514564514160e-01,4.170325398445129395e-01,-1.926013708114624023e+00,2.036277204751968384e-02,-9.292196631431579590e-01,-5.772980451583862305e-01,-1.107865452766418457e+00
1.945023685693740845e-01,9.625000357627868652e-01,8.470816612243652344e-01,7.113215979188680649e-03,5.124042183160781860e-02,7.383134365081787109e-01,6.724708676338195801e-01,-8.811653852462768555e-01,3.139482811093330383e-03,1.006160005927085876e-01,1.460525393486022949e+00,-1.228475347161293030e-01,5.862492695450782776e-02,-5.364023447036743164e-01,-4.865262284874916077e-02,6.387350615113973618e-03,7.022790908813476562e-01,1.346299201250076294e-01,1.506003737449645996e-01,-1.618034020066261292e-02,3.140000104904174805e-01,1.029935032129287720e-01,2.781734466552734375e-01,2.566801309585571289e-01,4.769554138183593750e-01,-1.978358387947082520e+00,1.180866211652755737e-01,-1.031219720840454102e+00,-6.792980432510375977e-01,-1.005865454673767090e+00
2.152366191148757935e-01,9.671164155006408691e-01,8.275377750396728516e-01,-1.158174220472574234e-02,6.904529780149459839e-02,7.406774163246154785e-01,6.682032346725463867e-01,-9.694483280181884766e-01,9.492900222539901733e-03,7.966698706150054932e-02,1.562525391578674316e+00,-1.352935135364532471e-01,8.421495556831359863e-02,-6.384023427963256836e-01,-7.515324652194976807e-02,3.801142051815986633e-02,8.042790889739990234e-01,6.499078869819641113e-02,1.141170933842658997e-01,-5.207426100969314575e-02,3.140000104904174805e-01,9.614467620849609375e-02,2.894690334796905518e-01,2.391810417175292969e-01,5.405092239379882812e-01,-2.007586002349853516e+00,1.189225986599922180e-01,-1.133219718933105469e+00,-7.812980413436889648e-01,-9.038654565811157227e-01
2.140500098466873169e-01,9.668738245964050293e-01,8.076035976409912109e-01,-1.168471761047840118e-02,7.277611643075942993e-02,7.452909946441650391e-01,6.626525521278381348e-01,-1.071448326110839844e+00,1.871623657643795013e-02,6.161485239863395691e-02,1.664525389671325684e+00,-2.000521719455718994e-01,1.293751746416091919e-01,-7.404023408889770508e-01,-8.892533183097839355e-02,8.237583935260772705e-02,9.062790870666503906e-01,-1.356295216828584671e-02,9.541858732700347900e-02,-8.396611362695693970e-02,3.140000104904174805e-01,7.256107032299041748e-02,2.812698185443878174e-01,2.248899191617965698e-01,5.955076813697814941e-01,-2.017302751541137695e+00,1.158143430948257446e-01,-1.235219717025756836e+00,-8.832980394363403320e-01,-8.018654584884643555e-01
2.104134559631347656e-01,9.670921564102172852e-01,7.934867143630981445e-01,-1.352775003761053085e-02,7.273733615875244141e-02,7.438917160034179688e-01,6.641922593116760254e-01,-1.159829735755920410e+00,2.739768102765083313e-02,4.805203899741172791e-02,1.766525387763977051e+00,-2.765641212463378906e-01,1.621662676334381104e-01,-8.424023389816284180e-01,-9.035644680261611938e-02,9.650667011737823486e-02,1.008279085159301758e+00,-6.317718327045440674e-02,8.428479731082916260e-02,-7.520777732133865356e-02,3.140000104904174805e-01,8.352151513099670410e-02,2.720870375633239746e-01,1.815366148948669434e-01,6.035313606262207031e-01,-2.013136863708496094e+00,9.692110121250152588e-02,-1.337219715118408203e+00,-9.852980375289916992e-01,-6.998654603958129883e-01
2.275321334600448608e-01,9.697881937026977539e-01,7.836138010025024414e-01,-3.210113570094108582e-02,8.428619801998138428e-02,7.406770586967468262e-01,6.657798886299133301e-01,-1.202273607254028320e+00,8.472828194499015808e-03,4.031440243124961853e-02,1.664525389671325684e+00,-3.451483249664306641e-01,1.812931001186370850e-01,-9.444023370742797852e-01,-7.362841814756393433e-02,9.304007887840270996e-02,1.110279083251953125e+00,-1.225740611553192139e-01,7.639701664447784424e-02,-4.971541464328765869e-02,3.140000104904174805e-01,1.034771502017974854e-01,2.629203796386718750e-01,1.487702578306198120e-01,5.627446770668029785e-01,-1.991155028343200684e+00,7.840790599584579468e-02,-1.377600193023681641e+00,-1.087298035621643066e+00,-7.082238793373107910e-01
2.232804745435714722e-01,9.774063825607299805e-01,7.702052593231201172e-01,-4.720376804471015930e-02,8.944495767354965210e-02,7.305756211280822754e-01,6.753004193305969238e-01,-1.183774709701538086e+00,-2.957483939826488495e-02,2.151091769337654114e-02,1.562525391578674316e+00,-4.062386751174926758e-01,1.938595026731491089e-01,-1.046402335166931152e+00,-4.476866498589515686e-02,7.702550292015075684e-02,1.212279081344604492e+00,-2.014493793249130249e-01,7.217762619256973267e-02,-1.549032516777515411e-02,3.140000104904174805e-01,1.241598725318908691e-01,2.518396079540252686e-01,1.413123607635498047e-01,4.776529371738433838e-01,-1.894160628318786621e+00,4.283491894602775574e-02,-1.275600194931030273e+00,-9.866712689399719238e-01,-8.102238774299621582e-01
2.185818403959274292e-01,9.913775324821472168e-01,7.508003711700439453e-01,-5.111038312315940857e-02,7.411485165357589722e-02,7.235374450683593750e-01,6.843889951705932617e-01,-1.100299954414367676e+00,-4.892743006348609924e-02,1.200947258621454239e-02,1.460525393486022949e+00,-4.795488119125366211e-01,2.215365469455718994e-01,-9.978194236755371094e-01,-1.932614669203758240e-02,5.266323685646057129e-02,1.205858469009399414e+00,-3.034493625164031982e-01,4.368934407830238342e-02,9.303267113864421844e-03,3.140000104904174805e-01,1.376922875642776489e-01,2.264082282781600952e-01,1.772980391979217529e-01,3.756529390811920166e-01,-1.792160630226135254e+00,2.121039479970932007e-02,-1.173600196838378906e+00,-8.846712708473205566e-01,-9.122238755226135254e-01
2.162967473268508911e-01,1.009085774421691895e+00,7.283958196640014648e-01,-4.043706133961677551e-02,6.125872209668159485e-02,7.208345532417297363e-01,6.892095208168029785e-01,-9.982999563217163086e-01,-7.595061510801315308e-02,-7.536294288001954556e-04,1.358525395393371582e+00,-5.648541450500488281e-01,2.559304833412170410e-01,-9.241227507591247559e-01,1.444155629724264145e-02,5.033184587955474854e-02,1.176619887351989746e+00,-4.054493606090545654e-01,2.262051450088620186e-03,1.991848275065422058e-02,3.140000104904174805e-01,1.233546063303947449e-01,1.737943738698959351e-01,2.174919992685317993e-01,2.736529409885406494e-01,-1.690160632133483887e+00,-9.538642130792140961e-03,-1.071600198745727539e+00,-7.826712727546691895e-01,-1.014223933219909668e+00
2.375921607017517090e-01,1.019047260284423828e+00,7.228573560714721680e-01,-1.988979056477546692e-02,4.440480098128318787e-02,7.173131704330444336e-01,6.950499415397644043e-01,-8.981004953384399414e-01,-8.314032852649688721e-02,-1.757775060832500458e-02,1.262448906898498535e+00,-6.507071256637573242e-01,2.610895633697509766e-01,-8.546688556671142578e-01,4.289803653955459595e-02,5.535735934972763062e-02,1.164637684822082520e+00,-5.074493885040283203e-01,-3.212298825383186340e-02,3.719411045312881470e-02,3.140000104904174805e-01,1.066742762923240662e-01,9.586062282323837280e-02,2.629304528236389160e-01,1.716529279947280884e-01,-1.588160634040832520e+00,-4.946536943316459656e-02,-9.696002006530761719e-01,-6.806712746620178223e-01,-1.116223931312561035e+00
2.377523630857467651e-01,1.040766596794128418e+00,7.481330633163452148e-01,-9.015376679599285126e-03,3.385463356971740723e-02,7.182954549789428711e-01,6.948555707931518555e-01,-7.961004972457885742e-01,-8.729628473520278931e-02,-2.471347898244857788e-02,1.160448908805847168e+00,-6.517770290374755859e-01,2.618634402751922607e-01,-7.526688575744628906e-01,4.057193920016288757e-02,5.419308692216873169e-02,1.077456355094909668e+00,-5.180619359016418457e-01,-2.310460992157459259e-02,2.933220937848091125e-02,3.139816820621490479e-01,9.471958875656127930e-02,4.662652313709259033e-02,2.945737242698669434e-01,1.575416028499603271e-01,-1.553731322288513184e+00,-1.116630211472511292e-01,-8.676002025604248047e-01,-5.786712765693664551e-01,-1.218223929405212402e+00
2.403102368116378784e-01,1.052833080291748047e+00,7.882492542266845703e-01,8.962219581007957458e-03,2.147941477596759796e-02,7.188889384269714355e-01,6.947351694107055664e-01,-6.941004991531372070e-01,-9.491748362779617310e-02,-3.392265364527702332e-02,1.058448910713195801e+00,-5.497770309448242188e-01,2.002953588962554932e-01,-6.506688594818115234e-01,1.938462443649768829e-02,3.189596533775329590e-02,9.754563570022583008e-01,-4.160619378089904785e-01,3.720111772418022156e-02,3.137502074241638184e-02,3.139776587486267090e-01,1.008432209491729736e-01,7.212166488170623779e-02,3.100658953189849854e-01,2.195101976394653320e-01,-1.619067907333374023e+00,-1.848805993795394897e-01,-7.686631083488464355e-01,-4.766712784767150879e-01,-1.320223927497863770e+00
2.467803210020065308e-01,1.057741641998291016e+00,8.305358886718750000e-01,2.311431244015693665e-02,1.334217842668294907e-02,7.189718484878540039e-01,6.945266127586364746e-01,-5.921005010604858398e-01,-8.376785367727279663e-02,-4.045539349317550659e-02,9.564489126205444336e-01,-4.477770328521728516e-01,9.829535335302352905e-02,-5.486688613891601562e-01,-2.136781113222241402e-03,2.545063383877277374e-02,8.734563589096069336e-01,-3.140619397163391113e-01,1.254706233739852905e-01,3.796329349279403687e-02,2.848750054836273193e-01,1.096728071570396423e-01,1.274963319301605225e-01,3.696348071098327637e-01,2.051185369491577148e-01,-1.691117525100708008e+00,-2.815479934215545654e-01,-8.706631064414978027e-01,-3.746712505817413330e-01,-1.422223925590515137e+00
2.536501884460449219e-01,1.051896929740905762e+00,8.649342060089111328e-01,1.853198185563087463e-02,1.465161144733428955e-02,7.171549797058105469e-01,6.965131759643554688e-01,-4.901004731655120850e-01,-4.968093708157539368e-02,-1.747140102088451385e-02,8.576130270957946777e-01,-3.457770347595214844e-01,1.123430859297513962e-02,-4.514943063259124756e-01,-1.910432241857051849e-02,2.779550477862358093e-02,7.714563608169555664e-01,-2.120619267225265503e-01,1.835723966360092163e-01,3.819339722394943237e-02,2.734969556331634521e-01,1.173972040414810181e-01,1.965484321117401123e-01,4.027784168720245361e-01,2.197616845369338989e-01,-1.719521880149841309e+00,-3.809508085250854492e-01,-9.726631045341491699e-01,-2.896237969398498535e-01,-1.524223923683166504e+00
2.608136534690856934e-01,1.050061821937561035e+00,8.795399665832519531e-01,1.915338076651096344e-02,9.857575409114360809e-03,7.197420001029968262e-01,6.939073801040649414e-01,-4.957068562507629395e-01,-2.773365750908851624e-02,-2.479714713990688324e-02,9.596130251884460449e-01,-2.437770366668701172e-01,-2.287621237337589264e-02,-4.710264801979064941e-01,-3.612595051527023315e-02,4.273096472024917603e-02,7.954747676849365234e-01,-1.100619360804557800e-01,1.818836480379104614e-01,3.313060104846954346e-02,2.996770441532135010e-01,1.133100688457489014e-01,2.459027320146560669e-01,4.203088581562042236e-01,2.173087298870086670e-01,-1.728572964668273926e+00,-4.829508066177368164e-01,-1.074663162231445312e+00,-3.916237950325012207e-01,-1.626223921775817871e+00
2.647984325885772705e-01,1.055703520774841309e+00,8.716123104095458984e-01,2.336812950670719147e-02,1.082117576152086258e-02,7.275570034980773926e-01,6.855637431144714355e-01,-5.681600570678710938e-01,-2.139554917812347412e-02,-3.512268140912055969e-02,1.061612963676452637e+00,-1.417770236730575562e-01,-2.922254428267478943e-02,-5.564773678779602051e-01,-6.471338868141174316e-02,4.434419795870780945e-02,8.974747657775878906e-01,-8.061932399868965149e-03,1.494099348783493042e-01,2.208951860666275024e-02,3.110149204730987549e-01,1.033717766404151917e-01,2.897330820560455322e-01,3.988835811614990234e-01,1.814382076263427734e-01,-1.758758902549743652e+00,-5.800267457962036133e-01,-1.176663160324096680e+00,-4.936237931251525879e-01,-1.690533399581909180e+00
2.643516361713409424e-01,1.057178854942321777e+00,8.477913141250610352e-01,2.874924242496490479e-02,2.455347403883934021e-02,7.306261062622070312e-01,6.817302107810974121e-01,-6.701600551605224609e-01,-7.616954296827316284e-02,-7.417398691177368164e-02,1.163613080978393555e+00,-7.818804681301116943e-02,-5.205914378166198730e-02,-6.584773659706115723e-01,-1.025089547038078308e-01,8.443361520767211914e-02,9.994747638702392578e-01,-1.157438475638628006e-02,9.680797159671783447e-02,2.371970564126968384e-02,3.135522305965423584e-01,5.853204056620597839e-02,3.101474642753601074e-01,3.920369446277618408e-01,1.547677516937255859e-01,-1.835191607475280762e+00,-6.820267438888549805e-01,-1.278663158416748047e+00,-5.956237912178039551e-01,-1.588533401489257812e+00
2.628129422664642334e-01,1.059433221817016602e+00,8.275173902511596680e-01,2.951687760651111603e-02,3.227410465478897095e-02,7.338934540748596191e-01,6.778551340103149414e-01,-7.721600532531738281e-01,-1.012507379055023193e-01,-8.219582587480545044e-02,1.265613079071044922e+00,-1.063843593001365662e-01,-5.450431630015373230e-02,-7.604773640632629395e-01,-1.116161793470382690e-01,1.297333091497421265e-01,1.101474761962890625e+00,-4.170190542936325073e-02,6.662578880786895752e-02,1.646613888442516327e-02,3.139328360557556152e-01,3.443542495369911194e-02,3.048834800720214844e-01,3.997195959091186523e-01,2.014394402503967285e-01,-1.850544214248657227e+00,-7.176979780197143555e-01,-1.380663156509399414e+00,-6.976237893104553223e-01,-1.486533403396606445e+00
2.629419267177581787e-01,1.060102462768554688e+00,8.092724084854125977e-01,3.527909517288208008e-02,4.102710261940956116e-02,7.373555302619934082e-01,6.733342409133911133e-01,-8.741600513458251953e-01,-1.070492714643478394e-01,-7.730459421873092651e-02,1.367613077163696289e+00,-1.534121632575988770e-01,-4.739208519458770752e-02,-8.624773621559143066e-01,-1.073189973831176758e-01,1.557434648275375366e-01,1.203474760055541992e+00,-8.318042755126953125e-02,6.064461544156074524e-02,6.243002135306596756e-03,3.139899373054504395e-01,2.875647135078907013e-02,2.864055335521697998e-01,3.957646489143371582e-01,2.731151580810546875e-01,-1.850071430206298828e+00,-7.124723196029663086e-01,-1.482663154602050781e+00,-7.996237874031066895e-01,-1.385372281074523926e+00
2.628954648971557617e-01,1.061667323112487793e+00,7.954744100570678711e-01,2.739337831735610962e-02,3.785425424575805664e-02,7.404679059982299805e-01,6.704654693603515625e-01,-9.517459273338317871e-01,-8.909647911787033081e-02,-6.131848320364952087e-02,1.469613075256347656e+00,-2.037956118583679199e-01,-1.770955324172973633e-02,-9.561915993690490723e-01,-9.624037146568298340e-02,1.420473009347915649e-01,1.305474758148193359e+00,-1.384058743715286255e-01,5.173309519886970520e-02,4.991041496396064758e-03,3.139984905719757080e-01,4.211471229791641235e-02,2.835919857025146484e-01,3.781119585037231445e-01,3.134582340717315674e-01,-1.867532491683959961e+00,-7.188636660575866699e-01,-1.584663152694702148e+00,-9.016237854957580566e-01,-1.387528657913208008e+00
2.630724608898162842e-01,1.064790725708007812e+00,7.899452447891235352e-01,8.282317779958248138e-03,4.480886831879615784e-02,7.385714650154113770e-01,6.726334691047668457e-01,-9.699312448501586914e-01,-8.494457602500915527e-02,-4.748129472136497498e-02,1.571613073348999023e+00,-2.483275085687637329e-01,3.191011399030685425e-02,-9.721508026123046875e-01,-6.629578024148941040e-02,1.093145981431007385e-01,1.407474756240844727e+00,-2.043950408697128296e-01,3.567094355821609497e-02,-2.876449376344680786e-03,3.139997720718383789e-01,6.467840820550918579e-02,2.917012572288513184e-01,3.598623871803283691e-01,3.243426382541656494e-01,-1.851444721221923828e+00,-7.111653089523315430e-01,-1.515969872474670410e+00,-1.003623843193054199e+00,-1.373104810714721680e+00
2.624391913414001465e-01,1.065515160560607910e+00,7.880779504776000977e-01,-8.467156440019607544e-03,3.932646289467811584e-02,7.309390306472778320e-01,6.812560558319091797e-01,-9.031476378440856934e-01,-8.219492435455322266e-02,-2.622999437153339386e-02,1.516320586204528809e+00,-2.948556840419769287e-01,9.302260726690292358e-02,-9.126741886138916016e-01,-2.852124720811843872e-02,5.583827197551727295e-02,1.401312589645385742e+00,-2.820213735103607178e-01,1.766921579837799072e-02,-9.479052387177944183e-03,3.139999806880950928e-01,1.013184115290641785e-01,3.044602274894714355e-01,3.491055667400360107e-01,3.172063529491424561e-01,-1.782801508903503418e+00,-6.700636148452758789e-01,-1.413969874382019043e+00,-1.105623841285705566e+00,-1.386572957038879395e+00
2.623105645179748535e-01,1.062563896179199219e+00,7.843176126480102539e-01,-1.641074381768703461e-02,2.751858346164226532e-02,7.204495072364807129e-01,6.927668452262878418e-01,-8.011476397514343262e-01,-8.679860085248947144e-02,-1.674523577094078064e-02,1.414320588111877441e+00,-3.598276376724243164e-01,1.452996432781219482e-01,-8.106741905212402344e-01,8.352112025022506714e-03,3.348903032019734383e-03,1.299312591552734375e+00,-3.389417827129364014e-01,2.702085860073566437e-02,-1.466771471314132214e-03,3.139999806880950928e-01,1.340149492025375366e-01,2.980587780475616455e-01,3.203111588954925537e-01,2.902022898197174072e-01,-1.680801510810852051e+00,-5.681146979331970215e-01,-1.311969876289367676e+00,-1.065440654754638672e+00,-1.377844095230102539e+00
2.649663686752319336e-01,1.056263446807861328e+00,7.710191011428833008e-01,-9.311432018876075745e-03,1.600763387978076935e-02,7.148180007934570312e-01,6.990653276443481445e-01,-6.991476416587829590e-01,-1.138418242335319519e-01,-2.792137302458286285e-02,1.312320590019226074e+00,-4.387880861759185791e-01,1.784220039844512939e-01,-7.086741924285888672e-01,3.710330650210380554e-02,-1.626518741250038147e-02,1.197312593460083008e+00,-3.926806449890136719e-01,1.915733888745307922e-02,6.352401338517665863e-03,3.139999508857727051e-01,1.603607237339019775e-01,2.918261587619781494e-01,2.674430906772613525e-01,2.759619653224945068e-01,-1.578801512718200684e+00,-4.661147296428680420e-01,-1.209969878196716309e+00,-9.634406566619873047e-01,-1.397673249244689941e+00
2.691055834293365479e-01,1.050256848335266113e+00,7.515217065811157227e-01,6.762108765542507172e-03,2.522908849641680717e-03,7.166239619255065918e-01,6.974223852157592773e-01,-6.019329428672790527e-01,-1.251964271068572998e-01,-2.989379875361919403e-02,1.210320591926574707e+00,-5.243678092956542969e-01,2.095561772584915161e-01,-6.220133304595947266e-01,4.939270764589309692e-02,-1.863882876932621002e-02,1.095312595367431641e+00,-4.613004326820373535e-01,-8.315728046000003815e-03,3.431336209177970886e-02,3.139911890029907227e-01,1.761970520019531250e-01,2.688116729259490967e-01,2.589988112449645996e-01,2.266649454832077026e-01,-1.476801514625549316e+00,-3.641147315502166748e-01,-1.107969880104064941e+00,-8.614406585693359375e-01,-1.386475563049316406e+00
2.732160985469818115e-01,1.046784639358520508e+00,7.385395765304565430e-01,2.760865725576877594e-02,-9.621274657547473907e-03,7.113952040672302246e-01,7.021837234497070312e-01,-5.431001782417297363e-01,-1.250687390565872192e-01,-2.262408845126628876e-02,1.108320593833923340e+00,-5.884062647819519043e-01,2.202485054731369019e-01,-5.648466348648071289e-01,4.975255951285362244e-02,-2.320278994739055634e-02,1.026954889297485352e+00,-5.498984456062316895e-01,-5.582747608423233032e-02,5.787440016865730286e-02,3.139838874340057373e-01,1.956727653741836548e-01,2.644157707691192627e-01,2.684983909130096436e-01,1.849220246076583862e-01,-1.445329427719116211e+00,-2.621147334575653076e-01,-1.005969882011413574e+00,-7.594406604766845703e-01,-1.403176546096801758e+00
2.777485549449920654e-01,1.066056013107299805e+00,7.388508319854736328e-01,3.492398187518119812e-02,-1.414856407791376114e-02,7.059642076492309570e-01,7.072443962097167969e-01,-5.018516182899475098e-01,-1.119711399078369141e-01,-1.021143235266208649e-02,1.074188947677612305e+00,-5.127374529838562012e-01,1.788396984338760376e-01,-5.246135592460632324e-01,5.436185374855995178e-02,-2.065340802073478699e-02,1.018929719924926758e+00,-5.850534439086914062e-01,-8.128394186496734619e-02,6.698613613843917847e-02,3.139967322349548340e-01,2.406982034444808960e-01,3.043561279773712158e-01,2.500472664833068848e-01,2.173528969287872314e-01,-1.457087755203247070e+00,-1.601147204637527466e-01,-9.039698839187622070e-01,-6.574406623840332031e-01,-1.505176544189453125e+00
2.870446145534515381e-01,1.065062642097473145e+00,7.519807815551757812e-01,5.048148706555366516e-02,-2.241859398782253265e-02,6.955335736274719238e-01,7.163673043251037598e-01,-4.841360747814178467e-01,-9.624582529067993164e-02,2.559758489951491356e-03,1.072303771972656250e+00,-4.107374548912048340e-01,1.271754503250122070e-01,-4.691274762153625488e-01,5.457473918795585632e-02,-2.053483575582504272e-02,9.665638804435729980e-01,-5.409571528434753418e-01,-7.275573164224624634e-02,1.045242324471473694e-01,3.139995038509368896e-01,2.919063568115234375e-01,3.529841899871826172e-01,2.706458866596221924e-01,2.669298648834228516e-01,-1.532064676284790039e+00,-1.135934889316558838e-01,-8.451501727104187012e-01,-5.554406642913818359e-01,-1.607176542282104492e+00
2.907679080963134766e-01,1.052435398101806641e+00,7.756446599960327148e-01,6.001709029078483582e-02,-1.637708581984043121e-02,6.808684468269348145e-01,7.297587990760803223e-01,-5.861361026763916016e-01,-7.866900414228439331e-02,3.018726594746112823e-02,1.111644744873046875e+00,-3.087374567985534668e-01,9.238003939390182495e-02,-4.260586798191070557e-01,3.398137912154197693e-02,-7.595928851515054703e-03,8.645638823509216309e-01,-4.389571547508239746e-01,-2.850395503628533334e-05,1.631702184677124023e-01,3.139999210834503174e-01,3.266157507896423340e-01,3.943728208541870117e-01,2.541488111019134521e-01,3.187844753265380859e-01,-1.618838906288146973e+00,-1.187589392066001892e-01,-9.471501708030700684e-01,-4.534406960010528564e-01,-1.709176540374755859e+00
2.939361333847045898e-01,1.039792299270629883e+00,8.070973157882690430e-01,6.409832090139389038e-02,3.755760379135608673e-03,6.647453308105468750e-01,7.443056702613830566e-01,-6.881361007690429688e-01,-4.975542426109313965e-02,4.155030846595764160e-02,1.126512408256530762e+00,-2.663816213607788086e-01,5.864059552550315857e-02,-4.103630483150482178e-01,-1.830124109983444214e-02,-2.920109778642654419e-03,7.625638842582702637e-01,-3.369571566581726074e-01,6.687565147876739502e-02,2.482928633689880371e-01,3.139999806880950928e-01,3.361017704010009766e-01,3.849020898342132568e-01,2.484830766916275024e-01,3.602780699729919434e-01,-1.639521598815917969e+00,-1.145375669002532959e-01,-1.049150228500366211e+00,-5.079319477081298828e-01,-1.645309209823608398e+00
2.975253760814666748e-01,1.022568941116333008e+00,8.341953754425048828e-01,7.326733320951461792e-02,3.934418782591819763e-02,6.635851860046386719e-01,7.434639930725097656e-01,-7.901360988616943359e-01,-1.245735306292772293e-02,2.896317653357982635e-02,1.083713293075561523e+00,-2.589862644672393799e-01,2.870746701955795288e-02,-4.135418534278869629e-01,-9.882251918315887451e-02,-4.033944010734558105e-02,6.605638861656188965e-01,-2.349571436643600464e-01,1.242061927914619446e-01,3.059631288051605225e-01,3.140000104904174805e-01,3.150432109832763672e-01,3.716534674167633057e-01,2.386983633041381836e-01,4.023150801658630371e-01,-1.653592705726623535e+00,-9.472154080867767334e-02,-1.151150226593017578e+00,-6.099319458007812500e-01,-1.543309092521667480e+00
2.982612848281860352e-01,1.006049394607543945e+00,8.454334735870361328e-01,9.355099499225616455e-02,6.204289570450782776e-02,6.744959950447082520e-01,7.296944856643676758e-01,-8.921360969543457031e-01,-1.426202524453401566e-02,-1.996468938887119293e-02,1.041995167732238770e+00,-2.515918314456939697e-01,-1.213644538074731827e-02,-4.026011228561401367e-01,-1.723069250583648682e-01,-8.848060667514801025e-02,5.585638880729675293e-01,-1.329571455717086792e-01,1.629340499639511108e-01,3.238451778888702393e-01,3.140000104904174805e-01,2.752479314804077148e-01,3.849017620086669922e-01,2.941352725028991699e-01,4.276417791843414307e-01,-1.658221602439880371e+00,-5.307792872190475464e-02,-1.253150224685668945e+00,-7.119319438934326172e-01,-1.441309094429016113e+00
2.982274293899536133e-01,9.982095956802368164e-01,8.363332748413085938e-01,1.174835190176963806e-01,6.524876505136489868e-02,7.094405293464660645e-01,6.918340325355529785e-01,-9.941360950469970703e-01,-4.147803410887718201e-02,-8.092046529054641724e-02,1.032420158386230469e+00,-2.540996372699737549e-01,-4.196450486779212952e-02,-3.879697024822235107e-01,-2.292524129152297974e-01,-1.523120552301406860e-01,4.872342050075531006e-01,-3.095714561641216278e-02,1.974237412214279175e-01,3.045822978019714355e-01,3.140000104904174805e-01,2.680292427539825439e-01,3.921157419681549072e-01,3.039253056049346924e-01,4.645685553550720215e-01,-1.702670335769653320e+00,4.892207309603691101e-02,-1.227517247200012207e+00,-7.002393603324890137e-01,-1.339309096336364746e+00
2.995583117008209229e-01,9.958730340003967285e-01,8.153736591339111328e-01,1.499240249395370483e-01,3.898199647665023804e-02,7.513381838798522949e-01,6.414780616760253906e-01,-1.096136093139648438e+00,-9.898158162832260132e-02,-1.829204708337783813e-01,9.304201006889343262e-01,-2.898978292942047119e-01,-4.263356328010559082e-02,-3.522206842899322510e-01,-2.814222872257232666e-01,-2.543120682239532471e-01,5.374044179916381836e-01,1.359324157238006592e-02,1.892761737108230591e-01,2.634918987751007080e-01,3.140000104904174805e-01,2.782766819000244141e-01,4.066895246505737305e-01,3.703760504722595215e-01,4.955868124961853027e-01,-1.790287137031555176e+00,1.509220749139785767e-01,-1.148834824562072754e+00,-5.982393622398376465e-01,-1.237309098243713379e+00
3.004273474216461182e-01,1.002735137939453125e+00,7.929100990295410156e-01,1.590720862150192261e-01,1.325665879994630814e-02,7.812461853027343750e-01,6.034688949584960938e-01,-1.198136091232299805e+00,-1.254377663135528564e-01,-2.782527804374694824e-01,8.369932770729064941e-01,-2.970522046089172363e-01,-4.070020467042922974e-02,-3.106476366519927979e-01,-3.039856553077697754e-01,-3.435940146446228027e-01,5.839913487434387207e-01,-2.404170669615268707e-02,1.875432878732681274e-01,2.483509480953216553e-01,3.140000104904174805e-01,2.999747395515441895e-01,4.032231569290161133e-01,3.649731874465942383e-01,5.230759978294372559e-01,-1.857233166694641113e+00,2.529220581054687500e-01,-1.057506561279296875e+00,-4.962393641471862793e-01,-1.135309100151062012e+00
3.009762167930603027e-01,1.007411956787109375e+00,7.770220041275024414e-01,2.031565159559249878e-01,-5.247883871197700500e-02,7.888895869255065918e-01,5.776042342185974121e-01,-1.300136089324951172e+00,-9.089244902133941650e-02,-3.166559338569641113e-01,7.829388976097106934e-01,-3.119538724422454834e-01,-2.707702852785587311e-02,-2.086476236581802368e-01,-3.340262174606323242e-01,-4.337317645549774170e-01,6.763163208961486816e-01,-1.260417103767395020e-01,1.306760162115097046e-01,3.360381126403808594e-01,3.140000104904174805e-01,3.507834672927856445e-01,4.028722643852233887e-01,4.004947245121002197e-01,4.905424118041992188e-01,-1.959233164787292480e+00,3.182852566242218018e-01,-9.576500058174133301e-01,-3.942393362522125244e-01,-1.120786190032958984e+00
2.999740242958068848e-01,1.017519712448120117e+00,7.666137218475341797e-01,1.915385276079177856e-01,-6.765915453433990479e-02,7.960745692253112793e-01,5.700881481170654297e-01,-1.402136087417602539e+00,-7.592416554689407349e-02,-4.186559319496154785e-01,8.117561936378479004e-01,-3.088681101799011230e-01,-3.052731975913047791e-02,-1.754489690065383911e-01,-3.489421308040618896e-01,-5.153737068176269531e-01,7.362331151962280273e-01,-2.280417084693908691e-01,9.160311520099639893e-02,3.794120848178863525e-01,3.140000104904174805e-01,3.700039386749267578e-01,3.649030625820159912e-01,2.984947264194488525e-01,5.506299138069152832e-01,-2.061233043670654297e+00,2.539239227771759033e-01,-8.747753500938415527e-01,-2.922393381595611572e-01,-1.206095576286315918e+00
3.009574115276336670e-01,1.026084899902343750e+00,7.663694620132446289e-01,1.870346069335937500e-01,-6.092049181461334229e-02,7.957934737205505371e-01,5.727298855781555176e-01,-1.504136085510253906e+00,-3.563714679330587387e-03,-4.834038019180297852e-01,8.665173649787902832e-01,-3.452979326248168945e-01,-5.043833330273628235e-02,-1.841808557510375977e-01,-3.667368590831756592e-01,-4.914337694644927979e-01,7.629173398017883301e-01,-3.062595129013061523e-01,8.123973757028579712e-02,4.022678434848785400e-01,3.140000104904174805e-01,3.363126516342163086e-01,4.200016558170318604e-01,2.427031099796295166e-01,5.472797155380249023e-01,-2.163233041763305664e+00,1.519239246845245361e-01,-9.767753481864929199e-01,-1.902393549680709839e-01,-1.244090557098388672e+00
3.494514524936676025e-01,9.925163388252258301e-01,7.667526006698608398e-01,2.106976658105850220e-01,-4.260639473795890808e-02,7.849148511886596680e-01,5.811194777488708496e-01,-1.606136083602905273e+00,9.843628853559494019e-02,-4.651570618152618408e-01,9.685173630714416504e-01,-3.912539482116699219e-01,1.164266839623451233e-02,-2.380081117153167725e-01,-3.673307895660400391e-01,-4.109861254692077637e-01,7.842813730239868164e-01,-2.885223627090454102e-01,7.488822191953659058e-02,4.519912600517272949e-01,3.140000104904174805e-01,2.489689588546752930e-01,4.391664862632751465e-01,2.444925457239151001e-01,5.250523686408996582e-01,-2.265233039855957031e+00,5.544856935739517212e-02,-1.076484560966491699e+00,-8.823934942483901978e-02,-1.265642881393432617e+00
4.183843433856964111e-01,9.895516037940979004e-01,7.673256397247314453e-01,2.138657718896865845e-01,-4.646186158061027527e-02,7.342334985733032227e-01,6.426537632942199707e-01,-1.708136081695556641e+00,8.341452479362487793e-02,-3.631570637226104736e-01,1.070517420768737793e+00,-2.892539501190185547e-01,-1.659056730568408966e-02,-2.580892741680145264e-01,-2.669016122817993164e-01,-3.531262576580047607e-01,7.301310300827026367e-01,-2.629554867744445801e-01,1.931049674749374390e-02,5.539912581443786621e-01,3.140000104904174805e-01,2.475262433290481567e-01,3.980138301849365234e-01,1.607674956321716309e-01,5.133212208747863770e-01,-2.303433656692504883e+00,2.209833357483148575e-03,-1.133594751358032227e+00,1.376064866781234741e-02,-1.266423583030700684e+00
4.222169518470764160e-01,9.810088276863098145e-01,7.690939903259277344e-01,1.750748753547668457e-01,-1.378567423671483994e-03,7.177254557609558105e-01,6.739562749862670898e-01,-1.757403492927551270e+00,7.435869425535202026e-02,-2.611570656299591064e-01,1.172517418861389160e+00,-1.998119354248046875e-01,5.665020085871219635e-03,-3.600892722606658936e-01,-1.949132382869720459e-01,-2.511262595653533936e-01,6.846136450767517090e-01,-2.165762186050415039e-01,-3.450642153620719910e-02,6.030820012092590332e-01,3.140000104904174805e-01,1.966297626495361328e-01,3.415833711624145508e-01,5.930478125810623169e-02,4.738664031028747559e-01,-2.314433336257934570e+00,-8.846496045589447021e-02,-1.235594749450683594e+00,1.157606467604637146e-01,-1.368423581123352051e+00
4.246935248374938965e-01,9.720659255981445312e-01,7.698349952697753906e-01,1.347712576389312744e-01,4.670945554971694946e-02,6.962985396385192871e-01,7.034367322921752930e-01,-1.675672531127929688e+00,1.060303524136543274e-01,-1.591570526361465454e-01,1.274517416954040527e+00,-1.516060382127761841e-01,1.508271787315607071e-02,-4.309164285659790039e-01,-1.687106341123580933e-01,-1.905537545680999756e-01,5.826136469841003418e-01,-1.546719968318939209e-01,2.010980853810906410e-03,5.677285194396972656e-01,3.140000104904174805e-01,9.462977200746536255e-02,3.341936767101287842e-01,4.920668900012969971e-02,4.598802030086517334e-01,-2.307469844818115234e+00,-1.904649585485458374e-01,-1.337594747543334961e+00,9.539079666137695312e-02,-1.470423579216003418e+00
4.237623810768127441e-01,9.662926197052001953e-01,7.711994647979736328e-01,1.249376088380813599e-01,5.619341507554054260e-02,6.793025135993957520e-01,7.209584116935729980e-01,-1.573672533035278320e+00,1.354821920394897461e-01,-5.715705826878547668e-02,1.376517415046691895e+00,-1.175927519798278809e-01,6.803461350500583649e-03,-4.356234669685363770e-01,-1.651564240455627441e-01,-1.765376329421997070e-01,5.320565700531005859e-01,-7.992521673440933228e-02,2.671032398939132690e-02,5.250841379165649414e-01,3.140000104904174805e-01,2.762897312641143799e-02,3.348163068294525146e-01,9.254165738821029663e-02,4.397438764572143555e-01,-2.284106492996215820e+00,-2.924649715423583984e-01,-1.439594745635986328e+00,2.470461465418338776e-02,-1.504202365875244141e+00
4.209232330322265625e-01,9.589586257934570312e-01,7.789957523345947266e-01,9.196078032255172729e-02,6.883595138788223267e-02,6.580240726470947266e-01,7.441835403442382812e-01,-1.471672534942626953e+00,1.606448292732238770e-01,4.484294354915618896e-02,1.478517413139343262e+00,-1.793329715728759766e-01,3.645415976643562317e-02,-4.171157181262969971e-01,-1.728673279285430908e-01,-1.817142814397811890e-01,4.402583837509155273e-01,-2.329927496612071991e-02,8.578594774007797241e-02,4.249568879604339600e-01,3.140000104904174805e-01,-3.706158697605133057e-02,3.553115129470825195e-01,1.945416629314422607e-01,4.567987024784088135e-01,-2.186182260513305664e+00,-3.944649696350097656e-01,-1.541594743728637695e+00,-7.729538530111312866e-02,-1.606202363967895508e+00
4.140071272850036621e-01,9.780461788177490234e-01,7.858726978302001953e-01,7.674240320920944214e-02,4.712921753525733948e-02,6.448291540145874023e-01,7.590025067329406738e-01,-1.369672536849975586e+00,1.492191404104232788e-01,7.120229303836822510e-02,1.580517411231994629e+00,-1.500861197710037231e-01,1.215471234172582626e-02,-3.789649605751037598e-01,-1.710961163043975830e-01,-1.853637099266052246e-01,4.411503076553344727e-01,-1.367433276027441025e-02,8.328545093536376953e-02,3.515624701976776123e-01,3.139991164207458496e-01,-3.123724274337291718e-02,3.794399499893188477e-01,2.736188769340515137e-01,4.196808338165283203e-01,-2.084182262420654297e+00,-4.964649677276611328e-01,-1.643594741821289062e+00,-1.792953908443450928e-01,-1.708202362060546875e+00
4.048638641834259033e-01,9.989644289016723633e-01,7.839530706405639648e-01,6.819883733987808228e-02,2.174870669841766357e-02,6.468458175659179688e-01,7.592538595199584961e-01,-1.267672538757324219e+00,1.271177232265472412e-01,6.814962625503540039e-02,1.682517409324645996e+00,-1.167451366782188416e-01,-1.752355694770812988e-02,-3.716675937175750732e-01,-1.570146828889846802e-01,-1.737141907215118408e-01,5.048912763595581055e-01,-2.640584111213684082e-02,5.788548290729522705e-02,2.797600328922271729e-01,3.139994144439697266e-01,3.599853022024035454e-03,4.027049243450164795e-01,2.388490140438079834e-01,3.889146149158477783e-01,-2.005853414535522461e+00,-5.984649658203125000e-01,-1.555957317352294922e+00,-2.812953889369964600e-01,-1.810202360153198242e+00
3.937675952911376953e-01,1.020034790039062500e+00,7.735712528228759766e-01,4.582050815224647522e-02,3.349561942741274834e-03,6.520194411277770996e-01,7.568089962005615234e-01,-1.165672540664672852e+00,1.143140718340873718e-01,4.033424332737922668e-02,1.663500905036926270e+00,-1.103245392441749573e-01,-1.467521116137504578e-02,-3.902339041233062744e-01,-1.158940866589546204e-01,-1.007843241095542908e-01,6.068912744522094727e-01,-1.188727319240570068e-01,5.028102546930313110e-02,1.911354362964630127e-01,3.139942884445190430e-01,5.825421959161758423e-02,4.372844398021697998e-01,1.714707911014556885e-01,3.707813918590545654e-01,-1.963047027587890625e+00,-7.004649639129638672e-01,-1.453957319259643555e+00,-3.832953870296478271e-01,-1.912202358245849609e+00
3.820176422595977783e-01,1.018327713012695312e+00,7.591370344161987305e-01,3.088380955159664154e-02,-1.326747820712625980e-03,6.598259210586547852e-01,7.507824301719665527e-01,-1.063672542572021484e+00,1.171649321913719177e-01,2.241400815546512604e-02,1.577748298645019531e+00,-1.400669515132904053e-01,1.149957906454801559e-02,-4.204536676406860352e-01,-1.038141697645187378e-01,-8.564193546772003174e-02,7.088912725448608398e-01,-1.704972684383392334e-01,4.585482925176620483e-02,1.122538968920707703e-01,3.139991462230682373e-01,9.814751148223876953e-02,5.034402608871459961e-01,9.216878563165664673e-02,3.901749551296234131e-01,-1.939135789871215820e+00,-8.024649620056152344e-01,-1.351957321166992188e+00,-4.852953851222991943e-01,-2.014202356338500977e+00
3.695425391197204590e-01,1.036484122276306152e+00,7.458480596542358398e-01,1.608469523489475250e-02,5.089195910841226578e-04,6.647369861602783203e-01,7.469040751457214355e-01,-9.616726040840148926e-01,1.134568974375724792e-01,8.331275545060634613e-03,1.475748300552368164e+00,-1.971747875213623047e-01,5.368061363697052002e-02,-4.408549368381500244e-01,-9.471805393695831299e-02,-6.063585728406906128e-02,7.798649072647094727e-01,-1.730164438486099243e-01,5.775767564773559570e-02,7.375829666852951050e-02,3.139998614788055420e-01,1.148801818490028381e-01,4.608331024646759033e-01,9.623592346906661987e-02,3.923616409301757812e-01,-1.849006891250610352e+00,-9.044649600982666016e-01,-1.249957323074340820e+00,-5.872954130172729492e-01,-2.024858236312866211e+00
3.571723997592926025e-01,1.053262114524841309e+00,7.308654785156250000e-01,-2.250712830573320389e-03,5.750396288931369781e-03,6.786912083625793457e-01,7.343978285789489746e-01,-8.596725463867187500e-01,9.812024235725402832e-02,2.152418345212936401e-02,1.373748302459716797e+00,-2.771162688732147217e-01,9.544283896684646606e-02,-4.770005941390991211e-01,-8.980017155408859253e-02,-4.304622486233711243e-02,8.163487315177917480e-01,-1.320098936557769775e-01,9.795021265745162964e-02,1.334648579359054565e-02,3.139999806880950928e-01,1.191728785634040833e-01,4.027338027954101562e-01,1.581154465675354004e-01,3.721444010734558105e-01,-1.747006893157958984e+00,-8.066068887710571289e-01,-1.147957324981689453e+00,-6.892954111099243164e-01,-1.922858238220214844e+00
3.468177020549774170e-01,1.049973964691162109e+00,7.223355770111083984e-01,-9.433134458959102631e-03,6.181972101330757141e-03,6.902171373367309570e-01,7.235143780708312988e-01,-7.576725482940673828e-01,8.371963351964950562e-02,-4.022729699499905109e-04,1.271748304367065430e+00,-3.791162669658660889e-01,1.261189132928848267e-01,-5.044091939926147461e-01,-9.036054462194442749e-02,-1.781113259494304657e-02,8.228043317794799805e-01,-1.937844753265380859e-01,1.006040498614311218e-01,-1.772392657585442066e-03,3.140000104904174805e-01,1.071597337722778320e-01,3.565222620964050293e-01,1.522501707077026367e-01,3.600400388240814209e-01,-1.645006895065307617e+00,-7.046068906784057617e-01,-1.045957326889038086e+00,-5.905869007110595703e-01,-1.820858240127563477e+00
3.367120623588562012e-01,1.047424435615539551e+00,7.123035192489624023e-01,-9.761172346770763397e-03,7.351233623921871185e-03,6.935167312622070312e-01,7.203368544578552246e-01,-6.556725502014160156e-01,6.626762449741363525e-02,-2.563051693141460419e-02,1.169748306274414062e+00,-4.811162650585174561e-01,1.617284268140792847e-01,-5.383593440055847168e-01,-9.111384302377700806e-02,1.138537842780351639e-02,8.675023913383483887e-01,-2.739652097225189209e-01,7.546583563089370728e-02,2.650501206517219543e-02,3.140000104904174805e-01,8.119451254606246948e-02,2.711854577064514160e-01,2.154970169067382812e-01,3.068726062774658203e-01,-1.543006896972656250e+00,-6.026068925857543945e-01,-9.439573884010314941e-01,-4.885869026184082031e-01,-1.718858242034912109e+00
3.178284764289855957e-01,1.034942269325256348e+00,7.036148309707641602e-01,-1.920397020876407623e-02,5.768214818090200424e-03,6.950448155403137207e-01,7.186867594718933105e-01,-6.585901379585266113e-01,4.230123758316040039e-02,-4.766092076897621155e-02,1.071650862693786621e+00,-5.470196008682250977e-01,1.766368001699447632e-01,-5.726561546325683594e-01,-9.059842675924301147e-02,2.986678294837474823e-02,8.859085440635681152e-01,-3.060996830463409424e-01,6.644627451896667480e-02,6.773448735475540161e-02,3.140000104904174805e-01,7.261947542428970337e-02,1.975843906402587891e-01,2.693196833133697510e-01,2.509170472621917725e-01,-1.451484560966491699e+00,-5.006068944931030273e-01,-8.419573903083801270e-01,-3.865868747234344482e-01,-1.616858243942260742e+00
3.059833943843841553e-01,1.030567765235900879e+00,7.050198316574096680e-01,-2.228230983018875122e-02,5.220124498009681702e-03,6.936826109886169434e-01,7.199171781539916992e-01,-6.557511687278747559e-01,2.753457240760326385e-02,-5.681779608130455017e-02,1.031309008598327637e+00,-5.568660497665405273e-01,1.774859279394149780e-01,-5.759962201118469238e-01,-9.203635156154632568e-02,4.360809549689292908e-02,8.641780018806457520e-01,-3.067550063133239746e-01,7.427131384611129761e-02,7.365407794713973999e-02,3.140000104904174805e-01,8.505253493785858154e-02,1.468924582004547119e-01,2.809394001960754395e-01,2.455035597085952759e-01,-1.411216735839843750e+00,-3.986069262027740479e-01,-7.399573326110839844e-01,-2.845868766307830811e-01,-1.514858245849609375e+00
2.860073447227478027e-01,1.028260469436645508e+00,7.136931419372558594e-01,-3.523292019963264465e-02,8.837562054395675659e-03,6.940525174140930176e-01,7.190073728561401367e-01,-6.593999862670898438e-01,2.752918004989624023e-02,-4.268591478466987610e-02,9.857949614524841309e-01,-5.464165210723876953e-01,1.670905649662017822e-01,-5.605837702751159668e-01,-9.602966159582138062e-02,5.563957989215850830e-02,7.746868133544921875e-01,-2.571448385715484619e-01,1.073301509022712708e-01,4.249228909611701965e-02,3.140000104904174805e-01,1.139735281467437744e-01,1.122489720582962036e-01,2.896412611007690430e-01,2.801511883735656738e-01,-1.415447950363159180e+00,-2.966068983078002930e-01,-7.284281253814697266e-01,-2.468897253274917603e-01,-1.412858247756958008e+00
2.786544561386108398e-01,1.023884892463684082e+00,7.235670089721679688e-01,-3.165837749838829041e-02,8.473930880427360535e-03,6.896179914474487305e-01,7.234313488006591797e-01,-6.336736083030700684e-01,2.920602634549140930e-02,-1.976905204355716705e-02,9.318698048591613770e-01,-4.960792660713195801e-01,1.515317559242248535e-01,-5.442441701889038086e-01,-1.066961288452148438e-01,7.151849567890167236e-02,7.088518142700195312e-01,-1.565736830234527588e-01,1.500637680292129517e-01,2.127386070787906647e-02,3.140000104904174805e-01,1.398207992315292358e-01,1.041835695505142212e-01,3.264885246753692627e-01,2.986134886741638184e-01,-1.428971648216247559e+00,-1.946069151163101196e-01,-8.304281234741210938e-01,-3.488897383213043213e-01,-1.310858249664306641e+00
2.690393924713134766e-01,1.018728733062744141e+00,7.365951538085937500e-01,-3.358108922839164734e-02,6.298609543591737747e-03,6.815261840820312500e-01,7.309957146644592285e-01,-6.079175472259521484e-01,3.452823311090469360e-02,-4.996912088245153427e-03,8.790972232818603516e-01,-4.269172847270965576e-01,1.311119645833969116e-01,-5.617932677268981934e-01,-1.276817023754119873e-01,5.371233820915222168e-02,7.335734367370605469e-01,-1.426290124654769897e-01,1.374562233686447144e-01,7.673585321754217148e-03,3.140000104904174805e-01,1.605991572141647339e-01,9.789787232875823975e-02,3.552710711956024170e-01,3.111594915390014648e-01,-1.451766610145568848e+00,-9.260690957307815552e-02,-9.076584577560424805e-01,-4.508897364139556885e-01,-1.232047200202941895e+00
2.584022581577301025e-01,1.017883777618408203e+00,7.515753507614135742e-01,-3.436810523271560669e-02,1.068980712443590164e-02,6.698771119117736816e-01,7.415991425514221191e-01,-5.921074748039245605e-01,2.809248305857181549e-02,-4.439271520823240280e-03,8.424098491668701172e-01,-3.385975360870361328e-01,9.879097342491149902e-02,-5.964061021804809570e-01,-1.311258673667907715e-01,5.411784723401069641e-02,8.066674470901489258e-01,-1.133890300989151001e-01,1.371647417545318604e-01,-1.043137628585100174e-02,3.140000104904174805e-01,1.788168698549270630e-01,1.028331294655799866e-01,3.643561005592346191e-01,3.455596566200256348e-01,-1.494227528572082520e+00,9.393087588250637054e-03,-9.942546486854553223e-01,-5.317188501358032227e-01,-1.252686262130737305e+00
2.508490383625030518e-01,1.017573714256286621e+00,7.711297273635864258e-01,-2.748829498887062073e-02,1.997373439371585846e-02,6.562662124633789062e-01,7.537639141082763672e-01,-5.773464441299438477e-01,1.146594993770122528e-02,-2.262556552886962891e-02,8.014470934867858887e-01,-2.711493670940399170e-01,6.979421526193618774e-02,-6.373237371444702148e-01,-1.281233429908752441e-01,6.062683090567588806e-02,9.086674451828002930e-01,-6.144418567419052124e-02,1.586184650659561157e-01,-3.224547579884529114e-02,3.140000104904174805e-01,1.805945336818695068e-01,1.095645725727081299e-01,3.653240203857421875e-01,3.846183121204376221e-01,-1.543166518211364746e+00,8.177752047777175903e-02,-1.044595122337341309e+00,-5.686723589897155762e-01,-1.354686260223388672e+00
2.467773556709289551e-01,1.014582157135009766e+00,7.895591259002685547e-01,-2.800709009170532227e-02,3.108089603483676910e-02,6.470969319343566895e-01,7.612589001655578613e-01,-5.865290760993957520e-01,1.093403901904821396e-02,-2.105030417442321777e-02,7.891179919242858887e-01,-2.020571827888488770e-01,5.280879512429237366e-02,-6.753756403923034668e-01,-1.119366958737373352e-01,6.869899481534957886e-02,9.852874279022216797e-01,-8.943199180066585541e-03,1.801593154668807983e-01,-4.268474876880645752e-02,3.140000104904174805e-01,1.756552457809448242e-01,1.204477623105049133e-01,3.662510514259338379e-01,4.017821848392486572e-01,-1.583941698074340820e+00,9.820156544446945190e-02,-1.028872966766357422e+00,-5.853639841079711914e-01,-1.441791772842407227e+00
2.453565299510955811e-01,1.010114550590515137e+00,7.959207296371459961e-01,-3.270695731043815613e-02,4.136977717280387878e-02,6.349375247955322266e-01,7.707614302635192871e-01,-6.213247776031494141e-01,1.477870251983404160e-02,-1.367904804646968842e-02,8.352484703063964844e-01,-1.774240136146545410e-01,5.619988590478897095e-02,-7.009964585304260254e-01,-1.003995910286903381e-01,6.084799766540527344e-02,1.013388514518737793e+00,5.433686077594757080e-03,1.849215626716613770e-01,-4.172715172171592712e-02,3.140000104904174805e-01,1.660278290510177612e-01,1.373540014028549194e-01,3.811701536178588867e-01,4.131991863250732422e-01,-1.590117454528808594e+00,7.902764528989791870e-02,-9.518445730209350586e-01,-6.085906624794006348e-01,-1.520724058151245117e+00
2.441190630197525024e-01,1.005735039710998535e+00,7.881342172622680664e-01,-4.288968071341514587e-02,5.290971323847770691e-02,6.271215081214904785e-01,7.759379148483276367e-01,-6.734411120414733887e-01,1.663961447775363922e-02,-1.894075982272624969e-02,9.141241908073425293e-01,-1.747489124536514282e-01,6.478092819452285767e-02,-7.281646132469177246e-01,-8.117380738258361816e-02,6.569217890501022339e-02,1.002193093299865723e+00,-1.914704218506813049e-02,1.790030002593994141e-01,-4.347717761993408203e-02,3.140000104904174805e-01,1.654789745807647705e-01,1.585124135017395020e-01,3.779565095901489258e-01,4.011208117008209229e-01,-1.586791515350341797e+00,4.551579803228378296e-02,-8.498445749282836914e-01,-6.375929713249206543e-01,-1.622724056243896484e+00
2.432427406311035156e-01,1.002906084060668945e+00,7.663428783416748047e-01,-4.967593029141426086e-02,5.846823379397392273e-02,6.188805699348449707e-01,7.817292213439941406e-01,-7.499802708625793457e-01,1.230096630752086639e-02,-5.373913049697875977e-02,1.016124248504638672e+00,-2.033410221338272095e-01,9.628733247518539429e-02,-7.636892199516296387e-01,-4.218496382236480713e-02,1.053193807601928711e-01,9.776627421379089355e-01,-9.167262911796569824e-02,1.352233439683914185e-01,-4.604881256818771362e-02,3.140000104904174805e-01,1.677089780569076538e-01,1.866836249828338623e-01,3.149574697017669678e-01,3.544973433017730713e-01,-1.559932112693786621e+00,2.073382260277867317e-03,-7.478445768356323242e-01,-6.186345815658569336e-01,-1.724724054336547852e+00
2.424529641866683960e-01,1.000382304191589355e+00,7.308602333068847656e-01,-5.583172291517257690e-02,6.654129922389984131e-02,6.124011874198913574e-01,7.857607007026672363e-01,-8.233802914619445801e-01,7.844935171306133270e-03,-8.914160728454589844e-02,1.118124246597290039e+00,-2.871351838111877441e-01,1.332328170537948608e-01,-8.338970541954040527e-01,-5.662505514919757843e-03,1.409885287284851074e-01,1.032488107681274414e+00,-1.936726272106170654e-01,7.580111920833587646e-02,-6.001551821827888489e-02,3.140000104904174805e-01,1.651198118925094604e-01,1.894061714410781860e-01,2.522444725036621094e-01,3.092825710773468018e-01,-1.509294271469116211e+00,-8.177650161087512970e-03,-6.458445787429809570e-01,-5.166345834732055664e-01,-1.826724052429199219e+00
2.409883737564086914e-01,9.982175827026367188e-01,6.833947896957397461e-01,-5.873748287558555603e-02,6.869805604219436646e-02,6.046903133392333984e-01,7.913154363632202148e-01,-8.865877985954284668e-01,-1.683290698565542698e-03,-1.013046652078628540e-01,1.207703351974487305e+00,-3.891351819038391113e-01,1.721255779266357422e-01,-9.146973490715026855e-01,1.000232808291912079e-02,1.484537720680236816e-01,1.134488105773925781e+00,-2.956726253032684326e-01,1.755258440971374512e-02,-7.425615936517715454e-02,3.140000104904174805e-01,1.506139487028121948e-01,1.715393513441085815e-01,2.296628654003143311e-01,2.811058759689331055e-01,-1.443194627761840820e+00,1.417772471904754639e-02,-5.438445806503295898e-01,-4.146345853805541992e-01,-1.928724050521850586e+00
2.387874424457550049e-01,9.974302053451538086e-01,6.402585506439208984e-01,-5.545039102435112000e-02,5.648154765367507935e-02,5.951665043830871582e-01,7.996948957443237305e-01,-9.280686974525451660e-01,-5.204100161790847778e-03,-1.194478720426559448e-01,1.309703350067138672e+00,-4.911351799964904785e-01,2.068047076463699341e-01,-9.614418148994445801e-01,1.671581529080867767e-02,1.370116323232650757e-01,1.236488103866577148e+00,-3.976726233959197998e-01,-3.016132116317749023e-02,-6.615348905324935913e-02,3.140000104904174805e-01,1.483857780694961548e-01,1.484413743019104004e-01,2.388296723365783691e-01,2.323843985795974731e-01,-1.389316797256469727e+00,4.680858552455902100e-02,-4.418445825576782227e-01,-3.126345872879028320e-01,-2.014131784439086914e+00
2.375645190477371216e-01,9.995403885841369629e-01,6.099506616592407227e-01,-5.060320720076560974e-02,4.931358993053436279e-02,5.882143974304199219e-01,8.056123852729797363e-01,-9.583048820495605469e-01,-1.644225791096687317e-02,-1.382147967815399170e-01,1.400109410285949707e+00,-5.931351780891418457e-01,2.387028187513351440e-01,-9.973662495613098145e-01,2.421319484710693359e-02,1.362773776054382324e-01,1.338488101959228516e+00,-4.996726214885711670e-01,-5.804955586791038513e-02,-7.499800622463226318e-02,3.140000104904174805e-01,1.343324929475784302e-01,1.227244362235069275e-01,2.542225718498229980e-01,1.903945952653884888e-01,-1.375671386718750000e+00,8.879245817661285400e-02,-3.398445844650268555e-01,-2.106345891952514648e-01,-2.038672447204589844e+00
2.372905164957046509e-01,1.010156750679016113e+00,6.044143438339233398e-01,-4.651290178298950195e-02,4.891571402549743652e-02,5.893594622611999512e-01,8.050460815429687500e-01,-9.522027969360351562e-01,-3.108384087681770325e-02,-1.426564455032348633e-01,1.424592733383178711e+00,-6.951351761817932129e-01,2.566347122192382812e-01,-9.955855607986450195e-01,1.821770891547203064e-02,1.401753574609756470e-01,1.388907194137573242e+00,-6.016726493835449219e-01,-6.853508204221725464e-02,-9.337898343801498413e-02,3.140000104904174805e-01,1.075333505868911743e-01,9.706315398216247559e-02,2.543887794017791748e-01,1.819949001073837280e-01,-1.374469161033630371e+00,1.071877107024192810e-01,-3.284038305282592773e-01,-1.639225333929061890e-01,-2.019736051559448242e+00
2.369325160980224609e-01,1.018875718116760254e+00,6.383327245712280273e-01,-3.846493735909461975e-02,4.361563548445701599e-02,5.980042815208435059e-01,7.993804216384887695e-01,-8.669517040252685547e-01,-4.263085499405860901e-02,-1.479252725839614868e-01,1.322592735290527344e+00,-6.655234098434448242e-01,2.370617836713790894e-01,-9.035072326660156250e-01,3.909660037606954575e-03,1.401260495185852051e-01,1.286907196044921875e+00,-6.181456446647644043e-01,-3.412949293851852417e-02,-9.946345537900924683e-02,3.140000104904174805e-01,9.487326443195343018e-02,6.214883551001548767e-02,2.986043691635131836e-01,1.471336483955383301e-01,-1.383191943168640137e+00,9.710408747196197510e-02,-4.304038584232330322e-01,-2.659225463867187500e-01,-1.961663126945495605e+00
2.333604097366333008e-01,1.025434255599975586e+00,7.038707733154296875e-01,-2.920752018690109253e-02,4.395502433180809021e-02,6.081216335296630859e-01,7.920877337455749512e-01,-7.649517059326171875e-01,1.951593905687332153e-02,-6.641297042369842529e-02,1.220592737197875977e+00,-5.635234117507934570e-01,1.350617855787277222e-01,-8.015072345733642578e-01,-5.018870159983634949e-02,1.049467772245407104e-01,1.184907197952270508e+00,-5.161456465721130371e-01,6.787050515413284302e-02,-1.064057052135467529e-01,3.140000104904174805e-01,8.132091164588928223e-02,2.629832550883293152e-02,3.950041234493255615e-01,1.840744614601135254e-01,-1.422183513641357422e+00,2.366952970623970032e-02,-5.324038267135620117e-01,-3.679225444793701172e-01,-1.942173123359680176e+00
2.253184914588928223e-01,1.021188259124755859e+00,7.718846797943115234e-01,-2.208113297820091248e-02,4.089018702507019043e-02,6.206063032150268555e-01,7.827440500259399414e-01,-6.629517078399658203e-01,5.305505171418190002e-02,1.504736952483654022e-02,1.118592739105224609e+00,-4.615234136581420898e-01,3.306178376078605652e-02,-6.995072364807128906e-01,-9.907516092061996460e-02,3.823010995984077454e-02,1.082907199859619141e+00,-4.141456484794616699e-01,1.698705106973648071e-01,-1.243496984243392944e-01,3.140000104904174805e-01,6.168804317712783813e-02,-3.563447098713368177e-04,4.332734942436218262e-01,2.421178817749023438e-01,-1.424742460250854492e+00,-5.496206879615783691e-02,-6.344038248062133789e-01,-4.699225425720214844e-01,-1.840173125267028809e+00
2.160143107175827026e-01,1.015200138092041016e+00,8.257793188095092773e-01,-2.523101121187210083e-02,3.257768973708152771e-02,6.342690587043762207e-01,7.720135450363159180e-01,-5.609517097473144531e-01,6.112110614776611328e-02,5.681320279836654663e-02,1.016592741012573242e+00,-3.595233857631683350e-01,-6.893821805715560913e-02,-5.975072383880615234e-01,-1.313735246658325195e-01,-3.081876784563064575e-02,9.809071421623229980e-01,-3.121456503868103027e-01,2.486055791378021240e-01,-1.327018290758132935e-01,3.140000104904174805e-01,6.031270697712898254e-02,3.619891032576560974e-02,4.529938101768493652e-01,2.558898627758026123e-01,-1.448828220367431641e+00,-1.569620668888092041e-01,-7.364038228988647461e-01,-5.719225406646728516e-01,-1.738173127174377441e+00
2.030531466007232666e-01,1.021919608116149902e+00,8.623559474945068359e-01,-2.093096077442169189e-02,1.324369106441736221e-02,6.469092965126037598e-01,7.621645927429199219e-01,-4.589516818523406982e-01,6.308883428573608398e-02,7.051179558038711548e-02,9.145928025245666504e-01,-2.575233876705169678e-01,-1.531669944524765015e-01,-4.955072402954101562e-01,-1.610492914915084839e-01,-5.235157907009124756e-02,8.789071440696716309e-01,-2.101456373929977417e-01,2.479907572269439697e-01,-1.274309307336807251e-01,3.140000104904174805e-01,7.155013084411621094e-02,9.556513279676437378e-02,4.785014092922210693e-01,2.267459034919738770e-01,-1.468637228012084961e+00,-2.589620649814605713e-01,-8.384038209915161133e-01,-6.739225387573242188e-01,-1.636173129081726074e+00
1.888467073440551758e-01,1.036574959754943848e+00,8.859289884567260742e-01,-2.443374507129192352e-02,5.290877539664506912e-03,6.634361743927001953e-01,7.478151321411132812e-01,-3.569516837596893311e-01,4.481293261051177979e-02,3.791860863566398621e-02,8.125928044319152832e-01,-1.555234044790267944e-01,-1.878221184015274048e-01,-3.935072422027587891e-01,-1.835332214832305908e-01,-3.651820495724678040e-02,9.809071421623229980e-01,-1.081456467509269714e-01,2.106847465038299561e-01,-1.055111512541770935e-01,2.909932434558868408e-01,9.307239949703216553e-02,1.955216377973556519e-01,4.831875860691070557e-01,1.590246558189392090e-01,-1.553158879280090332e+00,-3.609620630741119385e-01,-9.404038190841674805e-01,-7.064412236213684082e-01,-1.534173130989074707e+00
1.760215759277343750e-01,1.062673091888427734e+00,9.042823314666748047e-01,-2.898708544671535492e-02,5.503898952156305313e-03,6.846494078636169434e-01,7.282751202583312988e-01,-3.528948426246643066e-01,-1.619239151477813721e-02,-5.161378160119056702e-02,9.145928025245666504e-01,-5.352339893579483032e-02,-1.865285038948059082e-01,-3.107725977897644043e-01,-1.707564294338226318e-01,6.548179686069488525e-02,1.082907199859619141e+00,-6.145643070340156555e-03,1.792794764041900635e-01,-7.854132354259490967e-02,2.319006174802780151e-01,9.723083674907684326e-02,2.770388722419738770e-01,4.984723031520843506e-01,1.487396657466888428e-01,-1.655158877372741699e+00,-4.629620611667633057e-01,-1.042403817176818848e+00,-8.084412217140197754e-01,-1.432173132896423340e+00
1.642115116119384766e-01,1.089882850646972656e+00,9.096299409866333008e-01,-5.234953761100769043e-02,1.655651628971099854e-02,7.050706744194030762e-01,7.070083022117614746e-01,-4.440647661685943604e-01,-7.681337743997573853e-02,-7.530751824378967285e-02,1.016592741012573242e+00,4.191289097070693970e-02,-1.399068236351013184e-01,-2.790087163448333740e-01,-1.807301342487335205e-01,1.640984266996383667e-01,1.184907197952270508e+00,9.585435688495635986e-02,1.394643932580947876e-01,-3.261708095669746399e-02,1.830218285322189331e-01,9.630793333053588867e-02,3.168501555919647217e-01,4.950820505619049072e-01,1.671465337276458740e-01,-1.757158875465393066e+00,-5.649620890617370605e-01,-1.144403815269470215e+00,-9.104412198066711426e-01,-1.436258435249328613e+00
1.557868123054504395e-01,1.109454393386840820e+00,8.982193470001220703e-01,-4.613099619746208191e-02,2.191272191703319550e-02,7.204595208168029785e-01,6.916139721870422363e-01,-5.264064073562622070e-01,-1.296565383672714233e-01,-5.189396068453788757e-02,1.118592739105224609e+00,1.512572402134537697e-03,-1.086444333195686340e-01,-2.513743638992309570e-01,-1.780594289302825928e-01,1.905510276556015015e-01,1.286907196044921875e+00,1.244063749909400940e-01,1.165098771452903748e-01,1.271056942641735077e-02,1.570991575717926025e-01,6.763241440057754517e-02,3.327617347240447998e-01,4.811402559280395508e-01,2.122560441493988037e-01,-1.859158873558044434e+00,-6.563286185264587402e-01,-1.246403813362121582e+00,-1.012441277503967285e+00,-1.421924471855163574e+00
1.515642702579498291e-01,1.123207449913024902e+00,8.809378147125244141e-01,-9.036418050527572632e-03,6.513110827654600143e-03,7.297793030738830566e-01,6.835920810699462891e-01,-6.225978136062622070e-01,-1.127553433179855347e-01,1.695892587304115295e-02,1.220592737197875977e+00,-8.240526169538497925e-02,-2.764849737286567688e-02,-1.848458796739578247e-01,-1.517410427331924438e-01,1.335182636976242065e-01,1.388907194137573242e+00,1.141012758016586304e-01,1.081660836935043335e-01,6.746777147054672241e-02,1.714253574609756470e-01,2.283631078898906708e-02,3.280177414417266846e-01,4.510592222213745117e-01,3.142560422420501709e-01,-1.961158871650695801e+00,-7.078852057456970215e-01,-1.348403811454772949e+00,-1.114441275596618652e+00,-1.319924473762512207e+00
1.476639360189437866e-01,1.135056853294372559e+00,8.632041215896606445e-01,3.229053225368261337e-03,1.694914884865283966e-02,7.348828911781311035e-01,6.779745221138000488e-01,-6.774183511734008789e-01,-1.154982820153236389e-01,3.241774812340736389e-02,1.322592735290527344e+00,-1.673723906278610229e-01,3.546472266316413879e-02,-1.444575488567352295e-01,-1.265380829572677612e-01,1.010221615433692932e-01,1.490907192230224609e+00,7.548092305660247803e-02,1.069201305508613586e-01,1.239031255245208740e-01,1.860580593347549438e-01,-4.648602008819580078e-02,3.407689332962036133e-01,3.828752636909484863e-01,4.162560403347015381e-01,-2.063158750534057617e+00,-7.109030485153198242e-01,-1.450403809547424316e+00,-1.167003273963928223e+00,-1.217924475669860840e+00
1.463256925344467163e-01,1.144270539283752441e+00,8.471075296401977539e-01,1.995875686407089233e-02,2.256580442190170288e-02,7.417379021644592285e-01,6.700128912925720215e-01,-7.000481486320495605e-01,-1.269770711660385132e-01,4.883469641208648682e-02,1.375105977058410645e+00,-2.693723738193511963e-01,1.131948903203010559e-01,-8.855209499597549438e-02,-9.184446930885314941e-02,8.067563921213150024e-02,1.497073650360107422e+00,2.745147421956062317e-02,1.072124019265174866e-01,1.831316649913787842e-01,1.996759772300720215e-01,-1.389214545488357544e-01,3.161430060863494873e-01,3.164827525615692139e-01,4.832349717617034912e-01,-2.131060361862182617e+00,-6.089030504226684570e-01,-1.552403807640075684e+00,-1.163512706756591797e+00,-1.115924477577209473e+00
1.468801945447921753e-01,1.148797988891601562e+00,8.331745862960815430e-01,3.485606983304023743e-02,1.036028470844030380e-02,7.406046390533447266e-01,6.709563732147216797e-01,-6.380472183227539062e-01,-1.468456536531448364e-01,2.687172219157218933e-02,1.273105978965759277e+00,-3.515883386135101318e-01,1.878798604011535645e-01,-3.856300935149192810e-02,-7.524146884679794312e-02,2.208149433135986328e-02,1.454695463180541992e+00,-3.110643709078431129e-03,7.604511827230453491e-02,2.851316630840301514e-01,2.561246156692504883e-01,-2.336036860942840576e-01,3.262249827384948730e-01,2.144827395677566528e-01,5.326025485992431641e-01,-2.216793298721313477e+00,-5.069030523300170898e-01,-1.450403809547424316e+00,-1.133262038230895996e+00,-1.054099202156066895e+00
1.498668938875198364e-01,1.147184848785400391e+00,8.147116899490356445e-01,3.941665589809417725e-02,1.240731962025165558e-02,7.390754818916320801e-01,6.723539233207702637e-01,-6.165943145751953125e-01,-1.636248379945755005e-01,2.349002659320831299e-02,1.171105980873107910e+00,-4.329672753810882568e-01,2.262731194496154785e-01,-1.017224974930286407e-02,-6.179438158869743347e-02,-5.774243269115686417e-03,1.381920695304870605e+00,-6.466986984014511108e-02,5.765230953693389893e-02,3.543187975883483887e-01,2.891888618469238281e-01,-2.720581889152526855e-01,3.375409543514251709e-01,1.597863137722015381e-01,4.973686635494232178e-01,-2.222943305969238281e+00,-4.049030244350433350e-01,-1.348403811454772949e+00,-1.031262040138244629e+00,-1.156099200248718262e+00
1.523310989141464233e-01,1.147698879241943359e+00,7.939140796661376953e-01,3.342864662408828735e-02,1.103298179805278778e-02,7.423390746116638184e-01,6.690990328788757324e-01,-6.276229619979858398e-01,-1.730398535728454590e-01,7.497000508010387421e-03,1.120200276374816895e+00,-5.126375555992126465e-01,2.566409707069396973e-01,-4.475961625576019287e-02,-6.231074780225753784e-02,-4.354715719819068909e-02,1.279920697212219238e+00,-1.666698604822158813e-01,2.978108264505863190e-02,4.075537621974945068e-01,2.993076145648956299e-01,-2.680656015872955322e-01,3.264493644237518311e-01,2.188829630613327026e-01,4.488098919391632080e-01,-2.175483226776123047e+00,-3.029030263423919678e-01,-1.246403813362121582e+00,-9.292619824409484863e-01,-1.258099198341369629e+00
1.499361395835876465e-01,1.155752897262573242e+00,7.758452892303466797e-01,2.894829027354717255e-02,-1.292356755584478378e-03,7.457382678985595703e-01,6.656085848808288574e-01,-6.120172142982482910e-01,-1.602757573127746582e-01,-4.964618477970361710e-03,1.153693199157714844e+00,-6.086302399635314941e-01,2.611961364746093750e-01,-1.467596143484115601e-01,-7.715995609760284424e-02,-7.242757827043533325e-02,1.193001151084899902e+00,-2.686698734760284424e-01,-1.520153880119323730e-02,3.655103147029876709e-01,3.036880493164062500e-01,-1.775286048650741577e-01,3.317076563835144043e-01,2.930975258350372314e-01,3.770949542522430420e-01,-2.080401659011840820e+00,-2.009030282497406006e-01,-1.144403815269470215e+00,-8.272619843482971191e-01,-1.360099196434020996e+00
1.455594152212142944e-01,1.161067843437194824e+00,7.760205268859863281e-01,2.754744514822959900e-02,-1.710874773561954498e-02,7.526115775108337402e-01,6.576657891273498535e-01,-5.628525614738464355e-01,-1.618473678827285767e-01,-6.763055920600891113e-02,1.137827157974243164e+00,-6.196371316909790039e-01,2.464505285024642944e-01,-2.487596124410629272e-01,-9.375210106372833252e-02,-9.028381854295730591e-02,1.193049311637878418e+00,-3.186514973640441895e-01,-5.193895101547241211e-02,2.635103166103363037e-01,3.124532103538513184e-01,-7.552860677242279053e-02,3.405974209308624268e-01,3.629144430160522461e-01,2.993422448635101318e-01,-1.978401541709899902e+00,-9.890303760766983032e-02,-1.042403817176818848e+00,-7.252619862556457520e-01,-1.462099194526672363e+00
1.417089253664016724e-01,1.156086683273315430e+00,8.074157238006591797e-01,1.774165593087673187e-02,-2.675712294876575470e-02,7.581741213798522949e-01,6.512613296508789062e-01,-4.960857927799224854e-01,-1.477566808462142944e-01,-1.377287954092025757e-01,1.035827159881591797e+00,-5.176371335983276367e-01,1.682998985052108765e-01,-3.507596254348754883e-01,-1.006239950656890869e-01,-7.518783956766128540e-02,1.165156960487365723e+00,-2.457260042428970337e-01,-2.348343282938003540e-02,1.615103185176849365e-01,3.137679696083068848e-01,2.647139504551887512e-02,3.582050204277038574e-01,3.824859261512756348e-01,1.973422467708587646e-01,-1.876401543617248535e+00,3.096965141594409943e-03,-9.404038190841674805e-01,-6.232619881629943848e-01,-1.564099192619323730e+00
1.384554356336593628e-01,1.149474143981933594e+00,8.510828018188476562e-01,7.988769793882966042e-04,-4.693724587559700012e-02,7.517558932304382324e-01,6.577684283256530762e-01,-3.995140194892883301e-01,-8.106886595487594604e-02,-1.156747862696647644e-01,9.338271021842956543e-01,-4.156371355056762695e-01,6.629989296197891235e-02,-4.527596235275268555e-01,-1.123012974858283997e-01,-4.201596975326538086e-02,1.094197273254394531e+00,-1.437260061502456665e-01,7.851656526327133179e-02,5.951031297445297241e-02,3.139652013778686523e-01,1.284713894128799438e-01,3.836706280708312988e-01,3.701099157333374023e-01,1.286514699459075928e-01,-1.774401545524597168e+00,9.131638705730438232e-02,-9.386487007141113281e-01,-6.653285026550292969e-01,-1.462099194526672363e+00
1.365133672952651978e-01,1.139281392097473145e+00,8.831017017364501953e-01,-1.624322868883609772e-02,-6.609007716178894043e-02,7.478812336921691895e-01,6.603347063064575195e-01,-3.681041598320007324e-01,-2.221340686082839966e-02,-9.430950880050659180e-02,8.318271040916442871e-01,-3.136371374130249023e-01,-4.589719697833061218e-03,-5.547596216201782227e-01,-1.303742974996566772e-01,1.100739277899265289e-02,1.196197271347045898e+00,-4.264891892671585083e-02,1.208216920495033264e-01,-4.248968511819839478e-02,3.139947652816772461e-01,2.304713875055313110e-01,4.164826273918151855e-01,3.400800228118896484e-01,9.147471934556961060e-02,-1.672401547431945801e+00,1.255405247211456299e-01,-1.040648698806762695e+00,-7.673285007476806641e-01,-1.360099196434020996e+00
1.355736851692199707e-01,1.131891727447509766e+00,9.011280536651611328e-01,-1.708378270268440247e-02,-7.995826005935668945e-02,7.316310405731201172e-01,6.767797470092773438e-01,-3.335989713668823242e-01,3.457951545715332031e-02,-4.637834429740905762e-02,7.298271059989929199e-01,-2.116371542215347290e-01,-6.015767902135848999e-02,-6.567596197128295898e-01,-1.177255362272262573e-01,4.780752211809158325e-02,1.197249531745910645e+00,-5.619682371616363525e-02,1.411208063364028931e-01,-9.892296046018600464e-02,3.139992058277130127e-01,3.324714004993438721e-01,4.583336412906646729e-01,3.361791670322418213e-01,5.183503776788711548e-02,-1.570401549339294434e+00,1.560579091310501099e-01,-1.136251330375671387e+00,-8.587883114814758301e-01,-1.258099198341369629e+00
1.339392066001892090e-01,1.132440447807312012e+00,9.056681394577026367e-01,6.800114642828702927e-03,-9.688371419906616211e-02,7.150358557701110840e-01,6.923084855079650879e-01,-3.142046332359313965e-01,7.848204672336578369e-02,-3.500815713778138161e-03,6.278271079063415527e-01,-1.371732354164123535e-01,-6.999588757753372192e-02,-7.587596178054809570e-01,-7.382339239120483398e-02,9.261316806077957153e-02,1.095249533653259277e+00,-3.301794826984405518e-02,1.584630757570266724e-01,-9.796247631311416626e-02,3.139998912811279297e-01,4.344713985919952393e-01,4.830267727375030518e-01,3.130157887935638428e-01,3.166576102375984192e-02,-1.468789339065551758e+00,2.151904553174972534e-01,-1.181567192077636719e+00,-8.840579390525817871e-01,-1.156099200248718262e+00
1.331858932971954346e-01,1.134891152381896973e+00,8.954541683197021484e-01,3.910492733120918274e-02,-1.153919547796249390e-01,6.952087283134460449e-01,7.084069252014160156e-01,-2.414124011993408203e-01,1.041965708136558533e-01,8.106256276369094849e-02,6.268967390060424805e-01,-1.334003508090972900e-01,-1.062030866742134094e-01,-8.607596158981323242e-01,-4.771226271986961365e-02,9.963357448577880859e-02,9.932494759559631348e-01,2.482241252437233925e-03,1.901026070117950439e-01,-6.372608989477157593e-02,3.139999806880950928e-01,4.107052385807037354e-01,4.758653044700622559e-01,4.150157868862152100e-01,6.436313968151807785e-03,-1.454063296318054199e+00,2.839437127113342285e-01,-1.130768775939941406e+00,-7.820579409599304199e-01,-1.054099202156066895e+00
1.342374235391616821e-01,1.143785119056701660e+00,8.794876337051391602e-01,6.320469081401824951e-02,-1.387071162462234497e-01,6.776152253150939941e-01,7.194463610649108887e-01,-1.899350583553314209e-01,1.186399310827255249e-01,1.716595441102981567e-01,7.097476720809936523e-01,-2.086455971002578735e-01,-9.791812300682067871e-02,-9.627596139907836914e-01,-1.451077591627836227e-02,9.177517145872116089e-02,8.912494778633117676e-01,-6.250658538192510605e-03,2.010263055562973022e-01,-2.389782108366489410e-02,3.140000104904174805e-01,3.728530406951904297e-01,4.638189077377319336e-01,4.684720933437347412e-01,-7.188444957137107849e-03,-1.475976586341857910e+00,3.599213063716888428e-01,-1.028768777847290039e+00,-6.800579428672790527e-01,-9.520992040634155273e-01
1.380441039800643921e-01,1.159854292869567871e+00,8.642354011535644531e-01,1.021579056978225708e-01,-1.365257948637008667e-01,6.611204743385314941e-01,7.306464314460754395e-01,-1.669825017452239990e-01,1.213893890380859375e-01,2.374812662601470947e-01,7.834190726280212402e-01,-3.106455802917480469e-01,-7.706598937511444092e-02,-1.064759612083435059e+00,1.003760192543268204e-02,6.630423665046691895e-02,7.892494797706604004e-01,-3.474149107933044434e-02,2.051217555999755859e-01,2.624701708555221558e-02,3.140000104904174805e-01,3.345721662044525146e-01,4.297572076320648193e-01,4.935787022113800049e-01,-4.005089402198791504e-02,-1.554319739341735840e+00,4.027941823005676270e-01,-9.267687797546386719e-01,-5.780579447746276855e-01,-9.978786110877990723e-01
1.404056400060653687e-01,1.175109624862670898e+00,8.534532785415649414e-01,1.091695576906204224e-01,-1.463478505611419678e-01,6.640932559967041016e-01,7.250134348869323730e-01,-1.738996356725692749e-01,1.293136477470397949e-01,2.332873493432998657e-01,8.791853785514831543e-01,-4.126455783843994141e-01,-3.912702947854995728e-02,-1.166759610176086426e+00,8.180380798876285553e-03,1.560384780168533325e-02,6.872494816780090332e-01,3.983275033533573151e-03,1.994931697845458984e-01,7.570735365152359009e-02,3.140000104904174805e-01,3.119952678680419922e-01,3.559285700321197510e-01,5.381720662117004395e-01,-1.112456321716308594e-01,-1.623214721679687500e+00,4.147910773754119873e-01,-8.285923004150390625e-01,-4.760579168796539307e-01,-1.099878549575805664e+00
1.433264315128326416e-01,1.187131166458129883e+00,8.501238822937011719e-01,1.161232441663742065e-01,-1.935115456581115723e-01,6.579974293708801270e-01,7.184066176414489746e-01,-1.220766082406044006e-01,1.666747033596038818e-01,2.031983584165573120e-01,9.568446278572082520e-01,-5.056867003440856934e-01,-1.019184198230504990e-02,-1.268759608268737793e+00,-1.525895670056343079e-02,-5.261591635644435883e-03,6.049695014953613281e-01,-7.048222236335277557e-03,1.779436767101287842e-01,1.038151904940605164e-01,3.140000104904174805e-01,2.994191050529479980e-01,3.109713196754455566e-01,5.709515810012817383e-01,-1.818738430738449097e-01,-1.643573403358459473e+00,3.727480471134185791e-01,-7.624003291130065918e-01,-3.740579187870025635e-01,-1.201878547668457031e+00
1.476799696683883667e-01,1.202439308166503906e+00,8.484362363815307617e-01,1.011766642332077026e-01,-1.742669641971588135e-01,6.715984940528869629e-01,7.129865288734436035e-01,-1.637760251760482788e-01,1.614770889282226562e-01,1.607204675674438477e-01,9.975544214248657227e-01,-5.445147156715393066e-01,-7.786330301314592361e-03,-1.370759606361389160e+00,-4.295043647289276123e-02,-5.830978509038686752e-03,7.069694995880126953e-01,-2.952302992343902588e-02,1.522341966629028320e-01,1.155332550406455994e-01,3.140000104904174805e-01,2.824883460998535156e-01,2.089713215827941895e-01,5.355634689331054688e-01,-1.915390044450759888e-01,-1.632089257240295410e+00,2.707480490207672119e-01,-7.912335991859436035e-01,-2.720579206943511963e-01,-1.303878545761108398e+00
1.524151563644409180e-01,1.218049883842468262e+00,8.507081270217895508e-01,1.012666895985603333e-01,-1.633124947547912598e-01,7.013159394264221191e-01,6.864619851112365723e-01,-1.936844587326049805e-01,1.291811466217041016e-01,7.996231317520141602e-02,1.016395568847656250e+00,-5.685368180274963379e-01,5.796588025987148285e-03,-1.472759604454040527e+00,-1.126922294497489929e-01,-3.833692520856857300e-02,8.089694976806640625e-01,7.008410990238189697e-03,1.317009031772613525e-01,4.930604994297027588e-02,3.140000104904174805e-01,2.285603433847427368e-01,1.069713234901428223e-01,6.059532165527343750e-01,-2.424086332321166992e-01,-1.583531856536865234e+00,1.687480509281158447e-01,-8.061760663986206055e-01,-1.700579226016998291e-01,-1.353373765945434570e+00
1.577670276165008545e-01,1.220504403114318848e+00,8.530290126800537109e-01,9.612278640270233154e-02,-1.475318223237991333e-01,7.136260271072387695e-01,6.780358552932739258e-01,-2.206706702709197998e-01,1.032269820570945740e-01,3.962737694382667542e-02,1.021517038345336914e+00,-6.284367442131042480e-01,5.967998504638671875e-02,-1.574759602546691895e+00,-1.343118697404861450e-01,-2.844800800085067749e-02,9.109694957733154297e-01,5.714850500226020813e-03,1.232624799013137817e-01,-1.174997352063655853e-02,3.140000104904174805e-01,1.776065528392791748e-01,4.971324466168880463e-03,6.159552335739135742e-01,-2.251437604427337646e-01,-1.541396498680114746e+00,6.674805283546447754e-02,-8.997560143470764160e-01,-1.280576884746551514e-01,-1.358466148376464844e+00
1.620554476976394653e-01,1.212916016578674316e+00,8.629550933837890625e-01,1.013333797454833984e-01,-1.339794546365737915e-01,7.213854789733886719e-01,6.718512177467346191e-01,-1.963348239660263062e-01,8.054274320602416992e-02,4.344159364700317383e-02,9.586408734321594238e-01,-6.181286573410034180e-01,8.083073794841766357e-02,-1.676759600639343262e+00,-1.620342731475830078e-01,-2.482472732663154602e-02,1.012969493865966797e+00,-5.927034071646630764e-04,1.103465631604194641e-01,-4.394183680415153503e-02,3.140000104904174805e-01,1.435694694519042969e-01,-5.213839188218116760e-02,6.265552639961242676e-01,-2.173761427402496338e-01,-1.497250676155090332e+00,-3.525194525718688965e-02,-9.908164143562316895e-01,-1.461218744516372681e-01,-1.351849675178527832e+00
1.656925827264785767e-01,1.201243519783020020e+00,8.822715282440185547e-01,1.026768833398818970e-01,-1.170793101191520691e-01,7.293648719787597656e-01,6.661657691001892090e-01,-1.472441107034683228e-01,5.513600632548332214e-02,3.306418284773826599e-02,8.566408753395080566e-01,-5.175337195396423340e-01,6.439773738384246826e-02,-1.582700729370117188e+00,-1.872525364160537720e-01,-3.819723799824714661e-02,1.114969491958618164e+00,-5.738139152526855469e-02,9.378433972597122192e-02,-7.917430251836776733e-02,3.140000104904174805e-01,1.270451843738555908e-01,-4.530695453286170959e-02,6.051762104034423828e-01,-1.648681610822677612e-01,-1.455788135528564453e+00,-1.372519433498382568e-01,-1.092816352844238281e+00,-2.064926177263259888e-01,-1.400019407272338867e+00
1.692825853824615479e-01,1.189107060432434082e+00,9.076638221740722656e-01,9.905461221933364868e-02,-1.023048385977745056e-01,7.413793206214904785e-01,6.558037996292114258e-01,-1.013370752334594727e-01,3.880366683006286621e-02,6.159658543765544891e-03,7.546408772468566895e-01,-4.155337512493133545e-01,2.494435943663120270e-02,-1.480700731277465820e+00,-2.034002244472503662e-01,-2.888319082558155060e-02,1.216969490051269531e+00,-8.262553066015243530e-02,7.704392820596694946e-02,-1.100006774067878723e-01,3.140000104904174805e-01,1.218448728322982788e-01,4.934369586408138275e-03,5.740047693252563477e-01,-9.548407047986984253e-02,-1.458467602729797363e+00,-2.392519414424896240e-01,-1.194816350936889648e+00,-3.031548261642456055e-01,-1.502019405364990234e+00
1.740255355834960938e-01,1.159980297088623047e+00,9.333028793334960938e-01,8.482443541288375854e-02,-9.400441497564315796e-02,7.454732060432434082e-01,6.543987393379211426e-01,-6.871599704027175903e-02,3.741263598203659058e-02,-1.955892890691757202e-03,6.526408791542053223e-01,-3.135337531566619873e-01,-2.704585529863834381e-02,-1.378700733184814453e+00,-2.091357111930847168e-01,-1.643883250653743744e-02,1.318969488143920898e+00,-1.038927137851715088e-01,5.794074386358261108e-02,-1.418422013521194458e-01,3.140000104904174805e-01,1.184064000844955444e-01,9.648938477039337158e-02,5.785923004150390625e-01,2.321148756891489029e-03,-1.501964807510375977e+00,-3.412519395351409912e-01,-1.296816349029541016e+00,-4.051548242568969727e-01,-1.604019403457641602e+00
1.780696362257003784e-01,1.142514586448669434e+00,9.447212219238281250e-01,7.054493576288223267e-02,-6.741368770599365234e-02,7.528122663497924805e-01,6.509627699851989746e-01,-9.607670456171035767e-02,2.931960113346576691e-02,-5.113806109875440598e-03,6.527348160743713379e-01,-2.115337550640106201e-01,-3.420805558562278748e-02,-1.276700735092163086e+00,-1.867373287677764893e-01,7.894055917859077454e-03,1.420969486236572266e+00,-6.713669002056121826e-02,5.167631432414054871e-02,-1.349020004272460938e-01,3.133255541324615479e-01,1.087309196591377258e-01,1.578670591115951538e-01,5.557107925415039062e-01,5.956614390015602112e-02,-1.557407259941101074e+00,-4.432519376277923584e-01,-1.288785934448242188e+00,-5.071548223495483398e-01,-1.706019401550292969e+00
1.810824722051620483e-01,1.127307772636413574e+00,9.380179643630981445e-01,5.104725807905197144e-02,-5.964262783527374268e-02,7.568413615226745605e-01,6.488667726516723633e-01,-1.857614666223526001e-01,9.126630611717700958e-03,1.724604517221450806e-03,7.547348141670227051e-01,-1.095337495207786560e-01,-3.719428554177284241e-02,-1.174700736999511719e+00,-1.374277174472808838e-01,2.176949195563793182e-02,1.522969484329223633e+00,1.695432327687740326e-02,6.243238598108291626e-02,-1.070541143417358398e-01,2.950796186923980713e-01,1.256587356328964233e-01,2.402513921260833740e-01,4.914194941520690918e-01,1.050319969654083252e-01,-1.621147871017456055e+00,-5.452519655227661133e-01,-1.267955422401428223e+00,-6.091548204421997070e-01,-1.808019399642944336e+00
1.864098161458969116e-01,1.100349426269531250e+00,9.161518812179565430e-01,4.717576876282691956e-02,-6.148326769471168518e-02,7.543505430221557617e-01,6.518815159797668457e-01,-2.740345299243927002e-01,-1.053929142653942108e-02,3.446203423663973808e-03,8.567348122596740723e-01,-7.533749099820852280e-03,-5.572552606463432312e-02,-1.072700738906860352e+00,-1.199911758303642273e-01,8.588370867073535919e-03,1.523168683052062988e+00,3.643488883972167969e-02,5.164315178990364075e-02,-6.986325234174728394e-02,2.980758547782897949e-01,1.594847440719604492e-01,3.037824332714080811e-01,4.338736534118652344e-01,1.797545701265335083e-01,-1.637859463691711426e+00,-6.472519636154174805e-01,-1.242853641510009766e+00,-7.111548185348510742e-01,-1.847534775733947754e+00
1.938224434852600098e-01,1.078352212905883789e+00,8.984727859497070312e-01,5.660133808851242065e-02,-6.569571793079376221e-02,7.542115449905395508e-01,6.508803963661193848e-01,-3.370277583599090576e-01,-1.641125790774822235e-02,2.207148075103759766e-02,9.587348103523254395e-01,4.021978005766868591e-02,-4.707763344049453735e-02,-9.707007408142089844e-01,-1.087500974535942078e-01,-6.490504019893705845e-04,1.421168684959411621e+00,-2.739525958895683289e-02,2.613852173089981079e-02,-6.455650925636291504e-02,3.116050660610198975e-01,1.710906773805618286e-01,3.445737659931182861e-01,3.630489706993103027e-01,2.580795586109161377e-01,-1.622154712677001953e+00,-7.492519617080688477e-01,-1.163065433502197266e+00,-8.131548166275024414e-01,-1.861862659454345703e+00
2.014578282833099365e-01,1.059148669242858887e+00,8.799023628234863281e-01,5.031196400523185730e-02,-5.825848504900932312e-02,7.534881234169006348e-01,6.529396772384643555e-01,-4.390277564525604248e-01,-4.569608718156814575e-03,3.253657370805740356e-02,1.060734748840332031e+00,-3.990162536501884460e-02,-6.663375534117221832e-03,-8.687007427215576172e-01,-9.748122841119766235e-02,-9.872026741504669189e-03,1.319168686866760254e+00,-1.293952614068984985e-01,-8.195063099265098572e-03,-6.284913420677185059e-02,3.136407434940338135e-01,1.874818056821823120e-01,3.371707201004028320e-01,2.965101301670074463e-01,3.108196556568145752e-01,-1.564094901084899902e+00,-7.701945900917053223e-01,-1.061065435409545898e+00,-9.151548147201538086e-01,-1.832191467285156250e+00
2.084416002035140991e-01,1.040689945220947266e+00,8.628323078155517578e-01,4.705658927559852600e-02,-4.509098082780838013e-02,7.481183409690856934e-01,6.603570580482482910e-01,-5.410277843475341797e-01,3.109201230108737946e-02,4.449518397450447083e-02,1.162734746932983398e+00,-1.419016271829605103e-01,5.505068972706794739e-02,-7.667007446289062500e-01,-7.876074314117431641e-02,-2.280248887836933136e-02,1.217168688774108887e+00,-2.313952594995498657e-01,-3.160794079303741455e-02,-3.550216183066368103e-02,3.139460682868957520e-01,1.958216726779937744e-01,3.174157142639160156e-01,2.398854494094848633e-01,3.195081055164337158e-01,-1.492365717887878418e+00,-6.681945919990539551e-01,-9.590654373168945312e-01,-8.378155827522277832e-01,-1.730191469192504883e+00
2.143885493278503418e-01,1.022125720977783203e+00,8.420643806457519531e-01,3.280755877494812012e-02,-2.789601869881153107e-02,7.388760447502136230e-01,6.724638938903808594e-01,-6.350554227828979492e-01,3.942213952541351318e-02,3.427833691239356995e-02,1.264734745025634766e+00,-2.439016252756118774e-01,9.768588840961456299e-02,-6.647007465362548828e-01,-4.852889850735664368e-02,-1.068557333201169968e-02,1.115168690681457520e+00,-3.333952724933624268e-01,-2.980590052902698517e-02,-1.161076035350561142e-02,3.139918744564056396e-01,1.945995986461639404e-01,2.831034660339355469e-01,2.132661640644073486e-01,3.182915449142456055e-01,-1.475805640220642090e+00,-5.661945939064025879e-01,-8.570654392242431641e-01,-7.358155846595764160e-01,-1.689032077789306641e+00
2.193359881639480591e-01,1.001986861228942871e+00,8.191267251968383789e-01,3.781334683299064636e-02,-2.214133366942405701e-02,7.214081287384033203e-01,6.911224126815795898e-01,-6.826724410057067871e-01,3.950646519660949707e-02,1.156095322221517563e-02,1.366734743118286133e+00,-3.459016382694244385e-01,1.755478233098983765e-01,-5.657891035079956055e-01,-2.988844923675060272e-02,1.170171797275543213e-02,1.139887332916259766e+00,-4.353952705860137939e-01,-4.931376874446868896e-02,5.040316656231880188e-02,3.139937520027160645e-01,1.773987710475921631e-01,2.427874058485031128e-01,2.662591040134429932e-01,2.536246478557586670e-01,-1.479443550109863281e+00,-4.641945660114288330e-01,-7.550654411315917969e-01,-6.338155865669250488e-01,-1.634328246116638184e+00
2.235952764749526978e-01,9.812262654304504395e-01,8.014497756958007812e-01,4.569837078452110291e-02,-1.416789367794990540e-02,7.073642015457153320e-01,7.052282094955444336e-01,-7.293125987052917480e-01,2.080314420163631439e-02,-2.338056825101375580e-02,1.402705192565917969e+00,-4.479016363620758057e-01,2.156154066324234009e-01,-5.994626283645629883e-01,-3.016049973666667938e-02,2.476889640092849731e-02,1.201906800270080566e+00,-5.373952388763427734e-01,-7.011094689369201660e-02,7.692408561706542969e-02,3.139989972114562988e-01,1.550837010145187378e-01,2.141875475645065308e-01,3.174491822719573975e-01,2.306492477655410767e-01,-1.500672698020935059e+00,-3.621945679187774658e-01,-7.134096622467041016e-01,-5.318155884742736816e-01,-1.621687293052673340e+00
2.284351140260696411e-01,9.742788672447204590e-01,8.077522516250610352e-01,4.556197300553321838e-02,-8.972541429102420807e-03,7.007710933685302734e-01,7.118732333183288574e-01,-7.291914820671081543e-01,2.795509295538067818e-03,-5.423809960484504700e-02,1.311746001243591309e+00,-5.416712164878845215e-01,2.124570310115814209e-01,-6.062114834785461426e-01,-2.694910205900669098e-02,3.011090494692325592e-02,1.180559039115905762e+00,-6.001930236816406250e-01,-6.784722954034805298e-02,8.212871849536895752e-02,3.139998614788055420e-01,1.280131191015243530e-01,2.023418247699737549e-01,3.522767722606658936e-01,1.964979469776153564e-01,-1.505299806594848633e+00,-2.601945698261260986e-01,-7.164373993873596191e-01,-4.298155903816223145e-01,-1.519687294960021973e+00
2.246268093585968018e-01,9.989431500434875488e-01,8.377866744995117188e-01,3.495230525732040405e-02,2.795949811115860939e-03,6.998536586761474609e-01,7.134250998497009277e-01,-6.555460095405578613e-01,-1.338842138648033142e-02,-8.256423473358154297e-02,1.209746003150939941e+00,-4.936902821063995361e-01,1.721810549497604370e-01,-5.497967600822448730e-01,-3.127341344952583313e-02,3.424002975225448608e-02,1.078559041023254395e+00,-5.812565088272094727e-01,-3.425816819071769714e-02,6.226791441440582275e-02,3.139999806880950928e-01,1.188674569129943848e-01,1.960356086492538452e-01,3.433566391468048096e-01,2.470336407423019409e-01,-1.486905813217163086e+00,-1.581945717334747314e-01,-7.675615549087524414e-01,-3.278155922889709473e-01,-1.417687296867370605e+00
2.270942032337188721e-01,9.752111434936523438e-01,8.748673200607299805e-01,3.723879531025886536e-02,9.527824819087982178e-03,7.023275494575500488e-01,7.108154296875000000e-01,-5.632878541946411133e-01,-4.943051375448703766e-03,-5.958757549524307251e-02,1.107746005058288574e+00,-4.021502137184143066e-01,1.260946840047836304e-01,-4.534538984298706055e-01,-4.519159719347953796e-02,3.225766867399215698e-02,9.765590429306030273e-01,-4.792565405368804932e-01,5.397783592343330383e-02,3.735162317752838135e-02,3.140000104904174805e-01,1.148416548967361450e-01,2.200273275375366211e-01,3.353288769721984863e-01,2.937990128993988037e-01,-1.509541034698486328e+00,-5.619457364082336426e-02,-8.695615530014038086e-01,-2.300940006971359253e-01,-1.315687298774719238e+00
2.277922630310058594e-01,9.519955515861511230e-01,9.098618030548095703e-01,4.130237177014350891e-02,1.186592318117618561e-02,7.027543783187866211e-01,7.101334929466247559e-01,-4.699705839157104492e-01,1.679743826389312744e-02,-1.825443841516971588e-02,1.005746006965637207e+00,-3.154905438423156738e-01,8.544798940420150757e-02,-3.552460968494415283e-01,-6.726775318384170532e-02,2.018574066460132599e-02,8.745590448379516602e-01,-3.772565424442291260e-01,1.164096593856811523e-01,1.488502789288759232e-02,3.140000104904174805e-01,1.179690733551979065e-01,2.673296034336090088e-01,3.305590152740478516e-01,3.527140915393829346e-01,-1.561614632606506348e+00,4.580542817711830139e-02,-9.715615510940551758e-01,-3.025923073291778564e-01,-1.213687300682067871e+00
2.264661192893981934e-01,9.309496879577636719e-01,9.336104393005371094e-01,3.946805745363235474e-02,1.271203346550464630e-02,7.031556367874145508e-01,7.098258733749389648e-01,-4.060331881046295166e-01,3.553620353341102600e-02,1.236141752451658249e-02,9.037460684776306152e-01,-2.472257167100906372e-01,5.426946282386779785e-02,-3.084864914417266846e-01,-7.113453000783920288e-02,2.828300744295120239e-02,7.725590467453002930e-01,-2.752565443515777588e-01,1.516394764184951782e-01,-1.540723908692598343e-02,3.140000104904174805e-01,1.284379065036773682e-01,3.144494891166687012e-01,3.458326160907745361e-01,3.931585550308227539e-01,-1.599158644676208496e+00,1.478054225444793701e-01,-1.073561549186706543e+00,-3.849439620971679688e-01,-1.111687302589416504e+00
2.237615883350372314e-01,9.113346338272094727e-01,9.444242715835571289e-01,3.350086510181427002e-02,1.820038445293903351e-02,7.057546973228454590e-01,7.074296474456787109e-01,-3.829582929611206055e-01,4.325046017765998840e-02,2.855182811617851257e-02,9.648262262344360352e-01,-1.772396713495254517e-01,3.817624226212501526e-02,-3.118390440940856934e-01,-7.213068753480911255e-02,2.624186873435974121e-02,7.521533370018005371e-01,-1.732565313577651978e-01,1.625327765941619873e-01,-4.969744011759757996e-02,3.139999806880950928e-01,1.291474699974060059e-01,3.415917158126831055e-01,3.671926259994506836e-01,4.207364916801452637e-01,-1.623477339744567871e+00,2.058503180742263794e-01,-1.175561547279357910e+00,-4.859233498573303223e-01,-1.009687304496765137e+00
2.211245894432067871e-01,8.866869211196899414e-01,9.439423084259033203e-01,2.306736260652542114e-02,2.395139075815677643e-02,7.075154185295104980e-01,7.059150934219360352e-01,-4.037175178527832031e-01,3.802762553095817566e-02,3.503381088376045227e-02,1.058393359184265137e+00,-1.307729482650756836e-01,3.999461233615875244e-02,-3.530726432800292969e-01,-6.578675657510757446e-02,3.021867573261260986e-02,8.333425521850585938e-01,-7.125653326511383057e-02,1.598977297544479370e-01,-7.964983582496643066e-02,3.139999806880950928e-01,1.306109577417373657e-01,3.544963002204895020e-01,3.619886040687561035e-01,4.464798271656036377e-01,-1.634497165679931641e+00,1.997099816799163818e-01,-1.277561545372009277e+00,-5.687887072563171387e-01,-9.076872467994689941e-01
2.191357463598251343e-01,8.560796380043029785e-01,9.347820281982421875e-01,1.631052233278751373e-02,2.366571500897407532e-02,7.062596082687377930e-01,7.073692679405212402e-01,-4.222827553749084473e-01,2.462196350097656250e-02,3.690851107239723206e-02,1.121472239494323730e+00,-1.272845864295959473e-01,5.571962520480155945e-02,-3.957316875457763672e-01,-5.665614083409309387e-02,3.518223762512207031e-02,9.134641885757446289e-01,-1.035768818110227585e-02,1.460955291986465454e-01,-1.000663414597511292e-01,3.139997124671936035e-01,1.245068833231925964e-01,3.531213402748107910e-01,3.531649410724639893e-01,4.681454598903656006e-01,-1.628079771995544434e+00,1.813345104455947876e-01,-1.379561543464660645e+00,-6.352620124816894531e-01,-8.056872487068176270e-01
2.186682373285293579e-01,8.422937989234924316e-01,9.180777072906494141e-01,1.428611925803124905e-03,2.855947241187095642e-02,7.056825160980224609e-01,7.079508900642395020e-01,-4.736077785491943359e-01,7.456624414771795273e-03,2.883432619273662567e-02,1.158107876777648926e+00,-1.610197126865386963e-01,8.101169019937515259e-02,-4.507965743541717529e-01,-3.417205065488815308e-02,4.726157709956169128e-02,9.379984736442565918e-01,-4.923406615853309631e-02,1.235052719712257385e-01,-9.806029498577117920e-02,3.139998316764831543e-01,1.316151320934295654e-01,3.409592807292938232e-01,3.329767286777496338e-01,4.779412746429443359e-01,-1.612799406051635742e+00,1.927564889192581177e-01,-1.442403674125671387e+00,-6.464117765426635742e-01,-7.388090491294860840e-01
2.196571826934814453e-01,8.263556361198425293e-01,8.948639631271362305e-01,-4.879963584244251251e-03,3.247372061014175415e-02,7.074984312057495117e-01,7.059515714645385742e-01,-5.456102490425109863e-01,-1.611710153520107269e-02,1.750611141324043274e-02,1.189153075218200684e+00,-2.316822111606597900e-01,1.169168502092361450e-01,-5.103181004524230957e-01,-7.588999811559915543e-03,5.987608805298805237e-02,9.476607441902160645e-01,-1.493000388145446777e-01,8.254436403512954712e-02,-8.352754265069961548e-02,3.139999806880950928e-01,1.324786841869354248e-01,2.963649630546569824e-01,3.619405031204223633e-01,4.456395506858825684e-01,-1.561152577400207520e+00,2.190139889717102051e-01,-1.340403676033020020e+00,-6.090583205223083496e-01,-8.408090472221374512e-01
2.207368612289428711e-01,8.102544546127319336e-01,8.671410083770751953e-01,-1.130140107125043869e-02,3.153700008988380432e-02,7.041307091712951660e-01,7.092796564102172852e-01,-6.229960918426513672e-01,-4.820166900753974915e-02,5.153118167072534561e-03,1.178694963455200195e+00,-3.238863646984100342e-01,1.569013893604278564e-01,-5.873636603355407715e-01,1.369334477931261063e-02,5.658305808901786804e-02,9.788103699684143066e-01,-2.503064572811126709e-01,4.115680977702140808e-02,-5.230261385440826416e-02,3.140000104904174805e-01,1.324530094861984253e-01,2.595537900924682617e-01,3.769910037517547607e-01,4.004503488540649414e-01,-1.515635013580322266e+00,2.466000914573669434e-01,-1.238403677940368652e+00,-5.070583224296569824e-01,-9.428090453147888184e-01
2.210613787174224854e-01,7.982340455055236816e-01,8.375095129013061523e-01,-1.847111433744430542e-02,3.178057074546813965e-02,6.957677006721496582e-01,7.173256278038024902e-01,-6.856760382652282715e-01,-6.861224025487899780e-02,-4.526011180132627487e-03,1.154388427734375000e+00,-4.258863627910614014e-01,2.021384090185165405e-01,-6.519829034805297852e-01,2.113087847828865051e-02,3.175201267004013062e-02,1.027055859565734863e+00,-3.523064851760864258e-01,-6.968492176383733749e-03,-8.832083083689212799e-03,3.140000104904174805e-01,1.390973925590515137e-01,2.160331755876541138e-01,3.709283471107482910e-01,3.402360975742340088e-01,-1.490655064582824707e+00,2.246123701333999634e-01,-1.136403679847717285e+00,-4.050583243370056152e-01,-1.044809103012084961e+00
2.200915068387985229e-01,7.925477623939514160e-01,8.110659122467041016e-01,-1.996983215212821960e-02,2.577656321227550507e-02,6.889278888702392578e-01,7.240960597991943359e-01,-7.420873045921325684e-01,-7.182183116674423218e-02,-2.454237313941121101e-03,1.178984761238098145e+00,-5.278863310813903809e-01,2.455876916646957397e-01,-7.027686834335327148e-01,1.706693693995475769e-02,-4.012032877653837204e-04,1.097305417060852051e+00,-4.543064832687377930e-01,-4.987611994147300720e-02,2.603268623352050781e-02,3.140000104904174805e-01,1.415034979581832886e-01,1.621731966733932495e-01,3.869976401329040527e-01,2.539775371551513672e-01,-1.510635256767272949e+00,1.443842053413391113e-01,-1.034403681755065918e+00,-3.030582964420318604e-01,-1.146809101104736328e+00
2.210509330034255981e-01,7.760106921195983887e-01,8.065015077590942383e-01,-1.028353534638881683e-02,1.510170102119445801e-02,6.861894130706787109e-01,7.271934151649475098e-01,-7.395263314247131348e-01,-7.989248633384704590e-02,-1.374275516718626022e-02,1.167157888412475586e+00,-6.269630789756774902e-01,2.595381438732147217e-01,-7.054670453071594238e-01,1.994583941996097565e-02,-6.036577746272087097e-03,1.108799219131469727e+00,-5.375261306762695312e-01,-6.434534490108489990e-02,5.302518233656883240e-02,3.140000104904174805e-01,1.337162852287292480e-01,1.014745235443115234e-01,4.392576515674591064e-01,1.519775390625000000e-01,-1.549183726310729980e+00,4.238420724868774414e-02,-9.324037432670593262e-01,-2.010583132505416870e-01,-1.248809099197387695e+00
2.266963720321655273e-01,7.882592678070068359e-01,8.340033292770385742e-01,-5.511347670108079910e-03,1.424992363899946213e-02,6.867586970329284668e-01,7.267248630523681641e-01,-6.535857915878295898e-01,-7.968907803297042847e-02,-9.470039047300815582e-03,1.065157890319824219e+00,-5.895813107490539551e-01,2.564168870449066162e-01,-6.315748095512390137e-01,1.697499491274356842e-02,-1.021355111151933670e-02,1.006799221038818359e+00,-5.044245123863220215e-01,-3.246415778994560242e-02,4.021261632442474365e-02,3.139993548393249512e-01,1.275401115417480469e-01,6.107918545603752136e-02,4.723558723926544189e-01,1.367200165987014771e-01,-1.559375524520874023e+00,-5.961579456925392151e-02,-8.580770492553710938e-01,-9.905830770730972290e-02,-1.350809097290039062e+00
2.269079536199569702e-01,7.931560277938842773e-01,8.719112873077392578e-01,9.720237721921876073e-05,1.935726404190063477e-02,6.917968988418579102e-01,7.218326330184936523e-01,-5.515857934951782227e-01,-8.137065172195434570e-02,4.200382623821496964e-03,9.631579518318176270e-01,-4.875813424587249756e-01,1.544168889522552490e-01,-5.295748114585876465e-01,1.998844789341092110e-03,-2.147420123219490051e-02,9.047992825508117676e-01,-4.024244844913482666e-01,6.953584402799606323e-02,2.611544914543628693e-02,2.965129017829895020e-01,1.300736665725708008e-01,4.229385405778884888e-02,5.210623145103454590e-01,1.567756384611129761e-01,-1.615134239196777344e+00,-1.616157889366149902e-01,-9.170574545860290527e-01,-1.481818705797195435e-01,-1.452809095382690430e+00
2.282248139381408691e-01,7.968534231185913086e-01,9.106699228286743164e-01,2.658818848431110382e-03,2.410561405122280121e-02,6.928255558013916016e-01,7.206973433494567871e-01,-4.606838524341583252e-01,-6.711161136627197266e-02,4.250935465097427368e-02,8.611579537391662598e-01,-3.855813443660736084e-01,5.241689085960388184e-02,-4.527076780796051025e-01,-2.096824534237384796e-02,-3.413505479693412781e-02,8.027992844581604004e-01,-3.004244863986968994e-01,1.600606888532638550e-01,1.980132609605789185e-02,2.662285864353179932e-01,1.380399912595748901e-01,5.576117709279060364e-02,5.655894875526428223e-01,1.806068122386932373e-01,-1.665614724159240723e+00,-2.636157870292663574e-01,-1.019057512283325195e+00,-2.501818835735321045e-01,-1.554809093475341797e+00
2.295664101839065552e-01,8.003922104835510254e-01,9.429584741592407227e-01,1.114239799790084362e-03,2.540403977036476135e-02,6.945877075195312500e-01,7.189584970474243164e-01,-4.398254752159118652e-01,-4.745836555957794189e-02,7.120081782341003418e-02,7.675772309303283691e-01,-2.835813462734222412e-01,-3.735037147998809814e-02,-4.408119916915893555e-01,-5.003449320793151855e-02,-4.825949296355247498e-02,7.007992267608642578e-01,-1.984245032072067261e-01,2.058582901954650879e-01,1.985717378556728363e-02,2.759006023406982422e-01,1.360561847686767578e-01,1.076521351933479309e-01,5.919905900955200195e-01,1.760143339633941650e-01,-1.703957557678222656e+00,-3.656157851219177246e-01,-1.121057510375976562e+00,-3.521818816661834717e-01,-1.656809091567993164e+00
2.304155528545379639e-01,7.863640189170837402e-01,9.631741046905517578e-01,-1.864872407168149948e-03,2.283043041825294495e-02,6.995362043380737305e-01,7.142299413681030273e-01,-4.669027626514434814e-01,-3.239441290497779846e-02,6.491800397634506226e-02,8.695772290229797363e-01,-1.815813332796096802e-01,-8.636496216058731079e-02,-4.885837435722351074e-01,-7.920341193675994873e-02,-7.300868630409240723e-02,8.027992844581604004e-01,-9.642449766397476196e-02,1.944001913070678711e-01,2.479395270347595215e-02,3.036974072456359863e-01,1.425675749778747559e-01,1.807146072387695312e-01,5.738028883934020996e-01,1.576424241065979004e-01,-1.736377477645874023e+00,-4.676157832145690918e-01,-1.223057508468627930e+00,-4.541818797588348389e-01,-1.729471445083618164e+00
2.283049076795578003e-01,7.769355773925781250e-01,9.654064178466796875e-01,9.552003815770149231e-03,1.067623402923345566e-02,7.037269473075866699e-01,7.103261351585388184e-01,-5.144544839859008789e-01,-5.345516279339790344e-02,2.929712645709514618e-02,9.715772867202758789e-01,-7.958134263753890991e-02,-1.157151088118553162e-01,-5.495555996894836426e-01,-1.114650890231132507e-01,-4.784533381462097168e-02,9.047992825508117676e-01,5.575503222644329071e-03,1.613200157880783081e-01,1.721290126442909241e-02,3.114970922470092773e-01,1.222904697060585022e-01,2.549252212047576904e-01,5.798889994621276855e-01,1.331879347562789917e-01,-1.798118472099304199e+00,-5.696157813072204590e-01,-1.325057506561279297e+00,-5.561818480491638184e-01,-1.648630023002624512e+00
2.247256636619567871e-01,7.674784660339355469e-01,9.616444110870361328e-01,1.767524518072605133e-02,9.705354459583759308e-03,7.042337059974670410e-01,7.096818089485168457e-01,-5.776594877243041992e-01,-8.465004712343215942e-02,-6.898452993482351303e-03,1.073577284812927246e+00,2.241866104304790497e-02,-1.244441717863082886e-01,-6.180204749107360840e-01,-1.163217946887016296e-01,1.848913356661796570e-02,1.006799221038818359e+00,7.898216694593429565e-02,1.195861399173736572e-01,7.109084632247686386e-03,3.126418590545654297e-01,1.093991920351982117e-01,2.817499637603759766e-01,5.391861796379089355e-01,1.606412231922149658e-01,-1.815421342849731445e+00,-6.716157793998718262e-01,-1.427057504653930664e+00,-6.581818461418151855e-01,-1.546630024909973145e+00
2.219635546207427979e-01,7.576091885566711426e-01,9.499719142913818359e-01,2.080756239593029022e-02,1.769440807402133942e-02,7.017954587936401367e-01,7.118546962738037109e-01,-6.183795332908630371e-01,-1.145161390304565430e-01,-4.422455281019210815e-02,1.175577282905578613e+00,1.273871399462223053e-02,-1.205296590924263000e-01,-6.507248282432556152e-01,-1.041655391454696655e-01,6.993018835783004761e-02,1.108799219131469727e+00,4.075799882411956787e-02,9.057693183422088623e-02,1.119269710034132004e-02,3.137962818145751953e-01,8.538466691970825195e-02,2.983821332454681396e-01,5.091820359230041504e-01,2.085559666156768799e-01,-1.812125921249389648e+00,-7.485969662666320801e-01,-1.529057502746582031e+00,-7.601819038391113281e-01,-1.455207824707031250e+00
2.192248255014419556e-01,7.422182559967041016e-01,9.304658174514770508e-01,2.552296593785285950e-02,1.520112901926040649e-02,7.021291851997375488e-01,7.114296555519104004e-01,-6.722846627235412598e-01,-1.184469833970069885e-01,-6.644676625728607178e-02,1.277577280998229980e+00,-8.467325568199157715e-02,-8.476735651493072510e-02,-6.995841264724731445e-01,-9.002751857042312622e-02,9.642166644334793091e-02,1.210799217224121094e+00,-2.364662103354930878e-02,8.284959197044372559e-02,7.953965105116367340e-03,3.139694333076477051e-01,6.424964964389801025e-02,3.073245584964752197e-01,4.750970900058746338e-01,2.641708254814147949e-01,-1.786165714263916016e+00,-7.397080659866333008e-01,-1.631057500839233398e+00,-8.621819019317626953e-01,-1.353207826614379883e+00
2.159169912338256836e-01,7.456111907958984375e-01,9.104410409927368164e-01,2.714102715253829956e-02,2.304803207516670227e-02,7.009139060974121094e-01,7.123565673828125000e-01,-7.268689870834350586e-01,-1.215859949588775635e-01,-8.737859129905700684e-02,1.379577279090881348e+00,-1.626746207475662231e-01,-4.167983308434486389e-02,-7.458749413490295410e-01,-8.259067684412002563e-02,8.408001065254211426e-02,1.312799215316772461e+00,-9.997268766164779663e-02,7.215417921543121338e-02,4.949388094246387482e-03,3.139954209327697754e-01,5.066251382231712341e-02,3.123251497745513916e-01,4.557234048843383789e-01,3.153602182865142822e-01,-1.756045222282409668e+00,-7.124046683311462402e-01,-1.712079286575317383e+00,-9.641819000244140625e-01,-1.251207828521728516e+00
2.145522236824035645e-01,7.484523057937622070e-01,8.954983949661254883e-01,2.534064836800098419e-02,2.815368771553039551e-02,6.990460157394409180e-01,7.140727639198303223e-01,-7.410019636154174805e-01,-1.127023622393608093e-01,-1.081787943840026855e-01,1.404257893562316895e+00,-2.347911596298217773e-01,2.631453797221183777e-02,-7.598947286605834961e-01,-6.251332163810729980e-02,4.939573258161544800e-02,1.414799213409423828e+00,-1.879267394542694092e-01,5.157448351383209229e-02,-1.319980341941118240e-02,3.139993250370025635e-01,3.782193362712860107e-02,3.196160495281219482e-01,4.164320528507232666e-01,3.798941671848297119e-01,-1.697909593582153320e+00,-6.399792432785034180e-01,-1.610079288482666016e+00,-1.066181898117065430e+00,-1.149207830429077148e+00
2.137133479118347168e-01,7.507106065750122070e-01,8.812969923019409180e-01,2.104054391384124756e-02,2.851462736725807190e-02,6.938244700431823730e-01,7.192717194557189941e-01,-6.764817833900451660e-01,-1.145428493618965149e-01,-1.221755445003509521e-01,1.302257895469665527e+00,-2.839549481868743896e-01,8.731926232576370239e-02,-6.876463890075683594e-01,-1.818634383380413055e-02,2.637177705764770508e-02,1.312799215316772461e+00,-2.741435766220092773e-01,3.166545927524566650e-02,-1.936053112149238586e-02,3.139998912811279297e-01,3.178917244076728821e-02,3.146574795246124268e-01,3.793651759624481201e-01,3.972704410552978516e-01,-1.626371502876281738e+00,-5.379792451858520508e-01,-1.508079290390014648e+00,-1.025092959403991699e+00,-1.197961926460266113e+00
2.125516533851623535e-01,7.473109364509582520e-01,8.595682382583618164e-01,2.372536063194274902e-02,2.010970748960971832e-02,6.945955157279968262e-01,7.187278866767883301e-01,-5.921576619148254395e-01,-1.343397200107574463e-01,-1.386165767908096313e-01,1.200257897377014160e+00,-3.793516159057617188e-01,1.282245218753814697e-01,-5.980733036994934082e-01,1.668399199843406677e-02,8.811436593532562256e-03,1.210799217224121094e+00,-3.761435747146606445e-01,7.501239888370037079e-03,-1.803178898990154266e-02,3.139999806880950928e-01,2.848585136234760284e-02,2.549279630184173584e-01,3.720603585243225098e-01,3.356264531612396240e-01,-1.524371504783630371e+00,-4.359792768955230713e-01,-1.406079292297363281e+00,-9.230929613113403320e-01,-1.299961924552917480e+00
2.116199284791946411e-01,7.423151135444641113e-01,8.290100097656250000e-01,2.988035418093204498e-02,7.319346070289611816e-03,6.890499591827392578e-01,7.240605950355529785e-01,-5.701678991317749023e-01,-1.324838101863861084e-01,-1.154676601290702820e-01,1.098257899284362793e+00,-4.813516139984130859e-01,1.795654296875000000e-01,-5.640810132026672363e-01,2.225607074797153473e-02,-1.846679486334323883e-02,1.108799219131469727e+00,-4.781435728073120117e-01,-3.505547717213630676e-02,1.314795203506946564e-02,3.139996528625488281e-01,3.192637860774993896e-02,1.867037713527679443e-01,3.902964293956756592e-01,2.588824331760406494e-01,-1.455692172050476074e+00,-3.339792490005493164e-01,-1.304079294204711914e+00,-8.210929632186889648e-01,-1.401961922645568848e+00
2.117208391427993774e-01,7.307963371276855469e-01,8.065479993820190430e-01,4.300156235694885254e-02,-1.704058260656893253e-03,6.792674064636230469e-01,7.326279878616333008e-01,-5.762668848037719727e-01,-1.266888380050659180e-01,-9.134618937969207764e-02,1.103241682052612305e+00,-5.833516120910644531e-01,2.188968956470489502e-01,-5.678638219833374023e-01,1.806473918259143829e-02,-4.358445480465888977e-02,1.120776414871215820e+00,-5.801435708999633789e-01,-9.345471113920211792e-02,3.826383128762245178e-02,3.139995038509368896e-01,3.607552126049995422e-02,1.260157972574234009e-01,4.439617693424224854e-01,2.001938521862030029e-01,-1.450907111167907715e+00,-2.319792658090591431e-01,-1.202079296112060547e+00,-7.190929651260375977e-01,-1.503961920738220215e+00
2.201543599367141724e-01,7.315247654914855957e-01,8.147703409194946289e-01,4.989408701658248901e-02,-7.431276608258485794e-03,6.698535680770874023e-01,7.407776713371276855e-01,-5.383982062339782715e-01,-1.120529174804687500e-01,-7.881817221641540527e-02,1.065286040306091309e+00,-5.652907490730285645e-01,2.154978513717651367e-01,-5.347175598144531250e-01,2.484664507210254669e-02,-4.879458993673324585e-02,1.079397559165954590e+00,-6.140987277030944824e-01,-9.633219987154006958e-02,6.381543725728988647e-02,3.139992952346801758e-01,7.466721534729003906e-02,1.113827079534530640e-01,4.365189671516418457e-01,1.895351707935333252e-01,-1.466931343078613281e+00,-1.696730554103851318e-01,-1.100079298019409180e+00,-6.170929670333862305e-01,-1.605961918830871582e+00
2.239915430545806885e-01,7.249852418899536133e-01,8.413096666336059570e-01,4.631263017654418945e-02,-6.399129051715135574e-03,6.534094810485839844e-01,7.555595040321350098e-01,-5.074288249015808105e-01,-9.884697943925857544e-02,-6.199238449335098267e-02,9.815948605537414551e-01,-4.632907211780548096e-01,1.406290084123611450e-01,-4.841827750205993652e-01,4.151269420981407166e-02,-3.515666350722312927e-02,9.773975610733032227e-01,-5.120987296104431152e-01,-3.137866407632827759e-02,9.767992049455642700e-02,3.139998912811279297e-01,1.341348886489868164e-01,1.362811774015426636e-01,4.058908224105834961e-01,2.312946915626525879e-01,-1.515856385231018066e+00,-1.604693830013275146e-01,-9.980793595314025879e-01,-5.150929689407348633e-01,-1.651250958442687988e+00
2.260794788599014282e-01,7.134994268417358398e-01,8.725490570068359375e-01,3.435771912336349487e-02,1.182994339615106583e-02,6.311690211296081543e-01,7.747936844825744629e-01,-5.851562023162841797e-01,-1.055343672633171082e-01,-3.999153152108192444e-02,9.572598338127136230e-01,-3.612907230854034424e-01,6.167161464691162109e-02,-4.322137236595153809e-01,3.398327529430389404e-02,-1.618011854588985443e-02,8.753975033760070801e-01,-4.100987315177917480e-01,7.062133401632308960e-02,1.446501016616821289e-01,3.139999806880950928e-01,1.900335848331451416e-01,1.781879961490631104e-01,3.950328528881072998e-01,2.639441788196563721e-01,-1.571892023086547852e+00,-1.622380316257476807e-01,-9.439651966094970703e-01,-4.130929410457611084e-01,-1.599869012832641602e+00
2.251592576503753662e-01,6.960021853446960449e-01,8.991672992706298828e-01,2.274639904499053955e-02,3.427599743008613586e-02,6.092932224273681641e-01,7.918772101402282715e-01,-6.871562004089355469e-01,-8.167883753776550293e-02,5.117067601531744003e-03,1.012891650199890137e+00,-2.592907249927520752e-01,1.180114317685365677e-02,-4.547355771064758301e-01,6.941223051398992538e-03,-1.136387418955564499e-02,7.733975052833557129e-01,-3.080987334251403809e-01,1.228210851550102234e-01,2.044069916009902954e-01,3.140000104904174805e-01,2.405190169811248779e-01,2.026947736740112305e-01,3.803981244564056396e-01,3.212237358093261719e-01,-1.622805356979370117e+00,-1.622575968503952026e-01,-1.045965194702148438e+00,-5.150929689407348633e-01,-1.514395713806152344e+00
2.215252518653869629e-01,6.782044172286987305e-01,9.155061244964599609e-01,3.406269848346710205e-02,5.635705962777137756e-02,5.952627658843994141e-01,8.008282184600830078e-01,-7.891561985015869141e-01,-4.186250641942024231e-02,6.073616072535514832e-02,1.066174387931823730e+00,-1.580462157726287842e-01,-1.442720275372266769e-02,-4.857624769210815430e-01,-4.301217943429946899e-02,-2.725182659924030304e-02,6.713975071907043457e-01,-2.060987353324890137e-01,1.366499215364456177e-01,2.411587536334991455e-01,3.140000104904174805e-01,2.368454635143280029e-01,2.295612096786499023e-01,3.861102759838104248e-01,3.542590439319610596e-01,-1.650249481201171875e+00,-1.458459347486495972e-01,-1.147965192794799805e+00,-6.170929670333862305e-01,-1.412395715713500977e+00
2.186833322048187256e-01,6.688236594200134277e-01,9.176273345947265625e-01,5.533753335475921631e-02,7.595176994800567627e-02,5.961514115333557129e-01,7.973534464836120605e-01,-8.911561965942382812e-01,-7.730439770966768265e-03,8.469220250844955444e-02,1.128623485565185547e+00,-1.640405952930450439e-01,-2.954436279833316803e-02,-5.186758637428283691e-01,-9.742230176925659180e-02,-8.156575262546539307e-02,5.706390142440795898e-01,-1.040987372398376465e-01,1.192174628376960754e-01,2.495055347681045532e-01,3.140000104904174805e-01,2.279814034700393677e-01,2.566320300102233887e-01,3.511371910572052002e-01,3.717719316482543945e-01,-1.672049999237060547e+00,-1.049583926796913147e-01,-1.249965190887451172e+00,-7.190929651260375977e-01,-1.310395717620849609e+00
2.174641937017440796e-01,6.720911860466003418e-01,9.036080837249755859e-01,9.326472878456115723e-02,8.775415271520614624e-02,6.150085926055908203e-01,7.780522704124450684e-01,-9.931561946868896484e-01,3.668109420686960220e-03,8.898529410362243652e-02,1.230623483657836914e+00,-2.194384783506393433e-01,-2.670020796358585358e-02,-5.150417685508728027e-01,-1.506600081920623779e-01,-1.684484332799911499e-01,5.695933103561401367e-01,-2.189859189093112946e-02,1.350137442350387573e-01,2.413518875837326050e-01,3.140000104904174805e-01,2.123501896858215332e-01,2.955436408519744873e-01,3.335066139698028564e-01,3.717726171016693115e-01,-1.714259028434753418e+00,-1.996442489326000214e-02,-1.254586577415466309e+00,-7.382197976112365723e-01,-1.208395719528198242e+00
2.175011485815048218e-01,6.822323799133300781e-01,8.803247213363647461e-01,9.117145836353302002e-02,6.634230911731719971e-02,6.445018649101257324e-01,7.562431693077087402e-01,-1.095156192779541016e+00,-7.769814692437648773e-03,5.066012218594551086e-02,1.235341310501098633e+00,-2.694914638996124268e-01,-4.673684015870094299e-02,-4.925858378410339355e-01,-1.799055933952331543e-01,-2.704484164714813232e-01,6.052447557449340820e-01,-4.693819582462310791e-02,1.769114434719085693e-01,2.204206585884094238e-01,3.140000104904174805e-01,2.324927747249603271e-01,3.444154858589172363e-01,3.127686977386474609e-01,3.430418074131011963e-01,-1.816259026527404785e+00,8.053057640790939331e-02,-1.152586579322814941e+00,-6.637765169143676758e-01,-1.106395721435546875e+00
2.198411673307418823e-01,6.988731622695922852e-01,8.568824529647827148e-01,1.284699887037277222e-01,-1.761934906244277954e-02,6.615523099899291992e-01,7.386024594306945801e-01,-1.197156190872192383e+00,-6.005750503391027451e-03,8.905962109565734863e-02,1.267642259597778320e+00,-3.096242249011993408e-01,-5.722544342279434204e-02,-3.905858397483825684e-01,-1.848845183849334717e-01,-3.399532437324523926e-01,6.886006593704223633e-01,-1.366756260395050049e-01,1.383037865161895752e-01,2.522756755352020264e-01,3.140000104904174805e-01,2.849619388580322266e-01,4.263077378273010254e-01,4.147686958312988281e-01,2.410418093204498291e-01,-1.918259024620056152e+00,1.825305819511413574e-01,-1.050586581230163574e+00,-5.617765188217163086e-01,-1.067772507667541504e+00
2.204776406288146973e-01,7.105101943016052246e-01,8.327600955963134766e-01,1.520525515079498291e-01,-7.540959119796752930e-02,6.446915268898010254e-01,7.453631758689880371e-01,-1.299156188964843750e+00,-5.136278644204139709e-02,5.819547921419143677e-02,1.165642261505126953e+00,-3.038856983184814453e-01,-5.392958596348762512e-02,-2.962130010128021240e-01,-1.666872799396514893e-01,-3.698445856571197510e-01,7.763805389404296875e-01,-2.142639309167861938e-01,9.758768975734710693e-02,3.318865001201629639e-01,3.140000104904174805e-01,3.494024872779846191e-01,4.128372967243194580e-01,4.086635708808898926e-01,2.496253103017807007e-01,-2.020259141921997070e+00,2.845305800437927246e-01,-9.485865831375122070e-01,-4.597765207290649414e-01,-1.169772505760192871e+00
2.193366438150405884e-01,7.183217406272888184e-01,8.203071355819702148e-01,1.449874937534332275e-01,-1.005760282278060913e-01,6.277951598167419434e-01,7.581136822700500488e-01,-1.401156187057495117e+00,-8.858042210340499878e-02,4.536806792020797729e-02,1.133080363273620605e+00,-2.674833834171295166e-01,-4.485225304961204529e-02,-2.842453122138977051e-01,-1.347395777702331543e-01,-3.406956195831298828e-01,8.458337783813476562e-01,-2.438949346542358398e-01,7.632520049810409546e-02,3.941462934017181396e-01,3.140000104904174805e-01,4.088546633720397949e-01,3.864442110061645508e-01,3.452320694923400879e-01,2.740007340908050537e-01,-2.122259140014648438e+00,3.110783994197845459e-01,-8.465865850448608398e-01,-3.577764928340911865e-01,-1.271772503852844238e+00
2.172272205352783203e-01,7.204055190086364746e-01,8.126235008239746094e-01,1.533681005239486694e-01,-1.101523935794830322e-01,6.077792048454284668e-01,7.713294625282287598e-01,-1.503156185150146484e+00,-1.134544536471366882e-01,1.108588930219411850e-02,1.097847342491149902e+00,-2.383515387773513794e-01,-4.420055076479911804e-02,-2.977861464023590088e-01,-1.252977699041366577e-01,-3.084661662578582764e-01,9.004375934600830078e-01,-2.653714120388031006e-01,6.741041690111160278e-02,4.781410396099090576e-01,3.140000104904174805e-01,4.420875906944274902e-01,3.480121791362762451e-01,3.337748050689697266e-01,3.204628527164459229e-01,-2.224259138107299805e+00,2.585960328578948975e-01,-7.854980826377868652e-01,-2.557764947414398193e-01,-1.373772501945495605e+00
2.162941396236419678e-01,7.188456058502197266e-01,8.115122318267822266e-01,1.474871784448623657e-01,-8.918298035860061646e-02,6.221610307693481445e-01,7.636815905570983887e-01,-1.605156183242797852e+00,-1.043271943926811218e-01,-1.141889672726392746e-02,1.151942372322082520e+00,-2.486922889947891235e-01,-2.002438530325889587e-02,-3.377293348312377930e-01,-1.276338696479797363e-01,-2.839275598526000977e-01,9.202002882957458496e-01,-2.873319387435913086e-01,3.670521825551986694e-02,5.092074871063232422e-01,3.140000104904174805e-01,4.312217831611633301e-01,2.966651916503906250e-01,3.372774124145507812e-01,3.549808263778686523e-01,-2.326259136199951172e+00,2.156388163566589355e-01,-8.415099382400512695e-01,-1.537765115499496460e-01,-1.475772500038146973e+00
2.167331725358963013e-01,7.206693887710571289e-01,8.110843896865844727e-01,1.298324763774871826e-01,-6.956743448972702026e-02,6.093371510505676270e-01,7.791098356246948242e-01,-1.707156181335449219e+00,-9.876985847949981689e-02,6.125216931104660034e-02,1.253942370414733887e+00,-1.964545100927352905e-01,-3.016076609492301941e-02,-3.939577341079711914e-01,-1.135350093245506287e-01,-2.516854703426361084e-01,9.322558045387268066e-01,-2.784192860126495361e-01,9.712343104183673859e-03,5.132243037223815918e-01,3.140000104904174805e-01,3.905282616615295410e-01,3.416322171688079834e-01,3.593317866325378418e-01,3.268671035766601562e-01,-2.331190824508666992e+00,1.754085719585418701e-01,-8.639477491378784180e-01,-5.177650600671768188e-02,-1.520112037658691406e+00
2.185496389865875244e-01,7.102970480918884277e-01,8.145922422409057617e-01,1.201006695628166199e-01,-1.934685371816158295e-02,6.163199543952941895e-01,7.780432105064392090e-01,-1.809156179428100586e+00,-6.084847822785377502e-02,5.995155870914459229e-02,1.355942368507385254e+00,-1.785074323415756226e-01,-3.379034809768199921e-03,-4.785405099391937256e-01,-1.232791393995285034e-01,-1.998592764139175415e-01,9.194139242172241211e-01,-3.523339331150054932e-01,-6.525347381830215454e-02,4.994494318962097168e-01,3.140000104904174805e-01,3.042743206024169922e-01,3.675876855850219727e-01,4.282902181148529053e-01,2.969851493835449219e-01,-2.243358850479125977e+00,1.102258414030075073e-01,-9.659477472305297852e-01,7.978495210409164429e-03,-1.495740056037902832e+00
2.215923517942428589e-01,6.941955089569091797e-01,8.193432092666625977e-01,7.914941757917404175e-02,6.298265606164932251e-02,6.258162260055541992e-01,7.733838558197021484e-01,-1.754020452499389648e+00,2.569321077316999435e-03,3.924991935491561890e-02,1.457942366600036621e+00,-1.458883881568908691e-01,-7.189764641225337982e-03,-5.805404782295227051e-01,-1.274496465921401978e-01,-1.855533272027969360e-01,8.471864461898803711e-01,-3.666054308414459229e-01,-8.887226134538650513e-02,4.171008467674255371e-01,3.140000104904174805e-01,2.022743225097656250e-01,3.164041340351104736e-01,4.363550543785095215e-01,3.449084460735321045e-01,-2.141358852386474609e+00,8.225843310356140137e-03,-1.067947745323181152e+00,-2.588328346610069275e-02,-1.513812303543090820e+00
2.184403687715530396e-01,6.773954629898071289e-01,8.290029764175415039e-01,5.064211785793304443e-02,1.098663210868835449e-01,6.104781031608581543e-01,7.827395796775817871e-01,-1.652020454406738281e+00,3.507800027728080750e-02,2.804326079785823822e-02,1.478059172630310059e+00,-7.634741067886352539e-02,-3.665154427289962769e-02,-6.402513980865478516e-01,-1.284667551517486572e-01,-1.945082694292068481e-01,7.451864480972290039e-01,-2.646054327487945557e-01,-3.964965417981147766e-02,3.565052449703216553e-01,3.140000104904174805e-01,1.002743169665336609e-01,2.593217790126800537e-01,4.370669424533843994e-01,3.524457812309265137e-01,-2.039358854293823242e+00,-9.377415478229522705e-02,-1.169947743415832520e+00,-9.834219515323638916e-02,-1.492629528045654297e+00
2.108160406351089478e-01,6.682567000389099121e-01,8.424905538558959961e-01,3.167757019400596619e-02,1.117013543844223022e-01,5.964897871017456055e-01,7.941783666610717773e-01,-1.550020456314086914e+00,5.914112925529479980e-02,2.719793096184730530e-02,1.404334425926208496e+00,-2.443287335336208344e-02,-5.356862396001815796e-02,-5.900906324386596680e-01,-1.189629882574081421e-01,-2.036375850439071655e-01,6.431864500045776367e-01,-1.626054197549819946e-01,2.684271521866321564e-02,3.419106602668762207e-01,3.140000104904174805e-01,7.596230506896972656e-02,2.412700355052947998e-01,4.475744962692260742e-01,3.114273250102996826e-01,-1.937358856201171875e+00,-1.957741528749465942e-01,-1.271947741508483887e+00,-1.842695325613021851e-01,-1.466262221336364746e+00
1.999665945768356323e-01,6.662292480468750000e-01,8.547866344451904297e-01,1.085511129349470139e-02,9.582912176847457886e-02,5.892934203147888184e-01,8.021422624588012695e-01,-1.448020458221435547e+00,7.509718090295791626e-02,2.265758253633975983e-02,1.325004220008850098e+00,-4.514766042120754719e-04,-6.291253864765167236e-02,-5.234165191650390625e-01,-1.069172099232673645e-01,-2.092422544956207275e-01,5.411864519119262695e-01,-6.060542538762092590e-02,7.043556869029998779e-02,3.465671539306640625e-01,3.140000104904174805e-01,1.132386922836303711e-01,2.440454810857772827e-01,3.880747556686401367e-01,2.568633258342742920e-01,-1.835358858108520508e+00,-2.977741658687591553e-01,-1.332842826843261719e+00,-2.862695455551147461e-01,-1.485099673271179199e+00
1.864687800407409668e-01,6.687195301055908203e-01,8.608863353729248047e-01,2.710552886128425598e-03,6.649789214134216309e-02,5.829860568046569824e-01,8.097517490386962891e-01,-1.346020460128784180e+00,8.586055785417556763e-02,1.992673985660076141e-02,1.223004221916198730e+00,-2.383164316415786743e-02,-4.849538207054138184e-02,-4.530224204063415527e-01,-9.509271383285522461e-02,-1.988006085157394409e-01,4.543795287609100342e-01,-3.481278195977210999e-03,1.020874604582786560e-01,3.424047231674194336e-01,3.140000104904174805e-01,1.510399729013442993e-01,2.617177963256835938e-01,3.646364808082580566e-01,2.114795744419097900e-01,-1.773774385452270508e+00,-3.997741639614105225e-01,-1.230842828750610352e+00,-3.882695436477661133e-01,-1.587099671363830566e+00
1.706052124500274658e-01,6.731056571006774902e-01,8.618273735046386719e-01,-1.704463618807494640e-03,5.412772297859191895e-02,5.863692164421081543e-01,8.082316517829895020e-01,-1.244020462036132812e+00,8.026820421218872070e-02,1.973414979875087738e-02,1.121004223823547363e+00,-5.580245703458786011e-02,-4.768365994095802307e-02,-4.143070280551910400e-01,-1.040764376521110535e-01,-1.914484500885009766e-01,4.496175348758697510e-01,-8.279149420559406281e-03,1.345581710338592529e-01,3.228062093257904053e-01,3.140000104904174805e-01,1.722343415021896362e-01,2.676756978034973145e-01,3.305172920227050781e-01,1.790436804294586182e-01,-1.757835626602172852e+00,-5.017741322517395020e-01,-1.128842830657958984e+00,-4.753007888793945312e-01,-1.689099669456481934e+00
1.537514030933380127e-01,6.790189743041992188e-01,8.569471836090087891e-01,-1.191231142729520798e-02,4.528177529573440552e-02,5.928457975387573242e-01,8.039537072181701660e-01,-1.142020463943481445e+00,6.845933943986892700e-02,4.559359513223171234e-03,1.019004225730895996e+00,-1.205054670572280884e-01,-4.288738593459129333e-02,-3.865094780921936035e-01,-1.150960177183151245e-01,-1.884667575359344482e-01,4.585822522640228271e-01,-3.369940072298049927e-02,1.547177284955978394e-01,2.766422331333160400e-01,3.140000104904174805e-01,1.974921375513076782e-01,3.016155660152435303e-01,2.839023768901824951e-01,1.982273161411285400e-01,-1.774560689926147461e+00,-6.037741303443908691e-01,-1.026842832565307617e+00,-3.733007907867431641e-01,-1.656081557273864746e+00
1.387120038270950317e-01,6.864483952522277832e-01,8.465640544891357422e-01,-2.204871736466884613e-02,5.318626761436462402e-02,6.015596389770507812e-01,7.967503070831298828e-01,-1.040020465850830078e+00,4.415178671479225159e-02,-1.200276892632246017e-02,9.170042276382446289e-01,-1.699587106704711914e-01,-3.287531808018684387e-02,-3.860442340373992920e-01,-1.352008432149887085e-01,-1.755445152521133423e-01,4.732886850833892822e-01,-7.407638430595397949e-02,1.594337075948715210e-01,2.102460712194442749e-01,3.140000104904174805e-01,1.859496533870697021e-01,2.880905866622924805e-01,2.829481959342956543e-01,2.312634587287902832e-01,-1.733092188835144043e+00,-7.057741284370422363e-01,-9.248428940773010254e-01,-4.716014564037322998e-01,-1.758081555366516113e+00
1.265905350446701050e-01,6.951740980148315430e-01,8.282862901687622070e-01,-2.503775246441364288e-02,5.477580800652503967e-02,6.060667037963867188e-01,7.931304574012756348e-01,-9.380204677581787109e-01,4.186933860182762146e-02,-1.116587128490209579e-02,8.150042295455932617e-01,-2.261997163295745850e-01,1.122082956135272980e-02,-3.954532742500305176e-01,-1.561318933963775635e-01,-1.538009643554687500e-01,5.112410187721252441e-01,-1.310289651155471802e-01,1.510989516973495483e-01,1.442696303129196167e-01,3.139992654323577881e-01,1.613027453422546387e-01,2.659165263175964355e-01,2.902860641479492188e-01,2.251599133014678955e-01,-1.639617443084716797e+00,-8.077741861343383789e-01,-8.228428959846496582e-01,-4.962940812110900879e-01,-1.860081553459167480e+00
1.161804646253585815e-01,7.062810659408569336e-01,8.043265342712402344e-01,-2.845457568764686584e-02,4.700470715761184692e-02,6.118203401565551758e-01,7.890860438346862793e-01,-8.360204696655273438e-01,4.732350632548332214e-02,-2.048336900770664215e-02,7.169399857521057129e-01,-3.220028281211853027e-01,5.973510816693305969e-02,-4.210420250892639160e-01,-1.665997803211212158e-01,-1.173561736941337585e-01,5.913432836532592773e-01,-2.214930951595306396e-01,1.263795644044876099e-01,1.132333204150199890e-01,3.139998018741607666e-01,1.469449102878570557e-01,2.454251646995544434e-01,2.983982563018798828e-01,1.690250039100646973e-01,-1.551128983497619629e+00,-7.243542671203613281e-01,-7.208428978919982910e-01,-3.942940831184387207e-01,-1.795378446578979492e+00
1.074476987123489380e-01,7.211811542510986328e-01,7.812304496765136719e-01,-2.644758485257625580e-02,2.816754020750522614e-02,6.123452782630920410e-01,7.896457314491271973e-01,-7.340204715728759766e-01,4.925910010933876038e-02,-3.802704438567161560e-02,8.189399838447570801e-01,-4.240028262138366699e-01,1.207696497440338135e-01,-4.395679831504821777e-01,-1.567279398441314697e-01,-6.052256748080253601e-02,6.933432817459106445e-01,-3.234930932521820068e-01,8.989908546209335327e-02,1.267065107822418213e-01,3.139987587928771973e-01,1.435573399066925049e-01,1.951630711555480957e-01,3.444134891033172607e-01,6.702500581741333008e-02,-1.449128985404968262e+00,-6.223542690277099609e-01,-6.188428997993469238e-01,-2.922940850257873535e-01,-1.693378448486328125e+00
1.025186553597450256e-01,7.444942593574523926e-01,7.698149681091308594e-01,-1.841444149613380432e-02,9.471566416323184967e-03,6.067188978195190430e-01,7.946466803550720215e-01,-6.320204734802246094e-01,5.447133257985115051e-02,-3.103999793529510498e-02,9.209399819374084473e-01,-5.260028243064880371e-01,1.582269221544265747e-01,-4.164563715457916260e-01,-1.550861001014709473e-01,-3.523258864879608154e-02,7.776626348495483398e-01,-3.760595321655273438e-01,7.779708504676818848e-02,1.381227374076843262e-01,3.139997422695159912e-01,1.378185898065567017e-01,1.504389345645904541e-01,3.987956345081329346e-01,-3.497499227523803711e-02,-1.347128987312316895e+00,-5.203542709350585938e-01,-5.168429017066955566e-01,-1.902940869331359863e-01,-1.591378450393676758e+00
9.284126013517379761e-02,7.495599389076232910e-01,7.758531570434570312e-01,-5.701911635696887970e-03,-1.375535223633050919e-02,5.910791754722595215e-01,8.064760565757751465e-01,-5.300204157829284668e-01,6.759083271026611328e-02,4.082127416040748358e-04,9.338733553886413574e-01,-5.533038377761840820e-01,1.516142040491104126e-01,-3.626475632190704346e-01,-1.597197502851486206e-01,-2.490207925438880920e-02,7.725501060485839844e-01,-3.146776556968688965e-01,9.802193939685821533e-02,1.215783059597015381e-01,3.139999508857727051e-01,1.391135156154632568e-01,1.472906619310379028e-01,4.447811543941497803e-01,-1.369749903678894043e-01,-1.245128989219665527e+00,-4.183542728424072266e-01,-4.436498582363128662e-01,-8.829408884048461914e-02,-1.489378452301025391e+00
8.872750401496887207e-02,7.547135353088378906e-01,7.890344858169555664e-01,6.754254456609487534e-03,-3.336731344461441040e-02,5.736454725265502930e-01,8.183959126472473145e-01,-4.280204474925994873e-01,6.841545552015304565e-02,1.237224135547876358e-02,8.843393921852111816e-01,-4.843311309814453125e-01,1.139045134186744690e-01,-3.067283332347869873e-01,-1.804735511541366577e-01,-2.622077614068984985e-02,7.786352038383483887e-01,-2.452368885278701782e-01,1.087033897638320923e-01,8.566612005233764648e-02,3.139999806880950928e-01,1.506287902593612671e-01,1.801021099090576172e-01,4.945335090160369873e-01,-9.819176793098449707e-02,-1.143128991127014160e+00,-3.163542747497558594e-01,-5.282467007637023926e-01,3.623347030952572823e-03,-1.387378454208374023e+00
8.452499657869338989e-02,7.681311964988708496e-01,8.043714761734008789e-01,1.663275063037872314e-02,-4.740152135491371155e-02,5.705887079238891602e-01,8.196980953216552734e-01,-3.260204493999481201e-01,5.976641178131103516e-02,1.723988354206085205e-02,8.172386884689331055e-01,-3.957500457763671875e-01,7.433438301086425781e-02,-2.640762627124786377e-01,-2.151483744382858276e-01,-5.909341201186180115e-02,8.131774663925170898e-01,-1.950126737356185913e-01,9.771873056888580322e-02,5.178902670741081238e-02,3.139967918395996094e-01,1.596460193395614624e-01,2.095703035593032837e-01,5.505104660987854004e-01,2.985969651490449905e-03,-1.041128993034362793e+00,-2.143542617559432983e-01,-6.302466988563537598e-01,-9.837665408849716187e-02,-1.285378456115722656e+00
8.262288570404052734e-02,7.846916913986206055e-01,8.181864023208618164e-01,2.736420184373855591e-02,-5.784165486693382263e-02,5.696106553077697754e-01,8.194200396537780762e-01,-2.447243481874465942e-01,4.247543588280677795e-02,8.792557637207210064e-04,7.587093710899353027e-01,-3.148113787174224854e-01,2.956560440361499786e-02,-2.479475438594818115e-01,-2.288756817579269409e-01,-7.469378411769866943e-02,8.640876412391662598e-01,-1.623020917177200317e-01,9.066805988550186157e-02,1.885238103568553925e-02,3.139995336532592773e-01,1.599064171314239502e-01,3.115703165531158447e-01,6.133003234863281250e-01,1.049859672784805298e-01,-9.391289353370666504e-01,-1.123542636632919312e-01,-7.322466969490051270e-01,-2.003766596317291260e-01,-1.183378458023071289e+00
8.518858253955841064e-02,7.979716062545776367e-01,8.323513269424438477e-01,3.598596155643463135e-02,-6.061497703194618225e-02,5.757205486297607422e-01,8.146021366119384766e-01,-1.959142684936523438e-01,3.128678351640701294e-02,-1.290434598922729492e-02,7.142974734306335449e-01,-2.718746662139892578e-01,3.320892574265599251e-03,-2.424491643905639648e-01,-2.283588796854019165e-01,-7.806426286697387695e-02,8.863110542297363281e-01,-1.379431039094924927e-01,9.587888419628143311e-02,-1.105710584670305252e-02,3.139999210834503174e-01,1.491872817277908325e-01,3.866750597953796387e-01,6.862392425537109375e-01,2.069859653711318970e-01,-8.371289372444152832e-01,-1.035426557064056396e-02,-8.342466950416564941e-01,-3.023766577243804932e-01,-1.081378459930419922e+00
9.164788573980331421e-02,8.074277043342590332e-01,8.464971780776977539e-01,4.086425527930259705e-02,-5.642083287239074707e-02,5.858558416366577148e-01,8.074154853820800781e-01,-1.725745499134063721e-01,2.788430824875831604e-02,-2.437244541943073273e-02,6.875078082084655762e-01,-2.537644505500793457e-01,-6.025429815053939819e-03,-2.452851831912994385e-01,-2.172348350286483765e-01,-6.816652417182922363e-02,8.708562254905700684e-01,-1.259174346923828125e-01,9.888842701911926270e-02,-3.562650084495544434e-02,3.139999806880950928e-01,1.364005208015441895e-01,4.003969430923461914e-01,7.635695934295654297e-01,3.089859783649444580e-01,-7.351289391517639160e-01,9.164573252201080322e-02,-9.362466931343078613e-01,-4.043766558170318604e-01,-9.793784618377685547e-01
1.001979485154151917e-01,8.121041059494018555e-01,8.569319248199462891e-01,4.170407354831695557e-02,-4.716832563281059265e-02,6.018171906471252441e-01,7.961482405662536621e-01,-1.685678362846374512e-01,2.699348889291286469e-02,-4.202111065387725830e-02,6.604462265968322754e-01,-2.099384367465972900e-01,-1.971723511815071106e-02,-2.671428322792053223e-01,-1.975510865449905396e-01,-5.756310746073722839e-02,8.343524336814880371e-01,-1.066079884767532349e-01,1.063005328178405762e-01,-5.806774273514747620e-02,3.140000104904174805e-01,1.250387132167816162e-01,3.855480551719665527e-01,8.119977712631225586e-01,4.109859764575958252e-01,-6.682890653610229492e-01,1.936457306146621704e-01,-9.877353310585021973e-01,-5.063766241073608398e-01,-8.773784637451171875e-01
1.083857864141464233e-01,8.120605349540710449e-01,8.572558164596557617e-01,3.814047202467918396e-02,-3.360274434089660645e-02,6.237581968307495117e-01,7.799627184867858887e-01,-1.891748756170272827e-01,2.661595866084098816e-02,-5.788045004010200500e-02,6.547155976295471191e-01,-1.807484626770019531e-01,-2.297674119472503662e-02,-3.031887710094451904e-01,-1.759219467639923096e-01,-3.860340267419815063e-02,7.988703250885009766e-01,-8.851424604654312134e-02,1.087255328893661499e-01,-7.629866153001785278e-02,3.140000104904174805e-01,1.168672069907188416e-01,3.454052805900573730e-01,8.257936239242553711e-01,5.129859447479248047e-01,-7.702890634536743164e-01,2.956457436084747314e-01,-8.857353329658508301e-01,-6.083766818046569824e-01,-7.753784656524658203e-01
1.153082251548767090e-01,8.076666593551635742e-01,8.435255289077758789e-01,3.429710865020751953e-02,-1.944192312657833099e-02,6.396671533584594727e-01,7.676402926445007324e-01,-2.230515629053115845e-01,3.061854839324951172e-02,-6.403443217277526855e-02,6.719076037406921387e-01,-1.673797965049743652e-01,-1.462834700942039490e-02,-3.462584912776947021e-01,-1.552625298500061035e-01,-1.765841059386730194e-02,7.610712647438049316e-01,-5.352500453591346741e-02,1.267741620540618896e-01,-8.994551002979278564e-02,3.140000104904174805e-01,9.992581605911254883e-02,2.891513407230377197e-01,7.904330492019653320e-01,6.149859428405761719e-01,-8.722890615463256836e-01,3.976457417011260986e-01,-7.837353348731994629e-01,-7.103766798973083496e-01,-6.733784675598144531e-01
1.232166364789009094e-01,8.021591305732727051e-01,8.124592304229736328e-01,3.791988641023635864e-02,-1.248169224709272385e-02,6.505195498466491699e-01,7.584396004676818848e-01,-2.659212648868560791e-01,3.696987032890319824e-02,-6.298086047172546387e-02,7.331873774528503418e-01,-2.120055854320526123e-01,1.750770211219787598e-02,-3.915922343730926514e-01,-1.431562602519989014e-01,-3.577609779313206673e-03,7.735553979873657227e-01,-9.478630870580673218e-02,1.282543689012527466e-01,-9.316578507423400879e-02,3.139944076538085938e-01,7.576428353786468506e-02,1.871513575315475464e-01,7.881867885589599609e-01,5.129859447479248047e-01,-9.742890596389770508e-01,3.168006241321563721e-01,-6.817353367805480957e-01,-6.746758818626403809e-01,-5.713784694671630859e-01
1.327774077653884888e-01,7.998702526092529297e-01,7.694101333618164062e-01,4.472780227661132812e-02,-1.234355010092258453e-02,6.568673849105834961e-01,7.525770664215087891e-01,-3.314768075942993164e-01,4.672014340758323669e-02,-5.667319148778915405e-02,8.351873755455017090e-01,-3.140055835247039795e-01,8.248447626829147339e-02,-4.516977667808532715e-01,-1.482634693384170532e-01,-7.101670373231172562e-03,8.755553960800170898e-01,-1.967863142490386963e-01,9.900566935539245605e-02,-9.469413757324218750e-02,3.139991760253906250e-01,4.629849269986152649e-02,8.515135198831558228e-02,7.260410785675048828e-01,4.109859764575958252e-01,-1.076289057731628418e+00,2.560774683952331543e-01,-5.797353386878967285e-01,-5.726758837699890137e-01,-5.596284270286560059e-01
1.442704945802688599e-01,7.988635301589965820e-01,7.339493036270141602e-01,5.119312182068824768e-02,-1.693651266396045685e-02,6.646184921264648438e-01,7.452346682548522949e-01,-3.923620283603668213e-01,7.295069843530654907e-02,-3.311619162559509277e-02,9.371873736381530762e-01,-4.160055816173553467e-01,1.494961827993392944e-01,-5.130946040153503418e-01,-1.645454317331314087e-01,-3.062340989708900452e-02,9.775553941726684570e-01,-2.987863123416900635e-01,4.141923785209655762e-02,-8.439022302627563477e-02,3.139998614788055420e-01,2.418690919876098633e-02,-1.684864424169063568e-02,6.557222008705139160e-01,3.089859783649444580e-01,-1.178289055824279785e+00,1.651341766119003296e-01,-4.777353703975677490e-01,-4.706758558750152588e-01,-6.616284251213073730e-01
1.644376516342163086e-01,7.936891317367553711e-01,7.229621410369873047e-01,5.793821066617965698e-02,-1.378837786614894867e-02,6.681439280509948730e-01,7.416446208953857422e-01,-4.139763414859771729e-01,9.293615818023681641e-02,-2.453001774847507477e-02,1.024182081222534180e+00,-5.180056095123291016e-01,1.558784097433090210e-01,-5.389049053192138672e-01,-1.702275574207305908e-01,-4.644395038485527039e-02,1.079555392265319824e+00,-4.007863104343414307e-01,7.726562209427356720e-03,-4.178507998585700989e-02,3.139999806880950928e-01,1.302501372992992401e-02,-8.249501138925552368e-02,6.123308539390563965e-01,2.069859653711318970e-01,-1.280289053916931152e+00,6.313417106866836548e-02,-4.841689765453338623e-01,-3.686758577823638916e-01,-7.636284232139587402e-01
1.836944222450256348e-01,8.108640313148498535e-01,7.441117763519287109e-01,6.693524867296218872e-02,-7.954753004014492035e-03,6.759036779403686523e-01,7.339009642601013184e-01,-3.623408079147338867e-01,1.186420992016792297e-01,6.733423098921775818e-03,9.426558017730712891e-01,-4.180758893489837646e-01,7.942020148038864136e-02,-4.798350930213928223e-01,-1.916809231042861938e-01,-9.054268896579742432e-02,1.031669259071350098e+00,-4.924329817295074463e-01,1.410461589694023132e-02,1.318874652497470379e-03,3.139987289905548096e-01,-7.004522718489170074e-03,-6.435943394899368286e-02,6.255347132682800293e-01,1.049859672784805298e-01,-1.382289052009582520e+00,-3.886583074927330017e-02,-5.590733289718627930e-01,-2.666758596897125244e-01,-8.656284213066101074e-01
2.003070116043090820e-01,8.099616169929504395e-01,7.932456731796264648e-01,6.929568201303482056e-02,9.353627683594822884e-04,6.830595135688781738e-01,7.270673513412475586e-01,-3.357281684875488281e-01,1.407093852758407593e-01,3.895783051848411560e-02,8.699689507484436035e-01,-3.160758614540100098e-01,8.619216270744800568e-03,-3.778350949287414551e-01,-2.083756327629089355e-01,-1.436255872249603271e-01,9.296692609786987305e-01,-3.904329836368560791e-01,8.599929511547088623e-02,5.099683254957199097e-02,3.007020056247711182e-01,-1.792562194168567657e-02,1.224714051932096481e-02,6.883285641670227051e-01,3.405883163213729858e-02,-1.325369596481323242e+00,-1.408658325672149658e-01,-6.610733270645141602e-01,-1.646758615970611572e-01,-9.676284193992614746e-01
2.130506038665771484e-01,8.054469823837280273e-01,8.432679176330566406e-01,5.266186594963073730e-02,1.560491602867841721e-02,7.005116939544677734e-01,7.115241289138793945e-01,-3.593636155128479004e-01,1.723092347383499146e-01,7.758586108684539795e-02,8.681511282920837402e-01,-2.140758782625198364e-01,-5.668826401233673096e-02,-3.029025197029113770e-01,-2.099970728158950806e-01,-1.600113213062286377e-01,8.276692628860473633e-01,-2.884329855442047119e-01,1.523486077785491943e-01,6.469056755304336548e-02,2.568406462669372559e-01,-4.549621790647506714e-02,1.309900311753153801e-03,7.903285622596740723e-01,1.170925721526145935e-01,-1.223369598388671875e+00,-2.428658306598663330e-01,-7.630733251571655273e-01,-6.267585605382919312e-02,-1.069628477096557617e+00
2.198955565690994263e-01,8.040565252304077148e-01,8.866816759109497070e-01,4.990069568157196045e-02,2.117612771689891815e-02,7.229023575782775879e-01,6.888204813003540039e-01,-4.090834558010101318e-01,1.966155320405960083e-01,7.199002057313919067e-02,9.701511263847351074e-01,-1.120758727192878723e-01,-7.368458807468414307e-02,-2.583625316619873047e-01,-2.145206332206726074e-01,-1.741505563259124756e-01,7.256692647933959961e-01,-1.864329725503921509e-01,1.868048161268234253e-01,7.059907913208007812e-02,2.702496647834777832e-01,-5.686208605766296387e-02,-1.359927468001842499e-02,8.923285603523254395e-01,1.178455874323844910e-01,-1.121369600296020508e+00,-3.448658287525177002e-01,-8.650733232498168945e-01,-1.646758615970611572e-01,-1.171628475189208984e+00
2.184653282165527344e-01,8.151605725288391113e-01,9.181610345840454102e-01,5.518874898552894592e-02,2.422585710883140564e-02,7.431271076202392578e-01,6.664303541183471680e-01,-4.783548712730407715e-01,2.053230553865432739e-01,6.421672552824020386e-02,1.072151184082031250e+00,-8.037027716636657715e-02,-7.668829709291458130e-02,-2.622468769550323486e-01,-2.570411562919616699e-01,-1.872489452362060547e-01,6.773110628128051758e-01,-8.443297445774078369e-02,1.817371845245361328e-01,6.788659095764160156e-02,3.012024462223052979e-01,-9.402637183666229248e-02,-2.959286794066429138e-03,9.943285584449768066e-01,8.176926523447036743e-02,-1.019369602203369141e+00,-4.468658268451690674e-01,-9.670733213424682617e-01,-2.666758596897125244e-01,-1.273628473281860352e+00
2.058362066745758057e-01,8.283003568649291992e-01,9.232927560806274414e-01,5.233075842261314392e-02,2.626754529774188995e-02,7.687610387802124023e-01,6.368499994277954102e-01,-5.793904662132263184e-01,2.178643941879272461e-01,5.326071381568908691e-02,1.174151182174682617e+00,-9.180895984172821045e-02,-7.651130110025405884e-02,-3.293731510639190674e-01,-3.160224854946136475e-01,-1.543762236833572388e-01,7.793110609054565430e-01,1.756702736020088196e-02,1.422878801822662354e-01,2.891352213919162750e-02,3.120803534984588623e-01,-1.011306568980216980e-01,5.526971071958541870e-02,1.096328616142272949e+00,5.519074946641921997e-02,-9.173696041107177734e-01,-5.488658547401428223e-01,-1.069073319435119629e+00,-3.686758577823638916e-01,-1.375628471374511719e+00
1.834139376878738403e-01,8.155816197395324707e-01,8.961756229400634766e-01,5.226607993245124817e-02,2.158529683947563171e-02,7.854103446006774902e-01,6.163870096206665039e-01,-6.731269955635070801e-01,2.077982723712921143e-01,-5.482054781168699265e-03,1.276151180267333984e+00,-1.229796260595321655e-01,-7.266362756490707397e-02,-4.312289953231811523e-01,-3.552712798118591309e-01,-6.652726233005523682e-02,8.813110589981079102e-01,6.940216757357120514e-03,9.362754225730895996e-02,1.291195955127477646e-02,3.137120604515075684e-01,-9.600158780813217163e-02,1.188683658838272095e-01,1.198328614234924316e+00,3.330636397004127502e-02,-8.153696060180664062e-01,-6.508658528327941895e-01,-1.171073317527770996e+00,-4.706758558750152588e-01,-1.477628469467163086e+00
1.593082547187805176e-01,7.925140857696533203e-01,8.401569128036499023e-01,4.468874633312225342e-02,2.067449688911437988e-02,8.044921755790710449e-01,5.919187664985656738e-01,-7.751269936561584473e-01,1.804859340190887451e-01,-5.835518985986709595e-02,1.378151178359985352e+00,-2.133091837167739868e-01,-6.357872486114501953e-02,-5.332289934158325195e-01,-3.674835562705993652e-01,3.547273576259613037e-02,9.833110570907592773e-01,-7.671327143907546997e-02,7.458115369081497192e-02,-1.171086542308330536e-02,3.139567971229553223e-01,-5.555349588394165039e-02,1.853823512792587280e-01,1.300328612327575684e+00,8.381945639848709106e-02,-7.133696079254150391e-01,-7.126039862632751465e-01,-1.273073315620422363e+00,-5.726758837699890137e-01,-1.570825934410095215e+00
1.416650116443634033e-01,7.717798352241516113e-01,7.808614969253540039e-01,2.433529868721961975e-02,2.075977250933647156e-02,8.231124281883239746e-01,5.669768452644348145e-01,-8.771270513534545898e-01,1.554590165615081787e-01,-6.551692634820938110e-02,1.480151176452636719e+00,-3.153091967105865479e-01,-4.394418373703956604e-02,-6.352289915084838867e-01,-3.561083078384399414e-01,1.374727338552474976e-01,1.085311055183410645e+00,-1.637455374002456665e-01,7.081242650747299194e-02,-3.409714624285697937e-02,3.139935135841369629e-01,-5.977431312203407288e-03,2.671679556369781494e-01,1.402328610420227051e+00,1.858194619417190552e-01,-6.113696098327636719e-01,-6.458505392074584961e-01,-1.375073313713073730e+00,-6.746758818626403809e-01,-1.468825936317443848e+00
1.301560699939727783e-01,7.507666945457458496e-01,7.296171188354492188e-01,-7.553947623819112778e-03,2.124057337641716003e-02,8.357914090156555176e-01,5.485841035842895508e-01,-9.791270494461059570e-01,1.431607604026794434e-01,-8.110415935516357422e-02,1.582151174545288086e+00,-4.173091948032379150e-01,-3.534140065312385559e-03,-7.372289896011352539e-01,-3.395047485828399658e-01,2.310451269149780273e-01,1.187311053276062012e+00,-2.657455503940582275e-01,6.733990460634231567e-02,-4.749920964241027832e-02,3.139990270137786865e-01,5.732724815607070923e-02,3.558157980442047119e-01,1.377091407775878906e+00,2.878194451332092285e-01,-6.609361767768859863e-01,-5.578902959823608398e-01,-1.477073311805725098e+00,-7.766758799552917480e-01,-1.366825938224792480e+00
1.246713995933532715e-01,7.297238111495971680e-01,7.010821104049682617e-01,-3.996419534087181091e-02,2.172882109880447388e-02,8.411577939987182617e-01,5.388731956481933594e-01,-1.081127047538757324e+00,1.450675874948501587e-01,-1.164499819278717041e-01,1.684151172637939453e+00,-5.193091630935668945e-01,6.130433827638626099e-02,-8.392289876937866211e-01,-3.669444918632507324e-01,1.952951401472091675e-01,1.289311051368713379e+00,-3.677455484867095947e-01,7.301706075668334961e-02,-2.504522725939750671e-02,3.139998614788055420e-01,9.385360032320022583e-02,4.142304360866546631e-01,1.275091409683227539e+00,3.869324922561645508e-01,-7.629361748695373535e-01,-4.888327419757843018e-01,-1.428642988204956055e+00,-8.786758780479431152e-01,-1.264825940132141113e+00
1.210853457450866699e-01,7.317258715629577637e-01,6.937732696533203125e-01,-6.067802757024765015e-02,2.502908743917942047e-02,8.426195383071899414e-01,5.344942212104797363e-01,-1.183127045631408691e+00,1.160967350006103516e-01,-1.682599931955337524e-01,1.763471126556396484e+00,-6.213091611862182617e-01,1.458937227725982666e-01,-9.412289857864379883e-01,-3.518363535404205322e-01,1.312523186206817627e-01,1.391311049461364746e+00,-4.614807367324829102e-01,6.626783311367034912e-02,1.313278079032897949e-02,3.139999806880950928e-01,1.241518408060073853e-01,4.078583121299743652e-01,1.173091411590576172e+00,2.849324941635131836e-01,-8.649361729621887207e-01,-4.799399375915527344e-01,-1.326642990112304688e+00,-9.806758761405944824e-01,-1.162825942039489746e+00
1.162250712513923645e-01,7.362980842590332031e-01,6.929384469985961914e-01,-6.232592836022377014e-02,1.650997623801231384e-02,8.457568883895874023e-01,5.296585559844970703e-01,-1.130759835243225098e+00,8.878846466541290283e-02,-2.080756872892379761e-01,1.661471128463745117e+00,-7.233091592788696289e-01,1.891250610351562500e-01,-8.925222754478454590e-01,-3.303925395011901855e-01,6.907501071691513062e-02,1.392392396926879883e+00,-5.634807348251342773e-01,2.391422912478446960e-02,6.182816624641418457e-02,3.140000104904174805e-01,1.546242833137512207e-01,3.267528414726257324e-01,1.071091413497924805e+00,1.829325109720230103e-01,-9.669361710548400879e-01,-4.285165965557098389e-01,-1.224642992019653320e+00,-8.786758780479431152e-01,-1.175841331481933594e+00
1.065156981348991394e-01,7.279168367385864258e-01,6.896915435791015625e-01,-5.116556957364082336e-02,7.217649370431900024e-03,8.377124667167663574e-01,5.436614751815795898e-01,-1.031292080879211426e+00,5.436492338776588440e-02,-2.607255578041076660e-01,1.559471130371093750e+00,-7.910463809967041016e-01,2.101803272962570190e-01,-7.905222773551940918e-01,-3.158335089683532715e-01,3.656589239835739136e-02,1.290392398834228516e+00,-6.095426678657531738e-01,3.269292786717414856e-02,1.221270933747291565e-01,3.140000104904174805e-01,1.670817434787750244e-01,2.773726880550384521e-01,9.690914750099182129e-01,8.093250542879104614e-02,-1.068936228752136230e+00,-3.265165984630584717e-01,-1.122642993927001953e+00,-7.766758799552917480e-01,-1.277841329574584961e+00
1.005642116069793701e-01,7.454347014427185059e-01,6.861720085144042969e-01,-2.640431933104991913e-02,-3.729062154889106750e-05,8.377190232276916504e-01,5.454627275466918945e-01,-9.292920827865600586e-01,2.050346136093139648e-02,-2.904838025569915771e-01,1.462425589561462402e+00,-8.012069463729858398e-01,2.310342937707901001e-01,-6.958878636360168457e-01,-3.022714257240295410e-01,5.936063081026077271e-02,1.222491979598999023e+00,-6.347811222076416016e-01,9.065018966794013977e-03,1.302467286586761475e-01,3.140000104904174805e-01,1.496615111827850342e-01,2.437714636325836182e-01,8.670914769172668457e-01,-2.106749452650547028e-02,-1.170936226844787598e+00,-2.301309555768966675e-01,-1.020642995834350586e+00,-6.746758818626403809e-01,-1.379841327667236328e+00
9.984793514013290405e-02,7.450164556503295898e-01,7.082746028900146484e-01,-6.154098082333803177e-03,-5.993137601763010025e-03,8.220493793487548828e-01,5.693513751029968262e-01,-8.272920846939086914e-01,3.838181123137474060e-02,-2.759250700473785400e-01,1.368839621543884277e+00,-8.027310371398925781e-01,2.074837833642959595e-01,-6.235098242759704590e-01,-3.056954145431518555e-01,3.654051572084426880e-02,1.150376439094543457e+00,-6.054667234420776367e-01,1.110165100544691086e-02,1.399003267288208008e-01,3.140000104904174805e-01,1.546943336725234985e-01,2.520977556705474854e-01,7.650914788246154785e-01,-1.230674982070922852e-01,-1.272936224937438965e+00,-1.524320393800735474e-01,-9.186430573463439941e-01,-5.726758837699890137e-01,-1.464322209358215332e+00
1.008729189634323120e-01,7.649083733558654785e-01,7.528791427612304688e-01,9.882315061986446381e-03,-1.656694919802248478e-03,7.992831468582153320e-01,6.008710265159606934e-01,-7.252920866012573242e-01,6.892076134681701660e-02,-2.427952736616134644e-01,1.266839623451232910e+00,-7.007310390472412109e-01,1.362628042697906494e-01,-5.482110977172851562e-01,-3.029018342494964600e-01,3.065468557178974152e-02,1.048376441001892090e+00,-5.034667253494262695e-01,5.744889006018638611e-02,1.322319507598876953e-01,3.140000104904174805e-01,1.549803167581558228e-01,2.586645781993865967e-01,6.630914807319641113e-01,-2.250674962997436523e-01,-1.335130095481872559e+00,-7.255319505929946899e-02,-8.166430592536926270e-01,-4.706758558750152588e-01,-1.362322211265563965e+00
1.036343052983283997e-01,7.578601241111755371e-01,8.115520477294921875e-01,1.408595684915781021e-02,3.972975071519613266e-03,7.712752223014831543e-01,6.363335251808166504e-01,-6.232920885086059570e-01,1.039937660098075867e-01,-1.857634633779525757e-01,1.164839625358581543e+00,-5.987310409545898438e-01,4.787516593933105469e-02,-4.961348772048950195e-01,-2.999959886074066162e-01,2.976777777075767517e-02,9.463764429092407227e-01,-4.014667272567749023e-01,1.191402524709701538e-01,9.717702865600585938e-02,3.140000104904174805e-01,1.629027724266052246e-01,2.749640345573425293e-01,5.610914230346679688e-01,-1.681902706623077393e-01,-1.233130097389221191e+00,-5.508302152156829834e-02,-7.146430611610412598e-01,-4.323430657386779785e-01,-1.260322213172912598e+00
1.121046394109725952e-01,7.642865180969238281e-01,8.673042058944702148e-01,1.863398402929306030e-02,-5.699155735783278942e-04,7.443250417709350586e-01,6.675572395324707031e-01,-5.212920904159545898e-01,1.538670659065246582e-01,-9.907793998718261719e-02,1.062839627265930176e+00,-4.967310428619384766e-01,-5.284115672111511230e-02,-4.685568213462829590e-01,-3.020035326480865479e-01,1.932026445865631104e-02,8.443764448165893555e-01,-2.994667291641235352e-01,1.706666797399520874e-01,6.333748996257781982e-02,3.139999806880950928e-01,1.870604008436203003e-01,2.754437029361724854e-01,4.590914547443389893e-01,-6.619027256965637207e-02,-1.131130099296569824e+00,-2.144440636038780212e-02,-8.166430592536926270e-01,-5.158457756042480469e-01,-1.158322095870971680e+00
1.206903383135795593e-01,7.435971498489379883e-01,9.066337347030639648e-01,1.725560799241065979e-02,-7.605747319757938385e-03,7.090891599655151367e-01,7.048665881156921387e-01,-4.192920923233032227e-01,1.962993592023849487e-01,-4.103933274745941162e-02,9.608395695686340332e-01,-3.947310447692871094e-01,-1.200844049453735352e-01,-4.523586630821228027e-01,-3.127982020378112793e-01,-2.361712604761123657e-02,7.423764467239379883e-01,-1.974667310714721680e-01,2.187082320451736450e-01,5.290845781564712524e-02,3.139997124671936035e-01,2.187280356884002686e-01,2.658812403678894043e-01,5.610914230346679688e-01,3.580972924828529358e-02,-1.029130101203918457e+00,-1.004662085324525833e-02,-9.186430573463439941e-01,-5.377604365348815918e-01,-1.056322097778320312e+00
1.299442350864410400e-01,7.515940666198730469e-01,9.029067754745483398e-01,1.615700125694274902e-02,-2.018024958670139313e-02,6.851600408554077148e-01,7.279336452484130859e-01,-3.172920942306518555e-01,2.259987145662307739e-01,-1.445397920906543732e-02,8.588395714759826660e-01,-2.927310466766357422e-01,-1.616300493478775024e-01,-4.587983787059783936e-01,-3.296658694744110107e-01,-2.948452346026897430e-02,6.640386581420898438e-01,-9.546674042940139771e-02,2.316211611032485962e-01,3.337657451629638672e-02,3.139946758747100830e-01,2.566527128219604492e-01,2.117959260940551758e-01,6.630914807319641113e-01,1.368309706449508667e-01,-9.271301031112670898e-01,1.009411085397005081e-02,-1.020642995834350586e+00,-5.284973978996276855e-01,-9.543221592903137207e-01
1.392712146043777466e-01,7.464572787284851074e-01,8.978170156478881836e-01,2.350479178130626678e-02,-3.676241263747215271e-02,6.663278937339782715e-01,7.443810701370239258e-01,-2.401651889085769653e-01,2.415600717067718506e-01,-1.751309074461460114e-02,8.935047388076782227e-01,-1.907310485839843750e-01,-1.901319324970245361e-01,-4.793506562709808350e-01,-3.581989705562591553e-01,-1.409870665520429611e-02,7.548448443412780762e-01,6.533262319862842560e-03,2.199590355157852173e-01,-1.442070584744215012e-02,3.132471442222595215e-01,2.835579812526702881e-01,1.252069920301437378e-01,7.650914788246154785e-01,7.744045555591583252e-02,-8.251301050186157227e-01,2.594520337879657745e-02,-1.122642993927001953e+00,-5.141369700431823730e-01,-8.523221611976623535e-01
1.433699280023574829e-01,7.374840378761291504e-01,8.716588020324707031e-01,1.569188758730888367e-02,-3.311624750494956970e-02,6.445798873901367188e-01,7.636582255363464355e-01,-2.659595906734466553e-01,2.603330016136169434e-01,-2.868425473570823669e-02,9.955047369003295898e-01,-8.873104304075241089e-02,-1.892679035663604736e-01,-5.726330876350402832e-01,-3.703754544258117676e-01,3.069606795907020569e-02,8.568448424339294434e-01,-2.364884689450263977e-02,1.971874833106994629e-01,-5.743145942687988281e-02,3.138870596885681152e-01,3.387663066387176514e-01,2.320698834955692291e-02,8.670914769172668457e-01,1.009799018502235413e-01,-7.231301069259643555e-01,6.973042339086532593e-02,-1.224642992019653320e+00,-5.639346241950988770e-01,-7.503221631050109863e-01
1.446681171655654907e-01,7.255707979202270508e-01,8.318367004394531250e-01,5.943334195762872696e-03,-1.905195973813533783e-02,6.206475496292114258e-01,7.838356494903564453e-01,-3.416175544261932373e-01,2.646558880805969238e-01,-5.227111652493476868e-02,1.097504734992980957e+00,-1.267598420381546021e-01,-1.458059698343276978e-01,-6.746330857276916504e-01,-3.622129857540130615e-01,8.477701246738433838e-02,9.588448405265808105e-01,-7.905756682157516479e-02,1.829978525638580322e-01,-1.112982258200645447e-01,3.139830529689788818e-01,3.545519709587097168e-01,-7.879301160573959351e-02,9.690914750099182129e-01,1.765146553516387939e-01,-6.211301088333129883e-01,9.296269714832305908e-02,-1.216209888458251953e+00,-6.659346222877502441e-01,-6.483221650123596191e-01
1.444473266601562500e-01,7.098972201347351074e-01,7.865111827850341797e-01,1.544724870473146439e-02,-8.575771003961563110e-03,6.069085001945495605e-01,7.945753335952758789e-01,-4.342942833900451660e-01,2.608546614646911621e-01,-8.015797287225723267e-02,1.199504733085632324e+00,-2.287598401308059692e-01,-6.417296826839447021e-02,-7.766330838203430176e-01,-3.816318213939666748e-01,1.236230656504631042e-01,1.060844898223876953e+00,-1.810575723648071289e-01,1.499220430850982666e-01,-1.635444909334182739e-01,3.139974474906921387e-01,3.315977156162261963e-01,-1.807930171489715576e-01,1.071091413497924805e+00,2.751429080963134766e-01,-6.016232371330261230e-01,9.475735574960708618e-02,-1.114209890365600586e+00,-7.679346203804016113e-01,-7.503221631050109863e-01
1.484136730432510376e-01,7.129735946655273438e-01,7.464762926101684570e-01,2.165553532540798187e-02,1.017546281218528748e-02,5.866284966468811035e-01,8.095026016235351562e-01,-5.362942814826965332e-01,2.437511682510375977e-01,-1.053624451160430908e-01,1.301504731178283691e+00,-3.307598233222961426e-01,3.010091930627822876e-02,-8.786330819129943848e-01,-3.534294366836547852e-01,1.485604792833328247e-01,1.162844896316528320e+00,-2.830575704574584961e-01,1.107017025351524353e-01,-2.180802822113037109e-01,3.139996230602264404e-01,2.732974290847778320e-01,-2.827930152416229248e-01,1.173091411590576172e+00,3.771429061889648438e-01,-7.036232352256774902e-01,-7.242646533995866776e-03,-1.012209892272949219e+00,-8.699346184730529785e-01,-8.523221611976623535e-01
1.563912332057952881e-01,7.098855376243591309e-01,7.211080789566040039e-01,2.573061920702457428e-02,2.360678650438785553e-02,5.533748269081115723e-01,8.322000503540039062e-01,-5.775387883186340332e-01,2.531933188438415527e-01,-7.703536003828048706e-02,1.357856750488281250e+00,-4.327598214149475098e-01,1.321009248495101929e-01,-9.742792248725891113e-01,-3.182713091373443604e-01,1.535875201225280762e-01,1.264844894409179688e+00,-3.850575685501098633e-01,7.289817184209823608e-02,-2.425440847873687744e-01,3.139999508857727051e-01,2.184610068798065186e-01,-3.847930133342742920e-01,1.275091409683227539e+00,4.791429042816162109e-01,-8.056232333183288574e-01,-1.077822074294090271e-01,-9.102099537849426270e-01,-8.281569480895996094e-01,-9.543221592903137207e-01
1.641644239425659180e-01,7.018821835517883301e-01,7.085261344909667969e-01,4.125326499342918396e-02,3.996508941054344177e-02,5.238224864006042480e-01,8.498888015747070312e-01,-5.747240781784057617e-01,2.578152716159820557e-01,-3.328885883092880249e-02,1.301394462585449219e+00,-5.347598195075988770e-01,2.252559363842010498e-01,-9.747757315635681152e-01,-3.061377406120300293e-01,1.266740262508392334e-01,1.366844892501831055e+00,-4.870575666427612305e-01,3.542279824614524841e-02,-2.658918201923370361e-01,3.139927089214324951e-01,1.569458246231079102e-01,-4.867930114269256592e-01,1.368242502212524414e+00,3.771429061889648438e-01,-9.076232314109802246e-01,-1.869805455207824707e-01,-8.082099556922912598e-01,-7.261569499969482422e-01,-1.056322097778320312e+00
1.692302376031875610e-01,7.011355757713317871e-01,7.085130214691162109e-01,1.520489901304244995e-02,6.317561119794845581e-02,4.710166752338409424e-01,8.797277808189392090e-01,-6.201933026313781738e-01,2.555256783962249756e-01,-5.023656412959098816e-02,1.239316582679748535e+00,-6.367598176002502441e-01,2.195382863283157349e-01,-1.003058314323425293e+00,-2.243479937314987183e-01,1.413545310497283936e-01,1.458522558212280273e+00,-5.890575647354125977e-01,5.908254534006118774e-03,-2.509986758232116699e-01,2.706285119056701660e-01,1.404816061258316040e-01,-5.887930393218994141e-01,1.266242504119873047e+00,2.751429080963134766e-01,-1.009623289108276367e+00,-2.611164152622222900e-01,-7.062099575996398926e-01,-6.241569519042968750e-01,-1.158322095870971680e+00
1.722593754529953003e-01,6.876333355903625488e-01,7.182155847549438477e-01,2.152383513748645782e-02,4.404150322079658508e-02,4.060340225696563721e-01,9.125422835350036621e-01,-5.617734789848327637e-01,2.461335957050323486e-01,-3.668909892439842224e-02,1.189269900321960449e+00,-7.355132102966308594e-01,1.759577095508575439e-01,-9.583045840263366699e-01,-1.442331969738006592e-01,1.950646787881851196e-01,1.416356563568115234e+00,-6.910575628280639648e-01,2.525470405817031860e-02,-2.320397943258285522e-01,3.072526156902313232e-01,1.169689893722534180e-01,-6.907930374145507812e-01,1.164242506027221680e+00,1.731428951025009155e-01,-1.111623287200927734e+00,-1.591164022684097290e-01,-6.042099595069885254e-01,-5.221569538116455078e-01,-1.260322213172912598e+00
1.819848269224166870e-01,6.812676191329956055e-01,7.348338365554809570e-01,2.937855944037437439e-02,2.968792431056499481e-02,3.230195939540863037e-01,9.454701542854309082e-01,-4.754143059253692627e-01,2.726846933364868164e-01,3.168626874685287476e-02,1.157459139823913574e+00,-6.668688654899597168e-01,1.105983853340148926e-01,-9.154257774353027344e-01,-1.011649072170257568e-01,2.249912321567535400e-01,1.344150066375732422e+00,-7.484740018844604492e-01,6.286459416151046753e-02,-2.309780716896057129e-01,3.129878044128417969e-01,9.725516289472579956e-02,-5.948819518089294434e-01,1.062242507934570312e+00,7.114289700984954834e-02,-1.213623285293579102e+00,-1.119432151317596436e-01,-5.022099614143371582e-01,-4.201569557189941406e-01,-1.362322211265563965e+00
2.034372687339782715e-01,6.712732911109924316e-01,7.656582593917846680e-01,3.967081382870674133e-02,1.059570349752902985e-02,2.736484110355377197e-01,9.609529376029968262e-01,-3.734143078327178955e-01,2.727067470550537109e-01,4.843476042151451111e-02,1.097945451736450195e+00,-5.670246481895446777e-01,6.370855122804641724e-02,-8.208403587341308594e-01,-7.754009217023849487e-02,2.518948018550872803e-01,1.248679041862487793e+00,-6.917527318000793457e-01,8.566418290138244629e-02,-2.597659826278686523e-01,3.138481080532073975e-01,7.209765911102294922e-02,-4.928819835186004639e-01,9.602425694465637207e-01,-3.085709922015666962e-02,-1.315623283386230469e+00,-8.882399648427963257e-02,-4.741401374340057373e-01,-3.181569576263427734e-01,-1.464322209358215332e+00
2.288061082363128662e-01,6.781223416328430176e-01,8.072458505630493164e-01,4.736652225255966187e-02,-1.082134619355201721e-02,2.451194375753402710e-01,9.682746529579162598e-01,-2.714143097400665283e-01,2.813330292701721191e-01,4.244247078895568848e-02,1.000045537948608398e+00,-4.650246500968933105e-01,3.235758468508720398e-02,-7.188403606414794922e-01,-1.224815025925636292e-01,2.414576858282089233e-01,1.146679043769836426e+00,-5.897527337074279785e-01,8.036240190267562866e-02,-2.691461443901062012e-01,3.139672875404357910e-01,5.968265980482101440e-02,-3.908819854259490967e-01,8.582425117492675781e-01,-1.328570991754531860e-01,-1.417623281478881836e+00,-8.563875406980514526e-02,-5.761401653289794922e-01,-2.161569744348526001e-01,-1.566322207450866699e+00
2.531202435493469238e-01,6.784032583236694336e-01,8.562349081039428711e-01,5.559349432587623596e-02,-2.428830415010452271e-02,2.426311969757080078e-01,9.682197570800781250e-01,-1.694143116474151611e-01,3.119699358940124512e-01,7.554148137569427490e-02,8.980455398559570312e-01,-3.630246520042419434e-01,-1.961682550609111786e-02,-6.168403625488281250e-01,-1.932372599840164185e-01,1.634453386068344116e-01,1.044679045677185059e+00,-4.877527356147766113e-01,8.808405697345733643e-02,-2.889223992824554443e-01,2.817807495594024658e-01,4.679339006543159485e-02,-2.888819873332977295e-01,7.647892832756042480e-01,-2.348570972681045532e-01,-1.519623279571533203e+00,-1.480636745691299438e-01,-6.781401634216308594e-01,-1.141569688916206360e-01,-1.668322205543518066e+00
2.714828252792358398e-01,6.754553914070129395e-01,8.846974372863769531e-01,5.876266211271286011e-02,-2.726188488304615021e-02,2.472773939371109009e-01,9.667769074440002441e-01,-1.267130076885223389e-01,3.236350715160369873e-01,1.227404996752738953e-01,8.012548089027404785e-01,-2.610246539115905762e-01,-8.596337586641311646e-02,-5.148403644561767578e-01,-2.385583966970443726e-01,7.439821958541870117e-02,9.426791071891784668e-01,-3.857527375221252441e-01,1.218150556087493896e-01,-3.136563301086425781e-01,2.392929941415786743e-01,3.300941735506057739e-02,-2.050900161266326904e-01,7.968623042106628418e-01,-3.368571102619171143e-01,-1.621623277664184570e+00,-2.500636577606201172e-01,-7.801401615142822266e-01,-1.215696707367897034e-02,-1.770322203636169434e+00
2.842893600463867188e-01,6.736976504325866699e-01,9.039050340652465820e-01,6.809016317129135132e-02,-2.853421866893768311e-02,2.544976174831390381e-01,9.642512798309326172e-01,-1.600490808486938477e-01,3.186680972576141357e-01,1.239760890603065491e-01,8.490763306617736816e-01,-1.590246409177780151e-01,-1.230006515979766846e-01,-4.128403663635253906e-01,-2.741128802299499512e-01,1.854694262146949768e-02,8.406791090965270996e-01,-2.837527394294738770e-01,1.401556134223937988e-01,-3.302603065967559814e-01,2.193270325660705566e-01,6.685472559183835983e-03,-1.038388982415199280e-01,8.597500324249267578e-01,-4.388571083545684814e-01,-1.723623275756835938e+00,-3.520636558532714844e-01,-8.821401596069335938e-01,8.984303474426269531e-02,-1.872322201728820801e+00
2.925123274326324463e-01,6.757642030715942383e-01,9.041997194290161133e-01,7.291334867477416992e-02,-3.441546857357025146e-02,2.624635100364685059e-01,9.615675210952758789e-01,-2.477472424507141113e-01,3.036780059337615967e-01,7.759545743465423584e-02,9.510763287544250488e-01,-5.702464655041694641e-02,-1.312750577926635742e-01,-3.643094599246978760e-01,-2.934384047985076904e-01,2.688125334680080414e-02,8.593019247055053711e-01,-1.817527264356613159e-01,1.479973196983337402e-01,-3.313501179218292236e-01,2.415761202573776245e-01,-1.914729177951812744e-02,-6.341199576854705811e-02,8.779929876327514648e-01,-4.538106918334960938e-01,-1.825623273849487305e+00,-4.540636837482452393e-01,-9.841401576995849609e-01,1.034471243619918823e-01,-1.974322199821472168e+00
2.952443361282348633e-01,6.607702970504760742e-01,8.991954326629638672e-01,8.100260049104690552e-02,-4.090828821063041687e-02,2.643034160137176514e-01,9.601607918739318848e-01,-3.497472405433654785e-01,2.512112557888031006e-01,1.057546306401491165e-02,1.053076386451721191e+00,1.662067137658596039e-02,-1.165228560566902161e-01,-4.256516695022583008e-01,-3.035790622234344482e-01,6.978342682123184204e-02,9.613019227981567383e-01,-7.975272834300994873e-02,1.249025389552116394e-01,-3.352684676647186279e-01,2.785204052925109863e-01,-5.425154790282249451e-02,2.846910618245601654e-02,8.733123540878295898e-01,-3.580003678798675537e-01,-1.877923130989074707e+00,-5.560636520385742188e-01,-1.086140155792236328e+00,1.447121845558285713e-03,-2.076322078704833984e+00
2.926744818687438965e-01,6.674958467483520508e-01,8.737155199050903320e-01,8.830082416534423828e-02,-3.495828807353973389e-02,2.596676349639892578e-01,9.610169529914855957e-01,-4.517472386360168457e-01,1.902539581060409546e-01,-3.508782759308815002e-02,1.155076384544372559e+00,-4.799791052937507629e-02,-7.902309298515319824e-02,-5.276516675949096680e-01,-2.915141582489013672e-01,9.556174278259277344e-02,1.063301920890808105e+00,-1.830426044762134552e-02,8.386458456516265869e-02,-2.957915961742401123e-01,2.852247655391693115e-01,-6.580548733472824097e-02,7.756339758634567261e-02,7.914617657661437988e-01,-3.025235533714294434e-01,-1.824641942977905273e+00,-6.580636501312255859e-01,-1.188140153884887695e+00,-1.005528792738914490e-01,-2.178322076797485352e+00
2.817629575729370117e-01,6.721294522285461426e-01,8.373039960861206055e-01,8.480636030435562134e-02,-2.447314187884330750e-02,2.620790302753448486e-01,9.610013365745544434e-01,-5.537472367286682129e-01,1.515646427869796753e-01,-3.727540001273155212e-02,1.257076382637023926e+00,-1.272626966238021851e-01,-1.067481003701686859e-02,-6.296516656875610352e-01,-2.592785656452178955e-01,8.849543333053588867e-02,1.165301918983459473e+00,-7.748831808567047119e-02,4.877641424536705017e-02,-2.550560534000396729e-01,2.691884636878967285e-01,-5.510371550917625427e-02,-2.443659864366054535e-02,6.894617676734924316e-01,-3.693012297153472900e-01,-1.722641944885253906e+00,-7.600636482238769531e-01,-1.092535495758056641e+00,-4.318672791123390198e-02,-2.136064291000366211e+00
2.688529193401336670e-01,6.755560040473937988e-01,8.027422428131103516e-01,8.083910495042800903e-02,-5.147067084908485413e-02,2.779998183250427246e-01,9.557886123657226562e-01,-6.557472348213195801e-01,1.227422431111335754e-01,8.818930014967918396e-03,1.359076380729675293e+00,-2.201854437589645386e-01,5.087496340274810791e-02,-7.316516637802124023e-01,-2.477427721023559570e-01,5.316424369812011719e-02,1.267301917076110840e+00,-1.407944709062576294e-01,2.051905170083045959e-02,-2.286368608474731445e-01,2.929160594940185547e-01,-5.483760684728622437e-02,-1.240442171692848206e-01,5.874617695808410645e-01,-3.997055292129516602e-01,-1.620641946792602539e+00,-8.620636463165283203e-01,-9.905354380607604980e-01,-1.015411466360092163e-01,-2.039478063583374023e+00
2.626710832118988037e-01,6.804488301277160645e-01,7.848714590072631836e-01,6.324683129787445068e-02,-6.359434872865676880e-02,2.901597619056701660e-01,9.527659416198730469e-01,-7.577472329139709473e-01,9.657275676727294922e-02,4.126823320984840393e-02,1.461076378822326660e+00,-3.221854269504547119e-01,1.203306838870048523e-01,-7.863929271697998047e-01,-2.222053706645965576e-01,2.995155192911624908e-02,1.369301915168762207e+00,-2.107499986886978149e-01,-3.255650401115417480e-03,-2.134469002485275269e-01,3.108374178409576416e-01,-4.659748077392578125e-02,-1.977971047163009644e-01,4.854617416858673096e-01,-4.056091606616973877e-01,-1.518641948699951172e+00,-9.640636444091796875e-01,-8.885354399681091309e-01,-1.847831010818481445e-01,-1.975105643272399902e+00
2.629355490207672119e-01,6.881802678108215332e-01,7.908866405487060547e-01,3.201042488217353821e-02,-5.585500970482826233e-02,3.071925640106201172e-01,9.494673609733581543e-01,-7.978717088699340820e-01,6.511478126049041748e-02,5.021498352289199829e-02,1.442450165748596191e+00,-3.760621249675750732e-01,1.444030702114105225e-01,-7.587413787841796875e-01,-1.778016686439514160e-01,5.139954853802919388e-03,1.464870929718017578e+00,-2.812737822532653809e-01,-5.469142924994230270e-03,-2.146516740322113037e-01,3.135246634483337402e-01,-2.857058495283126831e-02,-1.367345005273818970e-01,3.834617435932159424e-01,-3.036091625690460205e-01,-1.416641950607299805e+00,-8.620636463165283203e-01,-7.865354418754577637e-01,-1.608282774686813354e-01,-1.963647603988647461e+00
2.675668597221374512e-01,6.980463266372680664e-01,8.129231929779052734e-01,1.303253322839736938e-02,-6.110739707946777344e-02,3.132296204566955566e-01,9.476197957992553711e-01,-6.958717107772827148e-01,5.818175524473190308e-02,5.391082167625427246e-02,1.340450167655944824e+00,-3.719136714935302734e-01,1.096689403057098389e-01,-6.567413806915283203e-01,-1.364803165197372437e-01,-1.081537455320358276e-02,1.362870931625366211e+00,-3.291848003864288330e-01,4.331217706203460693e-02,-2.031299769878387451e-01,3.139097690582275391e-01,-2.099762903526425362e-03,-8.200745284557342529e-02,2.814617455005645752e-01,-2.016091644763946533e-01,-1.314641952514648438e+00,-7.600636482238769531e-01,-6.845354437828063965e-01,-5.882827565073966980e-02,-1.861647605895996094e+00
2.696165144443511963e-01,7.074661254882812500e-01,8.322734832763671875e-01,-8.503822609782218933e-03,-6.529519706964492798e-02,3.192504942417144775e-01,9.453799724578857422e-01,-5.938717126846313477e-01,6.256355345249176025e-02,9.275319427251815796e-02,1.238450169563293457e+00,-3.328772783279418945e-01,9.430781006813049316e-02,-5.547413825988769531e-01,-7.279253005981445312e-02,1.557384338229894638e-02,1.260870933532714844e+00,-3.070162236690521240e-01,9.357591718435287476e-02,-1.858913451433181763e-01,3.139840066432952881e-01,3.114114515483379364e-02,-4.760959744453430176e-02,2.321963012218475342e-01,-9.960915893316268921e-02,-1.212641954421997070e+00,-6.580636501312255859e-01,-5.825354456901550293e-01,-1.514984387904405594e-02,-1.759647607803344727e+00
2.668889760971069336e-01,7.199700474739074707e-01,8.484641313552856445e-01,-1.523948833346366882e-02,-6.592772901058197021e-02,3.254087865352630615e-01,9.431492090225219727e-01,-5.324899554252624512e-01,5.407914146780967712e-02,5.691993236541748047e-02,1.136450171470642090e+00,-3.130879998207092285e-01,8.969873934984207153e-02,-4.527413547039031982e-01,-2.940029464662075043e-02,5.655357986688613892e-02,1.158870935440063477e+00,-3.154089152812957764e-01,1.078764051198959351e-01,-1.052733659744262695e-01,3.139975666999816895e-01,7.698379456996917725e-02,-2.362539432942867279e-02,3.341962993144989014e-01,2.390840090811252594e-03,-1.110641956329345703e+00,-5.560636520385742188e-01,-4.805354475975036621e-01,-1.121744886040687561e-01,-1.657647609710693359e+00
2.609389424324035645e-01,7.319141030311584473e-01,8.601759672164916992e-01,-5.487002432346343994e-03,-7.410924881696701050e-02,3.373180627822875977e-01,9.384531378746032715e-01,-4.674401283264160156e-01,4.555416479706764221e-02,2.952175028622150421e-02,1.034450173377990723e+00,-2.586594521999359131e-01,7.106912881135940552e-02,-3.507413566112518311e-01,-2.613489888608455658e-02,4.930364713072776794e-02,1.056870937347412109e+00,-2.600801885128021240e-01,1.169597953557968140e-01,-5.463172495365142822e-02,3.139996230602264404e-01,1.098841950297355652e-01,-5.267069861292839050e-02,4.361962974071502686e-01,1.043908372521400452e-01,-1.008641958236694336e+00,-4.540636837482452393e-01,-3.785354495048522949e-01,-2.141744941473007202e-01,-1.555647611618041992e+00
2.516510188579559326e-01,7.441890835762023926e-01,8.845388889312744141e-01,-1.120900196838192642e-04,-7.268679141998291016e-02,3.500811159610748291e-01,9.338949918746948242e-01,-3.974628150463104248e-01,2.466916479170322418e-02,-1.201910316012799740e-03,9.324501752853393555e-01,-1.747324764728546143e-01,3.599525243043899536e-02,-2.592169344425201416e-01,-3.318157047033309937e-02,4.038895666599273682e-02,9.548709392547607422e-01,-1.580801904201507568e-01,1.599707454442977905e-01,-1.537641417235136032e-02,3.139999508857727051e-01,1.323734968900680542e-01,-9.691198915243148804e-02,5.381963253021240234e-01,2.063908427953720093e-01,-9.066419601440429688e-01,-3.520636558532714844e-01,-4.511246383190155029e-01,-3.161744773387908936e-01,-1.453647613525390625e+00
2.430021911859512329e-01,7.313959598541259766e-01,9.181212186813354492e-01,1.054085884243249893e-02,-6.874870508909225464e-02,3.645979464054107666e-01,9.285638332366943359e-01,-3.278800547122955322e-01,1.362796593457460403e-02,-6.874730810523033142e-03,8.304501771926879883e-01,-7.273247092962265015e-02,-5.379905458539724350e-03,-1.885488778352737427e-01,-6.287542730569839478e-02,2.586482465267181396e-02,8.528709411621093750e-01,-5.608019605278968811e-02,2.164550274610519409e-01,9.326956234872341156e-03,3.139999806880950928e-01,1.415344178676605225e-01,-1.333508789539337158e-01,6.401963233947753906e-01,2.551184892654418945e-01,-8.046419620513916016e-01,-2.500636577606201172e-01,-5.531246662139892578e-01,-4.181744754314422607e-01,-1.351647615432739258e+00
2.340481132268905640e-01,7.335862517356872559e-01,9.502071142196655273e-01,1.403719745576381683e-02,-6.820203363895416260e-02,3.919329941272735596e-01,9.173548817634582520e-01,-2.722944617271423340e-01,1.659228280186653137e-02,-7.433006074279546738e-03,7.284501791000366211e-01,2.926752716302871704e-02,-5.816070362925529480e-02,-1.728318929672241211e-01,-8.855866640806198120e-02,1.633618772029876709e-02,7.508709430694580078e-01,4.591980576515197754e-02,2.327064871788024902e-01,1.727425376884639263e-03,3.140000104904174805e-01,1.546725183725357056e-01,-2.064381986856460571e-01,7.421963214874267578e-01,2.687900960445404053e-01,-7.026419639587402344e-01,-1.480636745691299438e-01,-6.551246643066406250e-01,-5.201745033264160156e-01,-1.249647617340087891e+00
2.253013402223587036e-01,7.337261438369750977e-01,9.521340131759643555e-01,1.125806663185358047e-02,-6.637847423553466797e-02,4.130008220672607422e-01,9.082386493682861328e-01,-2.699865996837615967e-01,3.158612921833992004e-02,-1.615495793521404266e-02,6.264501810073852539e-01,1.312675327062606812e-01,-8.871904760599136353e-02,-2.247940897941589355e-01,-1.111488789319992065e-01,-1.508779171854257584e-02,6.888529658317565918e-01,1.331179738044738770e-01,2.029319852590560913e-01,-1.435549277812242508e-02,3.140000104904174805e-01,1.629766076803207397e-01,-3.084381818771362305e-01,8.441963195800781250e-01,3.553275167942047119e-01,-6.006419658660888672e-01,-4.606366902589797974e-02,-7.174071073532104492e-01,-6.057288646697998047e-01,-1.147647619247436523e+00
2.186188548803329468e-01,7.321228981018066406e-01,9.352411031723022461e-01,2.638673642650246620e-03,-6.235020980238914490e-02,4.319623708724975586e-01,8.997299671173095703e-01,-2.910534739494323730e-01,2.839606441557407379e-02,-5.084514617919921875e-02,7.284501791000366211e-01,1.814628392457962036e-01,-1.037446185946464539e-01,-3.054633438587188721e-01,-1.164679899811744690e-01,-3.841551020741462708e-02,7.908529639244079590e-01,9.318190813064575195e-02,1.725037842988967896e-01,-2.287193760275840759e-02,3.140000104904174805e-01,1.650022864341735840e-01,-4.104381799697875977e-01,9.461963176727294922e-01,4.573275148868560791e-01,-6.186448931694030762e-01,5.593632906675338745e-02,-6.433265805244445801e-01,-6.742836236953735352e-01,-1.045647621154785156e+00
2.148861587047576904e-01,7.286685109138488770e-01,9.182966947555541992e-01,1.618854701519012451e-03,-5.388367921113967896e-02,4.435072243213653564e-01,8.946481347084045410e-01,-3.010669946670532227e-01,1.989219710230827332e-02,-7.679031044244766235e-02,8.304501771926879883e-01,1.648141592741012573e-01,-9.992212057113647461e-02,-3.561942577362060547e-01,-1.060319691896438599e-01,-4.605844616889953613e-02,8.928529620170593262e-01,5.484573915600776672e-02,1.613015383481979370e-01,-3.392176702618598938e-02,3.140000104904174805e-01,1.453171819448471069e-01,-5.100049972534179688e-01,1.048196315765380859e+00,5.593274831771850586e-01,-7.206448912620544434e-01,1.579363346099853516e-01,-5.659805536270141602e-01,-7.159241437911987305e-01,-9.436476230621337891e-01
2.093803882598876953e-01,7.223608493804931641e-01,8.855332136154174805e-01,2.315579215064644814e-03,-4.364355280995368958e-02,4.551388919353485107e-01,8.893471956253051758e-01,-3.190533518791198730e-01,6.241421680897474289e-03,-9.271045029163360596e-02,9.324501752853393555e-01,1.268968731164932251e-01,-7.607720792293548584e-02,-3.991733491420745850e-01,-8.636530488729476929e-02,-4.116011783480644226e-02,9.948529601097106934e-01,-3.520633094012737274e-03,1.461259573698043823e-01,-5.373065546154975891e-02,3.108763694763183594e-01,1.194278374314308167e-01,-5.820693969726562500e-01,1.150196313858032227e+00,6.613274812698364258e-01,-8.226448893547058105e-01,2.599363327026367188e-01,-4.674082994461059570e-01,-7.460324764251708984e-01,-8.416476249694824219e-01
2.035393714904785156e-01,7.135667800903320312e-01,8.429261445999145508e-01,5.226356908679008484e-03,-3.321580961346626282e-02,4.691326022148132324e-01,8.824873566627502441e-01,-3.397487103939056396e-01,1.132669713115319610e-04,-1.025129780173301697e-01,1.034450173377990723e+00,5.179591476917266846e-02,-2.944832295179367065e-02,-4.298315644264221191e-01,-6.402737647294998169e-02,-2.422883920371532440e-02,1.037176609039306641e+00,-9.168593585491180420e-02,1.188331320881843567e-01,-7.949873059988021851e-02,2.957431674003601074e-01,1.007432714104652405e-01,-6.840693950653076172e-01,1.252196311950683594e+00,7.633274793624877930e-01,-9.246448874473571777e-01,3.619363307952880859e-01,-3.654083013534545898e-01,-7.615134716033935547e-01,-9.010456800460815430e-01
1.977364271879196167e-01,7.006608843803405762e-01,7.993640899658203125e-01,1.111783273518085480e-02,-2.989693358540534973e-02,4.847536385059356689e-01,8.740689158439636230e-01,-3.731533288955688477e-01,5.734275560826063156e-03,-1.075309887528419495e-01,1.124805092811584473e+00,-5.020408332347869873e-02,4.130928963422775269e-02,-4.677523076534271240e-01,-4.211289435625076294e-02,-6.540277507156133652e-03,1.057740807533264160e+00,-1.936859339475631714e-01,7.861749827861785889e-02,-9.275530278682708740e-02,2.834010124206542969e-01,8.976195752620697021e-02,-7.860693931579589844e-01,1.191223263740539551e+00,6.613274812698364258e-01,-1.026644825935363770e+00,4.021084308624267578e-01,-2.634083032608032227e-01,-7.235672473907470703e-01,-1.003045678138732910e+00
1.923747360706329346e-01,6.850398778915405273e-01,7.650157213211059570e-01,1.431442424654960632e-02,-1.371104270219802856e-02,4.968011677265167236e-01,8.676379919052124023e-01,-4.188048243522644043e-01,2.244880981743335724e-02,-8.604522794485092163e-02,1.131860494613647461e+00,-1.522040814161300659e-01,1.086663380265235901e-01,-4.870381951332092285e-01,-4.170420020818710327e-02,2.039509359747171402e-03,1.062991380691528320e+00,-2.956859469413757324e-01,1.740917749702930450e-02,-1.279300898313522339e-01,2.777757346630096436e-01,5.938361212611198425e-02,-6.840693950653076172e-01,1.089223265647888184e+00,5.593274831771850586e-01,-1.128644824028015137e+00,3.101484477519989014e-01,-2.698554396629333496e-01,-6.215671896934509277e-01,-1.105045676231384277e+00
1.860778778791427612e-01,6.659926176071166992e-01,7.485364675521850586e-01,2.693692967295646667e-02,-8.965565823018550873e-03,5.186774730682373047e-01,8.544985055923461914e-01,-4.450016021728515625e-01,2.600576914846897125e-02,-6.648427993059158325e-02,1.071331501007080078e+00,-2.542040944099426270e-01,1.730188876390457153e-01,-5.009322762489318848e-01,-5.323622375726699829e-02,7.866220548748970032e-04,1.062867403030395508e+00,-3.976859450340270996e-01,-7.947884500026702881e-03,-1.299173533916473389e-01,2.599747478961944580e-01,4.065858572721481323e-02,-6.141541004180908203e-01,9.872232675552368164e-01,4.573275148868560791e-01,-1.230644822120666504e+00,2.758767902851104736e-01,-2.403349131345748901e-01,-5.195671916007995605e-01,-1.207045674324035645e+00
1.777959764003753662e-01,6.477528810501098633e-01,7.432092428207397461e-01,3.704832866787910461e-02,-1.867756247520446777e-02,5.216978788375854492e-01,8.521208167076110840e-01,-4.233342707157135010e-01,3.117250464856624603e-02,-5.551322922110557556e-02,1.019711494445800781e+00,-3.562040925025939941e-01,1.866138130426406860e-01,-4.745605587959289551e-01,-4.977759346365928650e-02,1.880278252065181732e-02,1.045903682708740234e+00,-4.996859431266784668e-01,-2.075027301907539368e-02,-1.289177685976028442e-01,2.848015427589416504e-01,2.156657911837100983e-02,-5.266021490097045898e-01,8.852232694625854492e-01,3.553275167942047119e-01,-1.332644820213317871e+00,2.172868102788925171e-01,-2.679697871208190918e-01,-4.175672233104705811e-01,-1.309045672416687012e+00
1.726050674915313721e-01,6.358044147491455078e-01,7.493911981582641602e-01,3.938287124037742615e-02,-2.077446319162845612e-02,5.216951370239257812e-01,8.519692420959472656e-01,-3.930966556072235107e-01,3.931686654686927795e-02,-4.543688893318176270e-02,9.501717686653137207e-01,-4.582040905952453613e-01,1.685379594564437866e-01,-4.429969489574432373e-01,-5.314330384135246277e-02,1.732253469526767731e-02,9.913586974143981934e-01,-6.016859412193298340e-01,1.480940496549010277e-03,-1.201835721731185913e-01,3.096202313899993896e-01,1.461045909672975540e-02,-5.048142075538635254e-01,7.832232713699340820e-01,2.533274888992309570e-01,-1.434644818305969238e+00,1.152868047356605530e-01,-3.275073468685150146e-01,-3.155672252178192139e-01,-1.207045674324035645e+00
1.679829359054565430e-01,6.267773509025573730e-01,7.712332010269165039e-01,4.252731055021286011e-02,-1.731941290199756622e-02,5.196290016174316406e-01,8.531571626663208008e-01,-3.223189413547515869e-01,6.427439302206039429e-02,3.400043351575732231e-03,8.481717705726623535e-01,-4.047500193119049072e-01,1.092594191431999207e-01,-3.913204967975616455e-01,-7.201477885246276855e-02,-1.141682267189025879e-02,8.893586993217468262e-01,-5.340684652328491211e-01,2.955661900341510773e-02,-1.271291524171829224e-01,3.133430480957031250e-01,1.032635383307933807e-02,-4.028141796588897705e-01,6.812232732772827148e-01,1.513275057077407837e-01,-1.332644820213317871e+00,1.328680571168661118e-02,-4.295073747634887695e-01,-2.135672122240066528e-01,-1.157478332519531250e+00
1.652077883481979370e-01,6.185389757156372070e-01,8.062081336975097656e-01,4.445018246769905090e-02,-1.726266369223594666e-02,5.261412858963012695e-01,8.490591645240783691e-01,-2.534266710281372070e-01,8.499116450548171997e-02,8.017988502979278564e-02,7.461717724800109863e-01,-3.072369098663330078e-01,5.982666462659835815e-02,-2.893204987049102783e-01,-9.407986700534820557e-02,-8.363743126392364502e-02,7.873587012290954590e-01,-4.320684373378753662e-01,8.841132372617721558e-02,-1.479287296533584595e-01,3.138964474201202393e-01,6.178117357194423676e-03,-3.008141815662384033e-01,5.792232751846313477e-01,4.932750388979911804e-02,-1.230644822120666504e+00,-8.766026049852371216e-02,-5.315073728561401367e-01,-1.115672215819358826e-01,-1.259478330612182617e+00
1.618670523166656494e-01,6.146240830421447754e-01,8.432506322860717773e-01,3.963842615485191345e-02,-1.340132672339677811e-02,5.420228838920593262e-01,8.393213748931884766e-01,-2.182195484638214111e-01,9.237666428089141846e-02,1.250034719705581665e-01,6.534873247146606445e-01,-2.052368968725204468e-01,6.037941202521324158e-03,-1.975318193435668945e-01,-1.066963449120521545e-01,-1.508867740631103516e-01,6.853587031364440918e-01,-3.300684392452239990e-01,1.376010924577713013e-01,-1.413310468196868896e-01,2.903753221035003662e-01,8.931477786973118782e-04,-1.988141834735870361e-01,5.990806221961975098e-01,-5.267249792814254761e-02,-1.128644824028015137e+00,-7.725936174392700195e-02,-6.335073709487915039e-01,-1.700726300477981567e-01,-1.361478328704833984e+00
1.559621542692184448e-01,6.134324669837951660e-01,8.737971782684326172e-01,3.243262693285942078e-02,-1.243245415389537811e-02,5.650312304496765137e-01,8.243380784988403320e-01,-2.145235091447830200e-01,1.055941656231880188e-01,1.428848206996917725e-01,6.988711953163146973e-01,-1.344857364892959595e-01,-4.508030787110328674e-02,-1.261576861143112183e-01,-9.727898985147476196e-02,-1.629295647144317627e-01,5.833587050437927246e-01,-2.280684411525726318e-01,1.719144135713577271e-01,-1.276195794343948364e-01,2.689744234085083008e-01,-2.217314019799232483e-02,-9.681417793035507202e-02,7.010806202888488770e-01,-1.546725034713745117e-01,-1.026644825935363770e+00,-9.669802337884902954e-02,-7.355073690414428711e-01,-2.289844602346420288e-01,-1.430184483528137207e+00
1.465668976306915283e-01,6.156208515167236328e-01,8.969535827636718750e-01,3.860684111714363098e-02,-2.159407548606395721e-02,5.866452455520629883e-01,8.086349964141845703e-01,-2.275607883930206299e-01,1.256505697965621948e-01,1.544823646545410156e-01,8.008711934089660645e-01,-7.878893613815307617e-02,-7.629725337028503418e-02,-6.337891519069671631e-02,-9.584035724401473999e-02,-1.736191511154174805e-01,4.813587069511413574e-01,-1.260684430599212646e-01,1.849986016750335693e-01,-9.808641672134399414e-02,2.799474895000457764e-01,-5.475464835762977600e-02,5.185819230973720551e-03,8.030806183815002441e-01,-6.577410548925399780e-02,-9.246448874473571777e-01,-1.648862361907958984e-01,-8.375073671340942383e-01,-2.622559070587158203e-01,-1.342910408973693848e+00
1.332882344722747803e-01,6.219525933265686035e-01,9.137977361679077148e-01,4.372324049472808838e-02,-2.278023771941661835e-02,6.109790205955505371e-01,7.901101112365722656e-01,-2.923735380172729492e-01,1.445068567991256714e-01,1.459722965955734253e-01,9.028712511062622070e-01,-6.364799290895462036e-02,-9.120955318212509155e-02,-3.307053446769714355e-02,-1.029715165495872498e-01,-1.826660782098770142e-01,3.793587088584899902e-01,-2.406843565404415131e-02,1.737465411424636841e-01,-5.461338534951210022e-02,3.014506995677947998e-01,-7.643482089042663574e-02,1.071858182549476624e-01,9.050806164741516113e-01,3.622589260339736938e-02,-8.226448893547058105e-01,-2.537462413311004639e-01,-9.395073652267456055e-01,-2.997926175594329834e-01,-1.240910410881042480e+00
1.185016930103302002e-01,6.293372511863708496e-01,9.176032543182373047e-01,2.824221365153789520e-02,-1.718283630907535553e-03,6.310795545578002930e-01,7.752019166946411133e-01,-3.943735361099243164e-01,1.382457017898559570e-01,1.225243434309959412e-01,1.004871249198913574e+00,-8.310338854789733887e-02,-7.979717850685119629e-02,-8.407793939113616943e-02,-1.258386224508285522e-01,-1.815372407436370850e-01,3.951377272605895996e-01,7.793156057596206665e-02,1.593908518552780151e-01,-6.216097157448530197e-03,2.805137634277343750e-01,-9.097424894571304321e-02,2.091858237981796265e-01,1.007080674171447754e+00,-6.577410548925399780e-02,-7.206448912620544434e-01,-3.557462394237518311e-01,-1.041507363319396973e+00,-4.017926156520843506e-01,-1.138910412788391113e+00
1.027243062853813171e-01,6.382769942283630371e-01,9.014989137649536133e-01,2.625396288931369781e-02,3.000956960022449493e-03,6.562671065330505371e-01,7.540658116340637207e-01,-4.963735342025756836e-01,1.264651417732238770e-01,7.117152214050292969e-02,1.106871247291564941e+00,-1.003934741020202637e-01,-4.723876714706420898e-02,-1.449454724788665771e-01,-1.542389392852783203e-01,-1.686671376228332520e-01,4.971377253532409668e-01,8.438833802938461304e-02,1.422276943922042847e-01,4.121600091457366943e-02,2.995849251747131348e-01,-9.153628349304199219e-02,2.260745763778686523e-01,1.109080672264099121e+00,-5.139399692416191101e-02,-6.186448931694030762e-01,-4.577462375164031982e-01,-1.143507361412048340e+00,-5.037926435470581055e-01,-1.061504006385803223e+00
8.434823155403137207e-02,6.467570066452026367e-01,8.694510459899902344e-01,1.854328252375125885e-02,1.382151897996664047e-02,6.739258170127868652e-01,7.384369373321533203e-01,-5.983735322952270508e-01,1.019742116332054138e-01,7.777661550790071487e-03,1.208871245384216309e+00,-1.260249167680740356e-01,-1.411327812820672989e-02,-2.469454705715179443e-01,-1.904124021530151367e-01,-1.342587172985076904e-01,5.991377234458923340e-01,-1.761166378855705261e-02,1.023583114147186279e-01,8.418959379196166992e-02,3.117054104804992676e-01,-7.706480473279953003e-02,2.022533714771270752e-01,1.211080670356750488e+00,5.060600489377975464e-02,-5.166448950767517090e-01,-5.466559529304504395e-01,-1.245507359504699707e+00,-6.057926416397094727e-01,-1.086225509643554688e+00
6.544350087642669678e-02,6.507148742675781250e-01,8.319367170333862305e-01,4.160878714174032211e-03,2.081227861344814301e-02,6.805492043495178223e-01,7.323949337005615234e-01,-7.003735303878784180e-01,9.605857729911804199e-02,-5.241631343960762024e-02,1.310871243476867676e+00,-1.764182448387145996e-01,8.863510563969612122e-03,-3.489454686641693115e-01,-2.288161814212799072e-01,-8.870082348585128784e-02,7.011377215385437012e-01,-1.196116656064987183e-01,7.172235846519470215e-02,1.290529221296310425e-01,3.136501312255859375e-01,-5.689138174057006836e-02,2.069161683320999146e-01,1.313080668449401855e+00,1.526060104370117188e-01,-6.186448931694030762e-01,-5.747697949409484863e-01,-1.347507357597351074e+00,-7.077926397323608398e-01,-1.117431879043579102e+00
4.737875983119010925e-02,6.506248116493225098e-01,7.974568605422973633e-01,-8.190345950424671173e-03,1.748661324381828308e-02,6.862496733665466309e-01,7.271097302436828613e-01,-8.023735284805297852e-01,1.219576448202133179e-01,-1.058367639780044556e-01,1.412871241569519043e+00,-2.768018543720245361e-01,3.030379116535186768e-02,-4.509454667568206787e-01,-2.712742686271667480e-01,-4.080580174922943115e-02,8.031377196311950684e-01,-2.034132629632949829e-01,8.023847639560699463e-02,1.689233779907226562e-01,3.139475286006927490e-01,-2.581093087792396545e-02,2.322988957166671753e-01,1.211080670356750488e+00,2.546060085296630859e-01,-7.206448912620544434e-01,-5.695185065269470215e-01,-1.449507355690002441e+00,-8.097926378250122070e-01,-1.158348560333251953e+00
3.136915341019630432e-02,6.533381342887878418e-01,7.694314718246459961e-01,-2.186207845807075500e-02,1.229074504226446152e-02,6.923371553421020508e-01,7.211381196975708008e-01,-9.043735265731811523e-01,1.465486288070678711e-01,-1.534236669540405273e-01,1.507346272468566895e+00,-3.788018524646759033e-01,4.065518826246261597e-02,-5.529454946517944336e-01,-3.089251220226287842e-01,-1.151816081255674362e-02,9.051377177238464355e-01,-2.579856216907501221e-01,1.165213584899902344e-01,1.672746092081069946e-01,3.139921426773071289e-01,7.484071422368288040e-03,2.386801540851593018e-01,1.109080672264099121e+00,1.551933586597442627e-01,-8.226448893547058105e-01,-6.353884339332580566e-01,-1.347507357597351074e+00,-9.117926359176635742e-01,-1.208283662796020508e+00
1.316831447184085846e-02,6.588109135627746582e-01,7.468177080154418945e-01,-3.736349567770957947e-02,1.198592409491539001e-02,6.925262212753295898e-01,7.203247547149658203e-01,-9.731655716896057129e-01,1.499146670103073120e-01,-1.890720427036285400e-01,1.452882289886474609e+00,-4.808018505573272705e-01,6.630177050828933716e-02,-6.434560418128967285e-01,-3.518474996089935303e-01,-2.544381096959114075e-02,1.007137775421142578e+00,-3.554370999336242676e-01,1.219864785671234131e-01,1.427632868289947510e-01,3.139988183975219727e-01,3.343354910612106323e-02,1.662815660238265991e-01,1.007080674171447754e+00,5.319335311651229858e-02,-9.246448874473571777e-01,-6.055398583412170410e-01,-1.245507359504699707e+00,-8.175286650657653809e-01,-1.181343555450439453e+00
-6.975475698709487915e-03,6.702054738998413086e-01,7.281020879745483398e-01,-4.725109413266181946e-02,6.596957333385944366e-03,6.873542666435241699e-01,7.247536778450012207e-01,-9.691917300224304199e-01,1.396886259317398071e-01,-2.190979272127151489e-01,1.427912235260009766e+00,-5.828018784523010254e-01,1.273218691349029541e-01,-6.176060438156127930e-01,-3.745494484901428223e-01,-4.199915379285812378e-02,1.026658177375793457e+00,-3.882252871990203857e-01,1.434469223022460938e-01,1.675853729248046875e-01,3.139998316764831543e-01,6.565754860639572144e-02,1.373045146465301514e-01,9.050806164741516113e-01,-4.880664870142936707e-02,-1.026644825935363770e+00,-5.035398602485656738e-01,-1.143507361412048340e+00,-7.155286669731140137e-01,-1.136608123779296875e+00
-2.260734513401985168e-02,6.879964470863342285e-01,7.132114171981811523e-01,-5.793120339512825012e-02,7.074085529893636703e-03,6.803943514823913574e-01,7.305185794830322266e-01,-9.638822078704833984e-01,1.328283101320266724e-01,-2.256362289190292358e-01,1.452941536903381348e+00,-6.848018765449523926e-01,1.979403048753738403e-01,-5.865380167961120605e-01,-3.859671056270599365e-01,-4.004180058836936951e-02,9.870016574859619141e-01,-4.136146306991577148e-01,1.416465491056442261e-01,1.785069257020950317e-01,3.139999508857727051e-01,8.739345520734786987e-02,1.485179811716079712e-01,8.030806183815002441e-01,-1.508066505193710327e-01,-1.128644824028015137e+00,-4.015398621559143066e-01,-1.041507363319396973e+00,-6.135286688804626465e-01,-1.238608121871948242e+00
-2.977226115763187408e-02,7.028945684432983398e-01,7.072641849517822266e-01,-5.029483139514923096e-02,-3.556930460035800934e-03,6.739464998245239258e-01,7.370575666427612305e-01,-9.209374785423278809e-01,1.381659656763076782e-01,-2.126546055078506470e-01,1.467796683311462402e+00,-7.852702736854553223e-01,2.346084713935852051e-01,-5.529438853263854980e-01,-3.893601298332214355e-01,-9.210659191012382507e-03,9.499674439430236816e-01,-3.835025131702423096e-01,1.283556669950485229e-01,1.713225394487380981e-01,3.139999806880950928e-01,1.076112613081932068e-01,1.845528483390808105e-01,7.010806202888488770e-01,-1.277288198471069336e-01,-1.207861065864562988e+00,-2.995398640632629395e-01,-9.395073652267456055e-01,-5.115286707878112793e-01,-1.340608119964599609e+00
-4.126833379268646240e-02,7.079807519912719727e-01,7.168074846267700195e-01,-4.450826719403266907e-02,-2.600453421473503113e-02,6.410217881202697754e-01,7.657896876335144043e-01,-8.364927768707275391e-01,1.743642389774322510e-01,-1.900920122861862183e-01,1.456047415733337402e+00,-8.003405332565307617e-01,2.156162708997726440e-01,-5.110114216804504395e-01,-3.813536465167999268e-01,4.456089064478874207e-02,8.790311217308044434e-01,-2.821393609046936035e-01,1.525284051895141602e-01,1.554345339536666870e-01,3.140000104904174805e-01,1.490342319011688232e-01,2.162221521139144897e-01,5.990806221961975098e-01,-2.572882361710071564e-02,-1.105861067771911621e+00,-1.975398659706115723e-01,-8.375073671340942383e-01,-4.095286428928375244e-01,-1.238608121871948242e+00
-4.078917577862739563e-02,7.099694609642028809e-01,7.354034185409545898e-01,-3.711111098527908325e-02,-5.372117459774017334e-02,6.049438118934631348e-01,7.935866713523864746e-01,-7.344927787780761719e-01,2.331216931343078613e-01,-1.596458703279495239e-01,1.417292356491088867e+00,-8.001319766044616699e-01,1.579396575689315796e-01,-4.829863905906677246e-01,-3.836200833320617676e-01,8.057614415884017944e-02,8.270215392112731934e-01,-1.801393479108810425e-01,1.709570437669754028e-01,1.471011936664581299e-01,3.140000104904174805e-01,2.200093418359756470e-01,2.087077349424362183e-01,5.614367723464965820e-01,3.671490028500556946e-02,-1.003861069679260254e+00,-9.553986042737960815e-02,-7.355073690414428711e-01,-3.075286448001861572e-01,-1.136608123779296875e+00
-4.940023273229598999e-02,7.344042658805847168e-01,7.641664743423461914e-01,-3.053405694663524628e-02,-8.174833655357360840e-02,5.708132982254028320e-01,8.164294362068176270e-01,-6.324927806854248047e-01,2.931031882762908936e-01,-8.991426974534988403e-02,1.327791810035705566e+00,-6.981319785118103027e-01,6.282634288072586060e-02,-4.378327429294586182e-01,-4.153106510639190674e-01,4.086327180266380310e-02,7.605963945388793945e-01,-7.813934981822967529e-02,2.041099965572357178e-01,1.175557002425193787e-01,3.139826357364654541e-01,2.769417762756347656e-01,2.035826444625854492e-01,6.634367704391479492e-01,7.441247999668121338e-02,-9.018610715866088867e-01,-6.863085553050041199e-03,-8.300322294235229492e-01,-2.055286467075347900e-01,-1.034608125686645508e+00
-5.360775813460350037e-02,7.514249682426452637e-01,7.980566024780273438e-01,-2.502951398491859436e-02,-9.761482477188110352e-02,5.475583672523498535e-01,8.306772708892822266e-01,-5.304927825927734375e-01,3.136882781982421875e-01,-5.340768396854400635e-02,1.225791811943054199e+00,-5.961319804191589355e-01,-1.596024818718433380e-02,-4.126670956611633301e-01,-4.441605806350708008e-01,7.049104664474725723e-03,7.626384496688842773e-01,2.105659618973731995e-02,2.003396749496459961e-01,7.434412091970443726e-02,3.127269148826599121e-01,3.110492229461669922e-01,1.704293936491012573e-01,7.654367685317993164e-01,6.338644027709960938e-02,-7.998610734939575195e-01,3.474874794483184814e-02,-9.320322275161743164e-01,-2.506048381328582764e-01,-9.326081275939941406e-01
-5.277420952916145325e-02,7.611477971076965332e-01,8.319877386093139648e-01,-2.971605397760868073e-02,-1.009342446923255920e-01,5.262957811355590820e-01,8.437665700912475586e-01,-4.284927546977996826e-01,3.300687968730926514e-01,-3.882774710655212402e-02,1.141310453414916992e+00,-4.941319525241851807e-01,-7.847584038972854614e-02,-4.303038716316223145e-01,-4.630481302738189697e-01,-9.095060639083385468e-03,8.152291774749755859e-01,6.565941870212554932e-02,1.803461611270904541e-01,1.884844712913036346e-02,3.137538731098175049e-01,3.419499993324279785e-01,1.039299219846725464e-01,8.674367666244506836e-01,4.829643666744232178e-02,-6.978610754013061523e-01,6.013606116175651550e-02,-1.034032225608825684e+00,-3.003332018852233887e-01,-8.306081295013427734e-01
-4.668134823441505432e-02,7.679274082183837891e-01,8.571707010269165039e-01,-3.883010894060134888e-02,-9.214206039905548096e-02,5.157592296600341797e-01,8.508786559104919434e-01,-3.555294573307037354e-01,3.492034375667572021e-01,-3.650714457035064697e-02,1.081439137458801270e+00,-3.921319544315338135e-01,-1.247737780213356018e-01,-4.694113731384277344e-01,-4.783856868743896484e-01,-3.884884342551231384e-02,8.976652026176452637e-01,5.932901054620742798e-02,1.672992408275604248e-01,-2.983021736145019531e-02,3.139618337154388428e-01,3.560592830181121826e-01,1.929920399561524391e-03,9.694367647171020508e-01,6.803060322999954224e-02,-5.958610773086547852e-01,7.560336589813232422e-02,-1.134800195693969727e+00,-4.023331999778747559e-01,-7.286081314086914062e-01
-3.583395108580589294e-02,7.709978222846984863e-01,8.633882999420166016e-01,-4.047479107975959778e-02,-7.184055447578430176e-02,5.060350298881530762e-01,8.585623502731323242e-01,-3.484409451484680176e-01,3.504327833652496338e-01,-4.666697978973388672e-02,1.043027043342590332e+00,-2.901319563388824463e-01,-1.319808363914489746e-01,-5.314532518386840820e-01,-4.764048755168914795e-01,-3.489220887422561646e-02,9.996652603149414062e-01,4.095977544784545898e-02,1.634610891342163086e-01,-7.150285691022872925e-02,3.139942884445190430e-01,3.323003351688385010e-01,-1.000700816512107849e-01,1.071436762809753418e+00,1.260381639003753662e-01,-4.938611090183258057e-01,9.764702618122100830e-02,-1.110604286193847656e+00,-5.043331980705261230e-01,-6.266081333160400391e-01
-2.306520193815231323e-02,7.695496082305908203e-01,8.503118753433227539e-01,-3.500283509492874146e-02,-4.462404549121856689e-02,4.902589321136474609e-01,8.697296380996704102e-01,-3.831469714641571045e-01,3.312518894672393799e-01,-7.721472531557083130e-02,1.034626245498657227e+00,-1.881319582462310791e-01,-1.067095473408699036e-01,-6.036718487739562988e-01,-4.531077444553375244e-01,-2.246390841901302338e-02,1.101665258407592773e+00,2.759728231467306614e-04,1.631337404251098633e-01,-9.361498057842254639e-02,3.139991462230682373e-01,2.727889120578765869e-01,-2.020700722932815552e-01,1.173436760902404785e+00,2.280381619930267334e-01,-4.491880536079406738e-01,1.348119974136352539e-01,-1.008604288101196289e+00,-6.063331961631774902e-01,-5.246080756187438965e-01
-1.142787095159292221e-02,7.632239460945129395e-01,8.264706134796142578e-01,-2.756121195852756500e-02,-2.305873110890388489e-02,4.702149629592895508e-01,8.818200230598449707e-01,-4.308260679244995117e-01,3.030255138874053955e-01,-9.430298209190368652e-02,1.023875832557678223e+00,-1.495374143123626709e-01,-6.037937477231025696e-02,-6.707053780555725098e-01,-4.047922790050506592e-01,1.149384770542383194e-02,1.175714135169982910e+00,-6.841501593589782715e-02,1.709106266498565674e-01,-1.180915087461471558e-01,3.139998614788055420e-01,2.086348831653594971e-01,-3.040700852870941162e-01,1.275436758995056152e+00,3.300381600856781006e-01,-5.511880517005920410e-01,1.571851074695587158e-01,-9.066042304039001465e-01,-7.083331942558288574e-01,-6.266081333160400391e-01
-1.843437319621443748e-03,7.551504969596862793e-01,7.955960035324096680e-01,-1.442836225032806396e-02,-1.064847689121961594e-02,4.536699652671813965e-01,8.909893631935119629e-01,-4.899549484252929688e-01,2.645089626312255859e-01,-9.399395436048507690e-02,1.027821660041809082e+00,-2.515374124050140381e-01,1.741015538573265076e-02,-7.100192308425903320e-01,-3.806632757186889648e-01,1.825773902237415314e-02,1.185506105422973633e+00,-1.704150140285491943e-01,1.778379231691360474e-01,-1.516272127628326416e-01,3.139999806880950928e-01,1.533828526735305786e-01,-4.060700833797454834e-01,1.377436757087707520e+00,4.320381581783294678e-01,-6.531880497932434082e-01,5.518510192632675171e-02,-8.046042323112487793e-01,-8.103331923484802246e-01,-7.286081314086914062e-01
7.969105616211891174e-03,7.455877065658569336e-01,7.614942789077758789e-01,-5.883337464183568954e-03,9.009353816509246826e-03,4.383660256862640381e-01,8.987321257591247559e-01,-5.409578084945678711e-01,2.614403367042541504e-01,-5.556210130453109741e-02,1.057409286499023438e+00,-3.535374104976654053e-01,8.881962299346923828e-02,-7.424687147140502930e-01,-3.698057234287261963e-01,9.066511876881122589e-03,1.167527318000793457e+00,-2.605875134468078613e-01,1.746930181980133057e-01,-1.731735020875930786e-01,3.121209740638732910e-01,1.182613298296928406e-01,-5.080700516700744629e-01,1.275436758995056152e+00,3.300381600856781006e-01,-7.551880478858947754e-01,-1.951849204488098621e-03,-7.026042342185974121e-01,-7.512084841728210449e-01,-8.306081295013427734e-01
2.068274654448032379e-02,7.405490279197692871e-01,7.302615642547607422e-01,8.373118005692958832e-03,8.846527896821498871e-03,4.319486916065216064e-01,9.018159508705139160e-01,-5.823520421981811523e-01,2.705997228622436523e-01,-4.083858802914619446e-02,1.117673873901367188e+00,-4.555374085903167725e-01,1.422539651393890381e-01,-7.734777927398681641e-01,-3.318077921867370605e-01,5.289005115628242493e-02,1.176272034645080566e+00,-3.625875115394592285e-01,1.244490221142768860e-01,-1.701131910085678101e-01,3.137008547782897949e-01,9.592946618795394897e-02,-6.100701093673706055e-01,1.173436760902404785e+00,2.280381619930267334e-01,-8.571880459785461426e-01,-2.737921103835105896e-02,-6.006042361259460449e-01,-6.492084860801696777e-01,-9.326081275939941406e-01
3.265674784779548645e-02,7.429834604263305664e-01,7.214525938034057617e-01,5.178858060389757156e-03,1.429935544729232788e-02,4.268102645874023438e-01,9.042133092880249023e-01,-6.036214232444763184e-01,2.598642706871032715e-01,-5.153685063123703003e-02,1.146377563476562500e+00,-5.575374364852905273e-01,1.749425977468490601e-01,-7.969613075256347656e-01,-2.853679656982421875e-01,1.269788295030593872e-01,1.201310038566589355e+00,-4.645875096321105957e-01,1.002138406038284302e-01,-1.699589937925338745e-01,3.139358460903167725e-01,9.797437489032745361e-02,-7.120701074600219727e-01,1.071436762809753418e+00,1.260381639003753662e-01,-9.591880440711975098e-01,-2.059912495315074921e-02,-4.986042380332946777e-01,-5.472084879875183105e-01,-1.034608125686645508e+00
4.420264065265655518e-02,7.486199140548706055e-01,7.470594644546508789e-01,1.402577944099903107e-02,1.187834073789417744e-03,4.148610234260559082e-01,9.097759127616882324e-01,-5.080115199089050293e-01,2.508125007152557373e-01,-2.852981537580490112e-02,1.044377565383911133e+00,-5.671812891960144043e-01,1.258929520845413208e-01,-7.017701864242553711e-01,-2.507082819938659668e-01,1.625958383083343506e-01,1.100810408592224121e+00,-4.902792572975158691e-01,9.437891095876693726e-02,-1.801803410053253174e-01,3.139893710613250732e-01,1.009542271494865417e-01,-7.865729331970214844e-01,9.694367647171020508e-01,2.403816953301429749e-02,-1.061188101768493652e+00,3.520961105823516846e-02,-3.966042399406433105e-01,-4.452085196971893311e-01,-1.136608123779296875e+00
5.537444725632667542e-02,7.504431009292602539e-01,7.939468622207641602e-01,3.270447626709938049e-02,-1.717060618102550507e-02,4.000239968299865723e-01,9.157599806785583496e-01,-4.060115218162536621e-01,2.416516691446304321e-01,7.091090083122253418e-03,9.423775076866149902e-01,-4.651812911033630371e-01,5.488386005163192749e-02,-5.997701883316040039e-01,-2.637123167514801025e-01,1.399515867233276367e-01,9.988104104995727539e-01,-3.882792592048645020e-01,1.295197159051895142e-01,-1.987783312797546387e-01,3.135448992252349854e-01,7.802662998437881470e-02,-6.845729351043701172e-01,8.674367666244506836e-01,-7.796183228492736816e-02,-1.163188099861145020e+00,6.416062265634536743e-02,-3.822722733020782471e-01,-3.432085216045379639e-01,-1.238608121871948242e+00
7.077653706073760986e-02,7.449511289596557617e-01,8.457232713699340820e-01,4.930648207664489746e-02,-2.822044305503368378e-02,3.789316713809967041e-01,9.236792325973510742e-01,-3.040115237236022949e-01,2.526504695415496826e-01,6.414850801229476929e-02,8.403775095939636230e-01,-3.631812930107116699e-01,-2.119808457791805267e-02,-4.977701902389526367e-01,-2.867556214332580566e-01,8.462306857109069824e-02,8.968104124069213867e-01,-2.862792611122131348e-01,1.722030341625213623e-01,-2.138021439313888550e-01,2.877418398857116699e-01,3.891216963529586792e-02,-5.825729370117187500e-01,7.654367685317993164e-01,-1.799618303775787354e-01,-1.265188097953796387e+00,-4.197616595774888992e-03,-4.842722713947296143e-01,-2.412085086107254028e-01,-1.340608119964599609e+00
8.448380231857299805e-02,7.297251820564270020e-01,8.938094377517700195e-01,5.354484170675277710e-02,-3.208837658166885376e-02,3.622147440910339355e-01,9.300020337104797363e-01,-2.020115107297897339e-01,2.586841881275177002e-01,1.086459755897521973e-01,7.383775115013122559e-01,-2.611812949180603027e-01,-9.146672487258911133e-02,-4.143078625202178955e-01,-2.788058221340179443e-01,4.569202661514282227e-02,7.948104143142700195e-01,-1.842792481184005737e-01,2.028369158506393433e-01,-2.265104055404663086e-01,2.664717435836791992e-01,1.053458638489246368e-02,-4.805729389190673828e-01,6.634367704391479492e-01,-2.819618284702301025e-01,-1.367188096046447754e+00,-1.061976179480552673e-01,-5.862722992897033691e-01,-1.392085105180740356e-01,-1.442608118057250977e+00
9.689497202634811401e-02,7.125644683837890625e-01,9.324398040771484375e-01,5.610747635364532471e-02,-2.757949754595756531e-02,3.530375361442565918e-01,9.335179924964904785e-01,-1.737767308950424194e-01,2.630639076232910156e-01,1.307374686002731323e-01,6.996902227401733398e-01,-1.591812819242477417e-01,-1.455805003643035889e-01,-3.886531889438629150e-01,-2.572269737720489502e-01,1.328707952052354813e-02,6.928104162216186523e-01,-8.227925002574920654e-02,2.378260940313339233e-01,-2.507543563842773438e-01,2.494986355304718018e-01,-6.493322085589170456e-03,-3.785729408264160156e-01,6.887415647506713867e-01,-3.839618265628814697e-01,-1.469188094139099121e+00,-2.081976234912872314e-01,-6.882722973823547363e-01,-3.720851242542266846e-02,-1.544608116149902344e+00
1.110715195536613464e-01,6.990991234779357910e-01,9.353795051574707031e-01,6.049467623233795166e-02,-2.612715400755405426e-02,3.562661409378051758e-01,9.320580363273620605e-01,-2.434469461441040039e-01,2.460537701845169067e-01,1.026251241564750671e-01,8.016902208328247070e-01,-5.718128383159637451e-02,-1.588741391897201538e-01,-4.155904352664947510e-01,-2.289795279502868652e-01,-6.994900759309530258e-04,6.250277757644653320e-01,1.972074806690216064e-02,2.485706061124801636e-01,-2.845271527767181396e-01,2.580023705959320068e-01,-2.585182711482048035e-02,-2.794775664806365967e-01,6.925624012947082520e-01,-4.859618246555328369e-01,-1.571188092231750488e+00,-3.101976215839385986e-01,-7.902722954750061035e-01,6.479148566722869873e-02,-1.646608114242553711e+00
1.258823275566101074e-01,6.916233897209167480e-01,9.397250413894653320e-01,6.375032663345336914e-02,-2.134867385029792786e-02,3.619515597820281982e-01,9.297694563865661621e-01,-3.271328210830688477e-01,2.087114304304122925e-01,6.011036410927772522e-02,9.036902189254760742e-01,4.481871798634529114e-02,-1.479831337928771973e-01,-4.825743436813354492e-01,-2.180872261524200439e-01,-1.043140888214111328e-02,7.270277738571166992e-01,1.217207461595535278e-01,2.249387204647064209e-01,-3.175831735134124756e-01,2.671976685523986816e-01,-5.363804474472999573e-02,-2.384692281484603882e-01,6.410232186317443848e-01,-5.879618525505065918e-01,-1.673188090324401855e+00,-4.121976196765899658e-01,-8.922722935676574707e-01,-2.376582846045494080e-02,-1.748608112335205078e+00
1.366843283176422119e-01,6.672773361206054688e-01,9.216405153274536133e-01,5.830429866909980774e-02,-1.949816197156906128e-02,3.623127937316894531e-01,9.300268292427062988e-01,-3.911090493202209473e-01,1.594354659318923950e-01,3.731553256511688232e-02,1.005690217018127441e+00,5.801145732402801514e-02,-1.234208866953849792e-01,-5.704513788223266602e-01,-2.182408273220062256e-01,-1.764437928795814514e-02,8.290277719497680664e-01,2.225848138332366943e-01,1.723467856645584106e-01,-3.211106061935424805e-01,2.779080271720886230e-01,-6.843972951173782349e-02,-1.893141567707061768e-01,5.965089201927185059e-01,-5.806614756584167480e-01,-1.703080177307128906e+00,-5.141975879669189453e-01,-9.942722916603088379e-01,-1.251469403505325317e-01,-1.850608110427856445e+00
1.430830359458923340e-01,6.647315621376037598e-01,8.826243877410888672e-01,4.554480314254760742e-02,-2.831704728305339813e-02,3.545792400836944580e-01,9.334867000579833984e-01,-4.442820250988006592e-01,1.190646886825561523e-01,4.119833558797836304e-02,1.107690215110778809e+00,-1.096577011048793793e-02,-6.501262634992599487e-02,-6.615673899650573730e-01,-2.202409803867340088e-01,-3.682188317179679871e-02,9.310277700424194336e-01,1.293307840824127197e-01,8.739271759986877441e-02,-2.956472337245941162e-01,3.012274205684661865e-01,-7.365176081657409668e-02,-8.731415867805480957e-02,6.033403873443603516e-01,-4.786614775657653809e-01,-1.805080175399780273e+00,-6.161976456642150879e-01,-1.096272230148315430e+00,-2.225384712219238281e-01,-1.952608108520507812e+00
1.466554552316665649e-01,6.637264490127563477e-01,8.354836702346801758e-01,3.277323022484779358e-02,-3.669437393546104431e-02,3.515111207962036133e-01,9.348900318145751953e-01,-5.200990438461303711e-01,9.391304850578308105e-02,6.075934693217277527e-02,1.209690213203430176e+00,-1.092234551906585693e-01,6.025219336152076721e-03,-7.263544201850891113e-01,-1.908301562070846558e-01,-1.463229209184646606e-02,1.033027768135070801e+00,2.733078040182590485e-02,2.705212123692035675e-02,-2.567521631717681885e-01,3.061760663986206055e-01,-4.510350152850151062e-02,-9.804716706275939941e-02,5.013403892517089844e-01,-3.992057442665100098e-01,-1.703080177307128906e+00,-7.181976437568664551e-01,-1.165414214134216309e+00,-1.651558429002761841e-01,-2.018157005310058594e+00
1.503213346004486084e-01,6.651290655136108398e-01,7.963272333145141602e-01,2.144992537796497345e-02,-4.901789128780364990e-02,3.608993887901306152e-01,9.310685992240905762e-01,-6.073960065841674805e-01,9.474527835845947266e-02,8.182480186223983765e-02,1.311690211296081543e+00,-2.112234532833099365e-01,9.388262778520584106e-02,-7.647606730461120605e-01,-1.601433306932449341e-01,1.381529681384563446e-02,1.135027766227722168e+00,-7.466921955347061157e-02,1.372941303998231888e-02,-2.274690717458724976e-01,3.128264248371124268e-01,-1.411927491426467896e-02,-1.601936072111129761e-01,3.993403613567352295e-01,-3.943523466587066650e-01,-1.601080179214477539e+00,-8.201976418495178223e-01,-1.063414216041564941e+00,-2.596549391746520996e-01,-1.918548107147216797e+00
1.540284305810928345e-01,6.701512932777404785e-01,7.740368843078613281e-01,8.936652913689613342e-03,-4.406784847378730774e-02,3.795468509197235107e-01,9.240791797637939453e-01,-6.823617815971374512e-01,8.705876767635345459e-02,1.062291339039802551e-01,1.413690209388732910e+00,-3.132234513759613037e-01,1.613587141036987305e-01,-7.502691149711608887e-01,-1.436555981636047363e-01,2.118601463735103607e-02,1.237027764320373535e+00,-1.766692250967025757e-01,2.038707211613655090e-02,-2.189385592937469482e-01,3.138239681720733643e-01,1.414214726537466049e-02,-2.119536995887756348e-01,3.247562348842620850e-01,-3.968320488929748535e-01,-1.499080181121826172e+00,-8.427609801292419434e-01,-9.614142179489135742e-01,-3.616549372673034668e-01,-1.892946124076843262e+00
1.594791561365127563e-01,6.784627437591552734e-01,7.675809860229492188e-01,2.271165139973163605e-03,-3.527274355292320251e-02,3.941238522529602051e-01,9.183773994445800781e-01,-6.745601296424865723e-01,6.842741370201110840e-02,1.008145064115524292e-01,1.358504176139831543e+00,-4.152234494686126709e-01,1.843763887882232666e-01,-6.985456943511962891e-01,-1.246858015656471252e-01,4.227839410305023193e-02,1.339027762413024902e+00,-2.786692082881927490e-01,4.974843468517065048e-03,-2.354051321744918823e-01,3.139734864234924316e-01,2.385019883513450623e-02,-1.495983302593231201e-01,2.435790598392486572e-01,-3.003526628017425537e-01,-1.397080183029174805e+00,-7.407609820365905762e-01,-8.594142198562622070e-01,-4.201337695121765137e-01,-1.840135574340820312e+00
1.611879318952560425e-01,6.797316670417785645e-01,7.667719125747680664e-01,-7.101837545633316040e-03,-3.775435313582420349e-02,3.982418775558471680e-01,9.164756536483764648e-01,-6.371619701385498047e-01,5.741827562451362610e-02,7.398580759763717651e-02,1.256504178047180176e+00,-5.172234773635864258e-01,2.014155685901641846e-01,-6.202843785285949707e-01,-7.058624923229217529e-02,5.521354451775550842e-02,1.237027764320373535e+00,-3.806692063808441162e-01,-8.224548771977424622e-03,-2.106440663337707520e-01,3.139897286891937256e-01,5.527000501751899719e-02,-1.149649247527122498e-01,2.119749039411544800e-01,-1.983526498079299927e-01,-1.295080184936523438e+00,-6.387609839439392090e-01,-7.574142217636108398e-01,-3.181337714195251465e-01,-1.738135576248168945e+00
1.609895378351211548e-01,6.632215976715087891e-01,7.754956483840942383e-01,-1.195306517183780670e-02,-3.665074706077575684e-02,3.809724450111389160e-01,9.237823486328125000e-01,-5.990748405456542969e-01,4.786337167024612427e-02,5.112679302692413330e-02,1.172487854957580566e+00,-5.762697458267211914e-01,2.104501575231552124e-01,-5.680916309356689453e-01,-9.854593314230442047e-03,8.256482332944869995e-02,1.135027766227722168e+00,-4.826692342758178711e-01,1.883018389344215393e-02,-1.529026478528976440e-01,3.139944672584533691e-01,8.021850883960723877e-02,-8.572985231876373291e-02,2.532431781291961670e-01,-9.635265916585922241e-02,-1.193080186843872070e+00,-5.367609858512878418e-01,-6.554142236709594727e-01,-2.498686164617538452e-01,-1.636135578155517578e+00
1.514637470245361328e-01,6.681575179100036621e-01,8.024169206619262695e-01,-7.169265765696763992e-03,-4.461557790637016296e-02,3.662997484207153320e-01,9.293990135192871094e-01,-5.138174891471862793e-01,5.748023092746734619e-02,5.333425477147102356e-02,1.070487856864929199e+00,-4.766271412372589111e-01,1.643607318401336670e-01,-4.669475853443145752e-01,-4.181829746812582016e-03,7.126360386610031128e-02,1.033027768135070801e+00,-4.799605906009674072e-01,5.994575098156929016e-02,-1.184491962194442749e-01,3.139282763004302979e-01,1.059407666325569153e-01,-8.512008935213088989e-02,3.552431762218475342e-01,5.647343583405017853e-03,-1.091080188751220703e+00,-4.347609877586364746e-01,-5.534142255783081055e-01,-3.518686294555664062e-01,-1.534135580062866211e+00
1.416275352239608765e-01,6.729056835174560547e-01,8.407366275787353516e-01,8.643127977848052979e-03,-4.922567307949066162e-02,3.639097511768341064e-01,9.300923943519592285e-01,-4.263893067836761475e-01,5.203163251280784607e-02,5.360708385705947876e-02,9.684879183769226074e-01,-3.746271431446075439e-01,9.687280654907226562e-02,-3.649475872516632080e-01,-2.042044326663017273e-02,5.390891432762145996e-02,9.310277700424194336e-01,-3.779605925083160400e-01,1.393506079912185669e-01,-9.953703731298446655e-02,3.139888346195220947e-01,1.036938577890396118e-01,-1.255712360143661499e-01,4.572431743144989014e-01,1.076473444700241089e-01,-9.890801310539245605e-01,-3.327609896659851074e-01,-4.514142274856567383e-01,-4.538686275482177734e-01,-1.432135581970214844e+00
1.347122192382812500e-01,6.746981143951416016e-01,8.844228982925415039e-01,2.466024458408355713e-02,-5.346122756600379944e-02,3.588202893733978271e-01,9.315480589866638184e-01,-3.243893086910247803e-01,4.765909165143966675e-02,6.939907371997833252e-02,8.664879202842712402e-01,-2.726271152496337891e-01,3.646432235836982727e-02,-2.629475891590118408e-01,-4.886782541871070862e-02,2.954300493001937866e-02,8.290277719497680664e-01,-2.759605944156646729e-01,2.164797037839889526e-01,-7.094159722328186035e-02,3.139367103576660156e-01,9.412980079650878906e-02,-1.715598851442337036e-01,5.592432022094726562e-01,2.096473425626754761e-01,-8.870801329612731934e-01,-2.307609915733337402e-01,-3.494142293930053711e-01,-5.558686256408691406e-01,-1.330135583877563477e+00
1.280966252088546753e-01,6.722440123558044434e-01,9.238544702529907227e-01,2.919468097388744354e-02,-4.284599423408508301e-02,3.739751279354095459e-01,9.259883761405944824e-01,-2.681934535503387451e-01,4.513816535472869873e-02,6.925415247678756714e-02,7.644879221916198730e-01,-1.706271320581436157e-01,-1.589968241751194000e-02,-2.023417651653289795e-01,-9.382384270429611206e-02,3.772717202082276344e-03,7.270277738571166992e-01,-1.739605963230133057e-01,2.555969655513763428e-01,-7.381505519151687622e-02,2.937166392803192139e-01,8.697845041751861572e-02,-2.287257462739944458e-01,6.612432003021240234e-01,3.116473555564880371e-01,-7.850801348686218262e-01,-1.287609934806823730e-01,-3.355783820152282715e-01,-6.578686237335205078e-01,-1.228135585784912109e+00
1.219089031219482422e-01,6.703699827194213867e-01,9.329769611358642578e-01,3.038598597049713135e-02,-3.176870569586753845e-02,3.915595114231109619e-01,9.191020727157592773e-01,-2.469203323125839233e-01,6.324744224548339844e-02,5.088294669985771179e-02,6.624879240989685059e-01,-6.862712651491165161e-02,-6.674505025148391724e-02,-2.166566699743270874e-01,-1.421970874071121216e-01,-3.150975331664085388e-02,6.576081514358520508e-01,-7.196059823036193848e-02,2.414418607950210571e-01,-9.126961976289749146e-02,2.750734686851501465e-01,9.147976338863372803e-02,-2.873089313507080078e-01,7.632431983947753906e-01,2.888810038566589355e-01,-6.830801367759704590e-01,-2.676098607480525970e-02,-4.375783801078796387e-01,-7.598686218261718750e-01,-1.126135587692260742e+00
1.165074035525321960e-01,6.701099872589111328e-01,9.254220724105834961e-01,2.724894508719444275e-02,-2.136319503188133240e-02,4.091808795928955078e-01,9.117960929870605469e-01,-2.604275047779083252e-01,9.315862506628036499e-02,2.958996221423149109e-02,5.604879260063171387e-01,3.337287157773971558e-02,-9.532728791236877441e-02,-2.927131354808807373e-01,-1.907090991735458374e-01,-6.854514032602310181e-02,7.596081495285034180e-01,3.003940358757972717e-02,1.846659481525421143e-01,-1.207656487822532654e-01,2.569824755191802979e-01,1.007124409079551697e-01,-3.675669133663177490e-01,8.652431964874267578e-01,2.877366542816162109e-01,-5.810801386833190918e-01,7.523901015520095825e-02,-5.395783782005310059e-01,-8.618686199188232422e-01,-1.024135589599609375e+00
1.149417832493782043e-01,6.647612452507019043e-01,9.192817211151123047e-01,1.207582559436559677e-02,-3.794077783823013306e-03,4.262795746326446533e-01,9.045029282569885254e-01,-3.020218908786773682e-01,1.069663539528846741e-01,-1.190780475735664368e-02,6.576001048088073730e-01,1.353728771209716797e-01,-1.106607913970947266e-01,-3.896280229091644287e-01,-1.984043866395950317e-01,-5.804614350199699402e-02,8.616081476211547852e-01,1.363634224981069565e-02,1.393273770809173584e-01,-1.725405007600784302e-01,2.334298044443130493e-01,1.112326234579086304e-01,-4.552247524261474609e-01,9.672431945800781250e-01,3.897366523742675781e-01,-6.830801367759704590e-01,1.772390156984329224e-01,-6.415783762931823730e-01,-9.638686180114746094e-01,-9.221355915069580078e-01
1.163951829075813293e-01,6.547812223434448242e-01,8.991985321044921875e-01,2.728712512180209160e-03,1.021161861717700958e-02,4.414171576499938965e-01,8.972397446632385254e-01,-3.477647006511688232e-01,1.093316450715065002e-01,-3.362362459301948547e-02,7.596001029014587402e-01,1.672857254743576050e-01,-8.848238736391067505e-02,-4.633225202560424805e-01,-1.827430725097656250e-01,-3.544598445296287537e-02,9.636081457138061523e-01,-3.366139903664588928e-02,1.207892298698425293e-01,-2.106525003910064697e-01,2.037667334079742432e-01,1.172839850187301636e-01,-5.209532380104064941e-01,1.069243192672729492e+00,4.917366504669189453e-01,-7.850801348686218262e-01,2.792389988899230957e-01,-5.625935792922973633e-01,-1.065868616104125977e+00,-8.201355934143066406e-01
1.170536652207374573e-01,6.426432132720947266e-01,8.683242797851562500e-01,-7.488281000405550003e-03,1.737104728817939758e-02,4.569758772850036621e-01,8.892779350280761719e-01,-3.584148287773132324e-01,8.340047299861907959e-02,-5.852373316884040833e-02,8.616001009941101074e-01,1.184505745768547058e-01,-5.683545395731925964e-02,-5.214385390281677246e-01,-1.404982358217239380e-01,-4.312367644160985947e-03,1.030531287193298340e+00,-5.419253930449485779e-02,1.307212710380554199e-01,-2.563520669937133789e-01,1.893517524003982544e-01,1.315440982580184937e-01,-6.229532361030578613e-01,1.171243190765380859e+00,5.937366485595703125e-01,-8.870801329612731934e-01,3.088843822479248047e-01,-4.605935811996459961e-01,-1.167868614196777344e+00,-9.221355915069580078e-01
1.150078028440475464e-01,6.276576519012451172e-01,8.345234394073486328e-01,2.151150692952796817e-04,4.613465163856744766e-03,4.700355231761932373e-01,8.826354146003723145e-01,-3.117669224739074707e-01,6.020496413111686707e-02,-6.570602953433990479e-02,9.636000990867614746e-01,4.505131393671035767e-02,-9.903201833367347717e-03,-5.278425216674804688e-01,-8.642426133155822754e-02,2.370089106261730194e-02,1.011315584182739258e+00,-8.985542505979537964e-02,1.299752146005630493e-01,-3.227495849132537842e-01,2.197718918323516846e-01,1.291566938161849976e-01,-7.249532341957092285e-01,1.273243188858032227e+00,5.686871409416198730e-01,-9.890801310539245605e-01,2.068843692541122437e-01,-4.152613580226898193e-01,-1.269868612289428711e+00,-1.024135589599609375e+00
1.111259385943412781e-01,6.104421019554138184e-01,8.024288415908813477e-01,-1.020373543724417686e-03,2.478702366352081299e-02,4.804619848728179932e-01,8.766646385192871094e-01,-2.944691181182861328e-01,4.104249551892280579e-02,-6.508352607488632202e-02,9.542856216430664062e-01,-5.694868415594100952e-02,3.872931376099586487e-02,-5.453288555145263672e-01,-2.126917615532875061e-02,7.865617424249649048e-02,9.344769120216369629e-01,-1.502277553081512451e-01,1.405658274888992310e-01,-3.717909157276153564e-01,2.087637335062026978e-01,1.298511624336242676e-01,-8.269532322883605957e-01,1.171243190765380859e+00,4.666871130466461182e-01,-1.091080188751220703e+00,1.048843711614608765e-01,-3.132613599300384521e-01,-1.206469416618347168e+00,-1.126135587692260742e+00
1.091609671711921692e-01,5.987660288810729980e-01,7.705898284912109375e-01,5.556695396080613136e-04,4.819677025079727173e-02,4.863499104976654053e-01,8.724336624145507812e-01,-3.295506536960601807e-01,1.919715665280818939e-02,-7.016827911138534546e-02,8.993587493896484375e-01,-1.589486896991729736e-01,1.081042215228080750e-01,-5.998202562332153320e-01,2.948224358260631561e-02,1.484958231449127197e-01,9.386523962020874023e-01,-2.522277534008026123e-01,1.004092544317245483e-01,-3.902027606964111328e-01,1.644993722438812256e-01,1.273585110902786255e-01,-9.181724786758422852e-01,1.069243192672729492e+00,3.646871149539947510e-01,-1.193080186843872070e+00,2.884373068809509277e-03,-2.286471575498580933e-01,-1.104469418525695801e+00,-1.228135585784912109e+00
1.080719530582427979e-01,5.893946886062622070e-01,7.416415214538574219e-01,1.175021100789308548e-02,5.537137389183044434e-02,4.887520074844360352e-01,8.705845475196838379e-01,-3.292368352413177490e-01,-4.659271333366632462e-03,-6.439362466335296631e-02,8.704367876052856445e-01,-2.609486877918243408e-01,1.580576151609420776e-01,-6.367606520652770996e-01,5.562463402748107910e-02,1.938512772321701050e-01,1.011743664741516113e+00,-3.542277514934539795e-01,5.661708116531372070e-02,-3.973887562751770020e-01,1.572299748659133911e-01,1.138389706611633301e-01,-8.770077228546142578e-01,9.672431945800781250e-01,2.626871168613433838e-01,-1.295080184936523438e+00,-3.803305327892303467e-02,-1.505171358585357666e-01,-1.002469420433044434e+00,-1.330135583877563477e+00
1.102208271622657776e-01,5.847197771072387695e-01,7.242249250411987305e-01,2.680890820920467377e-02,2.126051485538482666e-02,4.840193390846252441e-01,8.743880987167358398e-01,-2.677802443504333496e-01,1.481027621775865555e-02,-9.555379860103130341e-03,9.101154208183288574e-01,-3.629486858844757080e-01,1.805161535739898682e-01,-5.933341979980468750e-01,6.375301629304885864e-02,1.887046992778778076e-01,1.066164612770080566e+00,-4.562277495861053467e-01,3.448802232742309570e-02,-3.984144032001495361e-01,2.191814333200454712e-01,7.913315296173095703e-02,-8.318982720375061035e-01,8.652431964874267578e-01,1.606871336698532104e-01,-1.397080183029174805e+00,4.642591252923011780e-02,-4.851713404059410095e-02,-9.004694223403930664e-01,-1.432135581970214844e+00
1.183019727468490601e-01,5.861676335334777832e-01,7.266964912414550781e-01,3.356842324137687683e-02,-5.140077788382768631e-03,4.814417660236358643e-01,8.758199214935302734e-01,-2.445253282785415649e-01,5.807132646441459656e-02,2.890742570161819458e-02,9.930599331855773926e-01,-4.649486839771270752e-01,1.809982359409332275e-01,-5.283181071281433105e-01,5.901652202010154724e-02,1.551441997289657593e-01,1.054849267005920410e+00,-5.296821594238281250e-01,2.881400287151336670e-02,-3.730339407920837402e-01,2.675703465938568115e-01,6.376170367002487183e-02,-7.298982739448547363e-01,7.632431983947753906e-01,5.868712812662124634e-02,-1.416819095611572266e+00,1.022961363196372986e-01,-8.352062664926052094e-03,-7.984694242477416992e-01,-1.330135583877563477e+00
1.298482567071914673e-01,5.915806293487548828e-01,7.488809823989868164e-01,4.319753870368003845e-02,-2.752641774713993073e-02,4.520199596881866455e-01,8.905358910560607910e-01,-2.308383733034133911e-01,1.043590381741523743e-01,5.192403867840766907e-02,1.076525211334228516e+00,-3.855493068695068359e-01,1.585817486047744751e-01,-4.307965934276580811e-01,5.775188654661178589e-02,1.481077522039413452e-01,9.602494835853576660e-01,-4.743538200855255127e-01,3.732119500637054443e-02,-3.214126229286193848e-01,3.069077134132385254e-01,3.780431300401687622e-02,-6.278982758522033691e-01,6.612432003021240234e-01,-4.331287369132041931e-02,-1.314819097518920898e+00,2.067821845412254333e-02,-1.103520616888999939e-01,-6.964694261550903320e-01,-1.228135585784912109e+00
1.381697356700897217e-01,5.936657190322875977e-01,7.848492860794067383e-01,5.050653219223022461e-02,-3.403433784842491150e-02,4.367329776287078857e-01,8.975271582603454590e-01,-2.534424364566802979e-01,1.476981192827224731e-01,6.173095852136611938e-02,1.178525209426879883e+00,-2.835493087768554688e-01,1.018120795488357544e-01,-3.287965953350067139e-01,3.321553394198417664e-02,1.190925464034080505e-01,8.582494854927062988e-01,-3.723538219928741455e-01,5.489270761609077454e-02,-2.637174427509307861e-01,3.129361271858215332e-01,4.066039621829986572e-02,-5.258982777595520020e-01,5.592432022094726562e-01,-1.453128755092620850e-01,-1.212819099426269531e+00,-6.785335391759872437e-02,-2.123520672321319580e-01,-5.944694280624389648e-01,-1.182541608810424805e+00
1.441238224506378174e-01,5.958699584007263184e-01,8.245482444763183594e-01,6.481885164976119995e-02,-4.409850388765335083e-02,4.384799897670745850e-01,8.953151106834411621e-01,-2.928826808929443359e-01,1.625499874353408813e-01,6.500963866710662842e-02,1.280525207519531250e+00,-1.815493106842041016e-01,3.389362990856170654e-02,-2.267965972423553467e-01,-2.889081835746765137e-03,7.048769295215606689e-02,7.562494874000549316e-01,-2.703538239002227783e-01,6.539615243673324585e-02,-2.358830869197845459e-01,3.078229725360870361e-01,2.728706784546375275e-02,-4.238982796669006348e-01,6.612432003021240234e-01,-2.473128736019134521e-01,-1.110819101333618164e+00,-1.202751770615577698e-01,-3.143520653247833252e-01,-4.924694299697875977e-01,-1.234137177467346191e+00
1.481266319751739502e-01,6.006863713264465332e-01,8.585056066513061523e-01,8.533337712287902832e-02,-5.456073954701423645e-02,4.368219375610351562e-01,8.938276767730712891e-01,-3.633682429790496826e-01,1.551955491304397583e-01,4.850692674517631531e-02,1.382525205612182617e+00,-1.037635877728462219e-01,-3.278343752026557922e-02,-1.247965991497039795e-01,-4.835188388824462891e-02,2.345913089811801910e-02,6.542494893074035645e-01,-1.683538258075714111e-01,9.988020360469818115e-02,-1.786672621965408325e-01,3.010450601577758789e-01,-8.739695884287357330e-03,-3.218982815742492676e-01,7.632431983947753906e-01,-3.373612761497497559e-01,-1.008819103240966797e+00,-1.520716398954391479e-01,-4.163520634174346924e-01,-3.904694318771362305e-01,-1.188654899597167969e+00
1.527832895517349243e-01,6.085537075996398926e-01,8.814489841461181641e-01,9.682600200176239014e-02,-5.211717262864112854e-02,4.371582567691802979e-01,8.926371932029724121e-01,-4.492275118827819824e-01,1.397190243005752563e-01,6.886469572782516479e-02,1.484525203704833984e+00,-1.312657594680786133e-01,-5.289884284138679504e-02,-5.385387688875198364e-02,-9.355531632900238037e-02,-2.497460134327411652e-02,5.522494912147521973e-01,-6.635382026433944702e-02,1.249885335564613342e-01,-1.250181794166564941e-01,2.900991141796112061e-01,-4.690472036600112915e-02,-2.198982834815979004e-01,8.652431964874267578e-01,-3.140288889408111572e-01,-9.068191051483154297e-01,-2.002624124288558960e-01,-5.183520913124084473e-01,-2.884694337844848633e-01,-1.119950413703918457e+00
1.624115556478500366e-01,6.220436096191406250e-01,8.944904804229736328e-01,1.081699132919311523e-01,-5.180616676807403564e-02,4.479528367519378662e-01,8.859760761260986328e-01,-5.353393554687500000e-01,1.347369700670242310e-01,8.905099332332611084e-02,1.586525201797485352e+00,-1.474931538105010986e-01,-5.219534784555435181e-02,-2.416932210326194763e-02,-1.380493044853210449e-01,-7.376174628734588623e-02,4.816814661026000977e-01,3.564617782831192017e-02,1.408732831478118896e-01,-8.283520489931106567e-02,2.972302436828613281e-01,-8.303512632846832275e-02,-1.178982779383659363e-01,9.672431945800781250e-01,-2.674480378627777100e-01,-8.048191070556640625e-01,-2.664248347282409668e-01,-6.203520894050598145e-01,-1.900283694267272949e-01,-1.043528556823730469e+00
1.763108670711517334e-01,6.418668627738952637e-01,8.973970413208007812e-01,1.110464334487915039e-01,-5.064246430993080139e-02,4.596067667007446289e-01,8.796963691711425781e-01,-6.308602094650268555e-01,1.337578743696212769e-01,1.047256663441658020e-01,1.688525199890136719e+00,-1.748132258653640747e-01,-2.938979305326938629e-02,-2.825433015823364258e-02,-1.748683899641036987e-01,-1.292247921228408813e-01,5.836814641952514648e-01,8.595935255289077759e-02,1.212754473090171814e-01,-3.202044218778610229e-02,3.111939430236816406e-01,-9.463980048894882202e-02,-1.589827984571456909e-02,1.069243192672729492e+00,-1.723740696907043457e-01,-7.028191089630126953e-01,-3.684248328208923340e-01,-7.223520874977111816e-01,-2.920283675193786621e-01,-1.028299689292907715e+00
1.898687630891799927e-01,6.639018654823303223e-01,8.904951810836791992e-01,1.037163734436035156e-01,-4.568322002887725830e-02,4.690040946006774902e-01,8.758944869041442871e-01,-7.278588414192199707e-01,1.276115626096725464e-01,1.220427528023719788e-01,1.790525197982788086e+00,-1.989744901657104492e-01,-2.056908560916781425e-03,-7.361929118633270264e-02,-2.000170797109603882e-01,-1.843623071908950806e-01,6.856814622879028320e-01,7.996944710612297058e-03,9.427263587713241577e-02,3.218124806880950928e-02,3.134616315364837646e-01,-8.971980959177017212e-02,1.519777905195951462e-02,1.171243190765380859e+00,-8.845254033803939819e-02,-6.008191108703613281e-01,-4.704248309135437012e-01,-8.243520855903625488e-01,-3.940283656120300293e-01,-1.090886473655700684e+00
2.012176513671875000e-01,6.826298832893371582e-01,8.738224506378173828e-01,9.811461716890335083e-02,-3.238031268119812012e-02,4.779066145420074463e-01,8.723132014274597168e-01,-8.295159935951232910e-01,1.196856647729873657e-01,1.344826519489288330e-01,1.749581098556518555e+00,-2.295769453048706055e-01,3.692527487874031067e-02,-1.441485285758972168e-01,-1.974983364343643188e-01,-2.020670026540756226e-01,7.876814603805541992e-01,-9.400305151939392090e-02,6.931969523429870605e-02,9.399935603141784668e-02,3.138448596000671387e-01,-8.704491704702377319e-02,2.147616818547248840e-02,1.273243188858032227e+00,-5.395777523517608643e-03,-4.988191127777099609e-01,-5.623924136161804199e-01,-9.263520836830139160e-01,-4.960283637046813965e-01,-1.192886471748352051e+00
2.088142335414886475e-01,6.996997594833374023e-01,8.486263751983642578e-01,7.700239866971969604e-02,-1.693899743258953094e-02,4.813819825649261475e-01,8.729576468467712402e-01,-8.939824104309082031e-01,1.110704094171524048e-01,1.552955508232116699e-01,1.647581100463867188e+00,-2.714612185955047607e-01,5.992169305682182312e-02,-1.954085230827331543e-01,-1.711130291223526001e-01,-2.263914048671722412e-01,8.896814584732055664e-01,-1.960030496120452881e-01,6.509338319301605225e-02,1.720551401376724243e-01,3.139767348766326904e-01,-7.163989543914794922e-02,2.682971954345703125e-02,1.375243186950683594e+00,7.982674241065979004e-02,-3.968191146850585938e-01,-5.728592276573181152e-01,-1.028352022171020508e+00,-5.980283617973327637e-01,-1.294886469841003418e+00
2.139392495155334473e-01,7.164396047592163086e-01,8.180520534515380859e-01,5.039537698030471802e-02,-4.035127349197864532e-03,4.884124100208282471e-01,8.711471557617187500e-01,-9.096405506134033203e-01,9.488456696271896362e-02,1.583877056837081909e-01,1.545581102371215820e+00,-2.815575003623962402e-01,7.269005477428436279e-02,-2.309266477823257446e-01,-1.419719308614730835e-01,-2.723967134952545166e-01,8.957536816596984863e-01,-2.980030477046966553e-01,4.884888231754302979e-02,2.576875388622283936e-01,3.139964938163757324e-01,-2.942930720746517181e-02,1.181772258132696152e-02,1.477243185043334961e+00,1.714861840009689331e-01,-2.948191165924072266e-01,-5.391584634780883789e-01,-1.130352020263671875e+00,-7.000283598899841309e-01,-1.396886467933654785e+00
2.211003452539443970e-01,7.371659278869628906e-01,7.850469350814819336e-01,2.652937918901443481e-02,4.274361301213502884e-03,4.880790114402770996e-01,8.723856806755065918e-01,-8.979177474975585938e-01,8.011744171380996704e-02,1.613465994596481323e-01,1.443581104278564453e+00,-3.066843748092651367e-01,7.773856073617935181e-02,-2.131303846836090088e-01,-9.734990447759628296e-02,-2.929268777370452881e-01,8.292305469512939453e-01,-4.000030457973480225e-01,2.910445444285869598e-02,3.234125673770904541e-01,3.139994740486145020e-01,1.277282834053039551e-02,4.179862793534994125e-03,1.375243186950683594e+00,2.734861671924591064e-01,-3.333315253257751465e-01,-4.740657806396484375e-01,-1.232352018356323242e+00,-8.020283579826354980e-01,-1.407750964164733887e+00
2.336600422859191895e-01,7.674182653427124023e-01,7.537298202514648438e-01,1.328648626804351807e-02,3.621054580435156822e-03,4.978614747524261475e-01,8.671472072601318359e-01,-8.727815151214599609e-01,5.945703387260437012e-02,1.714686304330825806e-01,1.341581106185913086e+00,-3.436363041400909424e-01,7.307829707860946655e-02,-1.611998528242111206e-01,-5.714846029877662659e-02,-2.968397140502929688e-01,7.792653441429138184e-01,-5.020030736923217773e-01,-1.453162054531276226e-03,3.042352795600891113e-01,3.139999210834503174e-01,2.003954164683818817e-02,4.883802309632301331e-02,1.273243188858032227e+00,3.754861652851104736e-01,-4.353315234184265137e-01,-4.290269613265991211e-01,-1.130352020263671875e+00,-8.914021253585815430e-01,-1.396918892860412598e+00
2.493944466114044189e-01,8.076597452163696289e-01,7.277717590332031250e-01,8.622106164693832397e-03,-4.484788514673709869e-03,5.023080706596374512e-01,8.646340966224670410e-01,-8.574762344360351562e-01,4.959124326705932617e-02,1.698612719774246216e-01,1.239581108093261719e+00,-3.767939507961273193e-01,9.434883296489715576e-02,-1.154876723885536194e-01,-3.232556581497192383e-02,-2.616719901561737061e-01,8.078321814537048340e-01,-6.040030717849731445e-01,-1.780832372605800629e-02,3.023152053356170654e-01,3.139999806880950928e-01,-4.255399573594331741e-03,4.629720002412796021e-02,1.171243190765380859e+00,4.374754130840301514e-01,-5.373315215110778809e-01,-3.499059081077575684e-01,-1.028352022171020508e+00,-7.894021272659301758e-01,-1.361609339714050293e+00
2.656247615814208984e-01,8.503804206848144531e-01,7.197413444519042969e-01,2.921254374086856842e-03,2.524146344512701035e-03,5.019147396087646484e-01,8.649084568023681641e-01,-8.198083639144897461e-01,3.334047272801399231e-02,1.650315821170806885e-01,1.137581110000610352e+00,-3.920636475086212158e-01,1.272905766963958740e-01,-7.663620263338088989e-02,-2.649141289293766022e-02,-2.042869627475738525e-01,8.101156949996948242e-01,-6.312643885612487793e-01,5.352370906621217728e-03,3.056419193744659424e-01,3.140000104904174805e-01,-5.479012429714202881e-02,4.757527261972427368e-02,1.069243192672729492e+00,5.186283588409423828e-01,-6.393315196037292480e-01,-2.598608434200286865e-01,-9.263520836830139160e-01,-6.874021291732788086e-01,-1.290210604667663574e+00
2.789883017539978027e-01,8.886274099349975586e-01,7.302658557891845703e-01,1.361249387264251709e-02,4.708561114966869354e-03,4.952211976051330566e-01,8.686475157737731934e-01,-7.546256184577941895e-01,8.208869025111198425e-03,1.723439544439315796e-01,1.056225657463073730e+00,-4.024766981601715088e-01,1.677164137363433838e-01,-4.414460808038711548e-02,-8.277203142642974854e-02,-2.154410779476165771e-01,8.506665229797363281e-01,-5.292643904685974121e-01,7.675640750676393509e-03,3.207214474678039551e-01,3.140000104904174805e-01,-9.907545894384384155e-02,6.242162734270095825e-02,9.672431945800781250e-01,6.125324368476867676e-01,-7.413315176963806152e-01,-1.710010021924972534e-01,-8.243520855903625488e-01,-5.854021310806274414e-01,-1.205465674400329590e+00
2.902050316333770752e-01,9.221698045730590820e-01,7.556039094924926758e-01,1.746615022420883179e-02,1.672654994763433933e-03,5.123988986015319824e-01,8.585683107376098633e-01,-6.679713726043701172e-01,-2.586758323013782501e-02,1.533123701810836792e-01,9.907259941101074219e-01,-3.415556252002716064e-01,1.553729474544525146e-01,-5.861880630254745483e-02,-8.961857110261917114e-02,-1.860247999429702759e-01,8.357633352279663086e-01,-4.272643923759460449e-01,4.820683598518371582e-02,3.140675127506256104e-01,3.140000104904174805e-01,-9.739646315574645996e-02,4.775157943367958069e-02,8.652431964874267578e-01,6.393998861312866211e-01,-8.390293121337890625e-01,-7.339165359735488892e-02,-7.223520874977111816e-01,-4.834021329879760742e-01,-1.144333481788635254e+00
2.977312505245208740e-01,9.289692044258117676e-01,7.928539514541625977e-01,2.703271061182022095e-02,-1.319463085383176804e-02,5.329914093017578125e-01,8.455857634544372559e-01,-5.659713745117187500e-01,-4.881751537322998047e-02,1.104149594902992249e-01,8.887259960174560547e-01,-2.660091221332550049e-01,1.337313205003738403e-01,-1.049055084586143494e-01,-9.793243557214736938e-02,-1.692707538604736328e-01,8.254838585853576660e-01,-3.252643942832946777e-01,7.355975359678268433e-02,2.570441663265228271e-01,3.140000104904174805e-01,-6.893570721149444580e-02,1.926856115460395813e-02,8.720995783805847168e-01,5.959801673889160156e-01,-8.967672586441040039e-01,-8.618494030088186264e-04,-6.203520894050598145e-01,-3.814021348953247070e-01,-1.102366924285888672e+00
3.004677593708038330e-01,9.496912360191345215e-01,8.312563896179199219e-01,2.773107588291168213e-02,-2.951307035982608795e-02,5.701158642768859863e-01,8.205655813217163086e-01,-4.639713764190673828e-01,-7.314004004001617432e-02,1.597740687429904938e-02,7.867259979248046875e-01,-1.668017357587814331e-01,8.732131123542785645e-02,-2.069055140018463135e-01,-1.162511557340621948e-01,-1.796699911355972290e-01,9.052765965461730957e-01,-2.232643961906433105e-01,5.907630920410156250e-02,1.681838780641555786e-01,3.140000104904174805e-01,-1.213594432920217514e-02,-1.812561787664890289e-02,9.740995764732360840e-01,4.939801990985870361e-01,-9.789819121360778809e-01,5.919136479496955872e-02,-6.176623106002807617e-01,-3.556286394596099854e-01,-1.034473657608032227e+00
3.026748597621917725e-01,9.664061665534973145e-01,8.648601770401000977e-01,1.294190250337123871e-02,-4.567902907729148865e-02,6.045263409614562988e-01,7.951690554618835449e-01,-3.619713783264160156e-01,-8.897472918033599854e-02,-8.602259308099746704e-02,6.847259998321533203e-01,-6.480173766613006592e-02,2.961806580424308777e-02,-3.089055120944976807e-01,-1.268910318613052368e-01,-1.567862778902053833e-01,1.007276654243469238e+00,-1.212643980979919434e-01,5.164073780179023743e-02,6.618387997150421143e-02,3.140000104904174805e-01,6.635306030511856079e-02,3.990815952420234680e-03,1.073699235916137695e+00,4.079354405403137207e-01,-1.080981969833374023e+00,1.032972931861877441e-01,-7.196623086929321289e-01,-3.783515393733978271e-01,-9.772839546203613281e-01
3.048086464405059814e-01,9.824871420860290527e-01,8.918666839599609375e-01,-6.120224017649888992e-03,-6.076688319444656372e-02,6.298114061355590820e-01,7.743433117866516113e-01,-3.164314031600952148e-01,-7.235736399888992310e-02,-1.880225986242294312e-01,5.827260017395019531e-01,1.644167676568031311e-02,-1.250867918133735657e-02,-4.109055101871490479e-01,-1.209638267755508423e-01,-1.077493801712989807e-01,1.029353499412536621e+00,-3.894579783082008362e-02,6.954891979694366455e-02,-2.528790757060050964e-02,3.140000104904174805e-01,1.610797643661499023e-01,5.800285935401916504e-02,1.096810340881347656e+00,3.258658647537231445e-01,-1.182981967926025391e+00,1.361478269100189209e-01,-8.216623067855834961e-01,-3.454527556896209717e-01,-9.009845852851867676e-01
3.060172200202941895e-01,9.935566782951354980e-01,9.107687473297119141e-01,-2.800252474844455719e-02,-6.747475266456604004e-02,6.345347166061401367e-01,7.694340348243713379e-01,-3.098478317260742188e-01,-1.563075184822082520e-02,-2.124161124229431152e-01,4.807260036468505859e-01,7.450775802135467529e-02,-6.241476163268089294e-02,-5.129055380821228027e-01,-1.145621240139007568e-01,-5.238173156976699829e-02,9.273535609245300293e-01,-5.257081706076860428e-03,1.068037077784538269e-01,-7.940472662448883057e-02,3.140000104904174805e-01,2.590291798114776611e-01,1.296814680099487305e-01,1.071016430854797363e+00,2.480534166097640991e-01,-1.284981966018676758e+00,1.529991626739501953e-01,-9.236623048782348633e-01,-3.328712284564971924e-01,-8.622592091560363770e-01
3.077771365642547607e-01,9.975386261940002441e-01,9.175049066543579102e-01,-3.946710005402565002e-02,-7.734703272581100464e-02,6.212604641914367676e-01,7.787780165672302246e-01,-3.106390833854675293e-01,5.989198759198188782e-02,-1.569280773401260376e-01,4.855896234512329102e-01,1.276332587003707886e-01,-1.138398349285125732e-01,-6.149055361747741699e-01,-8.426098525524139404e-02,-2.939786761999130249e-03,8.253535628318786621e-01,8.618956431746482849e-03,1.430422216653823853e-01,-7.308012992143630981e-02,3.140000104904174805e-01,3.444654941558837891e-01,2.112825661897659302e-01,1.044265866279602051e+00,1.460534036159515381e-01,-1.386981964111328125e+00,1.844255775213241577e-01,-1.025662302970886230e+00,-3.121767342090606689e-01,-8.410029411315917969e-01
3.082249164581298828e-01,9.732902646064758301e-01,9.108963012695312500e-01,-3.034394606947898865e-02,-8.777221292257308960e-02,5.996744036674499512e-01,7.948370575904846191e-01,-2.934654653072357178e-01,1.117482334375381470e-01,-7.110958546400070190e-02,5.528858900070190430e-01,5.873627960681915283e-02,-1.245656162500381470e-01,-7.169055342674255371e-01,-4.550625756382942200e-02,3.818619251251220703e-02,7.233535647392272949e-01,4.648370202630758286e-03,1.624476760625839233e-01,-3.962791338562965393e-02,3.140000104904174805e-01,3.705318868160247803e-01,2.725608050823211670e-01,1.053852438926696777e+00,4.405340924859046936e-02,-1.488981962203979492e+00,2.363999485969543457e-01,-1.084300279617309570e+00,-2.616385221481323242e-01,-8.732686042785644531e-01
3.100936412811279297e-01,9.762738347053527832e-01,8.929251432418823242e-01,-1.036658044904470444e-02,-1.010998189449310303e-01,5.731253623962402344e-01,8.131412267684936523e-01,-2.626696228981018066e-01,1.294202059507369995e-01,2.558769099414348602e-02,6.388955712318420410e-01,-4.326371848583221436e-02,-1.143921092152595520e-01,-8.189055323600769043e-01,-1.204103697091341019e-03,5.305846408009529114e-02,6.213535666465759277e-01,2.070070244371891022e-02,1.660408228635787964e-01,-2.268806658685207367e-02,3.140000104904174805e-01,3.508279621601104736e-01,3.285352885723114014e-01,1.068335771560668945e+00,-5.794658884406089783e-02,-1.590981960296630859e+00,2.834991812705993652e-01,-1.046859502792358398e+00,-1.596385091543197632e-01,-9.752686023712158203e-01
3.140023052692413330e-01,9.836200475692749023e-01,8.750389814376831055e-01,1.302125491201877594e-02,-1.128510460257530212e-01,5.634687542915344238e-01,8.182896971702575684e-01,-2.209561616182327271e-01,1.242814809083938599e-01,9.484884887933731079e-02,7.066183090209960938e-01,-1.452637165784835815e-01,-1.023485586047172546e-01,-9.209055304527282715e-01,3.249328583478927612e-02,7.562533020973205566e-02,5.652930140495300293e-01,7.305537164211273193e-02,1.716815680265426636e-01,-9.438551962375640869e-03,3.140000104904174805e-01,3.435122966766357422e-01,3.654586374759674072e-01,1.080878019332885742e+00,-1.599465906620025635e-01,-1.692981958389282227e+00,3.535331189632415771e-01,-9.566282629966735840e-01,-5.763851106166839600e-02,-1.077268600463867188e+00
3.190563321113586426e-01,9.901952743530273438e-01,8.585578203201293945e-01,4.756987467408180237e-02,-1.036662161350250244e-01,5.657820105552673340e-01,8.166279196739196777e-01,-1.932120472192764282e-01,9.847261756658554077e-02,1.053325161337852478e-01,7.163577675819396973e-01,-1.994937211275100708e-01,-1.164456009864807129e-01,-1.022905468940734863e+00,5.112143978476524353e-02,6.411443650722503662e-02,5.716710686683654785e-01,9.302417188882827759e-02,1.929122954607009888e-01,7.686200086027383804e-03,3.140000104904174805e-01,3.314722776412963867e-01,3.673893213272094727e-01,1.127324223518371582e+00,-2.619465887546539307e-01,-1.794981956481933594e+00,4.078840911388397217e-01,-9.522981047630310059e-01,4.436148703098297119e-02,-1.179268598556518555e+00
3.241944313049316406e-01,9.771090745925903320e-01,8.450509309768676758e-01,6.834220141172409058e-02,-1.145247370004653931e-01,5.823096632957458496e-01,8.019531369209289551e-01,-1.813312023878097534e-01,9.177277982234954834e-02,1.219708919525146484e-01,7.847304344177246094e-01,-2.899185121059417725e-01,-8.870565146207809448e-02,-1.124905467033386230e+00,4.965462163090705872e-02,4.564229771494865417e-02,6.220929026603698730e-01,6.157081574201583862e-02,1.822379827499389648e-01,5.149127542972564697e-02,3.140000104904174805e-01,3.281635344028472900e-01,3.401673734188079834e-01,1.154896140098571777e+00,-3.369768559932708740e-01,-1.896981954574584961e+00,4.107559025287628174e-01,-9.525592327117919922e-01,1.463614851236343384e-01,-1.281268596649169922e+00
3.315182328224182129e-01,9.653521180152893066e-01,8.336112499237060547e-01,9.482742846012115479e-02,-1.210585311055183411e-01,5.895986557006835938e-01,7.929224371910095215e-01,-1.662013679742813110e-01,7.335933297872543335e-02,9.419628977775573730e-02,8.095827102661132812e-01,-3.325795829296112061e-01,-8.651533722877502441e-02,-1.226905465126037598e+00,6.046614795923233032e-02,3.338155895471572876e-02,6.342155933380126953e-01,3.964117169380187988e-02,2.016450017690658569e-01,6.216530501842498779e-02,3.140000104904174805e-01,3.073556423187255859e-01,3.124045729637145996e-01,1.177099227905273438e+00,-3.799749910831451416e-01,-1.984106779098510742e+00,3.529551327228546143e-01,-9.590598344802856445e-01,2.483614832162857056e-01,-1.383268594741821289e+00
3.386288583278656006e-01,9.603216648101806641e-01,8.320556879043579102e-01,6.092524155974388123e-02,-1.523235291242599487e-01,6.072636246681213379e-01,7.773780226707458496e-01,-1.980784088373184204e-01,1.282397210597991943e-01,6.453230232000350952e-02,9.115827083587646484e-01,-4.345795810222625732e-01,-9.696440771222114563e-03,-1.328905463218688965e+00,1.885708048939704895e-02,1.639309898018836975e-02,7.362155914306640625e-01,5.928390193730592728e-03,1.414391994476318359e-01,8.789026737213134766e-02,3.140000104904174805e-01,3.009310364723205566e-01,2.943013012409210205e-01,1.095548272132873535e+00,-4.091633260250091553e-01,-1.933711409568786621e+00,2.509551346302032471e-01,-9.225484728813171387e-01,3.162848055362701416e-01,-1.399773955345153809e+00
3.450942635536193848e-01,9.702956676483154297e-01,8.257724046707153320e-01,4.747251421213150024e-02,-1.342276334762573242e-01,6.234573721885681152e-01,7.687848806381225586e-01,-2.742172777652740479e-01,1.289059072732925415e-01,3.308412060141563416e-02,9.749311208724975586e-01,-4.630529284477233887e-01,9.420241229236125946e-03,-1.430905461311340332e+00,-1.533730886876583099e-02,-9.068592451512813568e-03,8.382155895233154297e-01,-1.388876326382160187e-02,1.264829188585281372e-01,9.259291738271713257e-02,3.140000104904174805e-01,3.041406571865081787e-01,2.237338274717330933e-01,9.947597384452819824e-01,-3.661581873893737793e-01,-1.894915819168090820e+00,1.489551365375518799e-01,-1.010772347450256348e+00,2.707568407058715820e-01,-1.414353966712951660e+00
3.487294614315032959e-01,9.473197460174560547e-01,8.280056715011596680e-01,4.926360771059989929e-02,-1.307729333639144897e-01,6.386926174163818359e-01,7.566659450531005859e-01,-3.142488598823547363e-01,1.151769310235977173e-01,1.192846242338418961e-02,9.644875526428222656e-01,-4.869614243507385254e-01,2.330904267728328705e-02,-1.532905459403991699e+00,-5.690924823284149170e-02,-1.792712137103080750e-02,9.402156472206115723e-01,-5.670090764760971069e-02,1.011130809783935547e-01,6.837608665227890015e-02,3.140000104904174805e-01,2.773957550525665283e-01,1.984852254390716553e-01,9.417317509651184082e-01,-3.222091794013977051e-01,-1.854119539260864258e+00,4.695514217019081116e-02,-1.067471742630004883e+00,1.976672559976577759e-01,-1.453459620475769043e+00
3.500106930732727051e-01,9.364416003227233887e-01,8.413282632827758789e-01,3.526623174548149109e-02,-8.293992280960083008e-02,6.685981154441833496e-01,7.381421327590942383e-01,-3.342640399932861328e-01,6.152012571692466736e-02,-5.497865378856658936e-03,8.624875545501708984e-01,-4.382877647876739502e-01,1.817360520362854004e-02,-1.634905457496643066e+00,-1.109141781926155090e-01,-6.617094576358795166e-02,1.042215585708618164e+00,-8.350738137960433960e-02,9.644079208374023438e-02,-1.268616970628499985e-02,3.140000104904174805e-01,2.414444535970687866e-01,2.147742807865142822e-01,8.397317528724670410e-01,-2.202091813087463379e-01,-1.780027389526367188e+00,-5.504485964775085449e-02,-1.169471740722656250e+00,9.566725790500640869e-02,-1.555459618568420410e+00
3.510555326938629150e-01,9.230579733848571777e-01,8.687148094177246094e-01,3.310198709368705750e-02,-5.810096114873886108e-02,6.882779002189636230e-01,7.223587036132812500e-01,-2.850401401519775391e-01,3.408543393015861511e-02,-5.390017107129096985e-02,7.604875564575195312e-01,-3.362877666950225830e-01,-1.209556125104427338e-02,-1.532905459403991699e+00,-1.306137144565582275e-01,-7.071927189826965332e-02,1.144215583801269531e+00,-1.056890785694122314e-01,1.014215275645256042e-01,-5.725106969475746155e-02,3.140000104904174805e-01,2.415320277214050293e-01,2.277325093746185303e-01,7.600477933883666992e-01,-1.356693804264068604e-01,-1.721727967262268066e+00,-1.570448577404022217e-01,-1.271471738815307617e+00,-6.332744844257831573e-03,-1.654447317123413086e+00
3.542637526988983154e-01,9.147141575813293457e-01,8.961479663848876953e-01,4.217919707298278809e-02,-4.802720993757247925e-02,7.073805332183837891e-01,7.039368748664855957e-01,-2.150293141603469849e-01,2.116637490689754486e-02,-8.428239077329635620e-02,6.584875583648681641e-01,-2.342877686023712158e-01,-6.127950549125671387e-02,-1.430905461311340332e+00,-1.530770659446716309e-01,-8.569422364234924316e-02,1.246215581893920898e+00,-1.050584688782691956e-01,8.519044518470764160e-02,-9.230483323335647583e-02,3.140000104904174805e-01,2.258431464433670044e-01,2.512028217315673828e-01,7.335137724876403809e-01,-7.762505859136581421e-02,-1.682043552398681641e+00,-2.590448558330535889e-01,-1.291794896125793457e+00,-1.083327457308769226e-01,-1.756447315216064453e+00
3.599478602409362793e-01,8.920785784721374512e-01,9.159903526306152344e-01,4.117142036557197571e-02,-3.215654194355010986e-02,7.201933264732360840e-01,6.918037533760070801e-01,-1.877568811178207397e-01,2.831049636006355286e-02,-6.569898873567581177e-02,5.574573874473571777e-01,-1.322877705097198486e-01,-1.009716913104057312e-01,-1.328905463218688965e+00,-1.559650450944900513e-01,-9.546436369419097900e-02,1.348215579986572266e+00,-6.316360831260681152e-02,6.424681097269058228e-02,-9.713357686996459961e-02,3.140000104904174805e-01,2.058668583631515503e-01,2.866772413253784180e-01,6.931854486465454102e-01,-3.318212553858757019e-02,-1.691090106964111328e+00,-3.610448539257049561e-01,-1.203053951263427734e+00,-2.103327512741088867e-01,-1.858447313308715820e+00
3.644056320190429688e-01,8.961110711097717285e-01,9.208682775497436523e-01,4.568069055676460266e-02,-2.825273945927619934e-02,7.322715520858764648e-01,6.788913607597351074e-01,-2.487357854843139648e-01,3.708467260003089905e-02,-2.975606545805931091e-02,6.594573855400085449e-01,-3.028777614235877991e-02,-8.507903665304183960e-02,-1.226905465126037598e+00,-1.409658640623092651e-01,-4.814410954713821411e-02,1.450215578079223633e+00,3.883638978004455566e-02,6.588234752416610718e-02,-6.644702702760696411e-02,3.140000104904174805e-01,1.907904893159866333e-01,3.300939202308654785e-01,6.616528630256652832e-01,8.207650971598923206e-04,-1.770991206169128418e+00,-4.630448520183563232e-01,-1.101053953170776367e+00,-3.123327493667602539e-01,-1.960447311401367188e+00
3.676194846630096436e-01,8.700349926948547363e-01,9.067587852478027344e-01,5.084485560655593872e-02,-2.986267767846584320e-02,7.386663556098937988e-01,6.714872121810913086e-01,-3.507357835769653320e-01,4.822785407304763794e-02,-1.660051010549068451e-02,7.614573836326599121e-01,7.171222567558288574e-02,-1.006605923175811768e-01,-1.124905467033386230e+00,-1.334687471389770508e-01,-3.495123237371444702e-02,1.389256596565246582e+00,1.204348281025886536e-01,9.241292625665664673e-02,-3.174496814608573914e-02,3.140000104904174805e-01,1.989575028419494629e-01,3.467473089694976807e-01,5.954355001449584961e-01,2.988179959356784821e-02,-1.813356518745422363e+00,-5.650448799133300781e-01,-1.014095664024353027e+00,-4.143327474594116211e-01,-1.901897549629211426e+00
3.702004551887512207e-01,8.617808818817138672e-01,8.820515871047973633e-01,6.326223164796829224e-02,-2.399409934878349304e-02,7.471472620964050293e-01,6.612058281898498535e-01,-4.527357816696166992e-01,6.368969380855560303e-02,2.433007583022117615e-02,8.634573817253112793e-01,1.266964673995971680e-01,-1.110885441303253174e-01,-1.022905468940734863e+00,-1.713746339082717896e-01,-5.216458812355995178e-02,1.287256598472595215e+00,1.564771085977554321e-01,1.028098911046981812e-01,2.758241724222898483e-03,3.140000104904174805e-01,1.899967193603515625e-01,3.681308627128601074e-01,5.209597945213317871e-01,6.668385118246078491e-02,-1.838343739509582520e+00,-6.670448780059814453e-01,-9.120956659317016602e-01,-5.163327455520629883e-01,-1.853779792785644531e+00
3.736836910247802734e-01,8.603971600532531738e-01,8.537465333938598633e-01,6.658057123422622681e-02,-6.082376465201377869e-03,7.519016861915588379e-01,6.558763980865478516e-01,-5.547357797622680664e-01,9.929266571998596191e-02,8.807930350303649902e-02,9.654573798179626465e-01,2.469646744430065155e-02,-7.167073339223861694e-02,-9.209055304527282715e-01,-2.107881903648376465e-01,-1.071248874068260193e-01,1.185256600379943848e+00,5.447710677981376648e-02,8.570458739995956421e-02,2.432964369654655457e-02,3.139999806880950928e-01,1.660154312849044800e-01,3.646605312824249268e-01,4.493418931961059570e-01,1.369442343711853027e-01,-1.822062253952026367e+00,-7.690448760986328125e-01,-8.100956678390502930e-01,-6.183327436447143555e-01,-1.838404536247253418e+00
3.774549961090087891e-01,8.424736261367797852e-01,8.225181102752685547e-01,7.133020460605621338e-02,-1.704425631032790989e-05,7.573319077491760254e-01,6.491227746009826660e-01,-6.567357778549194336e-01,1.242333427071571350e-01,9.931828826665878296e-02,1.067457437515258789e+00,-7.730353623628616333e-02,-1.571033895015716553e-02,-8.189055323600769043e-01,-2.113387435674667358e-01,-1.143743470311164856e-01,1.083256602287292480e+00,-4.752289131283760071e-02,4.249876365065574646e-02,3.831509128212928772e-02,3.140000104904174805e-01,1.594762057065963745e-01,3.393934667110443115e-01,3.763547837734222412e-01,1.996466070413589478e-01,-1.783394575119018555e+00,-6.808400154113769531e-01,-7.080956697463989258e-01,-6.861231923103332520e-01,-1.736404538154602051e+00
3.800661563873291016e-01,8.499934673309326172e-01,7.897936105728149414e-01,6.912752240896224976e-02,2.882851986214518547e-03,7.585587501525878906e-01,6.479210257530212402e-01,-7.587357759475708008e-01,1.184647157788276672e-01,5.878726765513420105e-02,1.169457435607910156e+00,-1.793035268783569336e-01,4.013891145586967468e-02,-7.169055342674255371e-01,-1.856940984725952148e-01,-7.826134562492370605e-02,9.812566041946411133e-01,-1.495228856801986694e-01,-2.081985818222165108e-03,7.878386974334716797e-02,3.140000104904174805e-01,1.790897250175476074e-01,3.014999330043792725e-01,3.549728989601135254e-01,1.937350630760192871e-01,-1.744435548782348633e+00,-5.788400173187255859e-01,-6.060956716537475586e-01,-5.841231942176818848e-01,-1.634404540061950684e+00
3.819275200366973877e-01,8.365822434425354004e-01,7.647173404693603516e-01,7.486502081155776978e-02,-5.051204003393650055e-03,7.512032985687255859e-01,6.557921171188354492e-01,-8.384054303169250488e-01,1.094781607389450073e-01,1.461003161966800690e-02,1.271457433700561523e+00,-2.813035249710083008e-01,9.561290591955184937e-02,-6.149055361747741699e-01,-1.606539785861968994e-01,-3.825921565294265747e-02,1.026947140693664551e+00,-2.515228986740112305e-01,-3.524552285671234131e-02,1.108554825186729431e-01,3.139997720718383789e-01,2.051070332527160645e-01,2.620342075824737549e-01,3.826622366905212402e-01,1.462024748325347900e-01,-1.671454191207885742e+00,-4.768400192260742188e-01,-5.540443658828735352e-01,-4.821232259273529053e-01,-1.532404541969299316e+00
3.923424482345581055e-01,8.296023607254028320e-01,7.553067207336425781e-01,7.476127892732620239e-02,2.364334795856848359e-04,7.375234365463256836e-01,6.711705327033996582e-01,-7.755802273750305176e-01,9.922090917825698853e-02,-7.063775788992643356e-03,1.373457431793212891e+00,-3.833035230636596680e-01,1.597681939601898193e-01,-5.129055380821228027e-01,-1.341430842876434326e-01,5.617970600724220276e-03,1.081568717956542969e+00,-3.535228967666625977e-01,-2.348332852125167847e-02,9.373535960912704468e-02,3.139999508857727051e-01,1.948392391204833984e-01,2.200011014938354492e-01,3.652278482913970947e-01,1.086254194378852844e-01,-1.589557766914367676e+00,-3.748400211334228516e-01,-5.507041215896606445e-01,-3.801232278347015381e-01,-1.430404543876647949e+00
4.104535281658172607e-01,8.230668902397155762e-01,7.635943889617919922e-01,7.261028885841369629e-02,1.137627847492694855e-02,7.298647761344909668e-01,6.796291470527648926e-01,-7.195081114768981934e-01,8.567463606595993042e-02,-3.710247203707695007e-02,1.271457433700561523e+00,-4.416539967060089111e-01,1.560425609350204468e-01,-4.725956618785858154e-01,-1.240185275673866272e-01,8.879590779542922974e-03,1.054047107696533203e+00,-4.555228948593139648e-01,-1.888843253254890442e-02,1.012334302067756653e-01,3.139999806880950928e-01,1.718262284994125366e-01,1.885575652122497559e-01,3.864359557628631592e-01,1.164219155907630920e-01,-1.583541870117187500e+00,-2.728400230407714844e-01,-6.089786887168884277e-01,-2.781232297420501709e-01,-1.328404545783996582e+00
4.198986291885375977e-01,8.142173290252685547e-01,7.891323566436767578e-01,6.842318922281265259e-02,2.054695971310138702e-02,7.305323481559753418e-01,6.791307926177978516e-01,-7.103776931762695312e-01,9.481406956911087036e-02,-2.433425746858119965e-02,1.169457435607910156e+00,-3.942932188510894775e-01,1.220237165689468384e-01,-4.411085247993469238e-01,-1.360004842281341553e-01,-2.790149673819541931e-02,9.520471692085266113e-01,-4.319424033164978027e-01,7.631697691977024078e-03,9.633009135723114014e-02,3.140000104904174805e-01,1.507154256105422974e-01,1.920069903135299683e-01,3.817183375358581543e-01,2.066220939159393311e-01,-1.656721472740173340e+00,-1.708400398492813110e-01,-7.100630998611450195e-01,-1.761232167482376099e-01,-1.226404547691345215e+00
4.300586283206939697e-01,8.022192120552062988e-01,8.223625421524047852e-01,5.919916927814483643e-02,3.344244137406349182e-02,7.311568856239318848e-01,6.788126826286315918e-01,-7.065297961235046387e-01,1.157353445887565613e-01,1.315598748624324799e-02,1.147803306579589844e+00,-3.233025670051574707e-01,8.699297159910202026e-02,-4.034095704555511475e-01,-1.444267779588699341e-01,-6.808871775865554810e-02,8.500471711158752441e-01,-3.299424052238464355e-01,5.175151675939559937e-02,8.668315410614013672e-02,3.140000104904174805e-01,1.336465477943420410e-01,2.231264412403106689e-01,3.564329445362091064e-01,2.900002896785736084e-01,-1.753932714462280273e+00,-6.884003430604934692e-02,-8.120630979537963867e-01,-2.781232297420501709e-01,-1.124404549598693848e+00
4.363222718238830566e-01,7.711430191993713379e-01,8.539267778396606445e-01,5.379582941532135010e-02,3.568824380636215210e-02,7.287284135818481445e-01,6.817530989646911621e-01,-7.139896750450134277e-01,1.494342535734176636e-01,4.567496851086616516e-02,1.249803304672241211e+00,-2.720283567905426025e-01,6.890618056058883667e-02,-3.432514667510986328e-01,-1.389733254909515381e-01,-8.332284539937973022e-02,7.480471730232238770e-01,-2.279424071311950684e-01,9.662122279405593872e-02,8.032348752021789551e-02,3.140000104904174805e-01,1.252014189958572388e-01,2.557114064693450928e-01,3.365312814712524414e-01,3.385837674140930176e-01,-1.823049068450927734e+00,3.315996751189231873e-02,-9.140630960464477539e-01,-3.799834847450256348e-01,-1.022404551506042480e+00
4.378760755062103271e-01,7.659072279930114746e-01,8.792847394943237305e-01,5.060067400336265564e-02,3.673838451504707336e-02,7.317612767219543457e-01,6.786864399909973145e-01,-7.242149710655212402e-01,1.772560328245162964e-01,1.016034334897994995e-01,1.351803302764892578e+00,-2.226492315530776978e-01,4.220367223024368286e-02,-2.908620536327362061e-01,-1.404294371604919434e-01,-1.070173233747482300e-01,6.460471749305725098e-01,-1.259424090385437012e-01,1.310646384954452515e-01,5.935678631067276001e-02,3.140000104904174805e-01,1.196568384766578674e-01,2.757914364337921143e-01,3.037659227848052979e-01,3.468686342239379883e-01,-1.865166544914245605e+00,7.719735801219940186e-02,-1.016063094139099121e+00,-4.328153729438781738e-01,-9.204045534133911133e-01
4.354400038719177246e-01,7.423229217529296875e-01,8.987389802932739258e-01,3.802527859807014465e-02,4.129349440336227417e-02,7.359709739685058594e-01,6.746819019317626953e-01,-7.316138148307800293e-01,1.892904639244079590e-01,1.427735090255737305e-01,1.453803300857543945e+00,-1.912113577127456665e-01,1.842000521719455719e-02,-2.649308145046234131e-01,-1.410374343395233154e-01,-1.167803034186363220e-01,5.440471768379211426e-01,-2.394240349531173706e-02,1.620973795652389526e-01,3.947200998663902283e-02,3.140000104904174805e-01,1.194500923156738281e-01,2.896407544612884521e-01,2.807388603687286377e-01,3.559958040714263916e-01,-1.886629819869995117e+00,8.958727121353149414e-02,-1.118063092231750488e+00,-4.947714805603027344e-01,-8.184045553207397461e-01
4.296112656593322754e-01,7.208037376403808594e-01,9.092997312545776367e-01,3.506759554147720337e-02,4.955726861953735352e-02,7.412925362586975098e-01,6.684307456016540527e-01,-7.632622122764587402e-01,1.793145388364791870e-01,1.424045413732528687e-01,1.555803298950195312e+00,-1.790102869272232056e-01,1.279826369136571884e-02,-2.787238359451293945e-01,-1.580787301063537598e-01,-1.120510771870613098e-01,5.046651959419250488e-01,7.805759459733963013e-02,1.856310218572616577e-01,1.347906049340963364e-02,3.140000104904174805e-01,1.062595993280410767e-01,2.956489622592926025e-01,2.759506106376647949e-01,3.357191085815429688e-01,-1.878739595413208008e+00,7.743594795465469360e-02,-1.220063090324401855e+00,-5.270211696624755859e-01,-7.164045572280883789e-01
4.226838946342468262e-01,6.981378793716430664e-01,9.032303094863891602e-01,2.416842430830001831e-02,4.983732104301452637e-02,7.519051432609558105e-01,6.569404602050781250e-01,-7.998544573783874512e-01,1.656744033098220825e-01,1.410925537347793579e-01,1.609335064888000488e+00,-1.799182444810867310e-01,1.308231148868799210e-02,-3.080501556396484375e-01,-1.642625778913497925e-01,-8.886364102363586426e-02,5.662322640419006348e-01,1.391137093305587769e-01,1.904944181442260742e-01,-1.483792252838611603e-02,3.140000104904174805e-01,1.154767274856567383e-01,2.827164530754089355e-01,2.886153161525726318e-01,3.181636631488800049e-01,-1.864538073539733887e+00,3.532681986689567566e-02,-1.277107357978820801e+00,-5.730639100074768066e-01,-6.942560076713562012e-01
4.155829548835754395e-01,6.967703104019165039e-01,8.838950395584106445e-01,1.560832280665636063e-02,5.116284266114234924e-02,7.604522109031677246e-01,6.471871733665466309e-01,-8.283465504646301270e-01,1.473281234502792358e-01,1.503605991601943970e-01,1.609274148941040039e+00,-1.848680078983306885e-01,2.013387344777584076e-02,-3.452712297439575195e-01,-1.640355139970779419e-01,-7.180896401405334473e-02,6.568735241889953613e-01,1.106424704194068909e-01,1.821099221706390381e-01,-3.478993475437164307e-02,3.140000104904174805e-01,1.190544739365577698e-01,2.486730962991714478e-01,3.195060193538665771e-01,3.068928122520446777e-01,-1.839537024497985840e+00,-5.811511538922786713e-03,-1.245036840438842773e+00,-6.044201254844665527e-01,-7.286183834075927734e-01
4.084021449089050293e-01,6.763572692871093750e-01,8.549695014953613281e-01,4.836471751332283020e-03,4.688252136111259460e-02,7.650130391120910645e-01,6.422878503799438477e-01,-8.314520120620727539e-01,1.290683150291442871e-01,1.500650495290756226e-01,1.549017071723937988e+00,-2.213434427976608276e-01,4.130243882536888123e-02,-3.955382406711578369e-01,-1.493294388055801392e-01,-4.861263185739517212e-02,7.478921413421630859e-01,2.036608010530471802e-02,1.534757465124130249e-01,-4.296446591615676880e-02,3.140000104904174805e-01,1.292926967144012451e-01,2.196508347988128662e-01,3.343096971511840820e-01,2.874667048454284668e-01,-1.809435009956359863e+00,-2.352242916822433472e-02,-1.145191907882690430e+00,-6.070479750633239746e-01,-8.306183815002441406e-01
4.027015864849090576e-01,6.775032877922058105e-01,8.195633888244628906e-01,-8.195591159164905548e-03,4.046370834112167358e-02,7.665278315544128418e-01,6.408826708793640137e-01,-8.176586627960205078e-01,1.088522300124168396e-01,1.474863439798355103e-01,1.465864062309265137e+00,-2.988800406455993652e-01,8.440019935369491577e-02,-4.464851021766662598e-01,-1.232532709836959839e-01,-3.251706808805465698e-02,8.331722021102905273e-01,-8.163391798734664917e-02,1.173397675156593323e-01,-4.658779874444007874e-02,3.140000104904174805e-01,1.353553384542465210e-01,1.895162612199783325e-01,3.444397449493408203e-01,2.625024616718292236e-01,-1.774670481681823730e+00,-4.854128137230873108e-02,-1.043191909790039062e+00,-5.931438207626342773e-01,-9.326183795928955078e-01
3.983282744884490967e-01,6.779126524925231934e-01,7.835068702697753906e-01,-1.991043984889984131e-02,2.715577557682991028e-02,7.521774172782897949e-01,6.580997109413146973e-01,-7.726894617080688477e-01,8.663082122802734375e-02,1.241054087877273560e-01,1.363864064216613770e+00,-3.992504179477691650e-01,1.396725922822952271e-01,-4.860158264636993408e-01,-9.010718017816543579e-02,-1.404317189007997513e-02,8.936443328857421875e-01,-1.836339235305786133e-01,9.161125123500823975e-02,-1.118677947670221329e-02,3.140000104904174805e-01,1.456985920667648315e-01,1.661777049303054810e-01,3.264413475990295410e-01,2.348169237375259399e-01,-1.684478044509887695e+00,-5.569704249501228333e-02,-9.411918520927429199e-01,-4.911437928676605225e-01,-1.034618377685546875e+00
3.943184316158294678e-01,6.564036011695861816e-01,7.543928623199462891e-01,-2.558820880949497223e-02,1.530601084232330322e-02,7.480339407920837402e-01,6.629903912544250488e-01,-7.479290366172790527e-01,8.471652865409851074e-02,1.273954063653945923e-01,1.302164435386657715e+00,-5.012504458427429199e-01,2.046979814767837524e-01,-5.332242846488952637e-01,-7.180793583393096924e-02,-1.528833247721195221e-02,9.667533636093139648e-01,-2.856339216232299805e-01,5.477459728717803955e-02,2.676731674000620842e-03,3.140000104904174805e-01,1.441822350025177002e-01,1.195312961935997009e-01,3.493607640266418457e-01,1.912664473056793213e-01,-1.600920200347900391e+00,-8.391873538494110107e-02,-8.391918540000915527e-01,-3.891437947750091553e-01,-1.136618375778198242e+00
3.910880982875823975e-01,6.365149617195129395e-01,7.417348623275756836e-01,-2.293178439140319824e-02,9.774773381650447845e-03,7.402215600013732910e-01,6.719007492065429688e-01,-7.328306436538696289e-01,6.814426183700561523e-02,1.156159117817878723e-01,1.283825397491455078e+00,-6.032504439353942871e-01,2.534013390541076660e-01,-5.746936798095703125e-01,-7.069884240627288818e-02,-1.386840920895338058e-02,1.021865963935852051e+00,-3.812070488929748535e-01,4.327107220888137817e-02,1.608162187039852142e-02,3.140000104904174805e-01,1.299124509096145630e-01,6.436148285865783691e-02,4.219299852848052979e-01,8.960482478141784668e-02,-1.571510314941406250e+00,-1.053728237748146057e-01,-7.371918559074401855e-01,-2.871437966823577881e-01,-1.223885893821716309e+00
3.903106153011322021e-01,6.274897456169128418e-01,7.597360610961914062e-01,-2.376963943243026733e-02,1.398059818893671036e-02,7.366980910301208496e-01,6.756592988967895508e-01,-6.917765140533447266e-01,4.431770369410514832e-02,1.075746938586235046e-01,1.195965409278869629e+00,-6.761936545372009277e-01,2.607102096080780029e-01,-5.613273382186889648e-01,-7.868579775094985962e-02,-2.339426800608634949e-02,9.548434019088745117e-01,-3.361996710300445557e-01,6.379358470439910889e-02,3.450497239828109741e-02,3.139983713626861572e-01,1.202897578477859497e-01,7.138059940189123154e-03,4.538463652133941650e-01,1.762700639665126801e-02,-1.590313911437988281e+00,-1.401611119508743286e-01,-6.502002477645874023e-01,-1.851437985897064209e-01,-1.299687385559082031e+00
3.868332207202911377e-01,6.283234357833862305e-01,7.950353622436523438e-01,-1.413555163890123367e-02,9.825405664741992950e-03,7.367568016052246094e-01,6.759386062622070312e-01,-5.897765159606933594e-01,3.244203701615333557e-02,1.159166097640991211e-01,1.093965411186218262e+00,-5.741936564445495605e-01,1.796762198209762573e-01,-4.839643239974975586e-01,-9.376108646392822266e-02,-5.370186641812324524e-02,8.528434038162231445e-01,-2.341996729373931885e-01,1.269867569208145142e-01,3.941003233194351196e-02,3.139801025390625000e-01,1.331701725721359253e-01,-2.877647057175636292e-02,4.984334409236907959e-01,-1.583462208509445190e-02,-1.672841072082519531e+00,-2.421611100435256958e-01,-7.522002458572387695e-01,-8.314380794763565063e-02,-1.401687383651733398e+00
3.866126835346221924e-01,6.271429657936096191e-01,8.391213417053222656e-01,-3.356832778081297874e-03,-2.953621151391416788e-04,7.396803498268127441e-01,6.729499101638793945e-01,-4.877764880657196045e-01,3.376911208033561707e-02,1.240197196602821350e-01,9.919654130935668945e-01,-4.721936881542205811e-01,7.767621427774429321e-02,-4.196929633617401123e-01,-1.037409752607345581e-01,-7.115117460489273071e-02,7.508434057235717773e-01,-1.321996599435806274e-01,1.828682720661163330e-01,3.734861686825752258e-02,3.065340816974639893e-01,1.611262857913970947e-01,-4.719705507159233093e-02,5.540240406990051270e-01,-5.977530777454376221e-02,-1.760057210922241211e+00,-3.441611230373382568e-01,-8.542002439498901367e-01,1.885619573295116425e-02,-1.503687381744384766e+00
3.880270123481750488e-01,6.032529473304748535e-01,8.798385858535766602e-01,-1.915054395794868469e-02,8.337035775184631348e-03,7.407040596008300781e-01,6.715067028999328613e-01,-3.892929255962371826e-01,3.788815066218376160e-02,1.315835118293762207e-01,8.899654150009155273e-01,-3.701936900615692139e-01,-1.304687839001417160e-02,-4.393383264541625977e-01,-1.297423690557479858e-01,-8.431116491556167603e-02,6.760900020599365234e-01,-3.019966557621955872e-02,2.245912253856658936e-01,2.056190557777881622e-02,2.633352875709533691e-01,1.745267212390899658e-01,2.224417775869369507e-02,6.146014332771301270e-01,-3.948827460408210754e-02,-1.862057209014892578e+00,-4.461611211299896240e-01,-9.562002420425415039e-01,-4.246466979384422302e-02,-1.605687379837036133e+00
3.910194933414459229e-01,6.047966480255126953e-01,9.090141057968139648e-01,-1.626397110521793365e-02,5.198585800826549530e-03,7.395861148834228516e-01,6.728453636169433594e-01,-3.321148455142974854e-01,6.247664615511894226e-02,1.390494257211685181e-01,7.919465899467468262e-01,-2.681936919689178467e-01,-6.781501322984695435e-02,-4.525535106658935547e-01,-1.618009656667709351e-01,-1.014349758625030518e-01,7.780900001525878906e-01,7.180033624172210693e-02,2.234553396701812744e-01,1.011927053332328796e-02,2.656089663505554199e-01,1.814703494310379028e-01,1.169786229729652405e-01,6.366415023803710938e-01,-4.959317855536937714e-03,-1.927123665809631348e+00,-5.481610894203186035e-01,-1.058200240135192871e+00,-1.444646716117858887e-01,-1.707687377929687500e+00
3.947210907936096191e-01,5.957626104354858398e-01,9.218152761459350586e-01,-1.394562306813895702e-03,-8.989903144538402557e-03,7.447587847709655762e-01,6.672717332839965820e-01,-3.256525993347167969e-01,6.564150750637054443e-02,1.115340441465377808e-01,8.939465880393981934e-01,-1.661936789751052856e-01,-9.266765415668487549e-02,-4.700880944728851318e-01,-1.931919157505035400e-01,-9.326187521219253540e-02,8.800899982452392578e-01,1.738003343343734741e-01,1.894999295473098755e-01,-4.912233911454677582e-03,2.893259525299072266e-01,1.506181508302688599e-01,2.059310674667358398e-01,6.687743663787841797e-01,-1.277533825486898422e-02,-2.010439634323120117e+00,-6.501610875129699707e-01,-1.160200238227844238e+00,-2.464646697044372559e-01,-1.690646290779113770e+00
3.978872299194335938e-01,5.905617475509643555e-01,9.261809587478637695e-01,2.474508620798587799e-02,-1.904456876218318939e-02,7.481215000152587891e-01,6.628267168998718262e-01,-3.420529961585998535e-01,4.977490752935409546e-02,6.981641799211502075e-02,9.959465861320495605e-01,-6.419368088245391846e-02,-1.029241010546684265e-01,-4.755674004554748535e-01,-2.127960771322250366e-01,-6.574949622154235840e-02,9.820899963378906250e-01,1.765235513448715210e-01,1.516163796186447144e-01,-6.621327716857194901e-03,3.009778261184692383e-01,1.145397797226905823e-01,2.547605037689208984e-01,6.300572156906127930e-01,4.013183992356061935e-03,-2.011052608489990234e+00,-7.521610856056213379e-01,-1.262200236320495605e+00,-3.484646677970886230e-01,-1.590866446495056152e+00
4.024222791194915771e-01,5.823075175285339355e-01,9.168897867202758789e-01,2.862223982810974121e-02,-1.104240212589502335e-02,7.520642280578613281e-01,6.583755016326904297e-01,-3.769437372684478760e-01,1.698266714811325073e-02,3.355228900909423828e-02,1.097946643829345703e+00,2.202920429408550262e-02,-1.105939373373985291e-01,-4.963237941265106201e-01,-2.111188918352127075e-01,-3.646600991487503052e-02,1.084089994430541992e+00,1.161849126219749451e-01,9.770426154136657715e-02,-9.032040834426879883e-03,3.093750774860382080e-01,7.002852112054824829e-02,2.810511589050292969e-01,5.839703083038330078e-01,4.290825128555297852e-02,-1.988775610923767090e+00,-8.340600132942199707e-01,-1.364200234413146973e+00,-4.504646658897399902e-01,-1.503288269042968750e+00
4.091096818447113037e-01,5.671780705451965332e-01,8.939155340194702148e-01,2.095463685691356659e-02,1.074351929128170013e-02,7.526424527168273926e-01,6.580082774162292480e-01,-4.292331635951995850e-01,-1.253828592598438263e-02,3.377028182148933411e-02,1.199946641921997070e+00,1.790152490139007568e-02,-1.100573241710662842e-01,-5.297127962112426758e-01,-1.862734705209732056e-01,-2.738285250961780548e-02,1.186089992523193359e+00,6.955352425575256348e-02,6.648506224155426025e-02,6.774181034415960312e-03,3.129565417766571045e-01,5.075928941369056702e-02,2.820411622524261475e-01,5.344330072402954102e-01,9.676718711853027344e-02,-1.934805989265441895e+00,-8.584842681884765625e-01,-1.466200232505798340e+00,-5.524646639823913574e-01,-1.455841779708862305e+00
4.161862134933471680e-01,5.680790543556213379e-01,8.663885593414306641e-01,2.450634725391864777e-02,2.365933172404766083e-02,7.583366632461547852e-01,6.509724855422973633e-01,-5.244744420051574707e-01,-4.529693722724914551e-02,2.121303416788578033e-02,1.301946640014648438e+00,-5.118473246693611145e-02,-7.618962973356246948e-02,-6.240765452384948730e-01,-1.469887346029281616e-01,-4.221214726567268372e-02,1.288089990615844727e+00,-2.679145336151123047e-02,4.460703209042549133e-02,-1.705833710730075836e-02,3.138434886932373047e-01,1.006707549095153809e-02,2.915029525756835938e-01,5.341814756393432617e-01,1.487396508455276489e-01,-1.891189575195312500e+00,-8.050143718719482422e-01,-1.554977059364318848e+00,-6.544646620750427246e-01,-1.353841781616210938e+00
4.207852780818939209e-01,5.693971514701843262e-01,8.410583734512329102e-01,2.825437299907207489e-02,3.294507414102554321e-02,7.632005810737609863e-01,6.447023749351501465e-01,-6.083404421806335449e-01,-6.570784747600555420e-02,9.771271608769893646e-03,1.403946638107299805e+00,-1.531847268342971802e-01,-1.544495951384305954e-02,-7.156521081924438477e-01,-1.057577058672904968e-01,-8.208490163087844849e-02,1.390089988708496094e+00,-1.287914514541625977e-01,-1.317640300840139389e-02,-6.670074164867401123e-02,3.139765262603759766e-01,-2.827130816876888275e-02,2.900875806808471680e-01,5.017290115356445312e-01,1.897016018629074097e-01,-1.806570649147033691e+00,-7.377882003784179688e-01,-1.536005496978759766e+00,-7.564646601676940918e-01,-1.251841783523559570e+00
4.245701730251312256e-01,5.710170269012451172e-01,8.262407779693603516e-01,2.377824112772941589e-02,3.896061331033706665e-02,7.640939950942993164e-01,6.434881687164306641e-01,-6.277379393577575684e-01,-8.078167587518692017e-02,-6.895754486322402954e-03,1.301946640014648438e+00,-2.551847398281097412e-01,5.743861943483352661e-02,-7.398812770843505859e-01,-5.488456040620803833e-02,-1.270535290241241455e-01,1.288089990615844727e+00,-2.307914495468139648e-01,-3.426292538642883301e-02,-1.217296645045280457e-01,3.139964640140533447e-01,-5.002675950527191162e-02,2.744072079658508301e-01,4.561195075511932373e-01,1.942665725946426392e-01,-1.704570651054382324e+00,-6.575036644935607910e-01,-1.434005498886108398e+00,-8.584646582603454590e-01,-1.195974946022033691e+00
4.274659454822540283e-01,5.733476877212524414e-01,8.204933404922485352e-01,2.105464227497577667e-02,4.271627962589263916e-02,7.572209239006042480e-01,6.514203548431396484e-01,-5.866580605506896973e-01,-1.104946658015251160e-01,-3.711649030447006226e-02,1.199946641921997070e+00,-3.571847379207611084e-01,1.261550933122634888e-01,-6.923759579658508301e-01,-5.313158035278320312e-03,-1.252427697181701660e-01,1.186089992523193359e+00,-3.327914476394653320e-01,-1.606401056051254272e-02,-1.288655847311019897e-01,3.139994740486145020e-01,-5.465193465352058411e-02,2.426310181617736816e-01,4.197183549404144287e-01,1.565578281879425049e-01,-1.602570652961730957e+00,-5.555036067962646484e-01,-1.332005500793457031e+00,-7.629393339157104492e-01,-1.227761983871459961e+00
4.280225634574890137e-01,5.761058926582336426e-01,8.161671161651611328e-01,2.159291878342628479e-02,3.998634964227676392e-02,7.487993240356445312e-01,6.612370610237121582e-01,-5.709405541419982910e-01,-1.254518628120422363e-01,-5.543375015258789062e-02,1.097946643829345703e+00,-4.591847360134124756e-01,1.623661518096923828e-01,-6.664751172065734863e-01,1.755510456860065460e-02,-1.082608997821807861e-01,1.084089994430541992e+00,-4.347914457321166992e-01,-1.518922206014394760e-02,-9.399405866861343384e-02,3.139994442462921143e-01,-3.247396275401115417e-02,2.065802961587905884e-01,4.022397994995117188e-01,1.048902273178100586e-01,-1.500570654869079590e+00,-4.535036385059356689e-01,-1.230005502700805664e+00,-6.609393358230590820e-01,-1.275013566017150879e+00
4.296211004257202148e-01,5.839392542839050293e-01,8.197132349014282227e-01,3.395474329590797424e-02,3.036561422049999237e-02,7.419347763061523438e-01,6.689228415489196777e-01,-5.122616291046142578e-01,-1.156731694936752319e-01,-5.301564559340476990e-02,9.959465861320495605e-01,-4.529120028018951416e-01,1.572448015213012695e-01,-5.917708873748779297e-01,1.976556517183780670e-02,-1.007847785949707031e-01,9.820899963378906250e-01,-4.870294630527496338e-01,-2.246301993727684021e-02,-1.334082055836915970e-02,3.139983117580413818e-01,2.426761761307716370e-02,1.622254252433776855e-01,3.687584102153778076e-01,1.049306057393550873e-02,-1.398570656776428223e+00,-3.515036404132843018e-01,-1.128005504608154297e+00,-5.589393377304077148e-01,-1.271183609962463379e+00
4.316171705722808838e-01,5.918568968772888184e-01,8.316301107406616211e-01,5.732014030218124390e-02,9.948938153684139252e-03,7.330954670906066895e-01,6.776329874992370605e-01,-4.439059793949127197e-01,-9.393639117479324341e-02,-3.252608701586723328e-02,8.939465880393981934e-01,-3.920495510101318359e-01,1.341432034969329834e-01,-4.897709190845489502e-01,2.362349070608615875e-02,-9.696719050407409668e-02,8.819405436515808105e-01,-4.594861567020416260e-01,-1.671996340155601501e-02,6.256385892629623413e-02,3.139997124671936035e-01,1.037274524569511414e-01,1.674902439117431641e-01,3.520302474498748779e-01,-2.096396125853061676e-02,-1.400770425796508789e+00,-2.737075388431549072e-01,-1.026005506515502930e+00,-4.569393396377563477e-01,-1.273367285728454590e+00
4.324450194835662842e-01,5.994350314140319824e-01,8.460389375686645508e-01,7.871186733245849609e-02,-5.072349216789007187e-03,7.237875461578369141e-01,6.855000257492065430e-01,-4.252646267414093018e-01,-6.805118918418884277e-02,9.043890982866287231e-03,9.305475354194641113e-01,-3.313312530517578125e-01,1.090320050716400146e-01,-3.911292254924774170e-01,2.027982659637928009e-02,-9.539114683866500854e-02,8.089995980262756348e-01,-3.958025574684143066e-01,-2.829674864187836647e-03,1.205816566944122314e-01,3.139906227588653564e-01,1.712500602006912231e-01,2.061057984828948975e-01,3.487562537193298340e-01,5.530176311731338501e-02,-1.487117290496826172e+00,-2.255379855632781982e-01,-9.240055084228515625e-01,-3.549393415451049805e-01,-1.353343605995178223e+00
4.312921166419982910e-01,6.051917076110839844e-01,8.656246662139892578e-01,9.219909459352493286e-02,-1.088191941380500793e-02,7.141721844673156738e-01,6.937860250473022461e-01,-4.889318048954010010e-01,-3.713127225637435913e-02,6.362579017877578735e-02,1.032547473907470703e+00,-2.442448139190673828e-01,6.875023245811462402e-02,-3.166078925132751465e-01,1.911482540890574455e-03,-9.495851397514343262e-02,7.169399261474609375e-01,-2.938025593757629395e-01,4.737633094191551208e-02,1.767649948596954346e-01,3.139985799789428711e-01,2.183062881231307983e-01,2.655516266822814941e-01,3.696219325065612793e-01,1.573017686605453491e-01,-1.589117288589477539e+00,-2.059326469898223877e-01,-8.946675658226013184e-01,-2.529393434524536133e-01,-1.380956053733825684e+00
4.315640926361083984e-01,6.043897867202758789e-01,8.909565210342407227e-01,1.036401689052581787e-01,-7.693695952184498310e-04,7.030794620513916016e-01,7.035178542137145996e-01,-5.909317731857299805e-01,5.710076075047254562e-04,1.027046144008636475e-01,1.134547472000122070e+00,-1.807746440172195435e-01,2.761825360357761383e-02,-2.767937183380126953e-01,-3.667252138257026672e-02,-9.140481799840927124e-02,6.216823458671569824e-01,-1.918025612831115723e-01,9.266826510429382324e-02,2.311342954635620117e-01,3.139998018741607666e-01,2.417081445455551147e-01,3.188037574291229248e-01,3.628413975238800049e-01,2.593017518520355225e-01,-1.661003351211547852e+00,-1.656095981597900391e-01,-9.966675639152526855e-01,-3.549393415451049805e-01,-1.279983401298522949e+00
4.325406253337860107e-01,5.979511737823486328e-01,9.171829223632812500e-01,1.206348761916160583e-01,1.489114668220281601e-02,6.936395168304443359e-01,7.099927663803100586e-01,-6.929317712783813477e-01,3.765954077243804932e-02,1.193870231509208679e-01,1.184466600418090820e+00,-1.790348291397094727e-01,1.492850948125123978e-02,-2.560575306415557861e-01,-9.155671298503875732e-02,-8.272049576044082642e-02,5.300427675247192383e-01,-8.980257064104080200e-02,1.223248019814491272e-01,2.859202027320861816e-01,3.139999806880950928e-01,2.198729068040847778e-01,3.293429613113403320e-01,3.905676603317260742e-01,3.613017499446868896e-01,-1.662159562110900879e+00,-1.276025176048278809e-01,-1.098667502403259277e+00,-4.569393396377563477e-01,-1.177983403205871582e+00
4.316092431545257568e-01,5.872011184692382812e-01,9.332485198974609375e-01,1.397773027420043945e-01,3.792839869856834412e-02,6.969347000122070312e-01,7.023572921752929688e-01,-7.949318289756774902e-01,7.237165421247482300e-02,1.068584024906158447e-01,1.165989995002746582e+00,-1.789661496877670288e-01,-3.163746092468500137e-03,-2.692193686962127686e-01,-1.407383233308792114e-01,-9.405026584863662720e-02,4.745330512523651123e-01,1.219743303954601288e-02,1.414004862308502197e-01,3.084492683410644531e-01,3.139999806880950928e-01,1.945977360010147095e-01,3.483338356018066406e-01,4.009562730789184570e-01,4.633017480373382568e-01,-1.654806494712829590e+00,-8.649353682994842529e-02,-1.200667500495910645e+00,-5.589393377304077148e-01,-1.075983405113220215e+00
4.297600388526916504e-01,5.769360065460205078e-01,9.304351806640625000e-01,1.532736271619796753e-01,5.937511846423149109e-02,7.049311399459838867e-01,6.899665594100952148e-01,-8.969318270683288574e-01,6.084122881293296814e-02,3.001771867275238037e-02,1.104959368705749512e+00,-1.841543316841125488e-01,-2.618715912103652954e-02,-2.887191474437713623e-01,-1.736866086721420288e-01,-1.198299527168273926e-01,4.368310570716857910e-01,1.141974329948425293e-01,1.676608473062515259e-01,3.225886225700378418e-01,3.140000104904174805e-01,1.722298860549926758e-01,3.811181187629699707e-01,4.047058522701263428e-01,5.195204615592956543e-01,-1.680016517639160156e+00,-1.920406147837638855e-02,-1.283239603042602539e+00,-6.083023548126220703e-01,-9.739834070205688477e-01
4.253254234790802002e-01,5.739047527313232422e-01,9.115182161331176758e-01,1.653473526239395142e-01,5.926414951682090759e-02,7.225023508071899414e-01,6.686840653419494629e-01,-9.989318251609802246e-01,-4.414832219481468201e-04,-7.198227941989898682e-02,1.002959370613098145e+00,-2.447377443313598633e-01,-2.829878032207489014e-02,-3.027119040489196777e-01,-1.981641054153442383e-01,-1.680647879838943481e-01,4.484274089336395264e-01,1.258907914161682129e-01,1.731723546981811523e-01,3.294428586959838867e-01,3.140000104904174805e-01,1.874040067195892334e-01,4.240949749946594238e-01,4.170315861701965332e-01,5.543373227119445801e-01,-1.710579752922058105e+00,6.337279826402664185e-02,-1.240233898162841797e+00,-5.592461824417114258e-01,-8.719834089279174805e-01
4.165416657924652100e-01,5.814075469970703125e-01,8.825186491012573242e-01,1.701451390981674194e-01,3.012738749384880066e-02,7.391622066497802734e-01,6.509855389595031738e-01,-1.100931763648986816e+00,-8.204773068428039551e-02,-1.739822775125503540e-01,9.009593129158020020e-01,-2.772307097911834717e-01,-2.858125977218151093e-02,-2.891061902046203613e-01,-1.899339407682418823e-01,-2.255275994539260864e-01,4.944108724594116211e-01,8.059998601675033569e-02,1.602245867252349854e-01,3.738205432891845703e-01,3.140000104904174805e-01,2.591603696346282959e-01,4.656510353088378906e-01,4.177659153938293457e-01,5.116603374481201172e-01,-1.808967828750610352e+00,1.071917265653610229e-01,-1.138233900070190430e+00,-4.724204838275909424e-01,-8.812236189842224121e-01
4.070043563842773438e-01,5.942468643188476562e-01,8.525478839874267578e-01,1.638577431440353394e-01,-2.761714160442352295e-02,7.381262779235839844e-01,6.538788080215454102e-01,-1.202931761741638184e+00,-1.192221119999885559e-01,-2.122834026813507080e-01,7.989593148231506348e-01,-2.990218997001647949e-01,-2.925442531704902649e-02,-2.732282876968383789e-01,-1.520162969827651978e-01,-3.097329735755920410e-01,5.636015534400939941e-01,-3.802417311817407608e-03,1.308754682540893555e-01,4.418700933456420898e-01,3.140000104904174805e-01,3.547383248805999756e-01,5.213090181350708008e-01,3.998210132122039795e-01,4.408880174160003662e-01,-1.910967826843261719e+00,1.324730515480041504e-01,-1.036233901977539062e+00,-3.704204857349395752e-01,-9.832236170768737793e-01
4.000074863433837891e-01,6.142745614051818848e-01,8.334883451461791992e-01,2.185151278972625732e-01,-8.886245638132095337e-02,7.029016613960266113e-01,6.710319519042968750e-01,-1.304931759834289551e+00,-1.469553560018539429e-01,-2.900980710983276367e-01,7.046546339988708496e-01,-2.070139199495315552e-01,-9.454459883272647858e-03,-1.997499465942382812e-01,-1.122582107782363892e-01,-3.194310665130615234e-01,6.573367714881896973e-01,-9.611502289772033691e-02,9.854531288146972656e-02,5.438700914382934570e-01,3.140000104904174805e-01,4.461368918418884277e-01,5.778079032897949219e-01,3.540823161602020264e-01,3.502224087715148926e-01,-2.012967824935913086e+00,1.118291541934013367e-01,-9.342339038848876953e-01,-2.684204876422882080e-01,-1.085223555564880371e+00
3.953084349632263184e-01,6.246191859245300293e-01,8.311042785644531250e-01,2.245177328586578369e-01,-6.973504275083541870e-02,6.688460707664489746e-01,7.052473425865173340e-01,-1.406931757926940918e+00,-1.309445500373840332e-01,-3.072812259197235107e-01,7.129684090614318848e-01,-1.050139218568801880e-01,-5.669505894184112549e-02,-2.326309829950332642e-01,-1.151770725846290588e-01,-3.042145967483520508e-01,7.593367695808410645e-01,-1.370184421539306641e-01,9.394571185111999512e-02,6.458700895309448242e-01,3.140000104904174805e-01,4.644244313240051270e-01,6.585181355476379395e-01,3.374433517456054688e-01,2.484294623136520386e-01,-2.114967823028564453e+00,3.592696785926818848e-02,-8.322339057922363281e-01,-1.664204746484756470e-01,-1.187223553657531738e+00
3.935944437980651855e-01,6.271030902862548828e-01,8.300698995590209961e-01,2.336954474449157715e-01,-1.070573404431343079e-01,6.475201249122619629e-01,7.173861265182495117e-01,-1.508931756019592285e+00,-1.013844236731529236e-01,-2.881491184234619141e-01,7.776899337768554688e-01,-1.088082417845726013e-01,-5.302533134818077087e-02,-1.824865341186523438e-01,-6.493552774190902710e-02,-2.612796127796173096e-01,7.541790604591369629e-01,-1.590615212917327881e-01,7.139731198549270630e-02,7.478700876235961914e-01,3.140000104904174805e-01,4.699212312698364258e-01,6.891900897026062012e-01,3.405278027057647705e-01,1.737966686487197876e-01,-2.216967821121215820e+00,-3.472677618265151978e-02,-8.263204693794250488e-01,-6.442047655582427979e-02,-1.289223551750183105e+00
3.934591412544250488e-01,6.253809928894042969e-01,8.345639705657958984e-01,2.451150715351104736e-01,-1.094916239380836487e-01,6.292104721069335938e-01,7.293999791145324707e-01,-1.610931754112243652e+00,-8.032290637493133545e-02,-2.974057793617248535e-01,8.796899318695068359e-01,-8.697889745235443115e-02,-7.645376026630401611e-02,-1.776920855045318604e-01,-5.341143161058425903e-02,-2.042758017778396606e-01,7.707318067550659180e-01,-1.253443062305450439e-01,1.759494841098785400e-02,8.333904743194580078e-01,3.140000104904174805e-01,4.633673131465911865e-01,6.998855471611022949e-01,3.219896554946899414e-01,1.230097040534019470e-01,-2.247133016586303711e+00,-5.917855724692344666e-02,-8.649612665176391602e-01,3.757952153682708740e-02,-1.275027871131896973e+00
3.978912234306335449e-01,6.102340817451477051e-01,8.402711153030395508e-01,2.302635014057159424e-01,-8.673807978630065918e-02,6.346818804740905762e-01,7.325531840324401855e-01,-1.712931752204895020e+00,-2.741065993905067444e-02,-2.630868852138519287e-01,9.816899299621582031e-01,-1.011096015572547913e-01,-6.433100998401641846e-02,-1.974180489778518677e-01,-4.413487762212753296e-02,-1.715379059314727783e-01,7.045680880546569824e-01,-1.415182948112487793e-01,1.241419278085231781e-02,8.212126493453979492e-01,3.140000104904174805e-01,3.917165100574493408e-01,6.695576310157775879e-01,3.058392703533172607e-01,1.216095834970474243e-01,-2.237687826156616211e+00,-1.117155328392982483e-01,-9.669612646102905273e-01,1.395795196294784546e-01,-1.313308954238891602e+00
4.038646817207336426e-01,5.941972136497497559e-01,8.466024398803710938e-01,1.839744150638580322e-01,-5.907560698688030243e-03,6.560259461402893066e-01,7.319484353065490723e-01,-1.814417362213134766e+00,4.858470708131790161e-02,-1.987228840589523315e-01,1.083689928054809570e+00,-9.952815622091293335e-02,-3.637171909213066101e-02,-2.917831540107727051e-01,-7.051253318786621094e-02,-1.518235355615615845e-01,6.297756433486938477e-01,-7.444892078638076782e-02,1.829908415675163269e-02,7.192126512527465820e-01,3.140000104904174805e-01,2.897165119647979736e-01,5.675576329231262207e-01,2.045632302761077881e-01,2.236095815896987915e-01,-2.211220741271972656e+00,-2.137155383825302124e-01,-1.068961262702941895e+00,2.222474664449691772e-01,-1.415308952331542969e+00
4.052272439002990723e-01,5.753849744796752930e-01,8.563948869705200195e-01,1.499899923801422119e-01,4.105832800269126892e-02,6.586476564407348633e-01,7.362068295478820801e-01,-1.712417364120483398e+00,1.471662819385528564e-01,-9.672287851572036743e-02,1.185689926147460938e+00,-8.410122990608215332e-02,-2.592309564352035522e-02,-3.503777086734771729e-01,-1.291168481111526489e-01,-1.573697179555892944e-01,5.535905957221984863e-01,3.015593625605106354e-03,3.878478333353996277e-02,6.172125935554504395e-01,3.140000104904174805e-01,1.877165138721466064e-01,4.655576050281524658e-01,2.014600187540054321e-01,3.256095945835113525e-01,-2.178500652313232422e+00,-3.157155215740203857e-01,-1.170961260795593262e+00,1.202474683523178101e-01,-1.517308950424194336e+00
4.021137058734893799e-01,5.626479387283325195e-01,8.678523302078247070e-01,1.249102801084518433e-01,6.222884356975555420e-02,6.655989289283752441e-01,7.331459522247314453e-01,-1.610417366027832031e+00,2.257048636674880981e-01,5.277118645608425140e-03,1.287689924240112305e+00,-1.261628270149230957e-01,7.970018312335014343e-03,-3.837522864341735840e-01,-1.851231306791305542e-01,-2.096684128046035767e-01,5.051396489143371582e-01,4.013832658529281616e-02,6.274911761283874512e-02,5.152125954627990723e-01,3.140000104904174805e-01,8.571651577949523926e-02,3.635576069355010986e-01,2.495764046907424927e-01,4.276095926761627197e-01,-2.135095596313476562e+00,-4.177155196666717529e-01,-1.272961258888244629e+00,1.824747025966644287e-02,-1.619308948516845703e+00
3.961596488952636719e-01,5.525588393211364746e-01,8.789987564086914062e-01,1.179354265332221985e-01,5.050254240632057190e-02,6.545274853706359863e-01,7.450734972953796387e-01,-1.508417367935180664e+00,2.574796974658966064e-01,9.200033545494079590e-02,1.389689922332763672e+00,-1.386992484331130981e-01,1.581214182078838348e-02,-3.494239747524261475e-01,-2.150303572416305542e-01,-2.641055285930633545e-01,4.770321846008300781e-01,5.295059829950332642e-02,8.208111673593521118e-02,4.132126271724700928e-01,3.140000104904174805e-01,-1.628348603844642639e-02,2.911517620086669922e-01,3.276212811470031738e-01,4.876130819320678711e-01,-2.056333303451538086e+00,-5.197155475616455078e-01,-1.374961256980895996e+00,-8.375252783298492432e-02,-1.704949021339416504e+00
3.869747221469879150e-01,5.493757128715515137e-01,8.858515024185180664e-01,1.117657572031021118e-01,3.218931704759597778e-02,6.469662785530090332e-01,7.535960078239440918e-01,-1.406417369842529297e+00,2.228544652462005615e-01,1.183728575706481934e-01,1.491689920425415039e+00,-1.158351972699165344e-01,-1.439356803894042969e-02,-3.200631439685821533e-01,-2.237773835659027100e-01,-2.933549582958221436e-01,4.941104054450988770e-01,5.016267672181129456e-02,9.009893238544464111e-02,3.112126290798187256e-01,3.140000104904174805e-01,-3.704958036541938782e-02,2.590349614620208740e-01,3.316260874271392822e-01,4.451606273651123047e-01,-1.994382381439208984e+00,-6.217155456542968750e-01,-1.391188979148864746e+00,-1.857525259256362915e-01,-1.806949019432067871e+00
3.774489760398864746e-01,5.493661165237426758e-01,8.832174539566040039e-01,9.580841660499572754e-02,1.793211326003074646e-02,6.425399780273437500e-01,7.600273489952087402e-01,-1.304417371749877930e+00,1.838128417730331421e-01,1.435699164867401123e-01,1.593689918518066406e+00,-8.714011311531066895e-02,-5.005044862627983093e-02,-3.263477385044097900e-01,-2.228280454874038696e-01,-2.903999090194702148e-01,5.763530731201171875e-01,4.644018784165382385e-02,9.256990998983383179e-02,2.103562653064727783e-01,3.139999806880950928e-01,-9.314621798694133759e-03,2.580618262290954590e-01,3.133602440357208252e-01,3.872503638267517090e-01,-1.946972846984863281e+00,-7.237155437469482422e-01,-1.289188981056213379e+00,-2.877525389194488525e-01,-1.908949017524719238e+00
3.670201301574707031e-01,5.518103837966918945e-01,8.654018640518188477e-01,7.679854333400726318e-02,1.479981839656829834e-02,6.498444676399230957e-01,7.560324668884277344e-01,-1.202417373657226562e+00,1.443447768688201904e-01,1.600638329982757568e-01,1.574894189834594727e+00,-8.937947452068328857e-02,-5.271580442786216736e-02,-3.675433397293090820e-01,-2.102953940629959106e-01,-2.721640467643737793e-01,6.783530712127685547e-01,1.220338698476552963e-02,7.697483897209167480e-02,1.127185523509979248e-01,3.140000104904174805e-01,1.670057885348796844e-02,2.960645258426666260e-01,3.119703233242034912e-01,3.370388150215148926e-01,-1.961889266967773438e+00,-8.257155418395996094e-01,-1.187188982963562012e+00,-3.897525370121002197e-01,-1.900048732757568359e+00
3.583315610885620117e-01,5.537012815475463867e-01,8.410015106201171875e-01,6.251264363527297974e-02,1.036831643432378769e-02,6.541267633438110352e-01,7.537259459495544434e-01,-1.100417375564575195e+00,1.054182946681976318e-01,1.482340991497039795e-01,1.472894191741943359e+00,-9.458457678556442261e-02,-2.045137435197830200e-02,-4.302673041820526123e-01,-1.749517321586608887e-01,-2.123524695634841919e-01,7.803530693054199219e-01,-2.435149252414703369e-02,7.251051813364028931e-02,3.349875286221504211e-02,3.140000104904174805e-01,2.587331645190715790e-02,2.893627285957336426e-01,3.536243140697479248e-01,2.874822914600372314e-01,-1.916964054107666016e+00,-9.277155399322509766e-01,-1.085188984870910645e+00,-4.219359457492828369e-01,-1.825850129127502441e+00
3.507089614868164062e-01,5.547727942466735840e-01,8.131828308105468750e-01,4.489074647426605225e-02,6.760221906006336212e-03,6.562851667404174805e-01,7.531459927558898926e-01,-9.984173178672790527e-01,5.364908650517463684e-02,1.099324747920036316e-01,1.370894193649291992e+00,-1.491372436285018921e-01,3.855124115943908691e-02,-4.958411455154418945e-01,-1.091386601328849792e-01,-1.306182891130447388e-01,8.823530673980712891e-01,-7.373900711536407471e-02,8.786457777023315430e-02,-5.354203283786773682e-02,3.139999210834503174e-01,1.307266019284725189e-02,2.482748925685882568e-01,4.443880617618560791e-01,2.562390863895416260e-01,-1.841402053833007812e+00,-1.029715538024902344e+00,-9.831889867782592773e-01,-4.711645841598510742e-01,-1.821404218673706055e+00
3.440072834491729736e-01,5.535023212432861328e-01,7.908353805541992188e-01,3.723574802279472351e-02,7.518427446484565735e-03,6.564239859580993652e-01,7.534351944923400879e-01,-8.964173197746276855e-01,1.029274612665176392e-02,6.704395264387130737e-02,1.268894195556640625e+00,-2.511372268199920654e-01,1.145203784108161926e-01,-5.200308561325073242e-01,-6.015185639262199402e-02,-6.188100948929786682e-02,9.843530654907226562e-01,-8.344298601150512695e-02,9.180550277233123779e-02,-9.135153144598007202e-02,3.139624893665313721e-01,-1.769562624394893646e-02,1.772322356700897217e-01,4.944872558116912842e-01,1.542390882968902588e-01,-1.739402055740356445e+00,-9.277155399322509766e-01,-8.811889886856079102e-01,-3.691645860671997070e-01,-1.719404220581054688e+00
3.375248908996582031e-01,5.441819429397583008e-01,7.716577053070068359e-01,3.355408087372779846e-02,1.302021369338035583e-02,6.557436585426330566e-01,7.541252374649047852e-01,-7.944173216819763184e-01,-4.457419738173484802e-03,6.179375946521759033e-02,1.166894197463989258e+00,-3.358205854892730713e-01,1.472331136465072632e-01,-5.321176052093505859e-01,-4.746817797422409058e-02,-4.588880762457847595e-02,1.071301817893981934e+00,-1.592936366796493530e-01,7.732360064983367920e-02,-9.768803417682647705e-02,3.139559924602508545e-01,-3.886409848928451538e-02,1.082128509879112244e-01,5.335330963134765625e-01,5.321806669235229492e-02,-1.637402057647705078e+00,-8.257155418395996094e-01,-7.791889905929565430e-01,-2.671645879745483398e-01,-1.617404222488403320e+00
3.314521312713623047e-01,5.397515296936035156e-01,7.541754245758056641e-01,1.694324426352977753e-02,1.916388794779777527e-02,6.493661403656005859e-01,7.600455880165100098e-01,-6.924173235893249512e-01,-2.608138695359230042e-02,4.454179108142852783e-02,1.064894199371337891e+00,-4.378205835819244385e-01,1.542338430881500244e-01,-5.496863722801208496e-01,-3.626478463411331177e-02,-5.300137028098106384e-02,1.009940385818481445e+00,-2.612936198711395264e-01,6.374130398035049438e-02,-6.445128470659255981e-02,3.139916658401489258e-01,-4.299754649400711060e-02,3.626890480518341064e-02,5.096866488456726074e-01,-3.335186466574668884e-02,-1.535402059555053711e+00,-7.237155437469482422e-01,-6.771889925003051758e-01,-1.651645898818969727e-01,-1.515404224395751953e+00
3.284006118774414062e-01,5.493324398994445801e-01,7.357625961303710938e-01,1.125224586576223373e-02,9.344923309981822968e-03,6.395589113235473633e-01,7.686029672622680664e-01,-5.904173254966735840e-01,-1.687530428171157837e-02,4.612485691905021667e-02,9.854186177253723145e-01,-5.152581334114074707e-01,1.703178137540817261e-01,-5.530307292938232422e-01,-2.441816218197345734e-02,-5.350004881620407104e-02,9.995625019073486328e-01,-3.632936179637908936e-01,3.036494366824626923e-02,-2.714542299509048462e-02,3.139972984790802002e-01,-3.466667607426643372e-02,1.044962555170059204e-02,4.976412653923034668e-01,-1.996618136763572693e-02,-1.433402061462402344e+00,-6.217155456542968750e-01,-5.751889944076538086e-01,-6.316458433866500854e-02,-1.413404226303100586e+00
3.216960132122039795e-01,5.519355535507202148e-01,7.220419645309448242e-01,7.326010148972272873e-03,3.664636285975575447e-03,6.335951685905456543e-01,7.736213803291320801e-01,-5.176535248756408691e-01,-5.053652450442314148e-03,5.371009185910224915e-02,9.944623708724975586e-01,-5.939477086067199707e-01,1.993953436613082886e-01,-5.626596808433532715e-01,-1.456530205905437469e-02,-4.746995121240615845e-02,1.015522003173828125e+00,-4.652936458587646484e-01,7.098821923136711121e-03,-2.658277750015258789e-02,3.139995932579040527e-01,-1.885005459189414978e-02,-1.834179623983800411e-03,5.100937485694885254e-01,8.203382045030593872e-02,-1.331401944160461426e+00,-5.197155475616455078e-01,-4.731890261173248291e-01,-1.614635735750198364e-01,-1.311404228210449219e+00
3.183689415454864502e-01,5.643559694290161133e-01,7.152259349822998047e-01,7.182563189417123795e-03,3.731447795871645212e-04,6.347066164016723633e-01,7.727197408676147461e-01,-4.977132678031921387e-01,-6.125199608504772186e-03,5.392152816057205200e-02,1.010468363761901855e+00,-6.631521582603454590e-01,2.240268290042877197e-01,-5.528433322906494141e-01,-5.643172189593315125e-03,-2.978613041341304779e-02,1.028369069099426270e+00,-5.672936439514160156e-01,-9.050048887729644775e-03,-4.638033360242843628e-02,3.139999508857727051e-01,-5.674707237631082535e-03,-2.550494670867919922e-02,5.879477858543395996e-01,1.840338259935379028e-01,-1.229401946067810059e+00,-4.177155196666717529e-01,-5.681720376014709473e-01,-2.634635865688323975e-01,-1.209404230117797852e+00
3.141903579235076904e-01,5.851351022720336914e-01,7.156715393066406250e-01,9.160741232335567474e-03,3.776826779358088970e-04,6.376030445098876953e-01,7.703105211257934570e-01,-4.691600799560546875e-01,-1.456874702125787735e-02,6.101610139012336731e-02,1.000332593917846680e+00,-6.739946603775024414e-01,2.179379016160964966e-01,-5.280641913414001465e-01,-1.383166108280420303e-02,-2.055969648063182831e-02,1.027598500251770020e+00,-6.182116270065307617e-01,-2.529779681935906410e-03,-6.687223911285400391e-02,3.139999806880950928e-01,1.797745935618877411e-03,-1.833081990480422974e-02,6.899477839469909668e-01,2.860338091850280762e-01,-1.127401947975158691e+00,-3.157155215740203857e-01,-6.701720356941223145e-01,-3.654635846614837646e-01,-1.107404232025146484e+00
3.094064891338348389e-01,6.072857379913330078e-01,7.212983369827270508e-01,8.014045655727386475e-03,3.590949927456676960e-05,6.400185823440551758e-01,7.683176398277282715e-01,-4.339509904384613037e-01,-2.231090329587459564e-02,6.435561925172805786e-02,9.704220294952392578e-01,-6.457082629203796387e-01,1.898529231548309326e-01,-4.929297268390655518e-01,-2.198810316622257233e-02,-1.422443613409996033e-02,1.001102924346923828e+00,-5.583986639976501465e-01,1.634817756712436676e-02,-7.377154380083084106e-02,3.140000104904174805e-01,1.649985462427139282e-02,8.366917818784713745e-02,7.916485667228698730e-01,3.880338072776794434e-01,-1.025401949882507324e+00,-2.137155383825302124e-01,-7.721720337867736816e-01,-4.674635827541351318e-01,-1.005404233932495117e+00
3.060217797756195068e-01,6.238889694213867188e-01,7.319155931472778320e-01,1.040725503116846085e-02,-6.861304282210767269e-04,6.419098377227783203e-01,7.667091488838195801e-01,-3.867014348506927490e-01,-3.385343030095100403e-02,6.373633444309234619e-02,9.114455580711364746e-01,-5.801941156387329102e-01,1.459328681230545044e-01,-4.478197991847991943e-01,-3.175165504217147827e-02,-8.749810978770256042e-03,9.505310058593750000e-01,-4.563986659049987793e-01,5.136370658874511719e-02,-7.905954122543334961e-02,3.140000104904174805e-01,2.090144157409667969e-02,1.856691837310791016e-01,8.936485648155212402e-01,4.900338053703308105e-01,-9.234020113945007324e-01,-1.117155328392982483e-01,-8.741720318794250488e-01,-5.694635510444641113e-01,-9.034042954444885254e-01
3.080417215824127197e-01,6.315570473670959473e-01,7.467056512832641602e-01,1.382710877805948257e-02,1.331367646344006062e-03,6.449909210205078125e-01,7.640639543533325195e-01,-3.386390507221221924e-01,-4.321180284023284912e-02,6.208001822233200073e-02,8.292854428291320801e-01,-4.873307943344116211e-01,1.034742370247840881e-01,-4.063039124011993408e-01,-3.914437070488929749e-02,-7.015996146947145462e-03,8.890656828880310059e-01,-3.543986678123474121e-01,8.317374438047409058e-02,-8.131932467222213745e-02,3.140000104904174805e-01,2.512656524777412415e-02,2.686184048652648926e-01,9.956485629081726074e-01,5.920338034629821777e-01,-8.214020133018493652e-01,-9.715533815324306488e-03,-9.761720299720764160e-01,-6.714636087417602539e-01,-8.014042973518371582e-01
3.071362376213073730e-01,6.323326230049133301e-01,7.631667852401733398e-01,1.749825291335582733e-02,1.051656319759786129e-03,6.491125822067260742e-01,7.604902982711791992e-01,-2.901731133460998535e-01,-5.069003254175186157e-02,6.205532699823379517e-02,7.372445464134216309e-01,-3.853307962417602539e-01,6.026074662804603577e-02,-3.695489764213562012e-01,-4.948555305600166321e-02,-1.594546809792518616e-02,8.282218575477600098e-01,-2.523986697196960449e-01,1.050819531083106995e-01,-7.654582709074020386e-02,3.140000104904174805e-01,3.168961405754089355e-02,2.872121632099151611e-01,1.097648501396179199e+00,6.940338015556335449e-01,-7.194020152091979980e-01,9.228446334600448608e-02,-9.703338742256164551e-01,-7.734636068344116211e-01,-6.994042992591857910e-01
3.068297803401947021e-01,6.280114054679870605e-01,7.801268100738525391e-01,2.108996547758579254e-02,2.539447450544685125e-04,6.543975472450256348e-01,7.558565139770507812e-01,-2.452849745750427246e-01,-5.463547632098197937e-02,6.382340192794799805e-02,6.434270739555358887e-01,-2.864420413970947266e-01,2.982545085251331329e-02,-3.404885232448577881e-01,-5.629689618945121765e-02,-2.668006718158721924e-02,7.706226706504821777e-01,-1.503986716270446777e-01,1.121722161769866943e-01,-6.995303183794021606e-02,3.140000104904174805e-01,4.092811793088912964e-02,2.658444344997406006e-01,1.127950429916381836e+00,7.960337996482849121e-01,-6.174020171165466309e-01,1.942844688892364502e-01,-9.474603533744812012e-01,-8.754636049270629883e-01,-5.974042415618896484e-01
3.053875565528869629e-01,6.295220255851745605e-01,7.957264184951782227e-01,2.189648151397705078e-02,-4.988632281310856342e-05,6.547158956527709961e-01,7.555578351020812988e-01,-2.027815133333206177e-01,-5.591472238302230835e-02,6.499699503183364868e-02,5.518789291381835938e-01,-1.983402967453002930e-01,9.548692032694816589e-03,-3.244146108627319336e-01,-5.806661397218704224e-02,-3.091470524668693542e-02,7.199742197990417480e-01,-9.555897861719131470e-02,1.165497899055480957e-01,-5.636332556605339050e-02,3.140000104904174805e-01,5.215243622660636902e-02,2.736878395080566406e-01,1.124176383018493652e+00,8.809255957603454590e-01,-5.154020190238952637e-01,2.962844669818878174e-01,-8.887690305709838867e-01,-9.774636030197143555e-01,-4.954042732715606689e-01
3.054670691490173340e-01,6.302747726440429688e-01,8.075456619262695312e-01,2.467335946857929230e-02,-3.438156796619296074e-03,6.533659100532531738e-01,7.566322684288024902e-01,-1.700427979230880737e-01,-5.434650555253028870e-02,6.959246844053268433e-02,4.891668260097503662e-01,-1.335539519786834717e-01,3.666230244562029839e-03,-3.179974853992462158e-01,-5.683010816574096680e-02,-3.145453333854675293e-02,6.912474036216735840e-01,-6.525415182113647461e-02,1.211331561207771301e-01,-4.407791048288345337e-02,3.140000104904174805e-01,5.770186334848403931e-02,2.769700288772583008e-01,1.107340931892395020e+00,9.212644696235656738e-01,-4.134019911289215088e-01,3.982844650745391846e-01,-8.255128860473632812e-01,-1.079463601112365723e+00,-3.934042751789093018e-01
3.069362938404083252e-01,6.317881941795349121e-01,8.149256706237792969e-01,2.708523720502853394e-02,-7.088874932378530502e-03,6.505986452102661133e-01,7.589054703712463379e-01,-1.514895707368850708e-01,-5.263651162385940552e-02,7.393864542245864868e-02,4.599406421184539795e-01,-1.058297380805015564e-01,1.084922440350055695e-02,-3.218062222003936768e-01,-5.859955027699470520e-02,-3.949285671114921570e-02,6.899905800819396973e-01,-4.995585605502128601e-02,1.314704418182373047e-01,-3.419467806816101074e-02,3.140000104904174805e-01,5.752963572740554810e-02,2.606073915958404541e-01,1.092814207077026367e+00,9.336669445037841797e-01,-3.171878457069396973e-01,4.405096173286437988e-01,-7.235128879547119141e-01,-9.880241751670837402e-01,-3.345331847667694092e-01
3.041121959686279297e-01,6.240385770797729492e-01,8.176250457763671875e-01,3.064296022057533264e-02,-1.049736794084310532e-02,6.505920290946960449e-01,7.587363719940185547e-01,-1.469390094280242920e-01,-5.507650598883628845e-02,7.577425241470336914e-02,4.482580423355102539e-01,-1.108097732067108154e-01,2.185499295592308044e-02,-3.368065953254699707e-01,-6.714093685150146484e-02,-5.288181453943252563e-02,7.175789475440979004e-01,-6.346095353364944458e-02,1.348253488540649414e-01,-3.528356552124023438e-02,3.140000104904174805e-01,5.249702930450439453e-02,2.619188129901885986e-01,1.069829940795898438e+00,9.453475475311279297e-01,-3.307664096355438232e-01,4.198893904685974121e-01,-6.215128898620605469e-01,-8.860241770744323730e-01,-4.129758477210998535e-01
3.041558861732482910e-01,6.196252703666687012e-01,8.160775899887084961e-01,3.471704572439193726e-02,-1.289737317711114883e-02,6.492826342582702637e-01,7.596449851989746094e-01,-1.490638107061386108e-01,-5.774626135826110840e-02,7.527723908424377441e-02,4.580655694007873535e-01,-1.350775212049484253e-01,3.501454368233680725e-02,-3.572083413600921631e-01,-7.824257016181945801e-02,-6.465976685285568237e-02,7.612537741661071777e-01,-8.211966603994369507e-02,1.335120052099227905e-01,-3.557964041829109192e-02,3.140000104904174805e-01,4.831612855195999146e-02,2.242090553045272827e-01,1.093243002891540527e+00,9.149939417839050293e-01,-3.100000023841857910e-01,3.785125911235809326e-01,-5.195128321647644043e-01,-7.840241789817810059e-01,-4.582580029964447021e-01
3.071725070476531982e-01,6.189423799514770508e-01,8.129281997680664062e-01,3.744350746273994446e-02,-1.441924739629030228e-02,6.484760046005249023e-01,7.601769566535949707e-01,-1.531793475151062012e-01,-5.641259625554084778e-02,7.724247872829437256e-02,4.769750833511352539e-01,-1.696970164775848389e-01,4.619398713111877441e-02,-3.835209012031555176e-01,-9.402229636907577515e-02,-7.823085039854049683e-02,8.069138526916503906e-01,-1.088735386729240417e-01,1.264919638633728027e-01,-3.816484659910202026e-02,3.140000104904174805e-01,4.695626720786094666e-02,2.056298702955245972e-01,1.111405730247497559e+00,8.882163763046264648e-01,-2.940471768379211426e-01,3.572030365467071533e-01,-4.302113652229309082e-01,-6.820241808891296387e-01,-4.906694591045379639e-01
3.093627989292144775e-01,6.231018304824829102e-01,8.103258609771728516e-01,3.874238207936286926e-02,-1.929382421076297760e-02,6.489421129226684570e-01,7.596057653427124023e-01,-1.491586416959762573e-01,-5.147901922464370728e-02,7.470577210187911987e-02,4.936171770095825195e-01,-2.026106864213943481e-01,5.408479645848274231e-02,-4.046998023986816406e-01,-1.040176004171371460e-01,-8.621082454919815063e-02,8.338007926940917969e-01,-1.290819942951202393e-01,1.216324865818023682e-01,-3.656632453203201294e-02,3.139908015727996826e-01,5.487579479813575745e-02,1.036298647522926331e-01,1.175724625587463379e+00,7.862163782119750977e-01,-2.084736078977584839e-01,2.552030384540557861e-01,-4.380544126033782959e-01,-5.800241827964782715e-01,-3.904305994510650635e-01
3.122293055057525635e-01,6.312855482101440430e-01,8.084141016006469727e-01,3.746451810002326965e-02,-1.947479136288166046e-02,6.494045853614807129e-01,7.592698931694030762e-01,-1.459351181983947754e-01,-4.831920936703681946e-02,7.021492719650268555e-02,5.033370256423950195e-01,-2.267130762338638306e-01,5.801781266927719116e-02,-4.313118159770965576e-01,-1.122166737914085388e-01,-8.788153529167175293e-02,8.419671654701232910e-01,-1.478668600320816040e-01,1.153630614280700684e-01,-3.697886317968368530e-02,3.139930069446563721e-01,6.367908418178558350e-02,1.629863749258220196e-03,1.189731836318969727e+00,6.842163801193237305e-01,-1.884829550981521606e-01,2.123034745454788208e-01,-4.158687591552734375e-01,-4.999191462993621826e-01,-3.667115867137908936e-01
3.163302242755889893e-01,6.422549486160278320e-01,8.074667453765869141e-01,3.476272523403167725e-02,-1.936802081763744354e-02,6.503455638885498047e-01,7.585954666137695312e-01,-1.386404335498809814e-01,-4.375129938125610352e-02,6.325664371252059937e-02,5.041928887367248535e-01,-2.412745803594589233e-01,5.739675462245941162e-02,-4.551531672477722168e-01,-1.158740520477294922e-01,-8.290760219097137451e-02,8.170540332794189453e-01,-1.590087413787841797e-01,1.128812953829765320e-01,-3.547172248363494873e-02,3.139956295490264893e-01,7.872246950864791870e-02,-4.970138892531394958e-02,1.189713001251220703e+00,5.822163820266723633e-01,-1.724474728107452393e-01,1.979548335075378418e-01,-4.024720191955566406e-01,-4.590405821800231934e-01,-3.592393398284912109e-01
3.216922283172607422e-01,6.557092666625976562e-01,8.066896200180053711e-01,3.046577423810958862e-02,-1.511985249817371368e-02,6.524564623832702637e-01,7.570626139640808105e-01,-1.349987089633941650e-01,-4.086133837699890137e-02,5.421487987041473389e-02,5.017679929733276367e-01,-2.480592876672744751e-01,5.454525724053382874e-02,-4.803867042064666748e-01,-1.165280863642692566e-01,-6.867273151874542236e-02,7.743502259254455566e-01,-1.602208763360977173e-01,1.120227575302124023e-01,-3.752160817384719849e-02,3.139993548393249512e-01,9.186699241399765015e-02,5.229861289262771606e-02,1.138193607330322266e+00,6.668731570243835449e-01,-2.411778122186660767e-01,2.999548316001892090e-01,-3.421488106250762939e-01,-4.757151007652282715e-01,-4.612393379211425781e-01
3.331256806850433350e-01,6.702930331230163574e-01,8.060119152069091797e-01,2.759376913309097290e-02,-1.391125563532114029e-02,6.547323465347290039e-01,7.552288174629211426e-01,-1.269770711660385132e-01,-3.220247849822044373e-02,3.991295397281646729e-02,5.031772255897521973e-01,-2.452835291624069214e-01,4.805763438344001770e-02,-4.881801903247833252e-01,-1.066980659961700439e-01,-4.975185170769691467e-02,7.108765840530395508e-01,-1.559900641441345215e-01,1.102477237582206726e-01,-3.088817559182643890e-02,3.139998912811279297e-01,1.164529025554656982e-01,1.399784386157989502e-01,1.093425631523132324e+00,6.839108467102050781e-01,-2.747661769390106201e-01,3.490997552871704102e-01,-3.323476612567901611e-01,-4.911458194255828857e-01,-5.131468176841735840e-01
3.449102938175201416e-01,6.817030906677246094e-01,8.051756620407104492e-01,2.624293416738510132e-02,-1.371407974511384964e-02,6.562209129333496094e-01,7.539876699447631836e-01,-1.173631027340888977e-01,-2.312777191400527954e-02,2.387649379670619965e-02,5.036225318908691406e-01,-2.382031977176666260e-01,3.771161288022994995e-02,-4.868650138378143311e-01,-9.157814830541610718e-02,-2.536466531455516815e-02,6.409336328506469727e-01,-1.473726779222488403e-01,1.046553254127502441e-01,-2.551371045410633087e-02,3.139999806880950928e-01,1.396108269691467285e-01,1.845061480998992920e-01,1.054664254188537598e+00,6.925768256187438965e-01,-2.975334227085113525e-01,3.704792857170104980e-01,-3.401502966880798340e-01,-5.013742446899414062e-01,-5.204433798789978027e-01
3.610866367816925049e-01,6.994342207908630371e-01,8.030835390090942383e-01,2.704325877130031586e-02,-1.256916858255863190e-02,6.570084691047668457e-01,7.532931566238403320e-01,-1.039781942963600159e-01,-1.428855489939451218e-02,9.219432249665260315e-03,5.135104060173034668e-01,-2.207443714141845703e-01,2.257147245109081268e-02,-4.753583669662475586e-01,-7.591914385557174683e-02,-6.465681362897157669e-03,5.923821330070495605e-01,-1.379383653402328491e-01,1.027391478419303894e-01,-1.579421572387218475e-02,3.140000104904174805e-01,1.579072475433349609e-01,2.089609056711196899e-01,1.028051495552062988e+00,6.901766061782836914e-01,-3.111177980899810791e-01,3.743837773799896240e-01,-3.539924621582031250e-01,-5.028253793716430664e-01,-5.098108649253845215e-01
3.766474425792694092e-01,7.186465859413146973e-01,8.007664680480957031e-01,2.702203206717967987e-02,-9.363315999507904053e-03,6.584634780883789062e-01,7.520691156387329102e-01,-9.536842256784439087e-02,-7.647062651813030243e-03,-6.039399653673171997e-03,5.311474204063415527e-01,-1.970626115798950195e-01,4.594503436237573624e-03,-4.636936485767364502e-01,-6.168995425105094910e-02,2.597720827907323837e-03,5.781475305557250977e-01,-1.378752440214157104e-01,9.602302312850952148e-02,-9.384188801050186157e-03,3.140000104904174805e-01,1.730368584394454956e-01,2.347706854343414307e-01,9.976599812507629395e-01,6.953127384185791016e-01,-3.401226103305816650e-01,3.725319206714630127e-01,-3.782801628112792969e-01,-4.843251705169677734e-01,-5.042179226875305176e-01
3.921928405761718750e-01,7.361435294151306152e-01,7.993487119674682617e-01,2.602088637650012970e-02,-8.445623330771923065e-03,6.609945893287658691e-01,7.498918175697326660e-01,-9.489436447620391846e-02,6.279313936829566956e-03,-8.227592334151268005e-03,5.678595304489135742e-01,-1.669574230909347534e-01,-1.364165265113115311e-02,-4.529100358486175537e-01,-5.037997663021087646e-02,-8.713308721780776978e-03,5.909736156463623047e-01,-1.628655493259429932e-01,8.072143048048019409e-02,-2.537543419748544693e-03,3.140000104904174805e-01,1.878759264945983887e-01,2.622062861919403076e-01,9.745933413505554199e-01,6.902731657028198242e-01,-3.805947601795196533e-01,3.635330796241760254e-01,-4.053127169609069824e-01,-4.597254991531372070e-01,-5.075204968452453613e-01
4.122740328311920166e-01,7.557874917984008789e-01,8.005723953247070312e-01,2.602498047053813934e-02,-7.095639593899250031e-03,6.616133451461791992e-01,7.493597865104675293e-01,-1.071567311882972717e-01,2.517651394009590149e-02,4.434376751305535436e-05,6.247816681861877441e-01,-1.527023315429687500e-01,-2.035697735846042633e-02,-4.366759359836578369e-01,-3.875774145126342773e-02,-2.551478892564773560e-02,6.016283631324768066e-01,-2.012848109006881714e-01,6.314141303300857544e-02,7.608840242028236389e-03,3.140000104904174805e-01,2.010863721370697021e-01,2.806893289089202881e-01,9.712544679641723633e-01,6.957128643989562988e-01,-4.190993010997772217e-01,3.463536500930786133e-01,-4.351274669170379639e-01,-4.286651909351348877e-01,-5.176268219947814941e-01
4.273479580879211426e-01,7.755037546157836914e-01,8.041023015975952148e-01,2.806300483644008636e-02,-7.177149411290884018e-03,6.607370376586914062e-01,7.500583529472351074e-01,-1.453555077314376831e-01,3.931076824665069580e-02,1.417710538953542709e-02,7.142396569252014160e-01,-1.948248893022537231e-01,8.041003602556884289e-04,-4.113232195377349854e-01,-2.989947609603404999e-02,-3.592270240187644958e-02,6.017363071441650391e-01,-2.198456078767776489e-01,5.323703959584236145e-02,2.201760560274124146e-02,3.140000104904174805e-01,2.071567326784133911e-01,2.860827445983886719e-01,9.954782128334045410e-01,6.994920969009399414e-01,-4.459442794322967529e-01,3.275499045848846436e-01,-4.685105979442596436e-01,-4.067912399768829346e-01,-5.211796760559082031e-01
4.441840350627899170e-01,7.890295982360839844e-01,8.083113431930541992e-01,3.086960129439830780e-02,-1.311834901571273804e-02,6.601426005363464355e-01,7.503910660743713379e-01,-1.725744903087615967e-01,5.501612648367881775e-02,1.995317079126834869e-02,7.945117354393005371e-01,-1.599456369876861572e-01,2.262956113554537296e-04,-3.706718087196350098e-01,-1.685735210776329041e-02,-5.853329226374626160e-02,5.797195434570312500e-01,-2.165842205286026001e-01,5.286243557929992676e-02,5.159633234143257141e-02,3.140000104904174805e-01,2.191932648420333862e-01,2.631817460060119629e-01,1.074649095535278320e+00,6.910506486892700195e-01,-4.665898084640502930e-01,3.097842931747436523e-01,-5.288050174713134766e-01,-3.617681264877319336e-01,-5.420279502868652344e-01
4.582551419734954834e-01,8.036516904830932617e-01,8.149247169494628906e-01,3.466238826513290405e-02,-1.613422855734825134e-02,6.601411700248718262e-01,7.501679062843322754e-01,-2.067751288414001465e-01,6.912273168563842773e-02,3.935106471180915833e-02,8.652861118316650391e-01,-1.395902335643768311e-01,9.136681444942951202e-03,-3.234066069126129150e-01,-9.144385345280170441e-03,-7.945799082517623901e-02,5.424888134002685547e-01,-1.932257413864135742e-01,5.705421417951583862e-02,8.255257457494735718e-02,3.140000104904174805e-01,2.241061776876449585e-01,2.193715572357177734e-01,1.168164134025573730e+00,6.552320718765258789e-01,-4.841754734516143799e-01,3.005630373954772949e-01,-5.817868113517761230e-01,-3.566590249538421631e-01,-5.570904612541198730e-01
4.697596430778503418e-01,8.133115768432617188e-01,8.230788707733154297e-01,4.078004136681556702e-02,-1.990442723035812378e-02,6.599774956703186035e-01,7.499136328697204590e-01,-2.360102236270904541e-01,7.542088627815246582e-02,6.000284105539321899e-02,9.116575717926025391e-01,-1.304942071437835693e-01,1.315444335341453552e-02,-2.682467997074127197e-01,-3.006162354722619057e-03,-9.347978234291076660e-02,4.856061041355133057e-01,-1.489093005657196045e-01,7.126210629940032959e-02,1.082515791058540344e-01,3.139999508857727051e-01,2.203934937715530396e-01,1.173715516924858093e-01,1.270164132118225098e+00,5.532320737838745117e-01,-4.726207256317138672e-01,2.287224084138870239e-01,-6.472515463829040527e-01,-3.260846138000488281e-01,-5.251355767250061035e-01
4.790433943271636963e-01,8.220439553260803223e-01,8.310585021972656250e-01,4.512816295027732849e-02,-2.259778603911399841e-02,6.599889993667602539e-01,7.495780587196350098e-01,-2.691810131072998047e-01,6.900658458471298218e-02,7.584886252880096436e-02,9.391637444496154785e-01,-1.318603307008743286e-01,1.167175360023975372e-02,-2.158399075269699097e-01,3.604693105444312096e-03,-1.024628430604934692e-01,4.244666993618011475e-01,-9.524969011545181274e-02,8.853584527969360352e-02,1.333512365818023682e-01,3.139999508857727051e-01,2.144240289926528931e-01,1.537155266851186752e-02,1.372164130210876465e+00,4.761274755001068115e-01,-4.887974262237548828e-01,2.144863903522491455e-01,-7.136259675025939941e-01,-3.676914572715759277e-01,-5.152288079261779785e-01
4.913884699344635010e-01,8.269566893577575684e-01,8.383154869079589844e-01,5.149551481008529663e-02,-2.451697550714015961e-02,6.585941910743713379e-01,7.503338456153869629e-01,-3.037090301513671875e-01,5.398081988096237183e-02,8.101805299520492554e-02,9.410625696182250977e-01,-1.276080459356307983e-01,7.945550605654716492e-03,-1.674795299768447876e-01,1.158945076167583466e-02,-1.044475212693214417e-01,3.644272387027740479e-01,-3.791030496358871460e-02,1.051079034805297852e-01,1.613384336233139038e-01,3.139999210834503174e-01,2.051826566457748413e-01,-8.662844449281692505e-02,1.472236514091491699e+00,4.451807737350463867e-01,-5.059989094734191895e-01,2.072943300008773804e-01,-7.715641856193542480e-01,-4.213602542877197266e-01,-5.060808062553405762e-01
5.038119554519653320e-01,8.324673771858215332e-01,8.444075584411621094e-01,5.900591984391212463e-02,-2.407484129071235657e-02,6.554329991340637207e-01,7.525598406791687012e-01,-3.380368947982788086e-01,3.430162742733955383e-02,8.410674333572387695e-02,9.135425686836242676e-01,-1.254135817289352417e-01,-4.179109528195112944e-04,-1.300464868545532227e-01,1.323909964412450790e-02,-1.133212223649024963e-01,3.244647383689880371e-01,5.882114171981811523e-03,1.207121461629867554e-01,1.907970756292343140e-01,3.139999806880950928e-01,1.952230185270309448e-01,-1.549978703260421753e-01,1.549435377120971680e+00,4.441070854663848877e-01,-5.322188138961791992e-01,2.319661378860473633e-01,-8.163996934890747070e-01,-4.925630390644073486e-01,-5.158946514129638672e-01
5.106941461563110352e-01,8.451168537139892578e-01,8.495146036148071289e-01,6.259281188249588013e-02,-2.184843458235263824e-02,6.541404128074645996e-01,7.534620761871337891e-01,-3.635881543159484863e-01,1.575665362179279327e-02,9.464898705482482910e-02,8.630731701850891113e-01,-1.303014904260635376e-01,-7.318992633372545242e-03,-1.011823937296867371e-01,1.061849202960729599e-02,-1.224833577871322632e-01,3.003517985343933105e-01,3.676305338740348816e-02,1.354896277189254761e-01,2.162831723690032959e-01,3.139999806880950928e-01,1.841003745794296265e-01,-2.167692035436630249e-01,1.619691848754882812e+00,4.479369521141052246e-01,-5.650688409805297852e-01,2.385426759719848633e-01,-8.692566752433776855e-01,-5.531834363937377930e-01,-4.983890950679779053e-01
5.201201438903808594e-01,8.545268177986145020e-01,8.534160852432250977e-01,6.654343754053115845e-02,-1.709952391684055328e-02,6.527743339538574219e-01,7.544304132461547852e-01,-3.893713951110839844e-01,-8.025060407817363739e-03,9.746669232845306396e-02,7.945473790168762207e-01,-1.411782950162887573e-01,-1.097403280436992645e-02,-8.621146529912948608e-02,6.705697160214185715e-03,-1.269573122262954712e-01,2.931213974952697754e-01,5.507404357194900513e-02,1.507452279329299927e-01,2.402828484773635864e-01,3.140000104904174805e-01,1.670058667659759521e-01,-2.776107788085937500e-01,1.685382127761840820e+00,4.561200737953186035e-01,-6.050371527671813965e-01,2.460608929395675659e-01,-9.005394577980041504e-01,-6.010708808898925781e-01,-5.020291805267333984e-01
5.317189693450927734e-01,8.611802458763122559e-01,8.555233478546142578e-01,7.336473464965820312e-02,-1.458401232957839966e-02,6.519950032234191895e-01,7.545246481895446777e-01,-4.031504690647125244e-01,-3.550402447581291199e-02,8.803970366716384888e-02,7.047761678695678711e-01,-1.337098628282546997e-01,-1.775799132883548737e-02,-7.687139511108398438e-02,2.887278329581022263e-03,-1.285313516855239868e-01,3.025659918785095215e-01,6.002520024776458740e-02,1.565236151218414307e-01,2.580251395702362061e-01,3.140000104904174805e-01,1.527822166681289673e-01,-3.372226059436798096e-01,1.739986658096313477e+00,4.750579893589019775e-01,-6.383567452430725098e-01,2.381781488656997681e-01,-9.287764430046081543e-01,-6.326559185981750488e-01,-4.891556501388549805e-01
5.460269451141357422e-01,8.716301321983337402e-01,8.557771444320678711e-01,7.942163199186325073e-02,-1.082621328532695770e-02,6.516993045806884766e-01,7.542300820350646973e-01,-4.097266793251037598e-01,-6.359945237636566162e-02,7.030925899744033813e-02,6.126625537872314453e-01,-1.154217049479484558e-01,-2.802268043160438538e-02,-6.950349360704421997e-02,1.766138593666255474e-04,-1.301416754722595215e-01,3.189150989055633545e-01,4.895587265491485596e-02,1.582752019166946411e-01,2.734126150608062744e-01,3.140000104904174805e-01,1.375440508127212524e-01,-3.825104236602783203e-01,1.784361362457275391e+00,4.957274496555328369e-01,-6.765575408935546875e-01,2.172853797674179077e-01,-9.443357586860656738e-01,-6.486005783081054688e-01,-4.740983843803405762e-01
5.469760298728942871e-01,8.817201852798461914e-01,8.539881706237792969e-01,7.983601093292236328e-02,-1.289319992065429688e-02,6.537284851074218750e-01,7.523955702781677246e-01,-4.139137864112854004e-01,-8.298947662115097046e-02,5.571002513170242310e-02,5.469301342964172363e-01,-9.577606618404388428e-02,-3.594982996582984924e-02,-6.467976421117782593e-02,7.903537480160593987e-04,-1.269918829202651978e-01,3.389896750450134277e-01,2.983243763446807861e-02,1.570351272821426392e-01,2.821022868156433105e-01,3.139999806880950928e-01,1.290849000215530396e-01,-4.000117480754852295e-01,1.826133370399475098e+00,5.379929542541503906e-01,-6.965410113334655762e-01,1.632820069789886475e-01,-9.806396961212158203e-01,-6.199906468391418457e-01,-4.357972741127014160e-01
5.495918393135070801e-01,8.852185606956481934e-01,8.512241840362548828e-01,8.126470446586608887e-02,-1.614720001816749573e-02,6.558264493942260742e-01,7.503512501716613770e-01,-4.163069725036621094e-01,-9.483736753463745117e-02,3.884495049715042114e-02,5.142638683319091797e-01,-8.336100727319717407e-02,-3.921122848987579346e-02,-6.046544015407562256e-02,3.587546292692422867e-03,-1.289771348237991333e-01,3.545008897781372070e-01,5.608657374978065491e-03,1.509673893451690674e-01,2.887010276317596436e-01,3.139999210834503174e-01,1.266425102949142456e-01,-4.138374626636505127e-01,1.852630257606506348e+00,5.560836791992187500e-01,-6.997182965278625488e-01,1.358103454113006592e-01,-9.972040057182312012e-01,-5.974692702293395996e-01,-4.253700673580169678e-01
5.541830062866210938e-01,8.906698822975158691e-01,8.482841253280639648e-01,8.253038674592971802e-02,-1.831907220184803009e-02,6.567503213882446289e-01,7.493544816970825195e-01,-4.186997711658477783e-01,-1.024326980113983154e-01,2.542682550847530365e-02,5.068525075912475586e-01,-7.660237699747085571e-02,-3.996228426694869995e-02,-5.604582279920578003e-02,7.700119633227586746e-03,-1.292549371719360352e-01,3.689964115619659424e-01,-2.293971739709377289e-02,1.430467814207077026e-01,2.983569502830505371e-01,3.139999210834503174e-01,1.244158297777175903e-01,-4.311234056949615479e-01,1.874377012252807617e+00,5.596705675125122070e-01,-6.975525617599487305e-01,1.204708442091941833e-01,-9.989171624183654785e-01,-5.759662389755249023e-01,-4.211619496345520020e-01
5.539534091949462891e-01,8.956918120384216309e-01,8.454927206039428711e-01,8.185232430696487427e-02,-2.215231955051422119e-02,6.567556262016296387e-01,7.493206858634948730e-01,-4.232253432273864746e-01,-1.044940426945686340e-01,1.695837080478668213e-02,5.188382267951965332e-01,-7.871834933757781982e-02,-3.919538483023643494e-02,-5.128196626901626587e-02,1.188923045992851257e-02,-1.312214583158493042e-01,3.806975781917572021e-01,-4.952582716941833496e-02,1.365860551595687866e-01,3.041329979896545410e-01,3.139999210834503174e-01,1.238417550921440125e-01,-4.453014433383941650e-01,1.891618132591247559e+00,5.555338263511657715e-01,-6.865833401679992676e-01,1.051177382469177246e-01,-1.000530600547790527e+00,-5.637951493263244629e-01,-4.213492274284362793e-01
5.542662739753723145e-01,8.986128568649291992e-01,8.436527252197265625e-01,8.070442825555801392e-02,-2.374126017093658447e-02,6.569244265556335449e-01,7.492486238479614258e-01,-4.295405745506286621e-01,-1.023629605770111084e-01,1.094499230384826660e-02,5.375170707702636719e-01,-8.676268160343170166e-02,-3.720322996377944946e-02,-4.613389074802398682e-02,1.506222132593393326e-02,-1.353065371513366699e-01,3.804627954959869385e-01,-7.020831108093261719e-02,1.320747286081314087e-01,3.120715320110321045e-01,3.139999508857727051e-01,1.247642040252685547e-01,-4.568426012992858887e-01,1.899469375610351562e+00,5.453366637229919434e-01,-6.790983676910400391e-01,9.681504964828491211e-02,-9.972833991050720215e-01,-5.433595776557922363e-01,-4.230938255786895752e-01
5.577643513679504395e-01,9.000416398048400879e-01,8.423696756362915039e-01,8.018840849399566650e-02,-2.416192367672920227e-02,6.572079658508300781e-01,7.490418553352355957e-01,-4.369759559631347656e-01,-9.870944172143936157e-02,6.074742879718542099e-03,5.590789914131164551e-01,-9.298507869243621826e-02,-3.719452396035194397e-02,-3.999011963605880737e-02,1.922739483416080475e-02,-1.401631832122802734e-01,3.728011250495910645e-01,-8.490955084562301636e-02,1.269446015357971191e-01,3.193560838699340820e-01,3.139999806880950928e-01,1.277148276567459106e-01,-4.654727578163146973e-01,1.898465394973754883e+00,5.360199809074401855e-01,-6.768344044685363770e-01,9.154208749532699585e-02,-9.962651133537292480e-01,-5.193780660629272461e-01,-4.301584661006927490e-01
5.570983886718750000e-01,9.024187326431274414e-01,8.418041467666625977e-01,7.791465520858764648e-02,-2.409629710018634796e-02,6.567541360855102539e-01,7.496817111968994141e-01,-4.412777721881866455e-01,-9.552158415317535400e-02,6.926098372787237167e-03,5.711855292320251465e-01,-1.007137671113014221e-01,-3.697088360786437988e-02,-3.599267080426216125e-02,2.112896926701068878e-02,-1.455303877592086792e-01,3.639537394046783447e-01,-9.234604239463806152e-02,1.265193074941635132e-01,3.276384472846984863e-01,3.139999806880950928e-01,1.286394447088241577e-01,-4.756625294685363770e-01,1.905918359756469727e+00,5.309010744094848633e-01,-6.710832118988037109e-01,8.572565019130706787e-02,-9.969096183776855469e-01,-5.073686242103576660e-01,-4.324707984924316406e-01
5.580158233642578125e-01,9.019201993942260742e-01,8.417807817459106445e-01,7.691445946693420410e-02,-2.409480884671211243e-02,6.562901139259338379e-01,7.501912117004394531e-01,-4.444182217121124268e-01,-9.318482875823974609e-02,9.150968864560127258e-03,5.785589218139648438e-01,-1.089086383581161499e-01,-3.662885352969169617e-02,-3.177174925804138184e-02,2.288291044533252716e-02,-1.520190536975860596e-01,3.521961271762847900e-01,-9.500279277563095093e-02,1.268611252307891846e-01,3.334771394729614258e-01,3.139999806880950928e-01,1.296968013048171997e-01,-4.849292933940887451e-01,1.908390760421752930e+00,5.307793021202087402e-01,-6.652566790580749512e-01,8.179721236228942871e-02,-9.964640140533447266e-01,-5.018598437309265137e-01,-4.323922991752624512e-01
5.604692697525024414e-01,9.010819792747497559e-01,8.421515226364135742e-01,7.676242291927337646e-02,-2.296350151300430298e-02,6.566593050956726074e-01,7.499191761016845703e-01,-4.486298263072967529e-01,-9.260357916355133057e-02,9.231423959136009216e-03,5.813854932785034180e-01,-1.158012971282005310e-01,-3.582150861620903015e-02,-2.805318683385848999e-02,2.474889717996120453e-02,-1.544190794229507446e-01,3.394970893859863281e-01,-9.301311522722244263e-02,1.268051862716674805e-01,3.384711444377899170e-01,3.139999806880950928e-01,1.287707835435867310e-01,-4.929724037647247314e-01,1.913863658905029297e+00,5.307375788688659668e-01,-6.626172065734863281e-01,8.204039186239242554e-02,-9.961932897567749023e-01,-4.964809417724609375e-01,-4.365226328372955322e-01
5.623363256454467773e-01,9.042268395423889160e-01,8.424943685531616211e-01,7.658813148736953735e-02,-2.205234579741954803e-02,6.582161188125610352e-01,7.485983371734619141e-01,-4.469058811664581299e-01,-9.180027991533279419e-02,1.431297976523637772e-02,5.816336870193481445e-01,-1.250192970037460327e-01,-3.291784971952438354e-02,-2.295616455376148224e-02,2.565909549593925476e-02,-1.571265459060668945e-01,3.325881958007812500e-01,-9.184218198060989380e-02,1.265449970960617065e-01,3.390949666500091553e-01,3.139999806880950928e-01,1.269751489162445068e-01,-5.004696846008300781e-01,1.922349691390991211e+00,5.320879817008972168e-01,-6.573687791824340820e-01,8.383118361234664917e-02,-9.959584474563598633e-01,-4.944667518138885498e-01,-4.363235831260681152e-01
5.661127567291259766e-01,9.042851328849792480e-01,8.427664041519165039e-01,7.778327167034149170e-02,-2.120373398065567017e-02,6.587917208671569824e-01,7.479930520057678223e-01,-4.467879235744476318e-01,-9.215994179248809814e-02,1.497827842831611633e-02,5.790312886238098145e-01,-1.311620473861694336e-01,-3.066000342369079590e-02,-1.913738436996936798e-02,2.717012539505958557e-02,-1.571159362792968750e-01,3.268937170505523682e-01,-9.119905531406402588e-02,1.254753470420837402e-01,3.384255468845367432e-01,3.139999806880950928e-01,1.241447851061820984e-01,-5.046631693840026855e-01,1.926931977272033691e+00,5.334174633026123047e-01,-6.587972044944763184e-01,8.606564253568649292e-02,-9.952918291091918945e-01,-4.852313399314880371e-01,-4.457256495952606201e-01
5.677335858345031738e-01,9.036366343498229980e-01,8.428438901901245117e-01,7.939925044775009155e-02,-2.297068201005458832e-02,6.585475206375122070e-01,7.479861378669738770e-01,-4.400162994861602783e-01,-9.533540159463882446e-02,1.134001649916172028e-02,5.727248787879943848e-01,-1.333311945199966431e-01,-2.917546965181827545e-02,-1.416473928838968277e-02,2.905851230025291443e-02,-1.563778221607208252e-01,3.246577382087707520e-01,-9.230750054121017456e-02,1.245059296488761902e-01,3.372879922389984131e-01,3.139999508857727051e-01,1.225512623786926270e-01,-5.086342096328735352e-01,1.932051777839660645e+00,5.347484350204467773e-01,-6.594736576080322266e-01,8.829940110445022583e-02,-9.947519898414611816e-01,-4.745767712593078613e-01,-4.533171653747558594e-01
5.695198178291320801e-01,9.030217528343200684e-01,8.429274559020996094e-01,8.094809204339981079e-02,-2.397121116518974304e-02,6.587285995483398438e-01,7.476291656494140625e-01,-4.355250895023345947e-01,-9.882255643606185913e-02,6.180975586175918579e-03,5.683817863464355469e-01,-1.364534944295883179e-01,-2.686077542603015900e-02,-1.108454633504152298e-02,3.057708218693733215e-02,-1.540306359529495239e-01,3.250264823436737061e-01,-9.412584453821182251e-02,1.220490261912345886e-01,3.356775641441345215e-01,3.139999508857727051e-01,1.226286143064498901e-01,-5.104408860206604004e-01,1.937952280044555664e+00,5.314820408821105957e-01,-6.583706736564636230e-01,8.820719271898269653e-02,-9.985082745552062988e-01,-4.637607038021087646e-01,-4.565196335315704346e-01
5.704773664474487305e-01,9.036269783973693848e-01,8.431118726730346680e-01,8.186437934637069702e-02,-2.514035813510417938e-02,6.586405634880065918e-01,7.475685477256774902e-01,-4.304471313953399658e-01,-1.021659076213836670e-01,9.732416947372257710e-04,5.647255778312683105e-01,-1.380182206630706787e-01,-2.622110582888126373e-02,-6.937408354133367538e-03,3.236418962478637695e-02,-1.508261561393737793e-01,3.237358629703521729e-01,-9.433417767286300659e-02,1.203237399458885193e-01,3.341160416603088379e-01,3.139999210834503174e-01,1.227527707815170288e-01,-5.118330121040344238e-01,1.944034457206726074e+00,5.258591771125793457e-01,-6.594593524932861328e-01,8.697731047868728638e-02,-1.002861022949218750e+00,-4.525890648365020752e-01,-4.586189091205596924e-01
5.706764459609985352e-01,9.046748876571655273e-01,8.434127569198608398e-01,8.238651603460311890e-02,-2.625256031751632690e-02,6.587943434715270996e-01,7.473374605178833008e-01,-4.256478250026702881e-01,-1.056385561823844910e-01,-4.041914362460374832e-03,5.611562132835388184e-01,-1.380264759063720703e-01,-2.657002955675125122e-02,-2.705709775909781456e-03,3.403069823980331421e-02,-1.470864713191986084e-01,3.219002485275268555e-01,-9.287899732589721680e-02,1.193368881940841675e-01,3.321263790130615234e-01,3.139999210834503174e-01,1.233352050185203552e-01,-5.132438540458679199e-01,1.947303175926208496e+00,5.224120020866394043e-01,-6.618320345878601074e-01,8.511246740818023682e-02,-1.007170796394348145e+00,-4.449428021907806396e-01,-4.586746394634246826e-01
5.703786015510559082e-01,9.054927825927734375e-01,8.438348770141601562e-01,8.288832008838653564e-02,-2.696853317320346832e-02,6.593217849731445312e-01,7.467911243438720703e-01,-4.211269319057464600e-01,-1.087798550724983215e-01,-7.709585595875978470e-03,5.569077730178833008e-01,-1.371328830718994141e-01,-2.720287628471851349e-02,-5.942204734310507774e-05,3.461476042866706848e-02,-1.441038250923156738e-01,3.219902217388153076e-01,-9.066317975521087646e-02,1.185066998004913330e-01,3.288355171680450439e-01,3.139999210834503174e-01,1.239410936832427979e-01,-5.132932662963867188e-01,1.947291135787963867e+00,5.212832093238830566e-01,-6.642243266105651855e-01,8.313084393739700317e-02,-1.010000228881835938e+00,-4.422802925109863281e-01,-4.589091539382934570e-01
5.697085261344909668e-01,9.067113399505615234e-01,8.443312644958496094e-01,8.352024108171463013e-02,-2.756737358868122101e-02,6.600542068481445312e-01,7.460514903068542480e-01,-4.154387116432189941e-01,-1.118177846074104309e-01,-1.067801192402839661e-02,5.514597892761230469e-01,-1.347427666187286377e-01,-2.801071479916572571e-02,1.834276015870273113e-03,3.414831683039665222e-02,-1.420193314552307129e-01,3.244099020957946777e-01,-8.832143247127532959e-02,1.180099472403526306e-01,3.246828317642211914e-01,3.139998018741607666e-01,1.243660226464271545e-01,-5.109899044036865234e-01,1.945674657821655273e+00,5.219560861587524414e-01,-6.672470569610595703e-01,8.247672766447067261e-02,-1.011349558830261230e+00,-4.426088631153106689e-01,-4.602555334568023682e-01
5.682629942893981934e-01,9.082719683647155762e-01,8.447830677032470703e-01,8.377102762460708618e-02,-2.810165286064147949e-02,6.610168814659118652e-01,7.451505661010742188e-01,-4.099457561969757080e-01,-1.146295070648193359e-01,-1.348819024860858917e-02,5.474905371665954590e-01,-1.319096237421035767e-01,-2.883911691606044769e-02,2.895420417189598083e-03,3.311745077371597290e-02,-1.405553072690963745e-01,3.282442390918731689e-01,-8.592987805604934692e-02,1.182279437780380249e-01,3.198302686214447021e-01,3.139995336532592773e-01,1.244890540838241577e-01,-5.066712498664855957e-01,1.944872021675109863e+00,5.229129195213317871e-01,-6.707261204719543457e-01,8.349613100290298462e-02,-1.012788176536560059e+00,-4.441336989402770996e-01,-4.617229998111724854e-01
5.658579468727111816e-01,9.103519916534423828e-01,8.450516462326049805e-01,8.296341449022293091e-02,-2.828204259276390076e-02,6.616705656051635742e-01,7.446537613868713379e-01,-4.065515995025634766e-01,-1.166011840105056763e-01,-1.639517955482006073e-02,5.478038191795349121e-01,-1.304411441087722778e-01,-2.999045699834823608e-02,2.419556025415658951e-03,3.193763270974159241e-02,-1.393085867166519165e-01,3.323860764503479004e-01,-8.436363190412521362e-02,1.196584329009056091e-01,3.155417740345001221e-01,3.139993846416473389e-01,1.237490847706794739e-01,-5.012295246124267578e-01,1.945168137550354004e+00,5.233835577964782715e-01,-6.743615269660949707e-01,8.677751570940017700e-02,-1.013149976730346680e+00,-4.443686902523040771e-01,-4.625066220760345459e-01
5.575765371322631836e-01,9.201207160949707031e-01,8.445798158645629883e-01,8.282994478940963745e-02,-2.975269965827465057e-02,6.619024276733398438e-01,7.444052100181579590e-01,-3.942041695117950439e-01,-1.201700419187545776e-01,-1.141590625047683716e-02,5.449382066726684570e-01,-1.360081881284713745e-01,-2.698829211294651031e-02,-5.201712250709533691e-03,2.528886869549751282e-02,-1.286998689174652100e-01,3.688180148601531982e-01,-8.772230893373489380e-02,1.239509284496307373e-01,2.987991273403167725e-01,3.139989078044891357e-01,1.146008074283599854e-01,-4.829780459403991699e-01,1.951640725135803223e+00,5.043123960494995117e-01,-6.804798841476440430e-01,8.748143166303634644e-02,-1.002181529998779297e+00,-4.449494183063507080e-01,-4.726530015468597412e-01
