{
    "robot_root_name": "base_link",
    "human_root_name": "pelvis",
    "ground_height": 0.0,
    "human_height_assumption": 1.8,
    "use_ik_match_table1": true,
    "use_ik_match_table2": false,
    "human_scale_table": {
        "pelvis": 0.9,

        "left_hip": 0.9,
        "right_hip": 0.9,
        "left_knee": 0.9,
        "right_knee": 0.9,
        "left_foot": 0.9,
        "right_foot": 0.9,

        "left_shoulder": 0.8,
        "right_shoulder": 0.8,
        "left_elbow": 0.8,
        "right_elbow": 0.8,
        "left_wrist": 0.8,
        "right_wrist": 0.8
    },

    "ik_match_table1": {
        "base_link": [
            "pelvis",
            100,
            10,
            [
                0.0,
                0.0,
                0.0
            ],
            [
                0.5,
                -0.5,
                -0.5,
                -0.5
            ]
        ],
        "leg_l1_link": [
            "left_hip",
            0,
            10,
            [
                0.0,
                0.0,
                0.0
            ],
            [
                0.4267755048530407,
                -0.5637931078484661,
                -0.5637931078484661,
                -0.4267755048530407
            ]
        ],
        "leg_l4_link": [
            "left_knee",
            0,
            10,
            [
                0.0,
                0.0,
                0.0
            ],
            [
                0.5,
                -0.5,
                -0.5,
                -0.5
            ]
        ],
        "leg_l6_link": [
            "left_foot",
            100,
            50,
            [
                0.0,
                0.0,
                0.0
            ],
            [
                0.5,
                -0.5,
                -0.5,
                -0.5
            ]
        ],
        "leg_r1_link": [
            "right_hip",
            0,
            10,
            [
                0.0,
                0.0,
                0.0
            ],
            [
                0.4267755048530407,
                -0.5637931078484661,
                -0.5637931078484661,
                -0.4267755048530407
            ]
        ],
        "leg_r4_link": [
            "right_knee",
            0,
            10,
            [
                0.0,
                0.0,
                0.0
            ],
            [
                0.5,
                -0.5,
                -0.5,
                -0.5
            ]
        ],
        "leg_r6_link": [
            "right_foot",
            100,
            50,
            [
                0.0,
                0.0,
                0.0
            ],
            [
                0.5,
                -0.5,
                -0.5,
                -0.5
            ]
        ],
        "zarm_l1_link": [
            "left_shoulder",
            0,
            10,
            [
                0.0,
                0.0,
                0.0
            ],
            [
                0.70710678,
                0.0,
                -0.70710678,
                0.0
            ]
        ],
        "zarm_l4_link": [
            "left_elbow",
            0,
            10,
            [
                0.0,
                0.0,
                0.0
            ],
            [
                1.0,
                0.0,
                0.0,
                0.0
            ]
        ],
        "zarm_l7_link": [
            "left_wrist",
            0,
            10,
            [
                0.0,
                0.0,
                0.0
            ],
            [
                1.0,
                0.0,
                0.0,
                0.0
            ]
        ],
        "zarm_r1_link": [
            "right_shoulder",
            0,
            10,
            [
                0.0,
                0.0,
                0.0
            ],
            [
                0.0,
                0.70710678,
                0.0,
                0.70710678
            ]
        ],
        "zarm_r4_link": [
            "right_elbow",
            0,
            10,
            [
                0.0,
                0.0,
                0.0
            ],
            [
                0.0,
                0.0,
                0.0,
                -1.0
            ]
        ],
        "zarm_r7_link": [
            "right_wrist",
            0,
            10,
            [
                0.0,
                0.0,
                0.0
            ],
            [
                0.0,
                0.0,
                0.0,
                -1.0
            ]
        ]
    },
   "ik_match_table2": {
        "base_link": [
            "pelvis",
            100,
            5,
            [
                0.0,
                0.0,
                0.0
            ],
            [
                0.5,
                -0.5,
                -0.5,
                -0.5
            ]
        ],
        "leg_l1_link": [
            "left_hip",
            10,
            5,
            [
                0.0,
                0.0,
                0.0
            ],
            [
                0.4267755048530407,
                -0.5637931078484661,
                -0.5637931078484661,
                -0.4267755048530407
            ]

        ],
        "leg_l4_link": [
            "left_knee",
            10,
            5,
            [
                0.0,
                0.0,
                0.0
            ],
            [
                0.5,
                -0.5,
                -0.5,
                -0.5
            ]
        ],
        "leg_l6_link": [
            "left_foot",
            100,
            50,
            [
                0.0,
                0.0,
                0.0
            ],
            [ -0.5, 0.5, 0.5, 0.5 ]
        ],
        "leg_r1_link": [
            "right_hip",
            10,
            5,
            [
                0.0,
                0.0,
                0.0
            ],
            [
                0.4267755048530407,
                -0.5637931078484661,
                -0.5637931078484661,
                -0.4267755048530407
            ]
        ],
        "leg_r4_link": [
            "right_knee",
            10,
            5,
            [
                0.0,
                0.0,
                0.0
            ],
            [
                0.5,
                -0.5,
                -0.5,
                -0.5
            ]
        ],
        "leg_r6_link": [
            "right_foot",
            100,
            50,
            [
                0.0,
                0.0,
                0.0
            ],
            [ -0.5, 0.5, 0.5, 0.5 ]
        ],
        "zarm_l1_link": [
            "left_shoulder",
            10,
            5,
            [
                0.0,
                0.0,
                0.0
            ],
            [
                0.70710678,
                0.0,
                -0.70710678,
                0.0
            ]
        ],
        "zarm_l4_link": [
            "left_elbow",
            10,
            5,
            [
                0.0,
                0.0,
                0.0
            ],
            [
                1.0,
                0.0,
                0.0,
                0.0
            ]
        ],
        "zarm_l7_link": [
            "left_wrist",
            10,
            5,
            [
                0.0,
                0.0,
                0.0
            ],
            [
                1.0,
                0.0,
                0.0,
                0.0
            ]
        ],
        "zarm_r1_link": [
            "right_shoulder",
            10,
            5,
            [
                0.0,
                0.0,
                0.0
            ],
            [
                0.0,
                0.70710678,
                0.0,
                0.70710678
            ]
        ],